source_id,parent_source_id,url,referer,error,label
gif_anime2,gif_anime2,https://gif.anime2.net/wp/wp-content/themes/anigif/js/' + img.data(,,RuntimeError('HTTP 404'),gif.anime2 実GIFアーカイブ
human_heart_panel_0001_00015,human_heart_panel,https://pbs.twimg.com/profile_images/966495454534942720/n7z4qDKS_bigger.jpg,http://animesoku.com/archives/40626577.html,RuntimeError('HTTP 404'),人の心とかないんか？ 実漫画パネル
fukumaru_meme_source2_0001_00054,fukumaru_meme_source2,https://slangverse.jp/wp-content/uploads/2024/12/よくある質問,https://slangverse.jp/fukumaru-meme-original-source/,RuntimeError('HTTP 404'),福丸ミーム元ネタ・実例
gif_anime2_0001_00029,gif_anime2,http://blogranking.fc2.com/ranking_banner/c_01.gif,https://gif.anime2.net/,RuntimeError('HTTP 403'),gif.anime2 実GIFアーカイブ
gif_anime2_0001_00045,gif_anime2,https://gif.anime2.net/wp/wp-content/uploads/2026/07/output-15.gif,https://gif.anime2.net/,RuntimeError('HTTP 503'),gif.anime2 実GIFアーカイブ
gif_anime2_0001_00044,gif_anime2,https://gif.anime2.net/wp/wp-content/uploads/2026/07/output-16.gif,https://gif.anime2.net/,RuntimeError('HTTP 503'),gif.anime2 実GIFアーカイブ
gif_anime2_0002_00009,gif_anime2,https://gif.anime2.net/wp/wp-content/uploads/2016/11/Gifsmith-6fc030e1-0.gif,https://gif.anime2.net/matome,RuntimeError('HTTP 503'),gif.anime2 実GIFアーカイブ
gif_anime2_0001_00054,gif_anime2,https://gif.anime2.net/wp/wp-content/uploads/2026/07/output-5.gif,https://gif.anime2.net/,RuntimeError('HTTP 503'),gif.anime2 実GIFアーカイブ
gif_anime2_0002_00008,gif_anime2,https://gif.anime2.net/wp/wp-content/uploads/2017/06/Gifsmith-5f05721c-28.gif,https://gif.anime2.net/matome,RuntimeError('HTTP 503'),gif.anime2 実GIFアーカイブ
gif_anime2_0001_00048,gif_anime2,https://gif.anime2.net/wp/wp-content/uploads/2026/07/output-11.gif,https://gif.anime2.net/,RuntimeError('HTTP 503'),gif.anime2 実GIFアーカイブ
gif_anime2_0001_00051,gif_anime2,https://gif.anime2.net/wp/wp-content/uploads/2026/07/output-8.gif,https://gif.anime2.net/,RuntimeError('HTTP 503'),gif.anime2 実GIFアーカイブ
gif_anime2_0001_00052,gif_anime2,https://gif.anime2.net/wp/wp-content/uploads/2026/07/output-7.gif,https://gif.anime2.net/,RuntimeError('HTTP 503'),gif.anime2 実GIFアーカイブ
gif_anime2_0001_00058,gif_anime2,https://gif.anime2.net/wp/wp-content/uploads/2026/06/output-8.gif,https://gif.anime2.net/,RuntimeError('HTTP 503'),gif.anime2 実GIFアーカイブ
gif_anime2_0002_00005,gif_anime2,https://gif.anime2.net/wp/wp-content/uploads/2016/04/2527438484.gif,https://gif.anime2.net/matome,RuntimeError('HTTP 503'),gif.anime2 実GIFアーカイブ
gif_anime2_0001_00055,gif_anime2,https://gif.anime2.net/wp/wp-content/uploads/2026/06/output-11-1.gif,https://gif.anime2.net/,RuntimeError('HTTP 503'),gif.anime2 実GIFアーカイブ
gif_anime2_0002_00006,gif_anime2,https://gif.anime2.net/wp/wp-content/uploads/2015/12/Gif-lathe.gif,https://gif.anime2.net/matome,RuntimeError('HTTP 503'),gif.anime2 実GIFアーカイブ
gif_anime2_0002_00004,gif_anime2,https://gif.anime2.net/wp/wp-content/uploads/2016/01/cec88997.gif,https://gif.anime2.net/matome,RuntimeError('HTTP 503'),gif.anime2 実GIFアーカイブ
gif_anime2_0002_00010,gif_anime2,https://gif.anime2.net/wp/wp-content/uploads/2016/10/Gifsmith-d25c7f6c-31.gif,https://gif.anime2.net/matome,RuntimeError('HTTP 503'),gif.anime2 実GIFアーカイブ
gif_anime2_0002_00001,gif_anime2,https://gif.anime2.net/wp/wp-content/uploads/2016/11/Gifsmith-eb01e765-9.gif,https://gif.anime2.net/matome,RuntimeError('HTTP 503'),gif.anime2 実GIFアーカイブ
gif_anime2_0001_00047,gif_anime2,https://gif.anime2.net/wp/wp-content/uploads/2026/07/output-12.gif,https://gif.anime2.net/,RuntimeError('HTTP 503'),gif.anime2 実GIFアーカイブ
gif_anime2_0002_00007,gif_anime2,https://gif.anime2.net/wp/wp-content/uploads/2016/01/65fe4e69.gif,https://gif.anime2.net/matome,RuntimeError('HTTP 503'),gif.anime2 実GIFアーカイブ
gif_anime2_0001_00059,gif_anime2,https://gif.anime2.net/wp/wp-content/uploads/2026/06/output-6.gif,https://gif.anime2.net/,RuntimeError('HTTP 503'),gif.anime2 実GIFアーカイブ
gif_anime2_0001_00053,gif_anime2,https://gif.anime2.net/wp/wp-content/uploads/2026/07/output-6.gif,https://gif.anime2.net/,RuntimeError('HTTP 503'),gif.anime2 実GIFアーカイブ
gif_anime2_0001_00056,gif_anime2,https://gif.anime2.net/wp/wp-content/uploads/2026/06/output-10.gif,https://gif.anime2.net/,RuntimeError('HTTP 503'),gif.anime2 実GIFアーカイブ
gif_anime2_0002_00002,gif_anime2,https://gif.anime2.net/wp/wp-content/uploads/2016/04/2278697359.gif,https://gif.anime2.net/matome,RuntimeError('HTTP 503'),gif.anime2 実GIFアーカイブ
gif_anime2_0001_00057,gif_anime2,https://gif.anime2.net/wp/wp-content/uploads/2026/06/output-9.gif,https://gif.anime2.net/,RuntimeError('HTTP 503'),gif.anime2 実GIFアーカイブ
gif_anime2_0001_00049,gif_anime2,https://gif.anime2.net/wp/wp-content/uploads/2026/07/output-10.gif,https://gif.anime2.net/,RuntimeError('HTTP 503'),gif.anime2 実GIFアーカイブ
gif_anime2_0001_00046,gif_anime2,https://gif.anime2.net/wp/wp-content/uploads/2026/07/output-13.gif,https://gif.anime2.net/,RuntimeError('HTTP 503'),gif.anime2 実GIFアーカイブ
gif_anime2_0001_00050,gif_anime2,https://gif.anime2.net/wp/wp-content/uploads/2026/07/output-9.gif,https://gif.anime2.net/,RuntimeError('HTTP 503'),gif.anime2 実GIFアーカイブ
gif_anime2_0001_00061,gif_anime2,https://gif.anime2.net/wp/wp-content/uploads/2026/06/output-3.gif,https://gif.anime2.net/,RuntimeError('HTTP 503'),gif.anime2 実GIFアーカイブ
gif_anime2_0001_00060,gif_anime2,https://gif.anime2.net/wp/wp-content/uploads/2026/06/output-5.gif,https://gif.anime2.net/,RuntimeError('HTTP 503'),gif.anime2 実GIFアーカイブ
gif_anime2_0002_00003,gif_anime2,https://gif.anime2.net/wp/wp-content/uploads/2016/01/0679a8a4.gif,https://gif.anime2.net/matome,RuntimeError('HTTP 503'),gif.anime2 実GIFアーカイブ
gif_anime2_0004_00018,gif_anime2,https://gif.anime2.net/wp/wp-content/uploads/2018/07/Gifsmith-aa34d9c1-6-thumb.jpg,https://gif.anime2.net/category/%E3%81%8B%E3%81%A3%E3%81%93%E3%81%84%E3%81%84,RuntimeError('HTTP 503'),gif.anime2 実GIFアーカイブ
gif_anime2_0004_00054,gif_anime2,https://gif.anime2.net/wp/wp-content/uploads/2018/07/Gifsmith-2e9614cb-34.gif,https://gif.anime2.net/category/%E3%81%8B%E3%81%A3%E3%81%93%E3%81%84%E3%81%84,RuntimeError('HTTP 503'),gif.anime2 実GIFアーカイブ
gif_anime2_0004_00016,gif_anime2,https://gif.anime2.net/wp/wp-content/uploads/2018/07/Gifsmith-2e9614cb-34-thumb.jpg,https://gif.anime2.net/category/%E3%81%8B%E3%81%A3%E3%81%93%E3%81%84%E3%81%84,RuntimeError('HTTP 503'),gif.anime2 実GIFアーカイブ
gif_anime2_0004_00017,gif_anime2,https://gif.anime2.net/wp/wp-content/uploads/2018/07/Gifsmith-3d671ce6-3-thumb.jpg,https://gif.anime2.net/category/%E3%81%8B%E3%81%A3%E3%81%93%E3%81%84%E3%81%84,RuntimeError('HTTP 503'),gif.anime2 実GIFアーカイブ
gif_anime2_0004_00052,gif_anime2,https://gif.anime2.net/wp/wp-content/uploads/2018/07/Gifsmith-f2df5975-5.gif,https://gif.anime2.net/category/%E3%81%8B%E3%81%A3%E3%81%93%E3%81%84%E3%81%84,RuntimeError('HTTP 503'),gif.anime2 実GIFアーカイブ
gif_anime2_0004_00050,gif_anime2,https://gif.anime2.net/wp/wp-content/uploads/2018/07/Gifsmith-ba1b421f-0.gif,https://gif.anime2.net/category/%E3%81%8B%E3%81%A3%E3%81%93%E3%81%84%E3%81%84,RuntimeError('HTTP 503'),gif.anime2 実GIFアーカイブ
gif_anime2_0004_00048,gif_anime2,https://gif.anime2.net/wp/wp-content/uploads/2018/08/Gifsmith-d3b52090-3.gif,https://gif.anime2.net/category/%E3%81%8B%E3%81%A3%E3%81%93%E3%81%84%E3%81%84,RuntimeError('HTTP 503'),gif.anime2 実GIFアーカイブ
gif_anime2_0004_00053,gif_anime2,https://gif.anime2.net/wp/wp-content/uploads/2018/07/Gifsmith-cd14c550-6-1.gif,https://gif.anime2.net/category/%E3%81%8B%E3%81%A3%E3%81%93%E3%81%84%E3%81%84,RuntimeError('HTTP 503'),gif.anime2 実GIFアーカイブ
gif_anime2_0004_00047,gif_anime2,https://gif.anime2.net/wp/wp-content/uploads/2018/08/Gifsmith-ab205ece-9.gif,https://gif.anime2.net/category/%E3%81%8B%E3%81%A3%E3%81%93%E3%81%84%E3%81%84,RuntimeError('HTTP 503'),gif.anime2 実GIFアーカイブ
gif_anime2_0004_00008,gif_anime2,https://gif.anime2.net/wp/wp-content/uploads/2018/12/Gifsmith-87637159-2-thumb.jpg,https://gif.anime2.net/category/%E3%81%8B%E3%81%A3%E3%81%93%E3%81%84%E3%81%84,RuntimeError('HTTP 503'),gif.anime2 実GIFアーカイブ
gif_anime2_0004_00014,gif_anime2,https://gif.anime2.net/wp/wp-content/uploads/2018/07/Gifsmith-f2df5975-5-thumb.jpg,https://gif.anime2.net/category/%E3%81%8B%E3%81%A3%E3%81%93%E3%81%84%E3%81%84,RuntimeError('HTTP 503'),gif.anime2 実GIFアーカイブ
gif_anime2_0004_00009,gif_anime2,https://gif.anime2.net/wp/wp-content/uploads/2018/08/Gifsmith-ab205ece-9-thumb.jpg,https://gif.anime2.net/category/%E3%81%8B%E3%81%A3%E3%81%93%E3%81%84%E3%81%84,RuntimeError('HTTP 503'),gif.anime2 実GIFアーカイブ
gif_anime2_0004_00046,gif_anime2,https://gif.anime2.net/wp/wp-content/uploads/2018/12/Gifsmith-87637159-2.gif,https://gif.anime2.net/category/%E3%81%8B%E3%81%A3%E3%81%93%E3%81%84%E3%81%84,RuntimeError('HTTP 503'),gif.anime2 実GIFアーカイブ
gif_anime2_0004_00010,gif_anime2,https://gif.anime2.net/wp/wp-content/uploads/2018/08/Gifsmith-d3b52090-3-thumb.jpg,https://gif.anime2.net/category/%E3%81%8B%E3%81%A3%E3%81%93%E3%81%84%E3%81%84,RuntimeError('HTTP 503'),gif.anime2 実GIFアーカイブ
gif_anime2_0004_00013,gif_anime2,https://gif.anime2.net/wp/wp-content/uploads/2018/07/Gifsmith-a57d131b-0-thumb.jpg,https://gif.anime2.net/category/%E3%81%8B%E3%81%A3%E3%81%93%E3%81%84%E3%81%84,RuntimeError('HTTP 503'),gif.anime2 実GIFアーカイブ
gif_anime2_0004_00049,gif_anime2,https://gif.anime2.net/wp/wp-content/uploads/2018/07/Gifsmith-77123fcb-3-3.gif,https://gif.anime2.net/category/%E3%81%8B%E3%81%A3%E3%81%93%E3%81%84%E3%81%84,RuntimeError('HTTP 503'),gif.anime2 実GIFアーカイブ
gif_anime2_0004_00015,gif_anime2,https://gif.anime2.net/wp/wp-content/uploads/2018/07/Gifsmith-cd14c550-6-1-thumb.jpg,https://gif.anime2.net/category/%E3%81%8B%E3%81%A3%E3%81%93%E3%81%84%E3%81%84,RuntimeError('HTTP 503'),gif.anime2 実GIFアーカイブ
gif_anime2_0004_00019,gif_anime2,https://gif.anime2.net/wp/wp-content/uploads/2018/07/Gifsmith-4db162f7-3-thumb.jpg,https://gif.anime2.net/category/%E3%81%8B%E3%81%A3%E3%81%93%E3%81%84%E3%81%84,RuntimeError('HTTP 503'),gif.anime2 実GIFアーカイブ
gif_anime2_0004_00012,gif_anime2,https://gif.anime2.net/wp/wp-content/uploads/2018/07/Gifsmith-ba1b421f-0-thumb.jpg,https://gif.anime2.net/category/%E3%81%8B%E3%81%A3%E3%81%93%E3%81%84%E3%81%84,RuntimeError('HTTP 503'),gif.anime2 実GIFアーカイブ
gif_anime2_0004_00051,gif_anime2,https://gif.anime2.net/wp/wp-content/uploads/2018/07/Gifsmith-a57d131b-0.gif,https://gif.anime2.net/category/%E3%81%8B%E3%81%A3%E3%81%93%E3%81%84%E3%81%84,RuntimeError('HTTP 503'),gif.anime2 実GIFアーカイブ
gif_anime2_0004_00011,gif_anime2,https://gif.anime2.net/wp/wp-content/uploads/2018/07/Gifsmith-77123fcb-3-3-thumb.jpg,https://gif.anime2.net/category/%E3%81%8B%E3%81%A3%E3%81%93%E3%81%84%E3%81%84,RuntimeError('HTTP 503'),gif.anime2 実GIFアーカイブ
gif_anime2_0004_00055,gif_anime2,https://gif.anime2.net/wp/wp-content/uploads/2018/07/Gifsmith-3d671ce6-3.gif,https://gif.anime2.net/category/%E3%81%8B%E3%81%A3%E3%81%93%E3%81%84%E3%81%84,RuntimeError('HTTP 503'),gif.anime2 実GIFアーカイブ
gif_anime2_0004_00057,gif_anime2,https://gif.anime2.net/wp/wp-content/uploads/2018/07/Gifsmith-4db162f7-3.gif,https://gif.anime2.net/category/%E3%81%8B%E3%81%A3%E3%81%93%E3%81%84%E3%81%84,RuntimeError('HTTP 503'),gif.anime2 実GIFアーカイブ
gif_anime2_0004_00056,gif_anime2,https://gif.anime2.net/wp/wp-content/uploads/2018/07/Gifsmith-aa34d9c1-6.gif,https://gif.anime2.net/category/%E3%81%8B%E3%81%A3%E3%81%93%E3%81%84%E3%81%84,RuntimeError('HTTP 503'),gif.anime2 実GIFアーカイブ
gif_anime2_0005_00004,gif_anime2,https://gif.anime2.net/wp/wp-content/uploads/2018/10/Gifsmith-3c5c7785-2-1-thumb.jpg,https://gif.anime2.net/tag/%E3%82%B5%E3%83%BC%E3%83%95%E3%82%A3%E3%83%B3,RuntimeError('HTTP 503'),gif.anime2 実GIFアーカイブ
gif_anime2_0005_00014,gif_anime2,https://gif.anime2.net/wp/wp-content/uploads/2016/11/Gifsmith-b08962bf-0-thumb.jpg,https://gif.anime2.net/tag/%E3%82%B5%E3%83%BC%E3%83%95%E3%82%A3%E3%83%B3,RuntimeError('HTTP 503'),gif.anime2 実GIFアーカイブ
gif_anime2_0005_00005,gif_anime2,https://gif.anime2.net/wp/wp-content/uploads/2018/07/Gifsmith-00fc64e6-3-thumb.jpg,https://gif.anime2.net/tag/%E3%82%B5%E3%83%BC%E3%83%95%E3%82%A3%E3%83%B3,RuntimeError('HTTP 503'),gif.anime2 実GIFアーカイブ
gif_anime2_0005_00017,gif_anime2,https://gif.anime2.net/wp/wp-content/uploads/2016/08/Gifsmith-d7a84bbd-2-thumb.jpg,https://gif.anime2.net/tag/%E3%82%B5%E3%83%BC%E3%83%95%E3%82%A3%E3%83%B3,RuntimeError('HTTP 503'),gif.anime2 実GIFアーカイブ
gif_anime2_0005_00048,gif_anime2,https://gif.anime2.net/wp/wp-content/uploads/2017/04/Gifsmith-dee74b1f-0.gif,https://gif.anime2.net/tag/%E3%82%B5%E3%83%BC%E3%83%95%E3%82%A3%E3%83%B3,RuntimeError('HTTP 503'),gif.anime2 実GIFアーカイブ
gif_anime2_0005_00008,gif_anime2,https://gif.anime2.net/wp/wp-content/uploads/2017/08/Gifsmith-9a4be27c-2-thumb.jpg,https://gif.anime2.net/tag/%E3%82%B5%E3%83%BC%E3%83%95%E3%82%A3%E3%83%B3,RuntimeError('HTTP 503'),gif.anime2 実GIFアーカイブ
gif_anime2_0005_00018,gif_anime2,https://gif.anime2.net/wp/wp-content/uploads/2016/07/Gifsmith-45f0ef97-23-thumb.jpg,https://gif.anime2.net/tag/%E3%82%B5%E3%83%BC%E3%83%95%E3%82%A3%E3%83%B3,RuntimeError('HTTP 503'),gif.anime2 実GIFアーカイブ
gif_anime2_0005_00007,gif_anime2,https://gif.anime2.net/wp/wp-content/uploads/2018/03/Gifsmith-5f05721c-3-4-thumb.jpg,https://gif.anime2.net/tag/%E3%82%B5%E3%83%BC%E3%83%95%E3%82%A3%E3%83%B3,RuntimeError('HTTP 503'),gif.anime2 実GIFアーカイブ
gif_anime2_0005_00009,gif_anime2,https://gif.anime2.net/wp/wp-content/uploads/2017/04/Gifsmith-dee74b1f-0-thumb.jpg,https://gif.anime2.net/tag/%E3%82%B5%E3%83%BC%E3%83%95%E3%82%A3%E3%83%B3,RuntimeError('HTTP 503'),gif.anime2 実GIFアーカイブ
gif_anime2_0005_00006,gif_anime2,https://gif.anime2.net/wp/wp-content/uploads/2018/05/Gifsmith-9daba469-4-thumb.jpg,https://gif.anime2.net/tag/%E3%82%B5%E3%83%BC%E3%83%95%E3%82%A3%E3%83%B3,RuntimeError('HTTP 503'),gif.anime2 実GIFアーカイブ
gif_anime2_0005_00012,gif_anime2,https://gif.anime2.net/wp/wp-content/uploads/2017/01/Gifsmith-400fbd9f-0-thumb.jpg,https://gif.anime2.net/tag/%E3%82%B5%E3%83%BC%E3%83%95%E3%82%A3%E3%83%B3,RuntimeError('HTTP 503'),gif.anime2 実GIFアーカイブ
gif_anime2_0005_00019,gif_anime2,https://gif.anime2.net/wp/wp-content/uploads/2016/04/4115931883-thumb.jpg,https://gif.anime2.net/tag/%E3%82%B5%E3%83%BC%E3%83%95%E3%82%A3%E3%83%B3,RuntimeError('HTTP 503'),gif.anime2 実GIFアーカイブ
gif_anime2_0005_00046,gif_anime2,https://gif.anime2.net/wp/wp-content/uploads/2018/03/Gifsmith-5f05721c-3-4.gif,https://gif.anime2.net/tag/%E3%82%B5%E3%83%BC%E3%83%95%E3%82%A3%E3%83%B3,RuntimeError('HTTP 503'),gif.anime2 実GIFアーカイブ
gif_anime2_0005_00047,gif_anime2,https://gif.anime2.net/wp/wp-content/uploads/2017/08/Gifsmith-9a4be27c-2.gif,https://gif.anime2.net/tag/%E3%82%B5%E3%83%BC%E3%83%95%E3%82%A3%E3%83%B3,RuntimeError('HTTP 503'),gif.anime2 実GIFアーカイブ
gif_anime2_0005_00020,gif_anime2,https://gif.anime2.net/wp/wp-content/uploads/2016/01/42fa659d-thumb.jpg,https://gif.anime2.net/tag/%E3%82%B5%E3%83%BC%E3%83%95%E3%82%A3%E3%83%B3,RuntimeError('HTTP 503'),gif.anime2 実GIFアーカイブ
gif_anime2_0005_00010,gif_anime2,https://gif.anime2.net/wp/wp-content/uploads/2017/03/Gifsmith-5f05721c-27-thumb.jpg,https://gif.anime2.net/tag/%E3%82%B5%E3%83%BC%E3%83%95%E3%82%A3%E3%83%B3,RuntimeError('HTTP 503'),gif.anime2 実GIFアーカイブ
gif_anime2_0005_00044,gif_anime2,https://gif.anime2.net/wp/wp-content/uploads/2018/07/Gifsmith-00fc64e6-3.gif,https://gif.anime2.net/tag/%E3%82%B5%E3%83%BC%E3%83%95%E3%82%A3%E3%83%B3,RuntimeError('HTTP 503'),gif.anime2 実GIFアーカイブ
gif_anime2_0005_00016,gif_anime2,https://gif.anime2.net/wp/wp-content/uploads/2016/09/Gifsmith-e746f170-22-thumb.jpg,https://gif.anime2.net/tag/%E3%82%B5%E3%83%BC%E3%83%95%E3%82%A3%E3%83%B3,RuntimeError('HTTP 503'),gif.anime2 実GIFアーカイブ
gif_anime2_0005_00011,gif_anime2,https://gif.anime2.net/wp/wp-content/uploads/2017/02/Gifsmith-b7563ad1-6-thumb.jpg,https://gif.anime2.net/tag/%E3%82%B5%E3%83%BC%E3%83%95%E3%82%A3%E3%83%B3,RuntimeError('HTTP 503'),gif.anime2 実GIFアーカイブ
gif_anime2_0005_00045,gif_anime2,https://gif.anime2.net/wp/wp-content/uploads/2018/05/Gifsmith-9daba469-4.gif,https://gif.anime2.net/tag/%E3%82%B5%E3%83%BC%E3%83%95%E3%82%A3%E3%83%B3,RuntimeError('HTTP 503'),gif.anime2 実GIFアーカイブ
gif_anime2_0005_00015,gif_anime2,https://gif.anime2.net/wp/wp-content/uploads/2016/11/Gifsmith-68bfb216-25-thumb.jpg,https://gif.anime2.net/tag/%E3%82%B5%E3%83%BC%E3%83%95%E3%82%A3%E3%83%B3,RuntimeError('HTTP 503'),gif.anime2 実GIFアーカイブ
gif_anime2_0005_00043,gif_anime2,https://gif.anime2.net/wp/wp-content/uploads/2018/10/Gifsmith-3c5c7785-2-1.gif,https://gif.anime2.net/tag/%E3%82%B5%E3%83%BC%E3%83%95%E3%82%A3%E3%83%B3,RuntimeError('HTTP 503'),gif.anime2 実GIFアーカイブ
gif_anime2_0005_00013,gif_anime2,https://gif.anime2.net/wp/wp-content/uploads/2017/01/Gifsmith-3ded4436-43-thumb.jpg,https://gif.anime2.net/tag/%E3%82%B5%E3%83%BC%E3%83%95%E3%82%A3%E3%83%B3,RuntimeError('HTTP 503'),gif.anime2 実GIFアーカイブ
gif_anime2_0005_00055,gif_anime2,https://gif.anime2.net/wp/wp-content/uploads/2016/09/Gifsmith-e746f170-22.gif,https://gif.anime2.net/tag/%E3%82%B5%E3%83%BC%E3%83%95%E3%82%A3%E3%83%B3,RuntimeError('HTTP 503'),gif.anime2 実GIFアーカイブ
gif_anime2_0008_00018,gif_anime2,https://gif.anime2.net/wp/wp-content/uploads/2018/07/Gifsmith-b4927252-3-thumb.jpg,https://gif.anime2.net/category/%E3%82%B9%E3%83%9D%E3%83%BC%E3%83%84,RuntimeError('HTTP 503'),gif.anime2 実GIFアーカイブ
gif_anime2_0005_00049,gif_anime2,https://gif.anime2.net/wp/wp-content/uploads/2017/03/Gifsmith-5f05721c-27.gif,https://gif.anime2.net/tag/%E3%82%B5%E3%83%BC%E3%83%95%E3%82%A3%E3%83%B3,RuntimeError('HTTP 503'),gif.anime2 実GIFアーカイブ
gif_anime2_0008_00009,gif_anime2,https://gif.anime2.net/wp/wp-content/uploads/2018/09/Gifsmith-fd4e0268-2-thumb.jpg,https://gif.anime2.net/category/%E3%82%B9%E3%83%9D%E3%83%BC%E3%83%84,RuntimeError('HTTP 503'),gif.anime2 実GIFアーカイブ
gif_anime2_0005_00053,gif_anime2,https://gif.anime2.net/wp/wp-content/uploads/2016/11/Gifsmith-b08962bf-0.gif,https://gif.anime2.net/tag/%E3%82%B5%E3%83%BC%E3%83%95%E3%82%A3%E3%83%B3,RuntimeError('HTTP 503'),gif.anime2 実GIFアーカイブ
gif_anime2_0008_00014,gif_anime2,https://gif.anime2.net/wp/wp-content/uploads/2018/07/Gifsmith-76042020-10-thumb.jpg,https://gif.anime2.net/category/%E3%82%B9%E3%83%9D%E3%83%BC%E3%83%84,RuntimeError('HTTP 503'),gif.anime2 実GIFアーカイブ
gif_anime2_0008_00017,gif_anime2,https://gif.anime2.net/wp/wp-content/uploads/2018/07/Gifsmith-fa1c735d-5-thumb.jpg,https://gif.anime2.net/category/%E3%82%B9%E3%83%9D%E3%83%BC%E3%83%84,RuntimeError('HTTP 503'),gif.anime2 実GIFアーカイブ
gif_anime2_0005_00051,gif_anime2,https://gif.anime2.net/wp/wp-content/uploads/2017/01/Gifsmith-400fbd9f-0.gif,https://gif.anime2.net/tag/%E3%82%B5%E3%83%BC%E3%83%95%E3%82%A3%E3%83%B3,RuntimeError('HTTP 503'),gif.anime2 実GIFアーカイブ
gif_anime2_0005_00056,gif_anime2,https://gif.anime2.net/wp/wp-content/uploads/2016/08/Gifsmith-d7a84bbd-2.gif,https://gif.anime2.net/tag/%E3%82%B5%E3%83%BC%E3%83%95%E3%82%A3%E3%83%B3,RuntimeError('HTTP 503'),gif.anime2 実GIFアーカイブ
gif_anime2_0008_00007,gif_anime2,https://gif.anime2.net/wp/wp-content/uploads/2018/09/Gifsmith-01c86a05-3-thumb.jpg,https://gif.anime2.net/category/%E3%82%B9%E3%83%9D%E3%83%BC%E3%83%84,RuntimeError('HTTP 503'),gif.anime2 実GIFアーカイブ
gif_anime2_0008_00015,gif_anime2,https://gif.anime2.net/wp/wp-content/uploads/2018/07/Gifsmith-6b0ac467-6-thumb.jpg,https://gif.anime2.net/category/%E3%82%B9%E3%83%9D%E3%83%BC%E3%83%84,RuntimeError('HTTP 503'),gif.anime2 実GIFアーカイブ
gif_anime2_0008_00012,gif_anime2,https://gif.anime2.net/wp/wp-content/uploads/2018/07/Gifsmith-d5433884-6-thumb.jpg,https://gif.anime2.net/category/%E3%82%B9%E3%83%9D%E3%83%BC%E3%83%84,RuntimeError('HTTP 503'),gif.anime2 実GIFアーカイブ
gif_anime2_0005_00057,gif_anime2,https://gif.anime2.net/wp/wp-content/uploads/2016/07/Gifsmith-45f0ef97-23.gif,https://gif.anime2.net/tag/%E3%82%B5%E3%83%BC%E3%83%95%E3%82%A3%E3%83%B3,RuntimeError('HTTP 503'),gif.anime2 実GIFアーカイブ
gif_anime2_0008_00008,gif_anime2,https://gif.anime2.net/wp/wp-content/uploads/2018/09/AZu6x1m-thumb.jpg,https://gif.anime2.net/category/%E3%82%B9%E3%83%9D%E3%83%BC%E3%83%84,RuntimeError('HTTP 503'),gif.anime2 実GIFアーカイブ
gif_anime2_0005_00052,gif_anime2,https://gif.anime2.net/wp/wp-content/uploads/2017/01/Gifsmith-3ded4436-43.gif,https://gif.anime2.net/tag/%E3%82%B5%E3%83%BC%E3%83%95%E3%82%A3%E3%83%B3,RuntimeError('HTTP 503'),gif.anime2 実GIFアーカイブ
gif_anime2_0005_00054,gif_anime2,https://gif.anime2.net/wp/wp-content/uploads/2016/11/Gifsmith-68bfb216-25.gif,https://gif.anime2.net/tag/%E3%82%B5%E3%83%BC%E3%83%95%E3%82%A3%E3%83%B3,RuntimeError('HTTP 503'),gif.anime2 実GIFアーカイブ
gif_anime2_0008_00006,gif_anime2,https://gif.anime2.net/wp/wp-content/uploads/2018/11/Gifsmith-f8a98629-2-thumb.jpg,https://gif.anime2.net/category/%E3%82%B9%E3%83%9D%E3%83%BC%E3%83%84,RuntimeError('HTTP 503'),gif.anime2 実GIFアーカイブ
gif_anime2_0008_00010,gif_anime2,https://gif.anime2.net/wp/wp-content/uploads/2018/09/Gifsmith-856d1467-3-thumb.jpg,https://gif.anime2.net/category/%E3%82%B9%E3%83%9D%E3%83%BC%E3%83%84,RuntimeError('HTTP 503'),gif.anime2 実GIFアーカイブ
gif_anime2_0005_00059,gif_anime2,https://gif.anime2.net/wp/wp-content/uploads/2016/01/42fa659d.gif,https://gif.anime2.net/tag/%E3%82%B5%E3%83%BC%E3%83%95%E3%82%A3%E3%83%B3,RuntimeError('HTTP 503'),gif.anime2 実GIFアーカイブ
gif_anime2_0008_00013,gif_anime2,https://gif.anime2.net/wp/wp-content/uploads/2018/07/Gifsmith-04c8024a-0-thumb.jpg,https://gif.anime2.net/category/%E3%82%B9%E3%83%9D%E3%83%BC%E3%83%84,RuntimeError('HTTP 503'),gif.anime2 実GIFアーカイブ
gif_anime2_0008_00016,gif_anime2,https://gif.anime2.net/wp/wp-content/uploads/2018/07/Gifsmith-78a1a46e-0-thumb.jpg,https://gif.anime2.net/category/%E3%82%B9%E3%83%9D%E3%83%BC%E3%83%84,RuntimeError('HTTP 503'),gif.anime2 実GIFアーカイブ
gif_anime2_0008_00005,gif_anime2,https://gif.anime2.net/wp/wp-content/uploads/2018/11/Gifsmith-7aa3e27e-3-thumb.jpg,https://gif.anime2.net/category/%E3%82%B9%E3%83%9D%E3%83%BC%E3%83%84,RuntimeError('HTTP 503'),gif.anime2 実GIFアーカイブ
gif_anime2_0008_00019,gif_anime2,https://gif.anime2.net/wp/wp-content/uploads/2018/07/Gifsmith-65329429-0-thumb.jpg,https://gif.anime2.net/category/%E3%82%B9%E3%83%9D%E3%83%BC%E3%83%84,RuntimeError('HTTP 503'),gif.anime2 実GIFアーカイブ
gif_anime2_0005_00058,gif_anime2,https://gif.anime2.net/wp/wp-content/uploads/2016/04/4115931883.gif,https://gif.anime2.net/tag/%E3%82%B5%E3%83%BC%E3%83%95%E3%82%A3%E3%83%B3,RuntimeError('HTTP 503'),gif.anime2 実GIFアーカイブ
gif_anime2_0005_00050,gif_anime2,https://gif.anime2.net/wp/wp-content/uploads/2017/02/Gifsmith-b7563ad1-6.gif,https://gif.anime2.net/tag/%E3%82%B5%E3%83%BC%E3%83%95%E3%82%A3%E3%83%B3,RuntimeError('HTTP 503'),gif.anime2 実GIFアーカイブ
gif_anime2_0008_00020,gif_anime2,https://gif.anime2.net/wp/wp-content/uploads/2018/07/Gifsmith-ccc7f8fe-0-thumb.jpg,https://gif.anime2.net/category/%E3%82%B9%E3%83%9D%E3%83%BC%E3%83%84,RuntimeError('HTTP 503'),gif.anime2 実GIFアーカイブ
gif_anime2_0008_00021,gif_anime2,https://gif.anime2.net/wp/wp-content/uploads/2018/07/Gifsmith-bf7abf2b-9-thumb.jpg,https://gif.anime2.net/category/%E3%82%B9%E3%83%9D%E3%83%BC%E3%83%84,RuntimeError('HTTP 503'),gif.anime2 実GIFアーカイブ
gif_anime2_0008_00046,gif_anime2,https://gif.anime2.net/wp/wp-content/uploads/2018/11/Gifsmith-f8a98629-2.gif,https://gif.anime2.net/category/%E3%82%B9%E3%83%9D%E3%83%BC%E3%83%84,RuntimeError('HTTP 503'),gif.anime2 実GIFアーカイブ
gif_anime2_0008_00045,gif_anime2,https://gif.anime2.net/wp/wp-content/uploads/2018/11/Gifsmith-7aa3e27e-3.gif,https://gif.anime2.net/category/%E3%82%B9%E3%83%9D%E3%83%BC%E3%83%84,RuntimeError('HTTP 503'),gif.anime2 実GIFアーカイブ
gif_anime2_0008_00047,gif_anime2,https://gif.anime2.net/wp/wp-content/uploads/2018/09/Gifsmith-01c86a05-3.gif,https://gif.anime2.net/category/%E3%82%B9%E3%83%9D%E3%83%BC%E3%83%84,RuntimeError('HTTP 503'),gif.anime2 実GIFアーカイブ
gif_anime2_0008_00048,gif_anime2,https://gif.anime2.net/wp/wp-content/uploads/2018/09/AZu6x1m.gif,https://gif.anime2.net/category/%E3%82%B9%E3%83%9D%E3%83%BC%E3%83%84,RuntimeError('HTTP 503'),gif.anime2 実GIFアーカイブ
gif_anime2_0008_00049,gif_anime2,https://gif.anime2.net/wp/wp-content/uploads/2018/09/Gifsmith-fd4e0268-2.gif,https://gif.anime2.net/category/%E3%82%B9%E3%83%9D%E3%83%BC%E3%83%84,RuntimeError('HTTP 503'),gif.anime2 実GIFアーカイブ
gif_anime2_0008_00054,gif_anime2,https://gif.anime2.net/wp/wp-content/uploads/2018/07/Gifsmith-76042020-10.gif,https://gif.anime2.net/category/%E3%82%B9%E3%83%9D%E3%83%BC%E3%83%84,RuntimeError('HTTP 503'),gif.anime2 実GIFアーカイブ
gif_anime2_0008_00050,gif_anime2,https://gif.anime2.net/wp/wp-content/uploads/2018/09/Gifsmith-856d1467-3.gif,https://gif.anime2.net/category/%E3%82%B9%E3%83%9D%E3%83%BC%E3%83%84,RuntimeError('HTTP 503'),gif.anime2 実GIFアーカイブ
gif_anime2_0008_00052,gif_anime2,https://gif.anime2.net/wp/wp-content/uploads/2018/07/Gifsmith-d5433884-6.gif,https://gif.anime2.net/category/%E3%82%B9%E3%83%9D%E3%83%BC%E3%83%84,RuntimeError('HTTP 503'),gif.anime2 実GIFアーカイブ
gif_anime2_0008_00055,gif_anime2,https://gif.anime2.net/wp/wp-content/uploads/2018/07/Gifsmith-6b0ac467-6.gif,https://gif.anime2.net/category/%E3%82%B9%E3%83%9D%E3%83%BC%E3%83%84,RuntimeError('HTTP 503'),gif.anime2 実GIFアーカイブ
gif_anime2_0008_00053,gif_anime2,https://gif.anime2.net/wp/wp-content/uploads/2018/07/Gifsmith-04c8024a-0.gif,https://gif.anime2.net/category/%E3%82%B9%E3%83%9D%E3%83%BC%E3%83%84,RuntimeError('HTTP 503'),gif.anime2 実GIFアーカイブ
gif_anime2_0008_00060,gif_anime2,https://gif.anime2.net/wp/wp-content/uploads/2018/07/Gifsmith-ccc7f8fe-0.gif,https://gif.anime2.net/category/%E3%82%B9%E3%83%9D%E3%83%BC%E3%83%84,RuntimeError('HTTP 503'),gif.anime2 実GIFアーカイブ
gif_anime2_0008_00056,gif_anime2,https://gif.anime2.net/wp/wp-content/uploads/2018/07/Gifsmith-78a1a46e-0.gif,https://gif.anime2.net/category/%E3%82%B9%E3%83%9D%E3%83%BC%E3%83%84,RuntimeError('HTTP 503'),gif.anime2 実GIFアーカイブ
gif_anime2_0010_00016,gif_anime2,https://gif.anime2.net/wp/wp-content/uploads/2018/10/Gifsmith-19a1bbd5-4-thumb.jpg,https://gif.anime2.net/category/%E3%82%B9%E3%82%B4%E3%83%AF%E3%82%B6,RuntimeError('HTTP 503'),gif.anime2 実GIFアーカイブ
gif_anime2_0008_00059,gif_anime2,https://gif.anime2.net/wp/wp-content/uploads/2018/07/Gifsmith-65329429-0.gif,https://gif.anime2.net/category/%E3%82%B9%E3%83%9D%E3%83%BC%E3%83%84,RuntimeError('HTTP 503'),gif.anime2 実GIFアーカイブ
gif_anime2_0008_00058,gif_anime2,https://gif.anime2.net/wp/wp-content/uploads/2018/07/Gifsmith-b4927252-3.gif,https://gif.anime2.net/category/%E3%82%B9%E3%83%9D%E3%83%BC%E3%83%84,RuntimeError('HTTP 503'),gif.anime2 実GIFアーカイブ
gif_anime2_0008_00061,gif_anime2,https://gif.anime2.net/wp/wp-content/uploads/2018/07/Gifsmith-bf7abf2b-9.gif,https://gif.anime2.net/category/%E3%82%B9%E3%83%9D%E3%83%BC%E3%83%84,RuntimeError('HTTP 503'),gif.anime2 実GIFアーカイブ
gif_anime2_0010_00054,gif_anime2,https://gif.anime2.net/wp/wp-content/uploads/2018/12/Gifsmith-3c24605a-6.gif,https://gif.anime2.net/category/%E3%82%B9%E3%82%B4%E3%83%AF%E3%82%B6,RuntimeError('HTTP 503'),gif.anime2 実GIFアーカイブ
gif_anime2_0008_00057,gif_anime2,https://gif.anime2.net/wp/wp-content/uploads/2018/07/Gifsmith-fa1c735d-5.gif,https://gif.anime2.net/category/%E3%82%B9%E3%83%9D%E3%83%BC%E3%83%84,RuntimeError('HTTP 503'),gif.anime2 実GIFアーカイブ
gif_anime2_0010_00018,gif_anime2,https://gif.anime2.net/wp/wp-content/uploads/2018/10/Gifsmith-19a1bbd5-2-thumb.jpg,https://gif.anime2.net/category/%E3%82%B9%E3%82%B4%E3%83%AF%E3%82%B6,RuntimeError('HTTP 503'),gif.anime2 実GIFアーカイブ
gif_anime2_0010_00019,gif_anime2,https://gif.anime2.net/wp/wp-content/uploads/2018/09/Gifsmith-3c5c7785-2-thumb.jpg,https://gif.anime2.net/category/%E3%82%B9%E3%82%B4%E3%83%AF%E3%82%B6,RuntimeError('HTTP 503'),gif.anime2 実GIFアーカイブ
gif_anime2_0010_00021,gif_anime2,https://gif.anime2.net/wp/wp-content/uploads/2018/08/Gifsmith-07ed7031-14-thumb.jpg,https://gif.anime2.net/category/%E3%82%B9%E3%82%B4%E3%83%AF%E3%82%B6,RuntimeError('HTTP 503'),gif.anime2 実GIFアーカイブ
gif_anime2_0010_00014,gif_anime2,https://gif.anime2.net/wp/wp-content/uploads/2018/12/Gifsmith-3c24605a-6-thumb.jpg,https://gif.anime2.net/category/%E3%82%B9%E3%82%B4%E3%83%AF%E3%82%B6,RuntimeError('HTTP 503'),gif.anime2 実GIFアーカイブ
gif_anime2_0010_00020,gif_anime2,https://gif.anime2.net/wp/wp-content/uploads/2018/09/Gifsmith-19a1bbd5-3-1-thumb.jpg,https://gif.anime2.net/category/%E3%82%B9%E3%82%B4%E3%83%AF%E3%82%B6,RuntimeError('HTTP 503'),gif.anime2 実GIFアーカイブ
gif_anime2_0010_00015,gif_anime2,https://gif.anime2.net/wp/wp-content/uploads/2018/11/Gifsmith-08e62e45-2-thumb.jpg,https://gif.anime2.net/category/%E3%82%B9%E3%82%B4%E3%83%AF%E3%82%B6,RuntimeError('HTTP 503'),gif.anime2 実GIFアーカイブ
gif_anime2_0010_00055,gif_anime2,https://gif.anime2.net/wp/wp-content/uploads/2018/11/Gifsmith-08e62e45-2.gif,https://gif.anime2.net/category/%E3%82%B9%E3%82%B4%E3%83%AF%E3%82%B6,RuntimeError('HTTP 503'),gif.anime2 実GIFアーカイブ
gif_anime2_0010_00056,gif_anime2,https://gif.anime2.net/wp/wp-content/uploads/2018/10/Gifsmith-19a1bbd5-4.gif,https://gif.anime2.net/category/%E3%82%B9%E3%82%B4%E3%83%AF%E3%82%B6,RuntimeError('HTTP 503'),gif.anime2 実GIFアーカイブ
gif_anime2_0010_00058,gif_anime2,https://gif.anime2.net/wp/wp-content/uploads/2018/10/Gifsmith-19a1bbd5-2.gif,https://gif.anime2.net/category/%E3%82%B9%E3%82%B4%E3%83%AF%E3%82%B6,RuntimeError('HTTP 503'),gif.anime2 実GIFアーカイブ
gif_anime2_0010_00060,gif_anime2,https://gif.anime2.net/wp/wp-content/uploads/2018/09/Gifsmith-19a1bbd5-3-1.gif,https://gif.anime2.net/category/%E3%82%B9%E3%82%B4%E3%83%AF%E3%82%B6,RuntimeError('HTTP 503'),gif.anime2 実GIFアーカイブ
gif_anime2_0010_00059,gif_anime2,https://gif.anime2.net/wp/wp-content/uploads/2018/09/Gifsmith-3c5c7785-2.gif,https://gif.anime2.net/category/%E3%82%B9%E3%82%B4%E3%83%AF%E3%82%B6,RuntimeError('HTTP 503'),gif.anime2 実GIFアーカイブ
gif_anime2_0012_00009,gif_anime2,https://gif.anime2.net/wp/wp-content/uploads/2018/10/Gifsmith-ad32234a-4-thumb.jpg,https://gif.anime2.net/category/%E5%A4%B1%E6%95%97,RuntimeError('HTTP 503'),gif.anime2 実GIFアーカイブ
gif_anime2_0012_00004,gif_anime2,https://gif.anime2.net/wp/wp-content/uploads/2018/12/Gifsmith-4ccd3874-3-3-thumb.jpg,https://gif.anime2.net/category/%E5%A4%B1%E6%95%97,RuntimeError('HTTP 503'),gif.anime2 実GIFアーカイブ
gif_anime2_0012_00008,gif_anime2,https://gif.anime2.net/wp/wp-content/uploads/2018/11/Gifsmith-f722c274-3-thumb.jpg,https://gif.anime2.net/category/%E5%A4%B1%E6%95%97,RuntimeError('HTTP 503'),gif.anime2 実GIFアーカイブ
gif_anime2_0012_00017,gif_anime2,https://gif.anime2.net/wp/wp-content/uploads/2018/09/Gifsmith-4fd20848-5-thumb.jpg,https://gif.anime2.net/category/%E5%A4%B1%E6%95%97,RuntimeError('HTTP 503'),gif.anime2 実GIFアーカイブ
gif_anime2_0012_00005,gif_anime2,https://gif.anime2.net/wp/wp-content/uploads/2018/12/Gifsmith-4ccd3874-3-thumb.jpg,https://gif.anime2.net/category/%E5%A4%B1%E6%95%97,RuntimeError('HTTP 503'),gif.anime2 実GIFアーカイブ
gif_anime2_0012_00011,gif_anime2,https://gif.anime2.net/wp/wp-content/uploads/2018/10/Gifsmith-f333eb2c-5-thumb.jpg,https://gif.anime2.net/category/%E5%A4%B1%E6%95%97,RuntimeError('HTTP 503'),gif.anime2 実GIFアーカイブ
gif_anime2_0012_00016,gif_anime2,https://gif.anime2.net/wp/wp-content/uploads/2018/09/Gifsmith-da7c708d-6-thumb.jpg,https://gif.anime2.net/category/%E5%A4%B1%E6%95%97,RuntimeError('HTTP 503'),gif.anime2 実GIFアーカイブ
gif_anime2_0012_00006,gif_anime2,https://gif.anime2.net/wp/wp-content/uploads/2018/11/Gifsmith-19a1bbd5-2-1-thumb.jpg,https://gif.anime2.net/category/%E5%A4%B1%E6%95%97,RuntimeError('HTTP 503'),gif.anime2 実GIFアーカイブ
gif_anime2_0012_00015,gif_anime2,https://gif.anime2.net/wp/wp-content/uploads/2018/09/Gifsmith-da7c708d-2-1-thumb.jpg,https://gif.anime2.net/category/%E5%A4%B1%E6%95%97,RuntimeError('HTTP 503'),gif.anime2 実GIFアーカイブ
gif_anime2_0012_00012,gif_anime2,https://gif.anime2.net/wp/wp-content/uploads/2018/10/Gifsmith-f333eb2c-4-thumb.jpg,https://gif.anime2.net/category/%E5%A4%B1%E6%95%97,RuntimeError('HTTP 503'),gif.anime2 実GIFアーカイブ
gif_anime2_0012_00003,gif_anime2,https://gif.anime2.net/wp/wp-content/uploads/2018/12/Gifsmith-4ccd3874-2-thumb.jpg,https://gif.anime2.net/category/%E5%A4%B1%E6%95%97,RuntimeError('HTTP 503'),gif.anime2 実GIFアーカイブ
gif_anime2_0012_00007,gif_anime2,https://gif.anime2.net/wp/wp-content/uploads/2018/11/Gifsmith-67ad0405-3-thumb.jpg,https://gif.anime2.net/category/%E5%A4%B1%E6%95%97,RuntimeError('HTTP 503'),gif.anime2 実GIFアーカイブ
gif_anime2_0012_00013,gif_anime2,https://gif.anime2.net/wp/wp-content/uploads/2018/10/Gifsmith-f8a8935b-3-2-thumb.jpg,https://gif.anime2.net/category/%E5%A4%B1%E6%95%97,RuntimeError('HTTP 503'),gif.anime2 実GIFアーカイブ
gif_anime2_0010_00061,gif_anime2,https://gif.anime2.net/wp/wp-content/uploads/2018/08/Gifsmith-07ed7031-14.gif,https://gif.anime2.net/category/%E3%82%B9%E3%82%B4%E3%83%AF%E3%82%B6,RuntimeError('HTTP 503'),gif.anime2 実GIFアーカイブ
gif_anime2_0012_00010,gif_anime2,https://gif.anime2.net/wp/wp-content/uploads/2018/10/Gifsmith-ad32234a-3-thumb.jpg,https://gif.anime2.net/category/%E5%A4%B1%E6%95%97,RuntimeError('HTTP 503'),gif.anime2 実GIFアーカイブ
gif_anime2_0012_00043,gif_anime2,https://gif.anime2.net/wp/wp-content/uploads/2018/12/Gifsmith-4ccd3874-2.gif,https://gif.anime2.net/category/%E5%A4%B1%E6%95%97,RuntimeError('HTTP 503'),gif.anime2 実GIFアーカイブ
gif_anime2_0012_00018,gif_anime2,https://gif.anime2.net/wp/wp-content/uploads/2018/09/Gifsmith-19a1bbd5-3-2-thumb.jpg,https://gif.anime2.net/category/%E5%A4%B1%E6%95%97,RuntimeError('HTTP 503'),gif.anime2 実GIFアーカイブ
gif_anime2_0012_00020,gif_anime2,https://gif.anime2.net/wp/wp-content/uploads/2018/08/Gifsmith-3c5c7785-3-1-thumb.jpg,https://gif.anime2.net/category/%E5%A4%B1%E6%95%97,RuntimeError('HTTP 503'),gif.anime2 実GIFアーカイブ
gif_anime2_0012_00019,gif_anime2,https://gif.anime2.net/wp/wp-content/uploads/2018/09/Gifsmith-3c5c7785-3-thumb.jpg,https://gif.anime2.net/category/%E5%A4%B1%E6%95%97,RuntimeError('HTTP 503'),gif.anime2 実GIFアーカイブ
gif_anime2_0012_00014,gif_anime2,https://gif.anime2.net/wp/wp-content/uploads/2018/09/Gifsmith-da7c708d-3-thumb.jpg,https://gif.anime2.net/category/%E5%A4%B1%E6%95%97,RuntimeError('HTTP 503'),gif.anime2 実GIFアーカイブ
gif_anime2_0012_00021,gif_anime2,https://gif.anime2.net/wp/wp-content/uploads/2018/08/Gifsmith-19a1bbd5-3-1-thumb.jpg,https://gif.anime2.net/category/%E5%A4%B1%E6%95%97,RuntimeError('HTTP 503'),gif.anime2 実GIFアーカイブ
gif_anime2_0012_00044,gif_anime2,https://gif.anime2.net/wp/wp-content/uploads/2018/12/Gifsmith-4ccd3874-3-3.gif,https://gif.anime2.net/category/%E5%A4%B1%E6%95%97,RuntimeError('HTTP 503'),gif.anime2 実GIFアーカイブ
gif_anime2_0012_00045,gif_anime2,https://gif.anime2.net/wp/wp-content/uploads/2018/12/Gifsmith-4ccd3874-3.gif,https://gif.anime2.net/category/%E5%A4%B1%E6%95%97,RuntimeError('HTTP 503'),gif.anime2 実GIFアーカイブ
gif_anime2_0012_00046,gif_anime2,https://gif.anime2.net/wp/wp-content/uploads/2018/11/Gifsmith-19a1bbd5-2-1.gif,https://gif.anime2.net/category/%E5%A4%B1%E6%95%97,RuntimeError('HTTP 503'),gif.anime2 実GIFアーカイブ
gif_anime2_0012_00048,gif_anime2,https://gif.anime2.net/wp/wp-content/uploads/2018/11/Gifsmith-f722c274-3.gif,https://gif.anime2.net/category/%E5%A4%B1%E6%95%97,RuntimeError('HTTP 503'),gif.anime2 実GIFアーカイブ
gif_anime2_0012_00047,gif_anime2,https://gif.anime2.net/wp/wp-content/uploads/2018/11/Gifsmith-67ad0405-3.gif,https://gif.anime2.net/category/%E5%A4%B1%E6%95%97,RuntimeError('HTTP 503'),gif.anime2 実GIFアーカイブ
gif_anime2_0012_00049,gif_anime2,https://gif.anime2.net/wp/wp-content/uploads/2018/10/Gifsmith-ad32234a-4.gif,https://gif.anime2.net/category/%E5%A4%B1%E6%95%97,RuntimeError('HTTP 503'),gif.anime2 実GIFアーカイブ
gif_anime2_0012_00050,gif_anime2,https://gif.anime2.net/wp/wp-content/uploads/2018/10/Gifsmith-ad32234a-3.gif,https://gif.anime2.net/category/%E5%A4%B1%E6%95%97,RuntimeError('HTTP 503'),gif.anime2 実GIFアーカイブ
gif_anime2_0012_00052,gif_anime2,https://gif.anime2.net/wp/wp-content/uploads/2018/10/Gifsmith-f333eb2c-4.gif,https://gif.anime2.net/category/%E5%A4%B1%E6%95%97,RuntimeError('HTTP 503'),gif.anime2 実GIFアーカイブ
gif_anime2_0012_00051,gif_anime2,https://gif.anime2.net/wp/wp-content/uploads/2018/10/Gifsmith-f333eb2c-5.gif,https://gif.anime2.net/category/%E5%A4%B1%E6%95%97,RuntimeError('HTTP 503'),gif.anime2 実GIFアーカイブ
gif_anime2_0012_00053,gif_anime2,https://gif.anime2.net/wp/wp-content/uploads/2018/10/Gifsmith-f8a8935b-3-2.gif,https://gif.anime2.net/category/%E5%A4%B1%E6%95%97,RuntimeError('HTTP 503'),gif.anime2 実GIFアーカイブ
gif_anime2_0012_00057,gif_anime2,https://gif.anime2.net/wp/wp-content/uploads/2018/09/Gifsmith-4fd20848-5.gif,https://gif.anime2.net/category/%E5%A4%B1%E6%95%97,RuntimeError('HTTP 503'),gif.anime2 実GIFアーカイブ
gif_anime2_0012_00059,gif_anime2,https://gif.anime2.net/wp/wp-content/uploads/2018/09/Gifsmith-3c5c7785-3.gif,https://gif.anime2.net/category/%E5%A4%B1%E6%95%97,RuntimeError('HTTP 503'),gif.anime2 実GIFアーカイブ
gif_anime2_0012_00060,gif_anime2,https://gif.anime2.net/wp/wp-content/uploads/2018/08/Gifsmith-3c5c7785-3-1.gif,https://gif.anime2.net/category/%E5%A4%B1%E6%95%97,RuntimeError('HTTP 503'),gif.anime2 実GIFアーカイブ
gif_anime2_0013_00013,gif_anime2,https://gif.anime2.net/wp/wp-content/uploads/2018/04/Gifsmith-5f05721c-16-2-thumb.jpg,https://gif.anime2.net/tag/%E3%83%90%E3%83%83%E3%82%AF%E3%83%95%E3%83%AA%E3%83%83%E3%83%97,RuntimeError('HTTP 503'),gif.anime2 実GIFアーカイブ
gif_anime2_0012_00054,gif_anime2,https://gif.anime2.net/wp/wp-content/uploads/2018/09/Gifsmith-da7c708d-3.gif,https://gif.anime2.net/category/%E5%A4%B1%E6%95%97,RuntimeError('HTTP 503'),gif.anime2 実GIFアーカイブ
gif_anime2_0012_00055,gif_anime2,https://gif.anime2.net/wp/wp-content/uploads/2018/09/Gifsmith-da7c708d-2-1.gif,https://gif.anime2.net/category/%E5%A4%B1%E6%95%97,RuntimeError('HTTP 503'),gif.anime2 実GIFアーカイブ
gif_anime2_0012_00056,gif_anime2,https://gif.anime2.net/wp/wp-content/uploads/2018/09/Gifsmith-da7c708d-6.gif,https://gif.anime2.net/category/%E5%A4%B1%E6%95%97,RuntimeError('HTTP 503'),gif.anime2 実GIFアーカイブ
gif_anime2_0013_00014,gif_anime2,https://gif.anime2.net/wp/wp-content/uploads/2018/04/Gifsmith-5f05721c-8-4-thumb.jpg,https://gif.anime2.net/tag/%E3%83%90%E3%83%83%E3%82%AF%E3%83%95%E3%83%AA%E3%83%83%E3%83%97,RuntimeError('HTTP 503'),gif.anime2 実GIFアーカイブ
gif_anime2_0012_00058,gif_anime2,https://gif.anime2.net/wp/wp-content/uploads/2018/09/Gifsmith-19a1bbd5-3-2.gif,https://gif.anime2.net/category/%E5%A4%B1%E6%95%97,RuntimeError('HTTP 503'),gif.anime2 実GIFアーカイブ
gif_anime2_0013_00008,gif_anime2,https://gif.anime2.net/wp/wp-content/uploads/2018/07/Gifsmith-ddc12763-3-thumb.jpg,https://gif.anime2.net/tag/%E3%83%90%E3%83%83%E3%82%AF%E3%83%95%E3%83%AA%E3%83%83%E3%83%97,RuntimeError('HTTP 503'),gif.anime2 実GIFアーカイブ
gif_anime2_0013_00010,gif_anime2,https://gif.anime2.net/wp/wp-content/uploads/2018/06/Gifsmith-c0f50740-4-thumb.jpg,https://gif.anime2.net/tag/%E3%83%90%E3%83%83%E3%82%AF%E3%83%95%E3%83%AA%E3%83%83%E3%83%97,RuntimeError('HTTP 503'),gif.anime2 実GIFアーカイブ
gif_anime2_0013_00011,gif_anime2,https://gif.anime2.net/wp/wp-content/uploads/2018/06/Gifsmith-9cdce1ba-2-thumb.jpg,https://gif.anime2.net/tag/%E3%83%90%E3%83%83%E3%82%AF%E3%83%95%E3%83%AA%E3%83%83%E3%83%97,RuntimeError('HTTP 503'),gif.anime2 実GIFアーカイブ
gif_anime2_0012_00061,gif_anime2,https://gif.anime2.net/wp/wp-content/uploads/2018/08/Gifsmith-19a1bbd5-3-1.gif,https://gif.anime2.net/category/%E5%A4%B1%E6%95%97,RuntimeError('HTTP 503'),gif.anime2 実GIFアーカイブ
gif_anime2_0013_00012,gif_anime2,https://gif.anime2.net/wp/wp-content/uploads/2018/05/Gifsmith-70ce9457-9-thumb.jpg,https://gif.anime2.net/tag/%E3%83%90%E3%83%83%E3%82%AF%E3%83%95%E3%83%AA%E3%83%83%E3%83%97,RuntimeError('HTTP 503'),gif.anime2 実GIFアーカイブ
gif_anime2_0013_00007,gif_anime2,https://gif.anime2.net/wp/wp-content/uploads/2018/08/Gifsmith-696ddce8-4-thumb.jpg,https://gif.anime2.net/tag/%E3%83%90%E3%83%83%E3%82%AF%E3%83%95%E3%83%AA%E3%83%83%E3%83%97,RuntimeError('HTTP 503'),gif.anime2 実GIFアーカイブ
gif_anime2_0013_00017,gif_anime2,https://gif.anime2.net/wp/wp-content/uploads/2018/03/Gifsmith-5f05721c-12-thumb.jpg,https://gif.anime2.net/tag/%E3%83%90%E3%83%83%E3%82%AF%E3%83%95%E3%83%AA%E3%83%83%E3%83%97,RuntimeError('HTTP 503'),gif.anime2 実GIFアーカイブ
gif_anime2_0013_00016,gif_anime2,https://gif.anime2.net/wp/wp-content/uploads/2018/04/Gifsmith-5f05721c-17-thumb.jpg,https://gif.anime2.net/tag/%E3%83%90%E3%83%83%E3%82%AF%E3%83%95%E3%83%AA%E3%83%83%E3%83%97,RuntimeError('HTTP 503'),gif.anime2 実GIFアーカイブ
gif_anime2_0013_00015,gif_anime2,https://gif.anime2.net/wp/wp-content/uploads/2018/04/Gifsmith-5f05721c-11-thumb.jpg,https://gif.anime2.net/tag/%E3%83%90%E3%83%83%E3%82%AF%E3%83%95%E3%83%AA%E3%83%83%E3%83%97,RuntimeError('HTTP 503'),gif.anime2 実GIFアーカイブ
gif_anime2_0013_00018,gif_anime2,https://gif.anime2.net/wp/wp-content/uploads/2018/02/Gifsmith-5f05721c-43-thumb.jpg,https://gif.anime2.net/tag/%E3%83%90%E3%83%83%E3%82%AF%E3%83%95%E3%83%AA%E3%83%83%E3%83%97,RuntimeError('HTTP 503'),gif.anime2 実GIFアーカイブ
gif_anime2_0013_00020,gif_anime2,https://gif.anime2.net/wp/wp-content/uploads/2017/10/Gifsmith-f7d0b010-0-thumb.jpg,https://gif.anime2.net/tag/%E3%83%90%E3%83%83%E3%82%AF%E3%83%95%E3%83%AA%E3%83%83%E3%83%97,RuntimeError('HTTP 503'),gif.anime2 実GIFアーカイブ
gif_anime2_0013_00019,gif_anime2,https://gif.anime2.net/wp/wp-content/uploads/2017/11/Gifsmith-1b353615-0-thumb.jpg,https://gif.anime2.net/tag/%E3%83%90%E3%83%83%E3%82%AF%E3%83%95%E3%83%AA%E3%83%83%E3%83%97,RuntimeError('HTTP 503'),gif.anime2 実GIFアーカイブ
gif_anime2_0013_00021,gif_anime2,https://gif.anime2.net/wp/wp-content/uploads/2017/09/Gifsmith-5f05721c-3-6-thumb.jpg,https://gif.anime2.net/tag/%E3%83%90%E3%83%83%E3%82%AF%E3%83%95%E3%83%AA%E3%83%83%E3%83%97,RuntimeError('HTTP 503'),gif.anime2 実GIFアーカイブ
gif_anime2_0013_00047,gif_anime2,https://gif.anime2.net/wp/wp-content/uploads/2018/08/Gifsmith-696ddce8-4.gif,https://gif.anime2.net/tag/%E3%83%90%E3%83%83%E3%82%AF%E3%83%95%E3%83%AA%E3%83%83%E3%83%97,RuntimeError('HTTP 503'),gif.anime2 実GIFアーカイブ
gif_anime2_0013_00048,gif_anime2,https://gif.anime2.net/wp/wp-content/uploads/2018/07/Gifsmith-ddc12763-3.gif,https://gif.anime2.net/tag/%E3%83%90%E3%83%83%E3%82%AF%E3%83%95%E3%83%AA%E3%83%83%E3%83%97,RuntimeError('HTTP 503'),gif.anime2 実GIFアーカイブ
gif_anime2_0013_00053,gif_anime2,https://gif.anime2.net/wp/wp-content/uploads/2018/04/Gifsmith-5f05721c-16-2.gif,https://gif.anime2.net/tag/%E3%83%90%E3%83%83%E3%82%AF%E3%83%95%E3%83%AA%E3%83%83%E3%83%97,RuntimeError('HTTP 503'),gif.anime2 実GIFアーカイブ
gif_anime2_0013_00050,gif_anime2,https://gif.anime2.net/wp/wp-content/uploads/2018/06/Gifsmith-c0f50740-4.gif,https://gif.anime2.net/tag/%E3%83%90%E3%83%83%E3%82%AF%E3%83%95%E3%83%AA%E3%83%83%E3%83%97,RuntimeError('HTTP 503'),gif.anime2 実GIFアーカイブ
gif_anime2_0013_00052,gif_anime2,https://gif.anime2.net/wp/wp-content/uploads/2018/05/Gifsmith-70ce9457-9.gif,https://gif.anime2.net/tag/%E3%83%90%E3%83%83%E3%82%AF%E3%83%95%E3%83%AA%E3%83%83%E3%83%97,RuntimeError('HTTP 503'),gif.anime2 実GIFアーカイブ
gif_anime2_0013_00051,gif_anime2,https://gif.anime2.net/wp/wp-content/uploads/2018/06/Gifsmith-9cdce1ba-2.gif,https://gif.anime2.net/tag/%E3%83%90%E3%83%83%E3%82%AF%E3%83%95%E3%83%AA%E3%83%83%E3%83%97,RuntimeError('HTTP 503'),gif.anime2 実GIFアーカイブ
gif_anime2_0013_00054,gif_anime2,https://gif.anime2.net/wp/wp-content/uploads/2018/04/Gifsmith-5f05721c-8-4.gif,https://gif.anime2.net/tag/%E3%83%90%E3%83%83%E3%82%AF%E3%83%95%E3%83%AA%E3%83%83%E3%83%97,RuntimeError('HTTP 503'),gif.anime2 実GIFアーカイブ
gif_anime2_0013_00058,gif_anime2,https://gif.anime2.net/wp/wp-content/uploads/2018/02/Gifsmith-5f05721c-43.gif,https://gif.anime2.net/tag/%E3%83%90%E3%83%83%E3%82%AF%E3%83%95%E3%83%AA%E3%83%83%E3%83%97,RuntimeError('HTTP 503'),gif.anime2 実GIFアーカイブ
gif_anime2_0013_00061,gif_anime2,https://gif.anime2.net/wp/wp-content/uploads/2017/09/Gifsmith-5f05721c-3-6.gif,https://gif.anime2.net/tag/%E3%83%90%E3%83%83%E3%82%AF%E3%83%95%E3%83%AA%E3%83%83%E3%83%97,RuntimeError('HTTP 503'),gif.anime2 実GIFアーカイブ
gif_anime2_0013_00060,gif_anime2,https://gif.anime2.net/wp/wp-content/uploads/2017/10/Gifsmith-f7d0b010-0.gif,https://gif.anime2.net/tag/%E3%83%90%E3%83%83%E3%82%AF%E3%83%95%E3%83%AA%E3%83%83%E3%83%97,RuntimeError('HTTP 503'),gif.anime2 実GIFアーカイブ
gif_anime2_0013_00057,gif_anime2,https://gif.anime2.net/wp/wp-content/uploads/2018/03/Gifsmith-5f05721c-12.gif,https://gif.anime2.net/tag/%E3%83%90%E3%83%83%E3%82%AF%E3%83%95%E3%83%AA%E3%83%83%E3%83%97,RuntimeError('HTTP 503'),gif.anime2 実GIFアーカイブ
gif_anime2_0016_00015,gif_anime2,https://gif.anime2.net/wp/wp-content/uploads/2017/10/Gifsmith-866cdd0f-10-thumb.jpg,https://gif.anime2.net/tag/%E8%87%AA%E8%BB%A2%E8%BB%8A,RuntimeError('HTTP 503'),gif.anime2 実GIFアーカイブ
gif_anime2_0013_00055,gif_anime2,https://gif.anime2.net/wp/wp-content/uploads/2018/04/Gifsmith-5f05721c-11.gif,https://gif.anime2.net/tag/%E3%83%90%E3%83%83%E3%82%AF%E3%83%95%E3%83%AA%E3%83%83%E3%83%97,RuntimeError('HTTP 503'),gif.anime2 実GIFアーカイブ
gif_anime2_0013_00056,gif_anime2,https://gif.anime2.net/wp/wp-content/uploads/2018/04/Gifsmith-5f05721c-17.gif,https://gif.anime2.net/tag/%E3%83%90%E3%83%83%E3%82%AF%E3%83%95%E3%83%AA%E3%83%83%E3%83%97,RuntimeError('HTTP 503'),gif.anime2 実GIFアーカイブ
gif_anime2_0016_00010,gif_anime2,https://gif.anime2.net/wp/wp-content/uploads/2018/06/Gifsmith-2b2fc381-8-thumb.jpg,https://gif.anime2.net/tag/%E8%87%AA%E8%BB%A2%E8%BB%8A,RuntimeError('HTTP 503'),gif.anime2 実GIFアーカイブ
gif_anime2_0016_00011,gif_anime2,https://gif.anime2.net/wp/wp-content/uploads/2018/04/Gifsmith-5f05721c-23-thumb.jpg,https://gif.anime2.net/tag/%E8%87%AA%E8%BB%A2%E8%BB%8A,RuntimeError('HTTP 503'),gif.anime2 実GIFアーカイブ
gif_anime2_0016_00009,gif_anime2,https://gif.anime2.net/wp/wp-content/uploads/2018/07/Gifsmith-a059ce8e-3-thumb.jpg,https://gif.anime2.net/tag/%E8%87%AA%E8%BB%A2%E8%BB%8A,RuntimeError('HTTP 503'),gif.anime2 実GIFアーカイブ
gif_anime2_0016_00012,gif_anime2,https://gif.anime2.net/wp/wp-content/uploads/2018/03/Gifsmith-6585e540-0-thumb.jpg,https://gif.anime2.net/tag/%E8%87%AA%E8%BB%A2%E8%BB%8A,RuntimeError('HTTP 503'),gif.anime2 実GIFアーカイブ
gif_anime2_0016_00014,gif_anime2,https://gif.anime2.net/wp/wp-content/uploads/2017/12/Gifsmith-fb122de6-0-thumb.jpg,https://gif.anime2.net/tag/%E8%87%AA%E8%BB%A2%E8%BB%8A,RuntimeError('HTTP 503'),gif.anime2 実GIFアーカイブ
gif_anime2_0016_00007,gif_anime2,https://gif.anime2.net/wp/wp-content/uploads/2018/07/Gifsmith-92551e28-3-thumb.jpg,https://gif.anime2.net/tag/%E8%87%AA%E8%BB%A2%E8%BB%8A,RuntimeError('HTTP 503'),gif.anime2 実GIFアーカイブ
gif_anime2_0016_00006,gif_anime2,https://gif.anime2.net/wp/wp-content/uploads/2018/08/Gifsmith-48df93e8-3-thumb.jpg,https://gif.anime2.net/tag/%E8%87%AA%E8%BB%A2%E8%BB%8A,RuntimeError('HTTP 503'),gif.anime2 実GIFアーカイブ
gif_anime2_0016_00008,gif_anime2,https://gif.anime2.net/wp/wp-content/uploads/2018/07/Gifsmith-98c178e7-4-1-thumb.jpg,https://gif.anime2.net/tag/%E8%87%AA%E8%BB%A2%E8%BB%8A,RuntimeError('HTTP 503'),gif.anime2 実GIFアーカイブ
gif_anime2_0016_00013,gif_anime2,https://gif.anime2.net/wp/wp-content/uploads/2018/01/Gifsmith-5f05721c-11-thumb.jpg,https://gif.anime2.net/tag/%E8%87%AA%E8%BB%A2%E8%BB%8A,RuntimeError('HTTP 503'),gif.anime2 実GIFアーカイブ
gif_anime2_0016_00016,gif_anime2,https://gif.anime2.net/wp/wp-content/uploads/2017/10/Gifsmith-20389a70-0-thumb.jpg,https://gif.anime2.net/tag/%E8%87%AA%E8%BB%A2%E8%BB%8A,RuntimeError('HTTP 503'),gif.anime2 実GIFアーカイブ
gif_anime2_0013_00059,gif_anime2,https://gif.anime2.net/wp/wp-content/uploads/2017/11/Gifsmith-1b353615-0.gif,https://gif.anime2.net/tag/%E3%83%90%E3%83%83%E3%82%AF%E3%83%95%E3%83%AA%E3%83%83%E3%83%97,RuntimeError('HTTP 503'),gif.anime2 実GIFアーカイブ
gif_anime2_0016_00017,gif_anime2,https://gif.anime2.net/wp/wp-content/uploads/2017/08/Gifsmith-8851a003-15-thumb.jpg,https://gif.anime2.net/tag/%E8%87%AA%E8%BB%A2%E8%BB%8A,RuntimeError('HTTP 503'),gif.anime2 実GIFアーカイブ
gif_anime2_0016_00018,gif_anime2,https://gif.anime2.net/wp/wp-content/uploads/2017/08/Gifsmith-5f05721c-4-2-thumb.jpg,https://gif.anime2.net/tag/%E8%87%AA%E8%BB%A2%E8%BB%8A,RuntimeError('HTTP 503'),gif.anime2 実GIFアーカイブ
gif_anime2_0016_00019,gif_anime2,https://gif.anime2.net/wp/wp-content/uploads/2017/07/Gifsmith-5f05721c-16-3-thumb.jpg,https://gif.anime2.net/tag/%E8%87%AA%E8%BB%A2%E8%BB%8A,RuntimeError('HTTP 503'),gif.anime2 実GIFアーカイブ
gif_anime2_0016_00020,gif_anime2,https://gif.anime2.net/wp/wp-content/uploads/2017/07/Gifsmith-ed78eed0-2-thumb.jpg,https://gif.anime2.net/tag/%E8%87%AA%E8%BB%A2%E8%BB%8A,RuntimeError('HTTP 503'),gif.anime2 実GIFアーカイブ
gif_anime2_0016_00021,gif_anime2,https://gif.anime2.net/wp/wp-content/uploads/2017/04/Gifsmith-ea7ef942-0-thumb.jpg,https://gif.anime2.net/tag/%E8%87%AA%E8%BB%A2%E8%BB%8A,RuntimeError('HTTP 503'),gif.anime2 実GIFアーカイブ
gif_anime2_0016_00046,gif_anime2,https://gif.anime2.net/wp/wp-content/uploads/2018/08/Gifsmith-48df93e8-3.gif,https://gif.anime2.net/tag/%E8%87%AA%E8%BB%A2%E8%BB%8A,RuntimeError('HTTP 503'),gif.anime2 実GIFアーカイブ
gif_anime2_0016_00048,gif_anime2,https://gif.anime2.net/wp/wp-content/uploads/2018/07/Gifsmith-98c178e7-4-1.gif,https://gif.anime2.net/tag/%E8%87%AA%E8%BB%A2%E8%BB%8A,RuntimeError('HTTP 503'),gif.anime2 実GIFアーカイブ
gif_anime2_0016_00047,gif_anime2,https://gif.anime2.net/wp/wp-content/uploads/2018/07/Gifsmith-92551e28-3.gif,https://gif.anime2.net/tag/%E8%87%AA%E8%BB%A2%E8%BB%8A,RuntimeError('HTTP 503'),gif.anime2 実GIFアーカイブ
gif_anime2_0016_00049,gif_anime2,https://gif.anime2.net/wp/wp-content/uploads/2018/07/Gifsmith-a059ce8e-3.gif,https://gif.anime2.net/tag/%E8%87%AA%E8%BB%A2%E8%BB%8A,RuntimeError('HTTP 503'),gif.anime2 実GIFアーカイブ
gif_anime2_0016_00050,gif_anime2,https://gif.anime2.net/wp/wp-content/uploads/2018/06/Gifsmith-2b2fc381-8.gif,https://gif.anime2.net/tag/%E8%87%AA%E8%BB%A2%E8%BB%8A,RuntimeError('HTTP 503'),gif.anime2 実GIFアーカイブ
gif_anime2_0016_00052,gif_anime2,https://gif.anime2.net/wp/wp-content/uploads/2018/03/Gifsmith-6585e540-0.gif,https://gif.anime2.net/tag/%E8%87%AA%E8%BB%A2%E8%BB%8A,RuntimeError('HTTP 503'),gif.anime2 実GIFアーカイブ
gif_anime2_0016_00051,gif_anime2,https://gif.anime2.net/wp/wp-content/uploads/2018/04/Gifsmith-5f05721c-23.gif,https://gif.anime2.net/tag/%E8%87%AA%E8%BB%A2%E8%BB%8A,RuntimeError('HTTP 503'),gif.anime2 実GIFアーカイブ
gif_anime2_0016_00054,gif_anime2,https://gif.anime2.net/wp/wp-content/uploads/2017/12/Gifsmith-fb122de6-0.gif,https://gif.anime2.net/tag/%E8%87%AA%E8%BB%A2%E8%BB%8A,RuntimeError('HTTP 503'),gif.anime2 実GIFアーカイブ
gif_anime2_0018_00003,gif_anime2,https://gif.anime2.net/wp/wp-content/uploads/2017/12/Gifsmith-5f05721c-17-1-thumb.jpg,https://gif.anime2.net/tag/%E3%82%B9%E3%83%A9%E3%82%A4%E3%83%87%E3%82%A3%E3%83%B3%E3%82%B0,RuntimeError('HTTP 503'),gif.anime2 実GIFアーカイブ
gif_anime2_0016_00053,gif_anime2,https://gif.anime2.net/wp/wp-content/uploads/2018/01/Gifsmith-5f05721c-11.gif,https://gif.anime2.net/tag/%E8%87%AA%E8%BB%A2%E8%BB%8A,RuntimeError('HTTP 503'),gif.anime2 実GIFアーカイブ
gif_anime2_0018_00004,gif_anime2,https://gif.anime2.net/wp/wp-content/uploads/2017/03/Gifsmith-494b532f-35-thumb.jpg,https://gif.anime2.net/tag/%E3%82%B9%E3%83%A9%E3%82%A4%E3%83%87%E3%82%A3%E3%83%B3%E3%82%B0,RuntimeError('HTTP 503'),gif.anime2 実GIFアーカイブ
gif_anime2_0016_00058,gif_anime2,https://gif.anime2.net/wp/wp-content/uploads/2017/08/Gifsmith-5f05721c-4-2.gif,https://gif.anime2.net/tag/%E8%87%AA%E8%BB%A2%E8%BB%8A,RuntimeError('HTTP 503'),gif.anime2 実GIFアーカイブ
gif_anime2_0016_00057,gif_anime2,https://gif.anime2.net/wp/wp-content/uploads/2017/08/Gifsmith-8851a003-15.gif,https://gif.anime2.net/tag/%E8%87%AA%E8%BB%A2%E8%BB%8A,RuntimeError('HTTP 503'),gif.anime2 実GIFアーカイブ
gif_anime2_0016_00059,gif_anime2,https://gif.anime2.net/wp/wp-content/uploads/2017/07/Gifsmith-5f05721c-16-3.gif,https://gif.anime2.net/tag/%E8%87%AA%E8%BB%A2%E8%BB%8A,RuntimeError('HTTP 503'),gif.anime2 実GIFアーカイブ
gif_anime2_0018_00028,gif_anime2,https://gif.anime2.net/wp/wp-content/uploads/2017/03/Gifsmith-494b532f-35.gif,https://gif.anime2.net/tag/%E3%82%B9%E3%83%A9%E3%82%A4%E3%83%87%E3%82%A3%E3%83%B3%E3%82%B0,RuntimeError('HTTP 503'),gif.anime2 実GIFアーカイブ
gif_anime2_0016_00060,gif_anime2,https://gif.anime2.net/wp/wp-content/uploads/2017/07/Gifsmith-ed78eed0-2.gif,https://gif.anime2.net/tag/%E8%87%AA%E8%BB%A2%E8%BB%8A,RuntimeError('HTTP 503'),gif.anime2 実GIFアーカイブ
gif_anime2_0018_00027,gif_anime2,https://gif.anime2.net/wp/wp-content/uploads/2017/12/Gifsmith-5f05721c-17-1.gif,https://gif.anime2.net/tag/%E3%82%B9%E3%83%A9%E3%82%A4%E3%83%87%E3%82%A3%E3%83%B3%E3%82%B0,RuntimeError('HTTP 503'),gif.anime2 実GIFアーカイブ
gif_anime2_0018_00005,gif_anime2,https://gif.anime2.net/wp/wp-content/uploads/2016/04/68d438dc-thumb.jpg,https://gif.anime2.net/tag/%E3%82%B9%E3%83%A9%E3%82%A4%E3%83%87%E3%82%A3%E3%83%B3%E3%82%B0,RuntimeError('HTTP 503'),gif.anime2 実GIFアーカイブ
gif_anime2_0016_00055,gif_anime2,https://gif.anime2.net/wp/wp-content/uploads/2017/10/Gifsmith-866cdd0f-10.gif,https://gif.anime2.net/tag/%E8%87%AA%E8%BB%A2%E8%BB%8A,RuntimeError('HTTP 503'),gif.anime2 実GIFアーカイブ
gif_anime2_0018_00029,gif_anime2,https://gif.anime2.net/wp/wp-content/uploads/2016/04/68d438dc.gif,https://gif.anime2.net/tag/%E3%82%B9%E3%83%A9%E3%82%A4%E3%83%87%E3%82%A3%E3%83%B3%E3%82%B0,RuntimeError('HTTP 503'),gif.anime2 実GIFアーカイブ
gif_anime2_0016_00061,gif_anime2,https://gif.anime2.net/wp/wp-content/uploads/2017/04/Gifsmith-ea7ef942-0.gif,https://gif.anime2.net/tag/%E8%87%AA%E8%BB%A2%E8%BB%8A,RuntimeError('HTTP 503'),gif.anime2 実GIFアーカイブ
gif_anime2_0016_00056,gif_anime2,https://gif.anime2.net/wp/wp-content/uploads/2017/10/Gifsmith-20389a70-0.gif,https://gif.anime2.net/tag/%E8%87%AA%E8%BB%A2%E8%BB%8A,RuntimeError('HTTP 503'),gif.anime2 実GIFアーカイブ
gif_anime2_0020_00005,gif_anime2,https://gif.anime2.net/wp/wp-content/uploads/2018/12/Gifsmith-298029e0-3-thumb.jpg,https://gif.anime2.net/category/%E3%83%8F%E3%83%97%E3%83%8B%E3%83%B3%E3%82%B0,RuntimeError('HTTP 503'),gif.anime2 実GIFアーカイブ
gif_anime2_0020_00006,gif_anime2,https://gif.anime2.net/wp/wp-content/uploads/2018/12/Gifsmith-7f41b2c7-2-thumb.jpg,https://gif.anime2.net/category/%E3%83%8F%E3%83%97%E3%83%8B%E3%83%B3%E3%82%B0,RuntimeError('HTTP 503'),gif.anime2 実GIFアーカイブ
gif_anime2_0020_00008,gif_anime2,https://gif.anime2.net/wp/wp-content/uploads/2018/12/Gifsmith-3b61de14-2-thumb.jpg,https://gif.anime2.net/category/%E3%83%8F%E3%83%97%E3%83%8B%E3%83%B3%E3%82%B0,RuntimeError('HTTP 503'),gif.anime2 実GIFアーカイブ
gif_anime2_0020_00007,gif_anime2,https://gif.anime2.net/wp/wp-content/uploads/2018/12/Gifsmith-eede6216-2-thumb.jpg,https://gif.anime2.net/category/%E3%83%8F%E3%83%97%E3%83%8B%E3%83%B3%E3%82%B0,RuntimeError('HTTP 503'),gif.anime2 実GIFアーカイブ
gif_anime2_0020_00009,gif_anime2,https://gif.anime2.net/wp/wp-content/uploads/2018/12/Gifsmith-fac39ce4-2-thumb.jpg,https://gif.anime2.net/category/%E3%83%8F%E3%83%97%E3%83%8B%E3%83%B3%E3%82%B0,RuntimeError('HTTP 503'),gif.anime2 実GIFアーカイブ
gif_anime2_0020_00010,gif_anime2,https://gif.anime2.net/wp/wp-content/uploads/2018/11/Gifsmith-58f96538-2-thumb.jpg,https://gif.anime2.net/category/%E3%83%8F%E3%83%97%E3%83%8B%E3%83%B3%E3%82%B0,RuntimeError('HTTP 503'),gif.anime2 実GIFアーカイブ
gif_anime2_0020_00011,gif_anime2,https://gif.anime2.net/wp/wp-content/uploads/2018/11/Gifsmith-3c5c7785-2-3-thumb.jpg,https://gif.anime2.net/category/%E3%83%8F%E3%83%97%E3%83%8B%E3%83%B3%E3%82%B0,RuntimeError('HTTP 503'),gif.anime2 実GIFアーカイブ
gif_anime2_0020_00012,gif_anime2,https://gif.anime2.net/wp/wp-content/uploads/2018/11/Gifsmith-5ad9599e-3-thumb.jpg,https://gif.anime2.net/category/%E3%83%8F%E3%83%97%E3%83%8B%E3%83%B3%E3%82%B0,RuntimeError('HTTP 503'),gif.anime2 実GIFアーカイブ
gif_anime2_0020_00014,gif_anime2,https://gif.anime2.net/wp/wp-content/uploads/2018/11/Gifsmith-3c5c7785-4-thumb.jpg,https://gif.anime2.net/category/%E3%83%8F%E3%83%97%E3%83%8B%E3%83%B3%E3%82%B0,RuntimeError('HTTP 503'),gif.anime2 実GIFアーカイブ
gif_anime2_0020_00013,gif_anime2,https://gif.anime2.net/wp/wp-content/uploads/2018/11/Gifsmith-3c5c7785-2-2-thumb.jpg,https://gif.anime2.net/category/%E3%83%8F%E3%83%97%E3%83%8B%E3%83%B3%E3%82%B0,RuntimeError('HTTP 503'),gif.anime2 実GIFアーカイブ
gif_anime2_0020_00016,gif_anime2,https://gif.anime2.net/wp/wp-content/uploads/2018/11/Gifsmith-3c5c7785-2-thumb.jpg,https://gif.anime2.net/category/%E3%83%8F%E3%83%97%E3%83%8B%E3%83%B3%E3%82%B0,RuntimeError('HTTP 503'),gif.anime2 実GIFアーカイブ
gif_anime2_0020_00017,gif_anime2,https://gif.anime2.net/wp/wp-content/uploads/2018/10/Gifsmith-cb8aeeb8-4-1-thumb.jpg,https://gif.anime2.net/category/%E3%83%8F%E3%83%97%E3%83%8B%E3%83%B3%E3%82%B0,RuntimeError('HTTP 503'),gif.anime2 実GIFアーカイブ
gif_anime2_0020_00018,gif_anime2,https://gif.anime2.net/wp/wp-content/uploads/2018/10/Gifsmith-bad5db93-2-thumb.jpg,https://gif.anime2.net/category/%E3%83%8F%E3%83%97%E3%83%8B%E3%83%B3%E3%82%B0,RuntimeError('HTTP 503'),gif.anime2 実GIFアーカイブ
gif_anime2_0020_00049,gif_anime2,https://gif.anime2.net/wp/wp-content/uploads/2018/12/Gifsmith-fac39ce4-2.gif,https://gif.anime2.net/category/%E3%83%8F%E3%83%97%E3%83%8B%E3%83%B3%E3%82%B0,RuntimeError('HTTP 503'),gif.anime2 実GIFアーカイブ
gif_anime2_0020_00045,gif_anime2,https://gif.anime2.net/wp/wp-content/uploads/2018/12/Gifsmith-298029e0-3.gif,https://gif.anime2.net/category/%E3%83%8F%E3%83%97%E3%83%8B%E3%83%B3%E3%82%B0,RuntimeError('HTTP 503'),gif.anime2 実GIFアーカイブ
gif_anime2_0020_00047,gif_anime2,https://gif.anime2.net/wp/wp-content/uploads/2018/12/Gifsmith-eede6216-2.gif,https://gif.anime2.net/category/%E3%83%8F%E3%83%97%E3%83%8B%E3%83%B3%E3%82%B0,RuntimeError('HTTP 503'),gif.anime2 実GIFアーカイブ
gif_anime2_0020_00052,gif_anime2,https://gif.anime2.net/wp/wp-content/uploads/2018/11/Gifsmith-5ad9599e-3.gif,https://gif.anime2.net/category/%E3%83%8F%E3%83%97%E3%83%8B%E3%83%B3%E3%82%B0,RuntimeError('HTTP 503'),gif.anime2 実GIFアーカイブ
gif_anime2_0020_00020,gif_anime2,https://gif.anime2.net/wp/wp-content/uploads/2018/10/Gifsmith-3c5c7785-2-thumb.jpg,https://gif.anime2.net/category/%E3%83%8F%E3%83%97%E3%83%8B%E3%83%B3%E3%82%B0,RuntimeError('HTTP 503'),gif.anime2 実GIFアーカイブ
gif_anime2_0020_00019,gif_anime2,https://gif.anime2.net/wp/wp-content/uploads/2018/10/Gifsmith-0221ddf0-6-thumb.jpg,https://gif.anime2.net/category/%E3%83%8F%E3%83%97%E3%83%8B%E3%83%B3%E3%82%B0,RuntimeError('HTTP 503'),gif.anime2 実GIFアーカイブ
gif_anime2_0020_00050,gif_anime2,https://gif.anime2.net/wp/wp-content/uploads/2018/11/Gifsmith-58f96538-2.gif,https://gif.anime2.net/category/%E3%83%8F%E3%83%97%E3%83%8B%E3%83%B3%E3%82%B0,RuntimeError('HTTP 503'),gif.anime2 実GIFアーカイブ
gif_anime2_0020_00054,gif_anime2,https://gif.anime2.net/wp/wp-content/uploads/2018/11/Gifsmith-3c5c7785-4.gif,https://gif.anime2.net/category/%E3%83%8F%E3%83%97%E3%83%8B%E3%83%B3%E3%82%B0,RuntimeError('HTTP 503'),gif.anime2 実GIFアーカイブ
gif_anime2_0020_00048,gif_anime2,https://gif.anime2.net/wp/wp-content/uploads/2018/12/Gifsmith-3b61de14-2.gif,https://gif.anime2.net/category/%E3%83%8F%E3%83%97%E3%83%8B%E3%83%B3%E3%82%B0,RuntimeError('HTTP 503'),gif.anime2 実GIFアーカイブ
gif_anime2_0020_00051,gif_anime2,https://gif.anime2.net/wp/wp-content/uploads/2018/11/Gifsmith-3c5c7785-2-3.gif,https://gif.anime2.net/category/%E3%83%8F%E3%83%97%E3%83%8B%E3%83%B3%E3%82%B0,RuntimeError('HTTP 503'),gif.anime2 実GIFアーカイブ
gif_anime2_0020_00057,gif_anime2,https://gif.anime2.net/wp/wp-content/uploads/2018/10/Gifsmith-cb8aeeb8-4-1.gif,https://gif.anime2.net/category/%E3%83%8F%E3%83%97%E3%83%8B%E3%83%B3%E3%82%B0,RuntimeError('HTTP 503'),gif.anime2 実GIFアーカイブ
gif_anime2_0020_00058,gif_anime2,https://gif.anime2.net/wp/wp-content/uploads/2018/10/Gifsmith-bad5db93-2.gif,https://gif.anime2.net/category/%E3%83%8F%E3%83%97%E3%83%8B%E3%83%B3%E3%82%B0,RuntimeError('HTTP 503'),gif.anime2 実GIFアーカイブ
gif_anime2_0020_00053,gif_anime2,https://gif.anime2.net/wp/wp-content/uploads/2018/11/Gifsmith-3c5c7785-2-2.gif,https://gif.anime2.net/category/%E3%83%8F%E3%83%97%E3%83%8B%E3%83%B3%E3%82%B0,RuntimeError('HTTP 503'),gif.anime2 実GIFアーカイブ
gif_anime2_0020_00046,gif_anime2,https://gif.anime2.net/wp/wp-content/uploads/2018/12/Gifsmith-7f41b2c7-2.gif,https://gif.anime2.net/category/%E3%83%8F%E3%83%97%E3%83%8B%E3%83%B3%E3%82%B0,RuntimeError('HTTP 503'),gif.anime2 実GIFアーカイブ
gif_anime2_0020_00056,gif_anime2,https://gif.anime2.net/wp/wp-content/uploads/2018/11/Gifsmith-3c5c7785-2.gif,https://gif.anime2.net/category/%E3%83%8F%E3%83%97%E3%83%8B%E3%83%B3%E3%82%B0,RuntimeError('HTTP 503'),gif.anime2 実GIFアーカイブ
gif_anime2_0020_00060,gif_anime2,https://gif.anime2.net/wp/wp-content/uploads/2018/10/Gifsmith-3c5c7785-2.gif,https://gif.anime2.net/category/%E3%83%8F%E3%83%97%E3%83%8B%E3%83%B3%E3%82%B0,RuntimeError('HTTP 503'),gif.anime2 実GIFアーカイブ
gif_anime2_0021_00003,gif_anime2,https://gif.anime2.net/wp/wp-content/uploads/2018/12/Gifsmith-3c5c7785-2-1-thumb.jpg,https://gif.anime2.net/category/%E7%8A%AC,RuntimeError('HTTP 503'),gif.anime2 実GIFアーカイブ
gif_anime2_0020_00059,gif_anime2,https://gif.anime2.net/wp/wp-content/uploads/2018/10/Gifsmith-0221ddf0-6.gif,https://gif.anime2.net/category/%E3%83%8F%E3%83%97%E3%83%8B%E3%83%B3%E3%82%B0,RuntimeError('HTTP 503'),gif.anime2 実GIFアーカイブ
gif_anime2_0021_00004,gif_anime2,https://gif.anime2.net/wp/wp-content/uploads/2018/12/Gifsmith-3c5c7785-2-thumb.jpg,https://gif.anime2.net/category/%E7%8A%AC,RuntimeError('HTTP 503'),gif.anime2 実GIFアーカイブ
gif_anime2_0021_00005,gif_anime2,https://gif.anime2.net/wp/wp-content/uploads/2018/12/Gifsmith-19a1bbd5-4-thumb.jpg,https://gif.anime2.net/category/%E7%8A%AC,RuntimeError('HTTP 503'),gif.anime2 実GIFアーカイブ
gif_anime2_0021_00006,gif_anime2,https://gif.anime2.net/wp/wp-content/uploads/2018/11/Gifsmith-2347f4bc-3-thumb.jpg,https://gif.anime2.net/category/%E7%8A%AC,RuntimeError('HTTP 503'),gif.anime2 実GIFアーカイブ
gif_anime2_0021_00007,gif_anime2,https://gif.anime2.net/wp/wp-content/uploads/2018/11/Gifsmith-19a1bbd5-2-thumb.jpg,https://gif.anime2.net/category/%E7%8A%AC,RuntimeError('HTTP 503'),gif.anime2 実GIFアーカイブ
gif_anime2_0021_00008,gif_anime2,https://gif.anime2.net/wp/wp-content/uploads/2018/11/Gifsmith-26f6c1a8-0-thumb.jpg,https://gif.anime2.net/category/%E7%8A%AC,RuntimeError('HTTP 503'),gif.anime2 実GIFアーカイブ
gif_anime2_0021_00009,gif_anime2,https://gif.anime2.net/wp/wp-content/uploads/2018/11/Gifsmith-3c5c7785-2-1-thumb.jpg,https://gif.anime2.net/category/%E7%8A%AC,RuntimeError('HTTP 503'),gif.anime2 実GIFアーカイブ
gif_anime2_0021_00010,gif_anime2,https://gif.anime2.net/wp/wp-content/uploads/2018/10/Gifsmith-cb8aeeb8-6-thumb.jpg,https://gif.anime2.net/category/%E7%8A%AC,RuntimeError('HTTP 503'),gif.anime2 実GIFアーカイブ
gif_anime2_0021_00011,gif_anime2,https://gif.anime2.net/wp/wp-content/uploads/2018/10/Gifsmith-cb8aeeb8-3-thumb.jpg,https://gif.anime2.net/category/%E7%8A%AC,RuntimeError('HTTP 503'),gif.anime2 実GIFアーカイブ
gif_anime2_0021_00013,gif_anime2,https://gif.anime2.net/wp/wp-content/uploads/2018/10/Gifsmith-a92ef824-3-thumb.jpg,https://gif.anime2.net/category/%E7%8A%AC,RuntimeError('HTTP 503'),gif.anime2 実GIFアーカイブ
gif_anime2_0021_00012,gif_anime2,https://gif.anime2.net/wp/wp-content/uploads/2018/10/Gifsmith-8b02bb48-3-thumb.jpg,https://gif.anime2.net/category/%E7%8A%AC,RuntimeError('HTTP 503'),gif.anime2 実GIFアーカイブ
gif_anime2_0021_00014,gif_anime2,https://gif.anime2.net/wp/wp-content/uploads/2018/09/Gifsmith-cf063384-3-thumb.jpg,https://gif.anime2.net/category/%E7%8A%AC,RuntimeError('HTTP 503'),gif.anime2 実GIFアーカイブ
gif_anime2_0021_00015,gif_anime2,https://gif.anime2.net/wp/wp-content/uploads/2018/09/Gifsmith-214f961b-5-thumb.jpg,https://gif.anime2.net/category/%E7%8A%AC,RuntimeError('HTTP 503'),gif.anime2 実GIFアーカイブ
gif_anime2_0021_00044,gif_anime2,https://gif.anime2.net/wp/wp-content/uploads/2018/12/Gifsmith-3c5c7785-2.gif,https://gif.anime2.net/category/%E7%8A%AC,RuntimeError('HTTP 503'),gif.anime2 実GIFアーカイブ
gif_anime2_0021_00016,gif_anime2,https://gif.anime2.net/wp/wp-content/uploads/2018/09/Gifsmith-2cff4c0b-3-thumb.jpg,https://gif.anime2.net/category/%E7%8A%AC,RuntimeError('HTTP 503'),gif.anime2 実GIFアーカイブ
gif_anime2_0021_00017,gif_anime2,https://gif.anime2.net/wp/wp-content/uploads/2018/07/Gifsmith-28eb7079-3-1-thumb.jpg,https://gif.anime2.net/category/%E7%8A%AC,RuntimeError('HTTP 503'),gif.anime2 実GIFアーカイブ
gif_anime2_0021_00045,gif_anime2,https://gif.anime2.net/wp/wp-content/uploads/2018/12/Gifsmith-19a1bbd5-4.gif,https://gif.anime2.net/category/%E7%8A%AC,RuntimeError('HTTP 503'),gif.anime2 実GIFアーカイブ
gif_anime2_0021_00047,gif_anime2,https://gif.anime2.net/wp/wp-content/uploads/2018/11/Gifsmith-19a1bbd5-2.gif,https://gif.anime2.net/category/%E7%8A%AC,RuntimeError('HTTP 503'),gif.anime2 実GIFアーカイブ
gif_anime2_0021_00019,gif_anime2,https://gif.anime2.net/wp/wp-content/uploads/2018/07/Gifsmith-31c80efa-4-thumb.jpg,https://gif.anime2.net/category/%E7%8A%AC,RuntimeError('HTTP 503'),gif.anime2 実GIFアーカイブ
gif_anime2_0021_00046,gif_anime2,https://gif.anime2.net/wp/wp-content/uploads/2018/11/Gifsmith-2347f4bc-3.gif,https://gif.anime2.net/category/%E7%8A%AC,RuntimeError('HTTP 503'),gif.anime2 実GIFアーカイブ
gif_anime2_0021_00043,gif_anime2,https://gif.anime2.net/wp/wp-content/uploads/2018/12/Gifsmith-3c5c7785-2-1.gif,https://gif.anime2.net/category/%E7%8A%AC,RuntimeError('HTTP 503'),gif.anime2 実GIFアーカイブ
gif_anime2_0021_00020,gif_anime2,https://gif.anime2.net/wp/wp-content/uploads/2018/07/Gifsmith-6f8facf8-3-2-thumb.jpg,https://gif.anime2.net/category/%E7%8A%AC,RuntimeError('HTTP 503'),gif.anime2 実GIFアーカイブ
gif_anime2_0021_00021,gif_anime2,https://gif.anime2.net/wp/wp-content/uploads/2018/07/Gifsmith-5a1203b1-6-thumb.jpg,https://gif.anime2.net/category/%E7%8A%AC,RuntimeError('HTTP 503'),gif.anime2 実GIFアーカイブ
gif_anime2_0021_00018,gif_anime2,https://gif.anime2.net/wp/wp-content/uploads/2018/07/Gifsmith-97f85132-3-thumb.jpg,https://gif.anime2.net/category/%E7%8A%AC,RuntimeError('HTTP 503'),gif.anime2 実GIFアーカイブ
gif_anime2_0021_00048,gif_anime2,https://gif.anime2.net/wp/wp-content/uploads/2018/11/Gifsmith-26f6c1a8-0.gif,https://gif.anime2.net/category/%E7%8A%AC,RuntimeError('HTTP 503'),gif.anime2 実GIFアーカイブ
gif_anime2_0021_00050,gif_anime2,https://gif.anime2.net/wp/wp-content/uploads/2018/10/Gifsmith-cb8aeeb8-6.gif,https://gif.anime2.net/category/%E7%8A%AC,RuntimeError('HTTP 503'),gif.anime2 実GIFアーカイブ
gif_anime2_0021_00049,gif_anime2,https://gif.anime2.net/wp/wp-content/uploads/2018/11/Gifsmith-3c5c7785-2-1.gif,https://gif.anime2.net/category/%E7%8A%AC,RuntimeError('HTTP 503'),gif.anime2 実GIFアーカイブ
gif_anime2_0021_00051,gif_anime2,https://gif.anime2.net/wp/wp-content/uploads/2018/10/Gifsmith-cb8aeeb8-3.gif,https://gif.anime2.net/category/%E7%8A%AC,RuntimeError('HTTP 503'),gif.anime2 実GIFアーカイブ
gif_anime2_0021_00052,gif_anime2,https://gif.anime2.net/wp/wp-content/uploads/2018/10/Gifsmith-8b02bb48-3.gif,https://gif.anime2.net/category/%E7%8A%AC,RuntimeError('HTTP 503'),gif.anime2 実GIFアーカイブ
gif_anime2_0021_00053,gif_anime2,https://gif.anime2.net/wp/wp-content/uploads/2018/10/Gifsmith-a92ef824-3.gif,https://gif.anime2.net/category/%E7%8A%AC,RuntimeError('HTTP 503'),gif.anime2 実GIFアーカイブ
gif_anime2_0021_00054,gif_anime2,https://gif.anime2.net/wp/wp-content/uploads/2018/09/Gifsmith-cf063384-3.gif,https://gif.anime2.net/category/%E7%8A%AC,RuntimeError('HTTP 503'),gif.anime2 実GIFアーカイブ
gif_anime2_0021_00056,gif_anime2,https://gif.anime2.net/wp/wp-content/uploads/2018/09/Gifsmith-2cff4c0b-3.gif,https://gif.anime2.net/category/%E7%8A%AC,RuntimeError('HTTP 503'),gif.anime2 実GIFアーカイブ
gif_anime2_0021_00055,gif_anime2,https://gif.anime2.net/wp/wp-content/uploads/2018/09/Gifsmith-214f961b-5.gif,https://gif.anime2.net/category/%E7%8A%AC,RuntimeError('HTTP 503'),gif.anime2 実GIFアーカイブ
gif_anime2_0021_00057,gif_anime2,https://gif.anime2.net/wp/wp-content/uploads/2018/07/Gifsmith-28eb7079-3-1.gif,https://gif.anime2.net/category/%E7%8A%AC,RuntimeError('HTTP 503'),gif.anime2 実GIFアーカイブ
gif_anime2_0021_00058,gif_anime2,https://gif.anime2.net/wp/wp-content/uploads/2018/07/Gifsmith-97f85132-3.gif,https://gif.anime2.net/category/%E7%8A%AC,RuntimeError('HTTP 503'),gif.anime2 実GIFアーカイブ
gif_anime2_0021_00059,gif_anime2,https://gif.anime2.net/wp/wp-content/uploads/2018/07/Gifsmith-31c80efa-4.gif,https://gif.anime2.net/category/%E7%8A%AC,RuntimeError('HTTP 503'),gif.anime2 実GIFアーカイブ
gif_anime2_0021_00060,gif_anime2,https://gif.anime2.net/wp/wp-content/uploads/2018/07/Gifsmith-6f8facf8-3-2.gif,https://gif.anime2.net/category/%E7%8A%AC,RuntimeError('HTTP 503'),gif.anime2 実GIFアーカイブ
gif_anime2_0021_00061,gif_anime2,https://gif.anime2.net/wp/wp-content/uploads/2018/07/Gifsmith-5a1203b1-6.gif,https://gif.anime2.net/category/%E7%8A%AC,RuntimeError('HTTP 503'),gif.anime2 実GIFアーカイブ
gif_anime2_0023_00004,gif_anime2,https://gif.anime2.net/wp/wp-content/uploads/2018/02/Gifsmith-5f05721c-15-thumb.jpg,https://gif.anime2.net/tag/%E6%B5%B7,RuntimeError('HTTP 503'),gif.anime2 実GIFアーカイブ
gif_anime2_0023_00006,gif_anime2,https://gif.anime2.net/wp/wp-content/uploads/2017/11/Gifsmith-668a26f9-8-thumb.jpg,https://gif.anime2.net/tag/%E6%B5%B7,RuntimeError('HTTP 503'),gif.anime2 実GIFアーカイブ
gif_anime2_0023_00005,gif_anime2,https://gif.anime2.net/wp/wp-content/uploads/2018/02/Gifsmith-cfa8b63b-5-thumb.jpg,https://gif.anime2.net/tag/%E6%B5%B7,RuntimeError('HTTP 503'),gif.anime2 実GIFアーカイブ
gif_anime2_0023_00007,gif_anime2,https://gif.anime2.net/wp/wp-content/uploads/2017/10/Gifsmith-8cb666fb-0-thumb.jpg,https://gif.anime2.net/tag/%E6%B5%B7,RuntimeError('HTTP 503'),gif.anime2 実GIFアーカイブ
gif_anime2_0023_00010,gif_anime2,https://gif.anime2.net/wp/wp-content/uploads/2017/08/Gifsmith-5f05721c-4-3-thumb.jpg,https://gif.anime2.net/tag/%E6%B5%B7,RuntimeError('HTTP 503'),gif.anime2 実GIFアーカイブ
gif_anime2_0023_00008,gif_anime2,https://gif.anime2.net/wp/wp-content/uploads/2017/09/Gifsmith-5f05721c-8-1-thumb.jpg,https://gif.anime2.net/tag/%E6%B5%B7,RuntimeError('HTTP 503'),gif.anime2 実GIFアーカイブ
gif_anime2_0023_00014,gif_anime2,https://gif.anime2.net/wp/wp-content/uploads/2017/07/Gifsmith-5f05721c-9-thumb.jpg,https://gif.anime2.net/tag/%E6%B5%B7,RuntimeError('HTTP 503'),gif.anime2 実GIFアーカイブ
gif_anime2_0023_00009,gif_anime2,https://gif.anime2.net/wp/wp-content/uploads/2017/09/Gifsmith-f5214ac6-0-thumb.jpg,https://gif.anime2.net/tag/%E6%B5%B7,RuntimeError('HTTP 503'),gif.anime2 実GIFアーカイブ
gif_anime2_0023_00012,gif_anime2,https://gif.anime2.net/wp/wp-content/uploads/2017/07/Gifsmith-32db19bd-0-thumb.jpg,https://gif.anime2.net/tag/%E6%B5%B7,RuntimeError('HTTP 503'),gif.anime2 実GIFアーカイブ
gif_anime2_0023_00011,gif_anime2,https://gif.anime2.net/wp/wp-content/uploads/2017/07/Gifsmith-1897ed94-0-thumb.jpg,https://gif.anime2.net/tag/%E6%B5%B7,RuntimeError('HTTP 503'),gif.anime2 実GIFアーカイブ
gif_anime2_0023_00015,gif_anime2,https://gif.anime2.net/wp/wp-content/uploads/2017/07/Gifsmith-5f05721c-7-1-thumb.jpg,https://gif.anime2.net/tag/%E6%B5%B7,RuntimeError('HTTP 503'),gif.anime2 実GIFアーカイブ
gif_anime2_0023_00013,gif_anime2,https://gif.anime2.net/wp/wp-content/uploads/2017/07/Gifsmith-5f05721c-7-2-thumb.jpg,https://gif.anime2.net/tag/%E6%B5%B7,RuntimeError('HTTP 503'),gif.anime2 実GIFアーカイブ
gif_anime2_0023_00021,gif_anime2,https://gif.anime2.net/wp/wp-content/uploads/2016/12/Gifsmith-ea0c20c3-0-thumb.jpg,https://gif.anime2.net/tag/%E6%B5%B7,RuntimeError('HTTP 503'),gif.anime2 実GIFアーカイブ
gif_anime2_0023_00016,gif_anime2,https://gif.anime2.net/wp/wp-content/uploads/2017/07/Gifsmith-5f05721c-26-thumb.jpg,https://gif.anime2.net/tag/%E6%B5%B7,RuntimeError('HTTP 503'),gif.anime2 実GIFアーカイブ
gif_anime2_0023_00018,gif_anime2,https://gif.anime2.net/wp/wp-content/uploads/2017/02/Gifsmith-66974540-2-thumb.jpg,https://gif.anime2.net/tag/%E6%B5%B7,RuntimeError('HTTP 503'),gif.anime2 実GIFアーカイブ
gif_anime2_0023_00019,gif_anime2,https://gif.anime2.net/wp/wp-content/uploads/2017/02/Gifsmith-1e04f288-6-thumb.jpg,https://gif.anime2.net/tag/%E6%B5%B7,RuntimeError('HTTP 503'),gif.anime2 実GIFアーカイブ
gif_anime2_0023_00017,gif_anime2,https://gif.anime2.net/wp/wp-content/uploads/2017/04/Gifsmith-aa79a19c-0-thumb.jpg,https://gif.anime2.net/tag/%E6%B5%B7,RuntimeError('HTTP 503'),gif.anime2 実GIFアーカイブ
gif_anime2_0023_00044,gif_anime2,https://gif.anime2.net/wp/wp-content/uploads/2018/02/Gifsmith-5f05721c-15.gif,https://gif.anime2.net/tag/%E6%B5%B7,RuntimeError('HTTP 503'),gif.anime2 実GIFアーカイブ
gif_anime2_0023_00047,gif_anime2,https://gif.anime2.net/wp/wp-content/uploads/2017/10/Gifsmith-8cb666fb-0.gif,https://gif.anime2.net/tag/%E6%B5%B7,RuntimeError('HTTP 503'),gif.anime2 実GIFアーカイブ
gif_anime2_0023_00046,gif_anime2,https://gif.anime2.net/wp/wp-content/uploads/2017/11/Gifsmith-668a26f9-8.gif,https://gif.anime2.net/tag/%E6%B5%B7,RuntimeError('HTTP 503'),gif.anime2 実GIFアーカイブ
gif_anime2_0023_00048,gif_anime2,https://gif.anime2.net/wp/wp-content/uploads/2017/09/Gifsmith-5f05721c-8-1.gif,https://gif.anime2.net/tag/%E6%B5%B7,RuntimeError('HTTP 503'),gif.anime2 実GIFアーカイブ
gif_anime2_0023_00049,gif_anime2,https://gif.anime2.net/wp/wp-content/uploads/2017/09/Gifsmith-f5214ac6-0.gif,https://gif.anime2.net/tag/%E6%B5%B7,RuntimeError('HTTP 503'),gif.anime2 実GIFアーカイブ
gif_anime2_0023_00050,gif_anime2,https://gif.anime2.net/wp/wp-content/uploads/2017/08/Gifsmith-5f05721c-4-3.gif,https://gif.anime2.net/tag/%E6%B5%B7,RuntimeError('HTTP 503'),gif.anime2 実GIFアーカイブ
gif_anime2_0023_00051,gif_anime2,https://gif.anime2.net/wp/wp-content/uploads/2017/07/Gifsmith-1897ed94-0.gif,https://gif.anime2.net/tag/%E6%B5%B7,RuntimeError('HTTP 503'),gif.anime2 実GIFアーカイブ
gif_anime2_0023_00052,gif_anime2,https://gif.anime2.net/wp/wp-content/uploads/2017/07/Gifsmith-32db19bd-0.gif,https://gif.anime2.net/tag/%E6%B5%B7,RuntimeError('HTTP 503'),gif.anime2 実GIFアーカイブ
gif_anime2_0023_00053,gif_anime2,https://gif.anime2.net/wp/wp-content/uploads/2017/07/Gifsmith-5f05721c-7-2.gif,https://gif.anime2.net/tag/%E6%B5%B7,RuntimeError('HTTP 503'),gif.anime2 実GIFアーカイブ
gif_anime2_0023_00054,gif_anime2,https://gif.anime2.net/wp/wp-content/uploads/2017/07/Gifsmith-5f05721c-9.gif,https://gif.anime2.net/tag/%E6%B5%B7,RuntimeError('HTTP 503'),gif.anime2 実GIFアーカイブ
gif_anime2_0023_00055,gif_anime2,https://gif.anime2.net/wp/wp-content/uploads/2017/07/Gifsmith-5f05721c-7-1.gif,https://gif.anime2.net/tag/%E6%B5%B7,RuntimeError('HTTP 503'),gif.anime2 実GIFアーカイブ
gif_anime2_0023_00056,gif_anime2,https://gif.anime2.net/wp/wp-content/uploads/2017/07/Gifsmith-5f05721c-26.gif,https://gif.anime2.net/tag/%E6%B5%B7,RuntimeError('HTTP 503'),gif.anime2 実GIFアーカイブ
gif_anime2_0023_00057,gif_anime2,https://gif.anime2.net/wp/wp-content/uploads/2017/04/Gifsmith-aa79a19c-0.gif,https://gif.anime2.net/tag/%E6%B5%B7,RuntimeError('HTTP 503'),gif.anime2 実GIFアーカイブ
gif_anime2_0023_00058,gif_anime2,https://gif.anime2.net/wp/wp-content/uploads/2017/02/Gifsmith-66974540-2.gif,https://gif.anime2.net/tag/%E6%B5%B7,RuntimeError('HTTP 503'),gif.anime2 実GIFアーカイブ
gif_anime2_0023_00059,gif_anime2,https://gif.anime2.net/wp/wp-content/uploads/2017/02/Gifsmith-1e04f288-6.gif,https://gif.anime2.net/tag/%E6%B5%B7,RuntimeError('HTTP 503'),gif.anime2 実GIFアーカイブ
gif_anime2_0028_00004,gif_anime2,https://gif.anime2.net/wp/wp-content/uploads/2018/07/Gifsmith-07c81bbe-3-thumb.jpg,https://gif.anime2.net/tag/%E3%82%A6%E3%82%A9%E3%83%BC%E3%82%BF%E3%83%BC%E3%82%B9%E3%83%A9%E3%82%A4%E3%83%80%E3%83%BC,RuntimeError('HTTP 503'),gif.anime2 実GIFアーカイブ
gif_anime2_0028_00006,gif_anime2,https://gif.anime2.net/wp/wp-content/uploads/2017/12/Gifsmith-f7c2332e-2-thumb.jpg,https://gif.anime2.net/tag/%E3%82%A6%E3%82%A9%E3%83%BC%E3%82%BF%E3%83%BC%E3%82%B9%E3%83%A9%E3%82%A4%E3%83%80%E3%83%BC,RuntimeError('HTTP 503'),gif.anime2 実GIFアーカイブ
gif_anime2_0023_00061,gif_anime2,https://gif.anime2.net/wp/wp-content/uploads/2016/12/Gifsmith-ea0c20c3-0.gif,https://gif.anime2.net/tag/%E6%B5%B7,RuntimeError('HTTP 503'),gif.anime2 実GIFアーカイブ
gif_anime2_0028_00003,gif_anime2,https://gif.anime2.net/wp/wp-content/uploads/2018/09/Gifsmith-d9873496-3-2-thumb.jpg,https://gif.anime2.net/tag/%E3%82%A6%E3%82%A9%E3%83%BC%E3%82%BF%E3%83%BC%E3%82%B9%E3%83%A9%E3%82%A4%E3%83%80%E3%83%BC,RuntimeError('HTTP 503'),gif.anime2 実GIFアーカイブ
gif_anime2_0028_00014,gif_anime2,https://gif.anime2.net/wp/wp-content/uploads/2017/08/Gifsmith-274a01ad-6-thumb.jpg,https://gif.anime2.net/tag/%E3%82%A6%E3%82%A9%E3%83%BC%E3%82%BF%E3%83%BC%E3%82%B9%E3%83%A9%E3%82%A4%E3%83%80%E3%83%BC,RuntimeError('HTTP 503'),gif.anime2 実GIFアーカイブ
gif_anime2_0028_00005,gif_anime2,https://gif.anime2.net/wp/wp-content/uploads/2018/04/Gifsmith-75aa255f-0-thumb.jpg,https://gif.anime2.net/tag/%E3%82%A6%E3%82%A9%E3%83%BC%E3%82%BF%E3%83%BC%E3%82%B9%E3%83%A9%E3%82%A4%E3%83%80%E3%83%BC,RuntimeError('HTTP 503'),gif.anime2 実GIFアーカイブ
gif_anime2_0028_00013,gif_anime2,https://gif.anime2.net/wp/wp-content/uploads/2017/08/Gifsmith-5f05721c-12-3-thumb.jpg,https://gif.anime2.net/tag/%E3%82%A6%E3%82%A9%E3%83%BC%E3%82%BF%E3%83%BC%E3%82%B9%E3%83%A9%E3%82%A4%E3%83%80%E3%83%BC,RuntimeError('HTTP 503'),gif.anime2 実GIFアーカイブ
gif_anime2_0028_00010,gif_anime2,https://gif.anime2.net/wp/wp-content/uploads/2017/08/Gifsmith-5f05721c-11-1-thumb.jpg,https://gif.anime2.net/tag/%E3%82%A6%E3%82%A9%E3%83%BC%E3%82%BF%E3%83%BC%E3%82%B9%E3%83%A9%E3%82%A4%E3%83%80%E3%83%BC,RuntimeError('HTTP 503'),gif.anime2 実GIFアーカイブ
gif_anime2_0028_00012,gif_anime2,https://gif.anime2.net/wp/wp-content/uploads/2017/08/Gifsmith-5f05721c-16-3-thumb.jpg,https://gif.anime2.net/tag/%E3%82%A6%E3%82%A9%E3%83%BC%E3%82%BF%E3%83%BC%E3%82%B9%E3%83%A9%E3%82%A4%E3%83%80%E3%83%BC,RuntimeError('HTTP 503'),gif.anime2 実GIFアーカイブ
gif_anime2_0028_00007,gif_anime2,https://gif.anime2.net/wp/wp-content/uploads/2017/11/Gifsmith-5f05721c-3-4-thumb.jpg,https://gif.anime2.net/tag/%E3%82%A6%E3%82%A9%E3%83%BC%E3%82%BF%E3%83%BC%E3%82%B9%E3%83%A9%E3%82%A4%E3%83%80%E3%83%BC,RuntimeError('HTTP 503'),gif.anime2 実GIFアーカイブ
gif_anime2_0028_00011,gif_anime2,https://gif.anime2.net/wp/wp-content/uploads/2017/08/Gifsmith-5f05721c-7-2-thumb.jpg,https://gif.anime2.net/tag/%E3%82%A6%E3%82%A9%E3%83%BC%E3%82%BF%E3%83%BC%E3%82%B9%E3%83%A9%E3%82%A4%E3%83%80%E3%83%BC,RuntimeError('HTTP 503'),gif.anime2 実GIFアーカイブ
gif_anime2_0028_00016,gif_anime2,https://gif.anime2.net/wp/wp-content/uploads/2017/07/Gifsmith-5f05721c-6-1-thumb.jpg,https://gif.anime2.net/tag/%E3%82%A6%E3%82%A9%E3%83%BC%E3%82%BF%E3%83%BC%E3%82%B9%E3%83%A9%E3%82%A4%E3%83%80%E3%83%BC,RuntimeError('HTTP 503'),gif.anime2 実GIFアーカイブ
gif_anime2_0028_00015,gif_anime2,https://gif.anime2.net/wp/wp-content/uploads/2017/08/Gifsmith-b5e9b4f8-3-thumb.jpg,https://gif.anime2.net/tag/%E3%82%A6%E3%82%A9%E3%83%BC%E3%82%BF%E3%83%BC%E3%82%B9%E3%83%A9%E3%82%A4%E3%83%80%E3%83%BC,RuntimeError('HTTP 503'),gif.anime2 実GIFアーカイブ
gif_anime2_0028_00009,gif_anime2,https://gif.anime2.net/wp/wp-content/uploads/2017/10/Gifsmith-f24acb79-0-thumb.jpg,https://gif.anime2.net/tag/%E3%82%A6%E3%82%A9%E3%83%BC%E3%82%BF%E3%83%BC%E3%82%B9%E3%83%A9%E3%82%A4%E3%83%80%E3%83%BC,RuntimeError('HTTP 503'),gif.anime2 実GIFアーカイブ
gif_anime2_0028_00008,gif_anime2,https://gif.anime2.net/wp/wp-content/uploads/2017/10/Gifsmith-5f05721c-23-thumb.jpg,https://gif.anime2.net/tag/%E3%82%A6%E3%82%A9%E3%83%BC%E3%82%BF%E3%83%BC%E3%82%B9%E3%83%A9%E3%82%A4%E3%83%80%E3%83%BC,RuntimeError('HTTP 503'),gif.anime2 実GIFアーカイブ
gif_anime2_0028_00017,gif_anime2,https://gif.anime2.net/wp/wp-content/uploads/2017/07/Gifsmith-5f05721c-25-thumb.jpg,https://gif.anime2.net/tag/%E3%82%A6%E3%82%A9%E3%83%BC%E3%82%BF%E3%83%BC%E3%82%B9%E3%83%A9%E3%82%A4%E3%83%80%E3%83%BC,RuntimeError('HTTP 503'),gif.anime2 実GIFアーカイブ
gif_anime2_0028_00018,gif_anime2,https://gif.anime2.net/wp/wp-content/uploads/2017/06/Gifsmith-1370b8c1-0-thumb.jpg,https://gif.anime2.net/tag/%E3%82%A6%E3%82%A9%E3%83%BC%E3%82%BF%E3%83%BC%E3%82%B9%E3%83%A9%E3%82%A4%E3%83%80%E3%83%BC,RuntimeError('HTTP 503'),gif.anime2 実GIFアーカイブ
gif_anime2_0028_00020,gif_anime2,https://gif.anime2.net/wp/wp-content/uploads/2017/02/Gifsmith-822b5f90-20-thumb.jpg,https://gif.anime2.net/tag/%E3%82%A6%E3%82%A9%E3%83%BC%E3%82%BF%E3%83%BC%E3%82%B9%E3%83%A9%E3%82%A4%E3%83%80%E3%83%BC,RuntimeError('HTTP 503'),gif.anime2 実GIFアーカイブ
gif_anime2_0028_00019,gif_anime2,https://gif.anime2.net/wp/wp-content/uploads/2017/06/Gifsmith-5f05721c-3-2-thumb.jpg,https://gif.anime2.net/tag/%E3%82%A6%E3%82%A9%E3%83%BC%E3%82%BF%E3%83%BC%E3%82%B9%E3%83%A9%E3%82%A4%E3%83%80%E3%83%BC,RuntimeError('HTTP 503'),gif.anime2 実GIFアーカイブ
gif_anime2_0028_00021,gif_anime2,https://gif.anime2.net/wp/wp-content/uploads/2017/01/Gifsmith-77e7a817-15-thumb.jpg,https://gif.anime2.net/tag/%E3%82%A6%E3%82%A9%E3%83%BC%E3%82%BF%E3%83%BC%E3%82%B9%E3%83%A9%E3%82%A4%E3%83%80%E3%83%BC,RuntimeError('HTTP 503'),gif.anime2 実GIFアーカイブ
gif_anime2_0028_00043,gif_anime2,https://gif.anime2.net/wp/wp-content/uploads/2018/09/Gifsmith-d9873496-3-2.gif,https://gif.anime2.net/tag/%E3%82%A6%E3%82%A9%E3%83%BC%E3%82%BF%E3%83%BC%E3%82%B9%E3%83%A9%E3%82%A4%E3%83%80%E3%83%BC,RuntimeError('HTTP 503'),gif.anime2 実GIFアーカイブ
gif_anime2_0028_00044,gif_anime2,https://gif.anime2.net/wp/wp-content/uploads/2018/07/Gifsmith-07c81bbe-3.gif,https://gif.anime2.net/tag/%E3%82%A6%E3%82%A9%E3%83%BC%E3%82%BF%E3%83%BC%E3%82%B9%E3%83%A9%E3%82%A4%E3%83%80%E3%83%BC,RuntimeError('HTTP 503'),gif.anime2 実GIFアーカイブ
gif_anime2_0028_00045,gif_anime2,https://gif.anime2.net/wp/wp-content/uploads/2018/04/Gifsmith-75aa255f-0.gif,https://gif.anime2.net/tag/%E3%82%A6%E3%82%A9%E3%83%BC%E3%82%BF%E3%83%BC%E3%82%B9%E3%83%A9%E3%82%A4%E3%83%80%E3%83%BC,RuntimeError('HTTP 503'),gif.anime2 実GIFアーカイブ
gif_anime2_0028_00046,gif_anime2,https://gif.anime2.net/wp/wp-content/uploads/2017/12/Gifsmith-f7c2332e-2.gif,https://gif.anime2.net/tag/%E3%82%A6%E3%82%A9%E3%83%BC%E3%82%BF%E3%83%BC%E3%82%B9%E3%83%A9%E3%82%A4%E3%83%80%E3%83%BC,RuntimeError('HTTP 503'),gif.anime2 実GIFアーカイブ
gif_anime2_0028_00047,gif_anime2,https://gif.anime2.net/wp/wp-content/uploads/2017/11/Gifsmith-5f05721c-3-4.gif,https://gif.anime2.net/tag/%E3%82%A6%E3%82%A9%E3%83%BC%E3%82%BF%E3%83%BC%E3%82%B9%E3%83%A9%E3%82%A4%E3%83%80%E3%83%BC,RuntimeError('HTTP 503'),gif.anime2 実GIFアーカイブ
gif_anime2_0028_00048,gif_anime2,https://gif.anime2.net/wp/wp-content/uploads/2017/10/Gifsmith-5f05721c-23.gif,https://gif.anime2.net/tag/%E3%82%A6%E3%82%A9%E3%83%BC%E3%82%BF%E3%83%BC%E3%82%B9%E3%83%A9%E3%82%A4%E3%83%80%E3%83%BC,RuntimeError('HTTP 503'),gif.anime2 実GIFアーカイブ
gif_anime2_0028_00049,gif_anime2,https://gif.anime2.net/wp/wp-content/uploads/2017/10/Gifsmith-f24acb79-0.gif,https://gif.anime2.net/tag/%E3%82%A6%E3%82%A9%E3%83%BC%E3%82%BF%E3%83%BC%E3%82%B9%E3%83%A9%E3%82%A4%E3%83%80%E3%83%BC,RuntimeError('HTTP 503'),gif.anime2 実GIFアーカイブ
gif_anime2_0028_00050,gif_anime2,https://gif.anime2.net/wp/wp-content/uploads/2017/08/Gifsmith-5f05721c-11-1.gif,https://gif.anime2.net/tag/%E3%82%A6%E3%82%A9%E3%83%BC%E3%82%BF%E3%83%BC%E3%82%B9%E3%83%A9%E3%82%A4%E3%83%80%E3%83%BC,RuntimeError('HTTP 503'),gif.anime2 実GIFアーカイブ
gif_anime2_0028_00051,gif_anime2,https://gif.anime2.net/wp/wp-content/uploads/2017/08/Gifsmith-5f05721c-7-2.gif,https://gif.anime2.net/tag/%E3%82%A6%E3%82%A9%E3%83%BC%E3%82%BF%E3%83%BC%E3%82%B9%E3%83%A9%E3%82%A4%E3%83%80%E3%83%BC,RuntimeError('HTTP 503'),gif.anime2 実GIFアーカイブ
gif_anime2_0028_00052,gif_anime2,https://gif.anime2.net/wp/wp-content/uploads/2017/08/Gifsmith-5f05721c-16-3.gif,https://gif.anime2.net/tag/%E3%82%A6%E3%82%A9%E3%83%BC%E3%82%BF%E3%83%BC%E3%82%B9%E3%83%A9%E3%82%A4%E3%83%80%E3%83%BC,RuntimeError('HTTP 503'),gif.anime2 実GIFアーカイブ
gif_anime2_0028_00055,gif_anime2,https://gif.anime2.net/wp/wp-content/uploads/2017/08/Gifsmith-b5e9b4f8-3.gif,https://gif.anime2.net/tag/%E3%82%A6%E3%82%A9%E3%83%BC%E3%82%BF%E3%83%BC%E3%82%B9%E3%83%A9%E3%82%A4%E3%83%80%E3%83%BC,RuntimeError('HTTP 503'),gif.anime2 実GIFアーカイブ
gif_anime2_0028_00054,gif_anime2,https://gif.anime2.net/wp/wp-content/uploads/2017/08/Gifsmith-274a01ad-6.gif,https://gif.anime2.net/tag/%E3%82%A6%E3%82%A9%E3%83%BC%E3%82%BF%E3%83%BC%E3%82%B9%E3%83%A9%E3%82%A4%E3%83%80%E3%83%BC,RuntimeError('HTTP 503'),gif.anime2 実GIFアーカイブ
gif_anime2_0028_00056,gif_anime2,https://gif.anime2.net/wp/wp-content/uploads/2017/07/Gifsmith-5f05721c-6-1.gif,https://gif.anime2.net/tag/%E3%82%A6%E3%82%A9%E3%83%BC%E3%82%BF%E3%83%BC%E3%82%B9%E3%83%A9%E3%82%A4%E3%83%80%E3%83%BC,RuntimeError('HTTP 503'),gif.anime2 実GIFアーカイブ
gif_anime2_0028_00060,gif_anime2,https://gif.anime2.net/wp/wp-content/uploads/2017/02/Gifsmith-822b5f90-20.gif,https://gif.anime2.net/tag/%E3%82%A6%E3%82%A9%E3%83%BC%E3%82%BF%E3%83%BC%E3%82%B9%E3%83%A9%E3%82%A4%E3%83%80%E3%83%BC,RuntimeError('HTTP 503'),gif.anime2 実GIFアーカイブ
gif_anime2_0030_00009,gif_anime2,https://gif.anime2.net/wp/wp-content/uploads/2018/07/Gifsmith-3d95955b-3-thumb.jpg,https://gif.anime2.net/tag/%E3%82%B5%E3%83%83%E3%82%AB%E3%83%BC,RuntimeError('HTTP 503'),gif.anime2 実GIFアーカイブ
gif_anime2_0028_00053,gif_anime2,https://gif.anime2.net/wp/wp-content/uploads/2017/08/Gifsmith-5f05721c-12-3.gif,https://gif.anime2.net/tag/%E3%82%A6%E3%82%A9%E3%83%BC%E3%82%BF%E3%83%BC%E3%82%B9%E3%83%A9%E3%82%A4%E3%83%80%E3%83%BC,RuntimeError('HTTP 503'),gif.anime2 実GIFアーカイブ
gif_anime2_0028_00058,gif_anime2,https://gif.anime2.net/wp/wp-content/uploads/2017/06/Gifsmith-1370b8c1-0.gif,https://gif.anime2.net/tag/%E3%82%A6%E3%82%A9%E3%83%BC%E3%82%BF%E3%83%BC%E3%82%B9%E3%83%A9%E3%82%A4%E3%83%80%E3%83%BC,RuntimeError('HTTP 503'),gif.anime2 実GIFアーカイブ
gif_anime2_0028_00061,gif_anime2,https://gif.anime2.net/wp/wp-content/uploads/2017/01/Gifsmith-77e7a817-15.gif,https://gif.anime2.net/tag/%E3%82%A6%E3%82%A9%E3%83%BC%E3%82%BF%E3%83%BC%E3%82%B9%E3%83%A9%E3%82%A4%E3%83%80%E3%83%BC,RuntimeError('HTTP 503'),gif.anime2 実GIFアーカイブ
gif_anime2_0028_00057,gif_anime2,https://gif.anime2.net/wp/wp-content/uploads/2017/07/Gifsmith-5f05721c-25.gif,https://gif.anime2.net/tag/%E3%82%A6%E3%82%A9%E3%83%BC%E3%82%BF%E3%83%BC%E3%82%B9%E3%83%A9%E3%82%A4%E3%83%80%E3%83%BC,RuntimeError('HTTP 503'),gif.anime2 実GIFアーカイブ
gif_anime2_0028_00059,gif_anime2,https://gif.anime2.net/wp/wp-content/uploads/2017/06/Gifsmith-5f05721c-3-2.gif,https://gif.anime2.net/tag/%E3%82%A6%E3%82%A9%E3%83%BC%E3%82%BF%E3%83%BC%E3%82%B9%E3%83%A9%E3%82%A4%E3%83%80%E3%83%BC,RuntimeError('HTTP 503'),gif.anime2 実GIFアーカイブ
gif_anime2_0030_00010,gif_anime2,https://gif.anime2.net/wp/wp-content/uploads/2018/07/Gifsmith-4e8f6a5a-6-thumb.jpg,https://gif.anime2.net/tag/%E3%82%B5%E3%83%83%E3%82%AB%E3%83%BC,RuntimeError('HTTP 503'),gif.anime2 実GIFアーカイブ
gif_anime2_0030_00011,gif_anime2,https://gif.anime2.net/wp/wp-content/uploads/2018/07/Gifsmith-82965668-3-thumb.jpg,https://gif.anime2.net/tag/%E3%82%B5%E3%83%83%E3%82%AB%E3%83%BC,RuntimeError('HTTP 503'),gif.anime2 実GIFアーカイブ
gif_anime2_0030_00012,gif_anime2,https://gif.anime2.net/wp/wp-content/uploads/2018/07/540dd16e-thumb.jpg,https://gif.anime2.net/tag/%E3%82%B5%E3%83%83%E3%82%AB%E3%83%BC,RuntimeError('HTTP 503'),gif.anime2 実GIFアーカイブ
gif_anime2_0030_00013,gif_anime2,https://gif.anime2.net/wp/wp-content/uploads/2018/07/Gifsmith-3f949e3a-6-thumb.jpg,https://gif.anime2.net/tag/%E3%82%B5%E3%83%83%E3%82%AB%E3%83%BC,RuntimeError('HTTP 503'),gif.anime2 実GIFアーカイブ
gif_anime2_0030_00014,gif_anime2,https://gif.anime2.net/wp/wp-content/uploads/2018/06/Gifsmith-5972ab0d-2-thumb.jpg,https://gif.anime2.net/tag/%E3%82%B5%E3%83%83%E3%82%AB%E3%83%BC,RuntimeError('HTTP 503'),gif.anime2 実GIFアーカイブ
gif_anime2_0030_00015,gif_anime2,https://gif.anime2.net/wp/wp-content/uploads/2018/06/Gifsmith-07d43510-3-thumb.jpg,https://gif.anime2.net/tag/%E3%82%B5%E3%83%83%E3%82%AB%E3%83%BC,RuntimeError('HTTP 503'),gif.anime2 実GIFアーカイブ
gif_anime2_0030_00016,gif_anime2,https://gif.anime2.net/wp/wp-content/uploads/2018/06/Gifsmith-2c926dd7-4-thumb.jpg,https://gif.anime2.net/tag/%E3%82%B5%E3%83%83%E3%82%AB%E3%83%BC,RuntimeError('HTTP 503'),gif.anime2 実GIFアーカイブ
gif_anime2_0030_00018,gif_anime2,https://gif.anime2.net/wp/wp-content/uploads/2018/06/Gifsmith-d89ba88a-7-thumb.jpg,https://gif.anime2.net/tag/%E3%82%B5%E3%83%83%E3%82%AB%E3%83%BC,RuntimeError('HTTP 503'),gif.anime2 実GIFアーカイブ
gif_anime2_0030_00017,gif_anime2,https://gif.anime2.net/wp/wp-content/uploads/2018/06/Gifsmith-6f171cf0-10-thumb.jpg,https://gif.anime2.net/tag/%E3%82%B5%E3%83%83%E3%82%AB%E3%83%BC,RuntimeError('HTTP 503'),gif.anime2 実GIFアーカイブ
gif_anime2_0030_00019,gif_anime2,https://gif.anime2.net/wp/wp-content/uploads/2018/06/Gifsmith-2e496fef-5-thumb.jpg,https://gif.anime2.net/tag/%E3%82%B5%E3%83%83%E3%82%AB%E3%83%BC,RuntimeError('HTTP 503'),gif.anime2 実GIFアーカイブ
gif_anime2_0030_00020,gif_anime2,https://gif.anime2.net/wp/wp-content/uploads/2018/06/Gifsmith-4d8c6ce1-0-thumb.jpg,https://gif.anime2.net/tag/%E3%82%B5%E3%83%83%E3%82%AB%E3%83%BC,RuntimeError('HTTP 503'),gif.anime2 実GIFアーカイブ
gif_anime2_0030_00021,gif_anime2,https://gif.anime2.net/wp/wp-content/uploads/2018/06/Gifsmith-620b128f-5-thumb.jpg,https://gif.anime2.net/tag/%E3%82%B5%E3%83%83%E3%82%AB%E3%83%BC,RuntimeError('HTTP 503'),gif.anime2 実GIFアーカイブ
gif_anime2_0030_00049,gif_anime2,https://gif.anime2.net/wp/wp-content/uploads/2018/07/Gifsmith-3d95955b-3.gif,https://gif.anime2.net/tag/%E3%82%B5%E3%83%83%E3%82%AB%E3%83%BC,RuntimeError('HTTP 503'),gif.anime2 実GIFアーカイブ
gif_anime2_0030_00051,gif_anime2,https://gif.anime2.net/wp/wp-content/uploads/2018/07/Gifsmith-82965668-3.gif,https://gif.anime2.net/tag/%E3%82%B5%E3%83%83%E3%82%AB%E3%83%BC,RuntimeError('HTTP 503'),gif.anime2 実GIFアーカイブ
gif_anime2_0030_00050,gif_anime2,https://gif.anime2.net/wp/wp-content/uploads/2018/07/Gifsmith-4e8f6a5a-6.gif,https://gif.anime2.net/tag/%E3%82%B5%E3%83%83%E3%82%AB%E3%83%BC,RuntimeError('HTTP 503'),gif.anime2 実GIFアーカイブ
gif_anime2_0030_00052,gif_anime2,https://gif.anime2.net/wp/wp-content/uploads/2018/07/540dd16e.gif,https://gif.anime2.net/tag/%E3%82%B5%E3%83%83%E3%82%AB%E3%83%BC,RuntimeError('HTTP 503'),gif.anime2 実GIFアーカイブ
gif_anime2_0030_00053,gif_anime2,https://gif.anime2.net/wp/wp-content/uploads/2018/07/Gifsmith-3f949e3a-6.gif,https://gif.anime2.net/tag/%E3%82%B5%E3%83%83%E3%82%AB%E3%83%BC,RuntimeError('HTTP 503'),gif.anime2 実GIFアーカイブ
gif_anime2_0030_00054,gif_anime2,https://gif.anime2.net/wp/wp-content/uploads/2018/06/Gifsmith-5972ab0d-2.gif,https://gif.anime2.net/tag/%E3%82%B5%E3%83%83%E3%82%AB%E3%83%BC,RuntimeError('HTTP 503'),gif.anime2 実GIFアーカイブ
gif_anime2_0030_00055,gif_anime2,https://gif.anime2.net/wp/wp-content/uploads/2018/06/Gifsmith-07d43510-3.gif,https://gif.anime2.net/tag/%E3%82%B5%E3%83%83%E3%82%AB%E3%83%BC,RuntimeError('HTTP 503'),gif.anime2 実GIFアーカイブ
gif_anime2_0030_00057,gif_anime2,https://gif.anime2.net/wp/wp-content/uploads/2018/06/Gifsmith-6f171cf0-10.gif,https://gif.anime2.net/tag/%E3%82%B5%E3%83%83%E3%82%AB%E3%83%BC,RuntimeError('HTTP 503'),gif.anime2 実GIFアーカイブ
gif_anime2_0033_00005,gif_anime2,https://gif.anime2.net/wp/wp-content/uploads/2018/11/Gifsmith-19a1bbd5-3-thumb.jpg,https://gif.anime2.net/category/%E3%82%B7%E3%83%A5%E3%83%BC%E3%83%AB,RuntimeError('HTTP 503'),gif.anime2 実GIFアーカイブ
gif_anime2_0030_00061,gif_anime2,https://gif.anime2.net/wp/wp-content/uploads/2018/06/Gifsmith-620b128f-5.gif,https://gif.anime2.net/tag/%E3%82%B5%E3%83%83%E3%82%AB%E3%83%BC,RuntimeError('HTTP 503'),gif.anime2 実GIFアーカイブ
gif_anime2_0033_00004,gif_anime2,https://gif.anime2.net/wp/wp-content/uploads/2018/11/Gifsmith-ed629b97-2-thumb.jpg,https://gif.anime2.net/category/%E3%82%B7%E3%83%A5%E3%83%BC%E3%83%AB,RuntimeError('HTTP 503'),gif.anime2 実GIFアーカイブ
gif_anime2_0030_00056,gif_anime2,https://gif.anime2.net/wp/wp-content/uploads/2018/06/Gifsmith-2c926dd7-4.gif,https://gif.anime2.net/tag/%E3%82%B5%E3%83%83%E3%82%AB%E3%83%BC,RuntimeError('HTTP 503'),gif.anime2 実GIFアーカイブ
gif_anime2_0030_00059,gif_anime2,https://gif.anime2.net/wp/wp-content/uploads/2018/06/Gifsmith-2e496fef-5.gif,https://gif.anime2.net/tag/%E3%82%B5%E3%83%83%E3%82%AB%E3%83%BC,RuntimeError('HTTP 503'),gif.anime2 実GIFアーカイブ
gif_anime2_0030_00060,gif_anime2,https://gif.anime2.net/wp/wp-content/uploads/2018/06/Gifsmith-4d8c6ce1-0.gif,https://gif.anime2.net/tag/%E3%82%B5%E3%83%83%E3%82%AB%E3%83%BC,RuntimeError('HTTP 503'),gif.anime2 実GIFアーカイブ
gif_anime2_0033_00006,gif_anime2,https://gif.anime2.net/wp/wp-content/uploads/2018/10/Gifsmith-3bf4baae-3-thumb.jpg,https://gif.anime2.net/category/%E3%82%B7%E3%83%A5%E3%83%BC%E3%83%AB,RuntimeError('HTTP 503'),gif.anime2 実GIFアーカイブ
gif_anime2_0030_00058,gif_anime2,https://gif.anime2.net/wp/wp-content/uploads/2018/06/Gifsmith-d89ba88a-7.gif,https://gif.anime2.net/tag/%E3%82%B5%E3%83%83%E3%82%AB%E3%83%BC,RuntimeError('HTTP 503'),gif.anime2 実GIFアーカイブ
gif_anime2_0033_00007,gif_anime2,https://gif.anime2.net/wp/wp-content/uploads/2018/10/Gifsmith-f8a8935b-3-thumb.jpg,https://gif.anime2.net/category/%E3%82%B7%E3%83%A5%E3%83%BC%E3%83%AB,RuntimeError('HTTP 503'),gif.anime2 実GIFアーカイブ
gif_anime2_0033_00008,gif_anime2,https://gif.anime2.net/wp/wp-content/uploads/2018/10/Gifsmith-4ecc8b9a-4-thumb.jpg,https://gif.anime2.net/category/%E3%82%B7%E3%83%A5%E3%83%BC%E3%83%AB,RuntimeError('HTTP 503'),gif.anime2 実GIFアーカイブ
gif_anime2_0033_00009,gif_anime2,https://gif.anime2.net/wp/wp-content/uploads/2018/09/Gifsmith-cf063384-4-thumb.jpg,https://gif.anime2.net/category/%E3%82%B7%E3%83%A5%E3%83%BC%E3%83%AB,RuntimeError('HTTP 503'),gif.anime2 実GIFアーカイブ
gif_anime2_0033_00010,gif_anime2,https://gif.anime2.net/wp/wp-content/uploads/2018/09/Gifsmith-55223ae6-0-thumb.jpg,https://gif.anime2.net/category/%E3%82%B7%E3%83%A5%E3%83%BC%E3%83%AB,RuntimeError('HTTP 503'),gif.anime2 実GIFアーカイブ
gif_anime2_0033_00011,gif_anime2,https://gif.anime2.net/wp/wp-content/uploads/2018/09/Gifsmith-0ee3716f-5-thumb.jpg,https://gif.anime2.net/category/%E3%82%B7%E3%83%A5%E3%83%BC%E3%83%AB,RuntimeError('HTTP 503'),gif.anime2 実GIFアーカイブ
gif_anime2_0033_00012,gif_anime2,https://gif.anime2.net/wp/wp-content/uploads/2018/09/Gifsmith-e6e917fd-3-thumb.jpg,https://gif.anime2.net/category/%E3%82%B7%E3%83%A5%E3%83%BC%E3%83%AB,RuntimeError('HTTP 503'),gif.anime2 実GIFアーカイブ
gif_anime2_0033_00013,gif_anime2,https://gif.anime2.net/wp/wp-content/uploads/2018/09/Gifsmith-fbaa9ea5-4-thumb.jpg,https://gif.anime2.net/category/%E3%82%B7%E3%83%A5%E3%83%BC%E3%83%AB,RuntimeError('HTTP 503'),gif.anime2 実GIFアーカイブ
gif_anime2_0033_00014,gif_anime2,https://gif.anime2.net/wp/wp-content/uploads/2018/09/Gifsmith-d9a83316-3-thumb.jpg,https://gif.anime2.net/category/%E3%82%B7%E3%83%A5%E3%83%BC%E3%83%AB,RuntimeError('HTTP 503'),gif.anime2 実GIFアーカイブ
gif_anime2_0033_00015,gif_anime2,https://gif.anime2.net/wp/wp-content/uploads/2018/09/Gifsmith-19a1bbd5-3-thumb.jpg,https://gif.anime2.net/category/%E3%82%B7%E3%83%A5%E3%83%BC%E3%83%AB,RuntimeError('HTTP 503'),gif.anime2 実GIFアーカイブ
gif_anime2_0033_00016,gif_anime2,https://gif.anime2.net/wp/wp-content/uploads/2018/09/Gifsmith-3c5c7785-4-thumb.jpg,https://gif.anime2.net/category/%E3%82%B7%E3%83%A5%E3%83%BC%E3%83%AB,RuntimeError('HTTP 503'),gif.anime2 実GIFアーカイブ
gif_anime2_0033_00017,gif_anime2,https://gif.anime2.net/wp/wp-content/uploads/2018/07/Gifsmith-faba4e6a-3-thumb.jpg,https://gif.anime2.net/category/%E3%82%B7%E3%83%A5%E3%83%BC%E3%83%AB,RuntimeError('HTTP 503'),gif.anime2 実GIFアーカイブ
gif_anime2_0033_00018,gif_anime2,https://gif.anime2.net/wp/wp-content/uploads/2018/07/Gifsmith-48709a07-22-thumb.jpg,https://gif.anime2.net/category/%E3%82%B7%E3%83%A5%E3%83%BC%E3%83%AB,RuntimeError('HTTP 503'),gif.anime2 実GIFアーカイブ
gif_anime2_0033_00020,gif_anime2,https://gif.anime2.net/wp/wp-content/uploads/2018/07/Gifsmith-e5a8ec67-0-thumb.jpg,https://gif.anime2.net/category/%E3%82%B7%E3%83%A5%E3%83%BC%E3%83%AB,RuntimeError('HTTP 503'),gif.anime2 実GIFアーカイブ
gif_anime2_0033_00021,gif_anime2,https://gif.anime2.net/wp/wp-content/uploads/2018/07/Gifsmith-e8b27030-9-thumb.jpg,https://gif.anime2.net/category/%E3%82%B7%E3%83%A5%E3%83%BC%E3%83%AB,RuntimeError('HTTP 503'),gif.anime2 実GIFアーカイブ
gif_anime2_0033_00019,gif_anime2,https://gif.anime2.net/wp/wp-content/uploads/2018/07/Gifsmith-f9bac85e-0-thumb.jpg,https://gif.anime2.net/category/%E3%82%B7%E3%83%A5%E3%83%BC%E3%83%AB,RuntimeError('HTTP 503'),gif.anime2 実GIFアーカイブ
gif_anime2_0033_00044,gif_anime2,https://gif.anime2.net/wp/wp-content/uploads/2018/11/Gifsmith-ed629b97-2.gif,https://gif.anime2.net/category/%E3%82%B7%E3%83%A5%E3%83%BC%E3%83%AB,RuntimeError('HTTP 503'),gif.anime2 実GIFアーカイブ
gif_anime2_0033_00046,gif_anime2,https://gif.anime2.net/wp/wp-content/uploads/2018/10/Gifsmith-3bf4baae-3.gif,https://gif.anime2.net/category/%E3%82%B7%E3%83%A5%E3%83%BC%E3%83%AB,RuntimeError('HTTP 503'),gif.anime2 実GIFアーカイブ
gif_anime2_0033_00047,gif_anime2,https://gif.anime2.net/wp/wp-content/uploads/2018/10/Gifsmith-f8a8935b-3.gif,https://gif.anime2.net/category/%E3%82%B7%E3%83%A5%E3%83%BC%E3%83%AB,RuntimeError('HTTP 503'),gif.anime2 実GIFアーカイブ
gif_anime2_0033_00050,gif_anime2,https://gif.anime2.net/wp/wp-content/uploads/2018/09/Gifsmith-55223ae6-0.gif,https://gif.anime2.net/category/%E3%82%B7%E3%83%A5%E3%83%BC%E3%83%AB,RuntimeError('HTTP 503'),gif.anime2 実GIFアーカイブ
gif_anime2_0033_00048,gif_anime2,https://gif.anime2.net/wp/wp-content/uploads/2018/10/Gifsmith-4ecc8b9a-4.gif,https://gif.anime2.net/category/%E3%82%B7%E3%83%A5%E3%83%BC%E3%83%AB,RuntimeError('HTTP 503'),gif.anime2 実GIFアーカイブ
gif_anime2_0033_00052,gif_anime2,https://gif.anime2.net/wp/wp-content/uploads/2018/09/Gifsmith-e6e917fd-3.gif,https://gif.anime2.net/category/%E3%82%B7%E3%83%A5%E3%83%BC%E3%83%AB,RuntimeError('HTTP 503'),gif.anime2 実GIFアーカイブ
gif_anime2_0033_00054,gif_anime2,https://gif.anime2.net/wp/wp-content/uploads/2018/09/Gifsmith-d9a83316-3.gif,https://gif.anime2.net/category/%E3%82%B7%E3%83%A5%E3%83%BC%E3%83%AB,RuntimeError('HTTP 503'),gif.anime2 実GIFアーカイブ
gif_anime2_0033_00049,gif_anime2,https://gif.anime2.net/wp/wp-content/uploads/2018/09/Gifsmith-cf063384-4.gif,https://gif.anime2.net/category/%E3%82%B7%E3%83%A5%E3%83%BC%E3%83%AB,RuntimeError('HTTP 503'),gif.anime2 実GIFアーカイブ
gif_anime2_0033_00053,gif_anime2,https://gif.anime2.net/wp/wp-content/uploads/2018/09/Gifsmith-fbaa9ea5-4.gif,https://gif.anime2.net/category/%E3%82%B7%E3%83%A5%E3%83%BC%E3%83%AB,RuntimeError('HTTP 503'),gif.anime2 実GIFアーカイブ
gif_anime2_0033_00055,gif_anime2,https://gif.anime2.net/wp/wp-content/uploads/2018/09/Gifsmith-19a1bbd5-3.gif,https://gif.anime2.net/category/%E3%82%B7%E3%83%A5%E3%83%BC%E3%83%AB,RuntimeError('HTTP 503'),gif.anime2 実GIFアーカイブ
gif_anime2_0033_00057,gif_anime2,https://gif.anime2.net/wp/wp-content/uploads/2018/07/Gifsmith-faba4e6a-3.gif,https://gif.anime2.net/category/%E3%82%B7%E3%83%A5%E3%83%BC%E3%83%AB,RuntimeError('HTTP 503'),gif.anime2 実GIFアーカイブ
gif_anime2_0033_00056,gif_anime2,https://gif.anime2.net/wp/wp-content/uploads/2018/09/Gifsmith-3c5c7785-4.gif,https://gif.anime2.net/category/%E3%82%B7%E3%83%A5%E3%83%BC%E3%83%AB,RuntimeError('HTTP 503'),gif.anime2 実GIFアーカイブ
gif_anime2_0033_00058,gif_anime2,https://gif.anime2.net/wp/wp-content/uploads/2018/07/Gifsmith-48709a07-22.gif,https://gif.anime2.net/category/%E3%82%B7%E3%83%A5%E3%83%BC%E3%83%AB,RuntimeError('HTTP 503'),gif.anime2 実GIFアーカイブ
gif_anime2_0033_00061,gif_anime2,https://gif.anime2.net/wp/wp-content/uploads/2018/07/Gifsmith-e8b27030-9.gif,https://gif.anime2.net/category/%E3%82%B7%E3%83%A5%E3%83%BC%E3%83%AB,RuntimeError('HTTP 503'),gif.anime2 実GIFアーカイブ
gif_anime2_0033_00059,gif_anime2,https://gif.anime2.net/wp/wp-content/uploads/2018/07/Gifsmith-f9bac85e-0.gif,https://gif.anime2.net/category/%E3%82%B7%E3%83%A5%E3%83%BC%E3%83%AB,RuntimeError('HTTP 503'),gif.anime2 実GIFアーカイブ
gif_anime2_0035_00003,gif_anime2,https://gif.anime2.net/wp/wp-content/uploads/2018/12/Gifsmith-3ca561ac-4-thumb.jpg,https://gif.anime2.net/category/%E3%83%90%E3%82%AB,RuntimeError('HTTP 503'),gif.anime2 実GIFアーカイブ
gif_anime2_0035_00004,gif_anime2,https://gif.anime2.net/wp/wp-content/uploads/2018/11/Gifsmith-11e4420e-2-thumb.jpg,https://gif.anime2.net/category/%E3%83%90%E3%82%AB,RuntimeError('HTTP 503'),gif.anime2 実GIFアーカイブ
gif_anime2_0033_00060,gif_anime2,https://gif.anime2.net/wp/wp-content/uploads/2018/07/Gifsmith-e5a8ec67-0.gif,https://gif.anime2.net/category/%E3%82%B7%E3%83%A5%E3%83%BC%E3%83%AB,RuntimeError('HTTP 503'),gif.anime2 実GIFアーカイブ
gif_anime2_0035_00006,gif_anime2,https://gif.anime2.net/wp/wp-content/uploads/2018/11/Gifsmith-37756173-4-thumb.jpg,https://gif.anime2.net/category/%E3%83%90%E3%82%AB,RuntimeError('HTTP 503'),gif.anime2 実GIFアーカイブ
gif_anime2_0035_00007,gif_anime2,https://gif.anime2.net/wp/wp-content/uploads/2018/11/Gifsmith-19a1bbd5-2-2-thumb.jpg,https://gif.anime2.net/category/%E3%83%90%E3%82%AB,RuntimeError('HTTP 503'),gif.anime2 実GIFアーカイブ
gif_anime2_0035_00005,gif_anime2,https://gif.anime2.net/wp/wp-content/uploads/2018/11/Gifsmith-44424d23-2-thumb.jpg,https://gif.anime2.net/category/%E3%83%90%E3%82%AB,RuntimeError('HTTP 503'),gif.anime2 実GIFアーカイブ
gif_anime2_0035_00008,gif_anime2,https://gif.anime2.net/wp/wp-content/uploads/2018/11/Gifsmith-5ad9599e-4-thumb.jpg,https://gif.anime2.net/category/%E3%83%90%E3%82%AB,RuntimeError('HTTP 503'),gif.anime2 実GIFアーカイブ
gif_anime2_0035_00013,gif_anime2,https://gif.anime2.net/wp/wp-content/uploads/2018/09/Gifsmith-4da8baa2-3-thumb.jpg,https://gif.anime2.net/category/%E3%83%90%E3%82%AB,RuntimeError('HTTP 503'),gif.anime2 実GIFアーカイブ
gif_anime2_0035_00009,gif_anime2,https://gif.anime2.net/wp/wp-content/uploads/2018/11/Gifsmith-5ad9599e-2-thumb.jpg,https://gif.anime2.net/category/%E3%83%90%E3%82%AB,RuntimeError('HTTP 503'),gif.anime2 実GIFアーカイブ
gif_anime2_0035_00017,gif_anime2,https://gif.anime2.net/wp/wp-content/uploads/2018/08/Gifsmith-407a92a8-5-thumb.jpg,https://gif.anime2.net/category/%E3%83%90%E3%82%AB,RuntimeError('HTTP 503'),gif.anime2 実GIFアーカイブ
gif_anime2_0035_00018,gif_anime2,https://gif.anime2.net/wp/wp-content/uploads/2018/08/Gifsmith-407a92a8-3-thumb.jpg,https://gif.anime2.net/category/%E3%83%90%E3%82%AB,RuntimeError('HTTP 503'),gif.anime2 実GIFアーカイブ
gif_anime2_0035_00019,gif_anime2,https://gif.anime2.net/wp/wp-content/uploads/2018/08/Gifsmith-3c5c7785-8-thumb.jpg,https://gif.anime2.net/category/%E3%83%90%E3%82%AB,RuntimeError('HTTP 503'),gif.anime2 実GIFアーカイブ
gif_anime2_0035_00020,gif_anime2,https://gif.anime2.net/wp/wp-content/uploads/2018/08/Gifsmith-8804e911-3-thumb.jpg,https://gif.anime2.net/category/%E3%83%90%E3%82%AB,RuntimeError('HTTP 503'),gif.anime2 実GIFアーカイブ
gif_anime2_0035_00021,gif_anime2,https://gif.anime2.net/wp/wp-content/uploads/2018/07/Gifsmith-b26b24d0-5-thumb.jpg,https://gif.anime2.net/category/%E3%83%90%E3%82%AB,RuntimeError('HTTP 503'),gif.anime2 実GIFアーカイブ
gif_anime2_0035_00043,gif_anime2,https://gif.anime2.net/wp/wp-content/uploads/2018/12/Gifsmith-3ca561ac-4.gif,https://gif.anime2.net/category/%E3%83%90%E3%82%AB,RuntimeError('HTTP 503'),gif.anime2 実GIFアーカイブ
gif_anime2_0035_00044,gif_anime2,https://gif.anime2.net/wp/wp-content/uploads/2018/11/Gifsmith-11e4420e-2.gif,https://gif.anime2.net/category/%E3%83%90%E3%82%AB,RuntimeError('HTTP 503'),gif.anime2 実GIFアーカイブ
gif_anime2_0035_00045,gif_anime2,https://gif.anime2.net/wp/wp-content/uploads/2018/11/Gifsmith-44424d23-2.gif,https://gif.anime2.net/category/%E3%83%90%E3%82%AB,RuntimeError('HTTP 503'),gif.anime2 実GIFアーカイブ
gif_anime2_0035_00046,gif_anime2,https://gif.anime2.net/wp/wp-content/uploads/2018/11/Gifsmith-37756173-4.gif,https://gif.anime2.net/category/%E3%83%90%E3%82%AB,RuntimeError('HTTP 503'),gif.anime2 実GIFアーカイブ
gif_anime2_0035_00047,gif_anime2,https://gif.anime2.net/wp/wp-content/uploads/2018/11/Gifsmith-19a1bbd5-2-2.gif,https://gif.anime2.net/category/%E3%83%90%E3%82%AB,RuntimeError('HTTP 503'),gif.anime2 実GIFアーカイブ
gif_anime2_0035_00049,gif_anime2,https://gif.anime2.net/wp/wp-content/uploads/2018/11/Gifsmith-5ad9599e-2.gif,https://gif.anime2.net/category/%E3%83%90%E3%82%AB,RuntimeError('HTTP 503'),gif.anime2 実GIFアーカイブ
gif_anime2_0035_00048,gif_anime2,https://gif.anime2.net/wp/wp-content/uploads/2018/11/Gifsmith-5ad9599e-4.gif,https://gif.anime2.net/category/%E3%83%90%E3%82%AB,RuntimeError('HTTP 503'),gif.anime2 実GIFアーカイブ
gif_anime2_0035_00053,gif_anime2,https://gif.anime2.net/wp/wp-content/uploads/2018/09/Gifsmith-4da8baa2-3.gif,https://gif.anime2.net/category/%E3%83%90%E3%82%AB,RuntimeError('HTTP 503'),gif.anime2 実GIFアーカイブ
gif_anime2_0035_00057,gif_anime2,https://gif.anime2.net/wp/wp-content/uploads/2018/08/Gifsmith-407a92a8-5.gif,https://gif.anime2.net/category/%E3%83%90%E3%82%AB,RuntimeError('HTTP 503'),gif.anime2 実GIFアーカイブ
gif_anime2_0035_00061,gif_anime2,https://gif.anime2.net/wp/wp-content/uploads/2018/07/Gifsmith-b26b24d0-5.gif,https://gif.anime2.net/category/%E3%83%90%E3%82%AB,RuntimeError('HTTP 503'),gif.anime2 実GIFアーカイブ
gif_anime2_0035_00058,gif_anime2,https://gif.anime2.net/wp/wp-content/uploads/2018/08/Gifsmith-407a92a8-3.gif,https://gif.anime2.net/category/%E3%83%90%E3%82%AB,RuntimeError('HTTP 503'),gif.anime2 実GIFアーカイブ
gif_anime2_0035_00060,gif_anime2,https://gif.anime2.net/wp/wp-content/uploads/2018/08/Gifsmith-8804e911-3.gif,https://gif.anime2.net/category/%E3%83%90%E3%82%AB,RuntimeError('HTTP 503'),gif.anime2 実GIFアーカイブ
gif_anime2_0035_00059,gif_anime2,https://gif.anime2.net/wp/wp-content/uploads/2018/08/Gifsmith-3c5c7785-8.gif,https://gif.anime2.net/category/%E3%83%90%E3%82%AB,RuntimeError('HTTP 503'),gif.anime2 実GIFアーカイブ
gif_anime2_0036_00003,gif_anime2,https://gif.anime2.net/wp/wp-content/uploads/2018/12/Gifsmith-4c8cd7db-2-thumb.jpg,https://gif.anime2.net/tag/%E3%82%B3%E3%82%B9%E3%83%97%E3%83%AC,RuntimeError('HTTP 503'),gif.anime2 実GIFアーカイブ
gif_anime2_0036_00006,gif_anime2,https://gif.anime2.net/wp/wp-content/uploads/2018/06/Gifsmith-98919ee2-11-thumb.jpg,https://gif.anime2.net/tag/%E3%82%B3%E3%82%B9%E3%83%97%E3%83%AC,RuntimeError('HTTP 503'),gif.anime2 実GIFアーカイブ
gif_anime2_0036_00007,gif_anime2,https://gif.anime2.net/wp/wp-content/uploads/2018/06/Gifsmith-74cc764b-45-thumb.jpg,https://gif.anime2.net/tag/%E3%82%B3%E3%82%B9%E3%83%97%E3%83%AC,RuntimeError('HTTP 503'),gif.anime2 実GIFアーカイブ
gif_anime2_0036_00008,gif_anime2,https://gif.anime2.net/wp/wp-content/uploads/2018/05/Gifsmith-9fbd869b-20-thumb.jpg,https://gif.anime2.net/tag/%E3%82%B3%E3%82%B9%E3%83%97%E3%83%AC,RuntimeError('HTTP 503'),gif.anime2 実GIFアーカイブ
gif_anime2_0036_00009,gif_anime2,https://gif.anime2.net/wp/wp-content/uploads/2018/04/Gifsmith-30ad446a-16-thumb.jpg,https://gif.anime2.net/tag/%E3%82%B3%E3%82%B9%E3%83%97%E3%83%AC,RuntimeError('HTTP 503'),gif.anime2 実GIFアーカイブ
gif_anime2_0036_00010,gif_anime2,https://gif.anime2.net/wp/wp-content/uploads/2018/02/Gifsmith-5f05721c-3-4-thumb.jpg,https://gif.anime2.net/tag/%E3%82%B3%E3%82%B9%E3%83%97%E3%83%AC,RuntimeError('HTTP 503'),gif.anime2 実GIFアーカイブ
gif_anime2_0033_00045,gif_anime2,https://gif.anime2.net/wp/wp-content/uploads/2018/11/Gifsmith-19a1bbd5-3.gif,https://gif.anime2.net/category/%E3%82%B7%E3%83%A5%E3%83%BC%E3%83%AB,RuntimeError('HTTP 503'),gif.anime2 実GIFアーカイブ
gif_anime2_0036_00011,gif_anime2,https://gif.anime2.net/wp/wp-content/uploads/2018/01/Gifsmith-b68d64e8-0-thumb.jpg,https://gif.anime2.net/tag/%E3%82%B3%E3%82%B9%E3%83%97%E3%83%AC,RuntimeError('HTTP 503'),gif.anime2 実GIFアーカイブ
gif_anime2_0036_00012,gif_anime2,https://gif.anime2.net/wp/wp-content/uploads/2018/01/Gifsmith-5f05721c-3-thumb.jpg,https://gif.anime2.net/tag/%E3%82%B3%E3%82%B9%E3%83%97%E3%83%AC,RuntimeError('HTTP 503'),gif.anime2 実GIFアーカイブ
gif_anime2_0036_00013,gif_anime2,https://gif.anime2.net/wp/wp-content/uploads/2017/09/Gifsmith-5f05721c-17-thumb.jpg,https://gif.anime2.net/tag/%E3%82%B3%E3%82%B9%E3%83%97%E3%83%AC,RuntimeError('HTTP 503'),gif.anime2 実GIFアーカイブ
gif_anime2_0033_00051,gif_anime2,https://gif.anime2.net/wp/wp-content/uploads/2018/09/Gifsmith-0ee3716f-5.gif,https://gif.anime2.net/category/%E3%82%B7%E3%83%A5%E3%83%BC%E3%83%AB,RuntimeError('HTTP 503'),gif.anime2 実GIFアーカイブ
gif_anime2_0036_00014,gif_anime2,https://gif.anime2.net/wp/wp-content/uploads/2017/09/Gifsmith-bede7b4e-3-thumb.jpg,https://gif.anime2.net/tag/%E3%82%B3%E3%82%B9%E3%83%97%E3%83%AC,RuntimeError('HTTP 503'),gif.anime2 実GIFアーカイブ
gif_anime2_0036_00015,gif_anime2,https://gif.anime2.net/wp/wp-content/uploads/2017/08/Gifsmith-4f9bc2ac-1-thumb.jpg,https://gif.anime2.net/tag/%E3%82%B3%E3%82%B9%E3%83%97%E3%83%AC,RuntimeError('HTTP 503'),gif.anime2 実GIFアーカイブ
gif_anime2_0036_00017,gif_anime2,https://gif.anime2.net/wp/wp-content/uploads/2017/05/Gifsmith-b9a681df-7-thumb.jpg,https://gif.anime2.net/tag/%E3%82%B3%E3%82%B9%E3%83%97%E3%83%AC,RuntimeError('HTTP 503'),gif.anime2 実GIFアーカイブ
gif_anime2_0036_00019,gif_anime2,https://gif.anime2.net/wp/wp-content/uploads/2017/01/Gifsmith-4526d330-6-thumb.jpg,https://gif.anime2.net/tag/%E3%82%B3%E3%82%B9%E3%83%97%E3%83%AC,RuntimeError('HTTP 503'),gif.anime2 実GIFアーカイブ
gif_anime2_0036_00018,gif_anime2,https://gif.anime2.net/wp/wp-content/uploads/2017/03/Gifsmith-cde61a4b-0-thumb.jpg,https://gif.anime2.net/tag/%E3%82%B3%E3%82%B9%E3%83%97%E3%83%AC,RuntimeError('HTTP 503'),gif.anime2 実GIFアーカイブ
gif_anime2_0036_00020,gif_anime2,https://gif.anime2.net/wp/wp-content/uploads/2017/01/Gifsmith-546645ea-9-thumb.jpg,https://gif.anime2.net/tag/%E3%82%B3%E3%82%B9%E3%83%97%E3%83%AC,RuntimeError('HTTP 503'),gif.anime2 実GIFアーカイブ
gif_anime2_0036_00021,gif_anime2,https://gif.anime2.net/wp/wp-content/uploads/2017/01/Gifsmith-671b6399-3-thumb.jpg,https://gif.anime2.net/tag/%E3%82%B3%E3%82%B9%E3%83%97%E3%83%AC,RuntimeError('HTTP 503'),gif.anime2 実GIFアーカイブ
gif_anime2_0036_00043,gif_anime2,https://gif.anime2.net/wp/wp-content/uploads/2018/12/Gifsmith-4c8cd7db-2.gif,https://gif.anime2.net/tag/%E3%82%B3%E3%82%B9%E3%83%97%E3%83%AC,RuntimeError('HTTP 503'),gif.anime2 実GIFアーカイブ
gif_anime2_0036_00046,gif_anime2,https://gif.anime2.net/wp/wp-content/uploads/2018/06/Gifsmith-98919ee2-11.gif,https://gif.anime2.net/tag/%E3%82%B3%E3%82%B9%E3%83%97%E3%83%AC,RuntimeError('HTTP 503'),gif.anime2 実GIFアーカイブ
gif_anime2_0036_00048,gif_anime2,https://gif.anime2.net/wp/wp-content/uploads/2018/06/Gifsmith-4de892d0-42.gif,https://gif.anime2.net/tag/%E3%82%B3%E3%82%B9%E3%83%97%E3%83%AC,RuntimeError('HTTP 503'),gif.anime2 実GIFアーカイブ
gif_anime2_0036_00047,gif_anime2,https://gif.anime2.net/wp/wp-content/uploads/2018/06/Gifsmith-74cc764b-45.gif,https://gif.anime2.net/tag/%E3%82%B3%E3%82%B9%E3%83%97%E3%83%AC,RuntimeError('HTTP 503'),gif.anime2 実GIFアーカイブ
gif_anime2_0036_00050,gif_anime2,https://gif.anime2.net/wp/wp-content/uploads/2018/04/Gifsmith-30ad446a-16.gif,https://gif.anime2.net/tag/%E3%82%B3%E3%82%B9%E3%83%97%E3%83%AC,RuntimeError('HTTP 503'),gif.anime2 実GIFアーカイブ
gif_anime2_0036_00049,gif_anime2,https://gif.anime2.net/wp/wp-content/uploads/2018/05/Gifsmith-9fbd869b-20.gif,https://gif.anime2.net/tag/%E3%82%B3%E3%82%B9%E3%83%97%E3%83%AC,RuntimeError('HTTP 503'),gif.anime2 実GIFアーカイブ
gif_anime2_0036_00053,gif_anime2,https://gif.anime2.net/wp/wp-content/uploads/2018/01/Gifsmith-5f05721c-3.gif,https://gif.anime2.net/tag/%E3%82%B3%E3%82%B9%E3%83%97%E3%83%AC,RuntimeError('HTTP 503'),gif.anime2 実GIFアーカイブ
gif_anime2_0036_00051,gif_anime2,https://gif.anime2.net/wp/wp-content/uploads/2018/02/Gifsmith-5f05721c-3-4.gif,https://gif.anime2.net/tag/%E3%82%B3%E3%82%B9%E3%83%97%E3%83%AC,RuntimeError('HTTP 503'),gif.anime2 実GIFアーカイブ
gif_anime2_0036_00054,gif_anime2,https://gif.anime2.net/wp/wp-content/uploads/2017/09/Gifsmith-5f05721c-17.gif,https://gif.anime2.net/tag/%E3%82%B3%E3%82%B9%E3%83%97%E3%83%AC,RuntimeError('HTTP 503'),gif.anime2 実GIFアーカイブ
gif_anime2_0036_00052,gif_anime2,https://gif.anime2.net/wp/wp-content/uploads/2018/01/Gifsmith-b68d64e8-0.gif,https://gif.anime2.net/tag/%E3%82%B3%E3%82%B9%E3%83%97%E3%83%AC,RuntimeError('HTTP 503'),gif.anime2 実GIFアーカイブ
gif_anime2_0036_00055,gif_anime2,https://gif.anime2.net/wp/wp-content/uploads/2017/09/Gifsmith-bede7b4e-3.gif,https://gif.anime2.net/tag/%E3%82%B3%E3%82%B9%E3%83%97%E3%83%AC,RuntimeError('HTTP 503'),gif.anime2 実GIFアーカイブ
gif_anime2_0036_00058,gif_anime2,https://gif.anime2.net/wp/wp-content/uploads/2017/05/Gifsmith-b9a681df-7.gif,https://gif.anime2.net/tag/%E3%82%B3%E3%82%B9%E3%83%97%E3%83%AC,RuntimeError('HTTP 503'),gif.anime2 実GIFアーカイブ
gif_anime2_0036_00057,gif_anime2,https://gif.anime2.net/wp/wp-content/uploads/2017/06/Gifsmith-5f05721c-25-1.gif,https://gif.anime2.net/tag/%E3%82%B3%E3%82%B9%E3%83%97%E3%83%AC,RuntimeError('HTTP 503'),gif.anime2 実GIFアーカイブ
gif_anime2_0036_00059,gif_anime2,https://gif.anime2.net/wp/wp-content/uploads/2017/03/Gifsmith-cde61a4b-0.gif,https://gif.anime2.net/tag/%E3%82%B3%E3%82%B9%E3%83%97%E3%83%AC,RuntimeError('HTTP 503'),gif.anime2 実GIFアーカイブ
gif_anime2_0036_00056,gif_anime2,https://gif.anime2.net/wp/wp-content/uploads/2017/08/Gifsmith-4f9bc2ac-1.gif,https://gif.anime2.net/tag/%E3%82%B3%E3%82%B9%E3%83%97%E3%83%AC,RuntimeError('HTTP 503'),gif.anime2 実GIFアーカイブ
gif_anime2_0036_00060,gif_anime2,https://gif.anime2.net/wp/wp-content/uploads/2017/01/Gifsmith-4526d330-6.gif,https://gif.anime2.net/tag/%E3%82%B3%E3%82%B9%E3%83%97%E3%83%AC,RuntimeError('HTTP 503'),gif.anime2 実GIFアーカイブ
gif_anime2_0036_00061,gif_anime2,https://gif.anime2.net/wp/wp-content/uploads/2017/01/Gifsmith-546645ea-9.gif,https://gif.anime2.net/tag/%E3%82%B3%E3%82%B9%E3%83%97%E3%83%AC,RuntimeError('HTTP 503'),gif.anime2 実GIFアーカイブ
gif_anime2_0036_00062,gif_anime2,https://gif.anime2.net/wp/wp-content/uploads/2017/01/Gifsmith-671b6399-3.gif,https://gif.anime2.net/tag/%E3%82%B3%E3%82%B9%E3%83%97%E3%83%AC,RuntimeError('HTTP 503'),gif.anime2 実GIFアーカイブ
gif_anime2_0037_00007,gif_anime2,https://gif.anime2.net/wp/wp-content/uploads/2016/07/985a51b1-thumb.jpg,https://gif.anime2.net/tag/%E3%82%B9%E3%83%91%E3%82%A4%E3%83%80%E3%83%BC%E3%83%9E%E3%83%B3,RuntimeError('HTTP 503'),gif.anime2 実GIFアーカイブ
gif_anime2_0037_00008,gif_anime2,https://gif.anime2.net/wp/wp-content/uploads/2016/06/Gifsmith-cc59120b-0-thumb.jpg,https://gif.anime2.net/tag/%E3%82%B9%E3%83%91%E3%82%A4%E3%83%80%E3%83%BC%E3%83%9E%E3%83%B3,RuntimeError('HTTP 503'),gif.anime2 実GIFアーカイブ
gif_anime2_0037_00009,gif_anime2,https://gif.anime2.net/wp/wp-content/uploads/2016/06/Gifsmith-e377d45f-3-thumb.jpg,https://gif.anime2.net/tag/%E3%82%B9%E3%83%91%E3%82%A4%E3%83%80%E3%83%BC%E3%83%9E%E3%83%B3,RuntimeError('HTTP 503'),gif.anime2 実GIFアーカイブ
gif_anime2_0037_00010,gif_anime2,https://gif.anime2.net/wp/wp-content/uploads/2016/04/badd0677-thumb.jpg,https://gif.anime2.net/tag/%E3%82%B9%E3%83%91%E3%82%A4%E3%83%80%E3%83%BC%E3%83%9E%E3%83%B3,RuntimeError('HTTP 503'),gif.anime2 実GIFアーカイブ
gif_anime2_0037_00036,gif_anime2,https://gif.anime2.net/wp/wp-content/uploads/2016/07/985a51b1.gif,https://gif.anime2.net/tag/%E3%82%B9%E3%83%91%E3%82%A4%E3%83%80%E3%83%BC%E3%83%9E%E3%83%B3,RuntimeError('HTTP 503'),gif.anime2 実GIFアーカイブ
gif_anime2_0037_00037,gif_anime2,https://gif.anime2.net/wp/wp-content/uploads/2016/06/Gifsmith-cc59120b-0.gif,https://gif.anime2.net/tag/%E3%82%B9%E3%83%91%E3%82%A4%E3%83%80%E3%83%BC%E3%83%9E%E3%83%B3,RuntimeError('HTTP 503'),gif.anime2 実GIFアーカイブ
gif_anime2_0037_00038,gif_anime2,https://gif.anime2.net/wp/wp-content/uploads/2016/06/Gifsmith-e377d45f-3.gif,https://gif.anime2.net/tag/%E3%82%B9%E3%83%91%E3%82%A4%E3%83%80%E3%83%BC%E3%83%9E%E3%83%B3,RuntimeError('HTTP 503'),gif.anime2 実GIFアーカイブ
gif_anime2_0037_00039,gif_anime2,https://gif.anime2.net/wp/wp-content/uploads/2016/04/badd0677.gif,https://gif.anime2.net/tag/%E3%82%B9%E3%83%91%E3%82%A4%E3%83%80%E3%83%BC%E3%83%9E%E3%83%B3,RuntimeError('HTTP 503'),gif.anime2 実GIFアーカイブ
gif_anime2_0039_00003,gif_anime2,https://gif.anime2.net/wp/wp-content/uploads/2018/07/Gifsmith-cd14c550-4-thumb.jpg,https://gif.anime2.net/category/%E3%82%AD%E3%83%A5%E3%83%BC%E3%83%88,RuntimeError('HTTP 503'),gif.anime2 実GIFアーカイブ
gif_anime2_0039_00005,gif_anime2,https://gif.anime2.net/wp/wp-content/uploads/2018/05/Gifsmith-3d7ba3a5-6-thumb.jpg,https://gif.anime2.net/category/%E3%82%AD%E3%83%A5%E3%83%BC%E3%83%88,RuntimeError('HTTP 503'),gif.anime2 実GIFアーカイブ
gif_anime2_0039_00008,gif_anime2,https://gif.anime2.net/wp/wp-content/uploads/2018/05/Gifsmith-47d60fd5-9-thumb.jpg,https://gif.anime2.net/category/%E3%82%AD%E3%83%A5%E3%83%BC%E3%83%88,RuntimeError('HTTP 503'),gif.anime2 実GIFアーカイブ
gif_anime2_0039_00007,gif_anime2,https://gif.anime2.net/wp/wp-content/uploads/2018/05/Gifsmith-483bfc95-0-thumb.jpg,https://gif.anime2.net/category/%E3%82%AD%E3%83%A5%E3%83%BC%E3%83%88,RuntimeError('HTTP 503'),gif.anime2 実GIFアーカイブ
gif_anime2_0039_00009,gif_anime2,https://gif.anime2.net/wp/wp-content/uploads/2018/05/Gifsmith-3fb48a60-0-thumb.jpg,https://gif.anime2.net/category/%E3%82%AD%E3%83%A5%E3%83%BC%E3%83%88,RuntimeError('HTTP 503'),gif.anime2 実GIFアーカイブ
gif_anime2_0039_00006,gif_anime2,https://gif.anime2.net/wp/wp-content/uploads/2018/05/Gifsmith-0d6dcaec-12-thumb.jpg,https://gif.anime2.net/category/%E3%82%AD%E3%83%A5%E3%83%BC%E3%83%88,RuntimeError('HTTP 503'),gif.anime2 実GIFアーカイブ
gif_anime2_0039_00011,gif_anime2,https://gif.anime2.net/wp/wp-content/uploads/2018/04/Gifsmith-7d8a9aec-0-thumb.jpg,https://gif.anime2.net/category/%E3%82%AD%E3%83%A5%E3%83%BC%E3%83%88,RuntimeError('HTTP 503'),gif.anime2 実GIFアーカイブ
gif_anime2_0039_00012,gif_anime2,https://gif.anime2.net/wp/wp-content/uploads/2018/04/Gifsmith-61a51b0b-2-thumb.jpg,https://gif.anime2.net/category/%E3%82%AD%E3%83%A5%E3%83%BC%E3%83%88,RuntimeError('HTTP 503'),gif.anime2 実GIFアーカイブ
gif_anime2_0039_00013,gif_anime2,https://gif.anime2.net/wp/wp-content/uploads/2018/04/Gifsmith-c8103d7c-0-1-thumb.jpg,https://gif.anime2.net/category/%E3%82%AD%E3%83%A5%E3%83%BC%E3%83%88,RuntimeError('HTTP 503'),gif.anime2 実GIFアーカイブ
gif_anime2_0039_00010,gif_anime2,https://gif.anime2.net/wp/wp-content/uploads/2018/04/Gifsmith-6827fba7-11-thumb.jpg,https://gif.anime2.net/category/%E3%82%AD%E3%83%A5%E3%83%BC%E3%83%88,RuntimeError('HTTP 503'),gif.anime2 実GIFアーカイブ
gif_anime2_0039_00014,gif_anime2,https://gif.anime2.net/wp/wp-content/uploads/2018/04/Gifsmith-213108d1-0-thumb.jpg,https://gif.anime2.net/category/%E3%82%AD%E3%83%A5%E3%83%BC%E3%83%88,RuntimeError('HTTP 503'),gif.anime2 実GIFアーカイブ
gif_anime2_0039_00017,gif_anime2,https://gif.anime2.net/wp/wp-content/uploads/2017/11/Gifsmith-b3fa1b35-0-thumb.jpg,https://gif.anime2.net/category/%E3%82%AD%E3%83%A5%E3%83%BC%E3%83%88,RuntimeError('HTTP 503'),gif.anime2 実GIFアーカイブ
gif_anime2_0039_00015,gif_anime2,https://gif.anime2.net/wp/wp-content/uploads/2018/04/Gifsmith-c6c408b5-4-thumb.jpg,https://gif.anime2.net/category/%E3%82%AD%E3%83%A5%E3%83%BC%E3%83%88,RuntimeError('HTTP 503'),gif.anime2 実GIFアーカイブ
gif_anime2_0039_00016,gif_anime2,https://gif.anime2.net/wp/wp-content/uploads/2018/01/Gifsmith-179de858-0-thumb.jpg,https://gif.anime2.net/category/%E3%82%AD%E3%83%A5%E3%83%BC%E3%83%88,RuntimeError('HTTP 503'),gif.anime2 実GIFアーカイブ
gif_anime2_0039_00019,gif_anime2,https://gif.anime2.net/wp/wp-content/uploads/2017/11/Gifsmith-52926d59-0-thumb.jpg,https://gif.anime2.net/category/%E3%82%AD%E3%83%A5%E3%83%BC%E3%83%88,RuntimeError('HTTP 503'),gif.anime2 実GIFアーカイブ
gif_anime2_0039_00018,gif_anime2,https://gif.anime2.net/wp/wp-content/uploads/2017/11/Gifsmith-3d1b268b-0-thumb.jpg,https://gif.anime2.net/category/%E3%82%AD%E3%83%A5%E3%83%BC%E3%83%88,RuntimeError('HTTP 503'),gif.anime2 実GIFアーカイブ
gif_anime2_0039_00020,gif_anime2,https://gif.anime2.net/wp/wp-content/uploads/2017/11/Gifsmith-a0b5485b-3-thumb.jpg,https://gif.anime2.net/category/%E3%82%AD%E3%83%A5%E3%83%BC%E3%83%88,RuntimeError('HTTP 503'),gif.anime2 実GIFアーカイブ
gif_anime2_0039_00043,gif_anime2,https://gif.anime2.net/wp/wp-content/uploads/2018/07/Gifsmith-cd14c550-4.gif,https://gif.anime2.net/category/%E3%82%AD%E3%83%A5%E3%83%BC%E3%83%88,RuntimeError('HTTP 503'),gif.anime2 実GIFアーカイブ
gif_anime2_0039_00021,gif_anime2,https://gif.anime2.net/wp/wp-content/uploads/2017/11/Gifsmith-b5d4451d-8-thumb.jpg,https://gif.anime2.net/category/%E3%82%AD%E3%83%A5%E3%83%BC%E3%83%88,RuntimeError('HTTP 503'),gif.anime2 実GIFアーカイブ
gif_anime2_0039_00045,gif_anime2,https://gif.anime2.net/wp/wp-content/uploads/2018/05/Gifsmith-3d7ba3a5-6.gif,https://gif.anime2.net/category/%E3%82%AD%E3%83%A5%E3%83%BC%E3%83%88,RuntimeError('HTTP 503'),gif.anime2 実GIFアーカイブ
gif_anime2_0039_00046,gif_anime2,https://gif.anime2.net/wp/wp-content/uploads/2018/05/Gifsmith-0d6dcaec-12.gif,https://gif.anime2.net/category/%E3%82%AD%E3%83%A5%E3%83%BC%E3%83%88,RuntimeError('HTTP 503'),gif.anime2 実GIFアーカイブ
gif_anime2_0039_00047,gif_anime2,https://gif.anime2.net/wp/wp-content/uploads/2018/05/Gifsmith-483bfc95-0.gif,https://gif.anime2.net/category/%E3%82%AD%E3%83%A5%E3%83%BC%E3%83%88,RuntimeError('HTTP 503'),gif.anime2 実GIFアーカイブ
gif_anime2_0039_00048,gif_anime2,https://gif.anime2.net/wp/wp-content/uploads/2018/05/Gifsmith-47d60fd5-9.gif,https://gif.anime2.net/category/%E3%82%AD%E3%83%A5%E3%83%BC%E3%83%88,RuntimeError('HTTP 503'),gif.anime2 実GIFアーカイブ
gif_anime2_0039_00050,gif_anime2,https://gif.anime2.net/wp/wp-content/uploads/2018/04/Gifsmith-6827fba7-11.gif,https://gif.anime2.net/category/%E3%82%AD%E3%83%A5%E3%83%BC%E3%83%88,RuntimeError('HTTP 503'),gif.anime2 実GIFアーカイブ
gif_anime2_0039_00049,gif_anime2,https://gif.anime2.net/wp/wp-content/uploads/2018/05/Gifsmith-3fb48a60-0.gif,https://gif.anime2.net/category/%E3%82%AD%E3%83%A5%E3%83%BC%E3%83%88,RuntimeError('HTTP 503'),gif.anime2 実GIFアーカイブ
gif_anime2_0039_00051,gif_anime2,https://gif.anime2.net/wp/wp-content/uploads/2018/04/Gifsmith-7d8a9aec-0.gif,https://gif.anime2.net/category/%E3%82%AD%E3%83%A5%E3%83%BC%E3%83%88,RuntimeError('HTTP 503'),gif.anime2 実GIFアーカイブ
gif_anime2_0039_00052,gif_anime2,https://gif.anime2.net/wp/wp-content/uploads/2018/04/Gifsmith-61a51b0b-2.gif,https://gif.anime2.net/category/%E3%82%AD%E3%83%A5%E3%83%BC%E3%83%88,RuntimeError('HTTP 503'),gif.anime2 実GIFアーカイブ
gif_anime2_0039_00053,gif_anime2,https://gif.anime2.net/wp/wp-content/uploads/2018/04/Gifsmith-c8103d7c-0-1.gif,https://gif.anime2.net/category/%E3%82%AD%E3%83%A5%E3%83%BC%E3%83%88,RuntimeError('HTTP 503'),gif.anime2 実GIFアーカイブ
gif_anime2_0039_00054,gif_anime2,https://gif.anime2.net/wp/wp-content/uploads/2018/04/Gifsmith-c82c04fc-27.gif,https://gif.anime2.net/category/%E3%82%AD%E3%83%A5%E3%83%BC%E3%83%88,RuntimeError('HTTP 503'),gif.anime2 実GIFアーカイブ
gif_anime2_0039_00055,gif_anime2,https://gif.anime2.net/wp/wp-content/uploads/2018/04/Gifsmith-213108d1-0.gif,https://gif.anime2.net/category/%E3%82%AD%E3%83%A5%E3%83%BC%E3%83%88,RuntimeError('HTTP 503'),gif.anime2 実GIFアーカイブ
gif_anime2_0039_00056,gif_anime2,https://gif.anime2.net/wp/wp-content/uploads/2018/04/Gifsmith-c6c408b5-4.gif,https://gif.anime2.net/category/%E3%82%AD%E3%83%A5%E3%83%BC%E3%83%88,RuntimeError('HTTP 503'),gif.anime2 実GIFアーカイブ
gif_anime2_0039_00058,gif_anime2,https://gif.anime2.net/wp/wp-content/uploads/2017/11/Gifsmith-b3fa1b35-0.gif,https://gif.anime2.net/category/%E3%82%AD%E3%83%A5%E3%83%BC%E3%83%88,RuntimeError('HTTP 503'),gif.anime2 実GIFアーカイブ
gif_anime2_0039_00057,gif_anime2,https://gif.anime2.net/wp/wp-content/uploads/2018/01/Gifsmith-179de858-0.gif,https://gif.anime2.net/category/%E3%82%AD%E3%83%A5%E3%83%BC%E3%83%88,RuntimeError('HTTP 503'),gif.anime2 実GIFアーカイブ
gif_anime2_0039_00059,gif_anime2,https://gif.anime2.net/wp/wp-content/uploads/2017/11/Gifsmith-3d1b268b-0.gif,https://gif.anime2.net/category/%E3%82%AD%E3%83%A5%E3%83%BC%E3%83%88,RuntimeError('HTTP 503'),gif.anime2 実GIFアーカイブ
gif_anime2_0039_00060,gif_anime2,https://gif.anime2.net/wp/wp-content/uploads/2017/11/Gifsmith-52926d59-0.gif,https://gif.anime2.net/category/%E3%82%AD%E3%83%A5%E3%83%BC%E3%83%88,RuntimeError('HTTP 503'),gif.anime2 実GIFアーカイブ
gif_anime2_0039_00061,gif_anime2,https://gif.anime2.net/wp/wp-content/uploads/2017/11/Gifsmith-a0b5485b-3.gif,https://gif.anime2.net/category/%E3%82%AD%E3%83%A5%E3%83%BC%E3%83%88,RuntimeError('HTTP 503'),gif.anime2 実GIFアーカイブ
gif_anime2_0040_00003,gif_anime2,https://gif.anime2.net/wp/wp-content/uploads/2018/03/Gifsmith-5f05721c-28-thumb.jpg,https://gif.anime2.net/tag/%E3%82%B9%E3%83%9E%E3%83%9B,RuntimeError('HTTP 503'),gif.anime2 実GIFアーカイブ
gif_anime2_0039_00062,gif_anime2,https://gif.anime2.net/wp/wp-content/uploads/2017/11/Gifsmith-b5d4451d-8.gif,https://gif.anime2.net/category/%E3%82%AD%E3%83%A5%E3%83%BC%E3%83%88,RuntimeError('HTTP 503'),gif.anime2 実GIFアーカイブ
gif_anime2_0040_00006,gif_anime2,https://gif.anime2.net/wp/wp-content/uploads/2017/03/Gifsmith-5f05721c-11-2-thumb.jpg,https://gif.anime2.net/tag/%E3%82%B9%E3%83%9E%E3%83%9B,RuntimeError('HTTP 503'),gif.anime2 実GIFアーカイブ
gif_anime2_0040_00007,gif_anime2,https://gif.anime2.net/wp/wp-content/uploads/2017/03/Gifsmith-ae92ea74-5-thumb.jpg,https://gif.anime2.net/tag/%E3%82%B9%E3%83%9E%E3%83%9B,RuntimeError('HTTP 503'),gif.anime2 実GIFアーカイブ
gif_anime2_0040_00004,gif_anime2,https://gif.anime2.net/wp/wp-content/uploads/2017/03/Gifsmith-5f05721c-36-thumb.jpg,https://gif.anime2.net/tag/%E3%82%B9%E3%83%9E%E3%83%9B,RuntimeError('HTTP 503'),gif.anime2 実GIFアーカイブ
gif_anime2_0040_00005,gif_anime2,https://gif.anime2.net/wp/wp-content/uploads/2017/03/Gifsmith-5f05721c-19-2-thumb.jpg,https://gif.anime2.net/tag/%E3%82%B9%E3%83%9E%E3%83%9B,RuntimeError('HTTP 503'),gif.anime2 実GIFアーカイブ
gif_anime2_0040_00008,gif_anime2,https://gif.anime2.net/wp/wp-content/uploads/2016/10/Gifsmith-90f57b64-9-thumb.jpg,https://gif.anime2.net/tag/%E3%82%B9%E3%83%9E%E3%83%9B,RuntimeError('HTTP 503'),gif.anime2 実GIFアーカイブ
gif_anime2_0040_00009,gif_anime2,https://gif.anime2.net/wp/wp-content/uploads/2016/10/Gifsmith-d8aa98c5-0-thumb.jpg,https://gif.anime2.net/tag/%E3%82%B9%E3%83%9E%E3%83%9B,RuntimeError('HTTP 503'),gif.anime2 実GIFアーカイブ
gif_anime2_0040_00014,gif_anime2,https://gif.anime2.net/wp/wp-content/uploads/2016/06/Gifsmith-e46d84d8-0-thumb.jpg,https://gif.anime2.net/tag/%E3%82%B9%E3%83%9E%E3%83%9B,RuntimeError('HTTP 503'),gif.anime2 実GIFアーカイブ
gif_anime2_0040_00012,gif_anime2,https://gif.anime2.net/wp/wp-content/uploads/2016/07/e4778c24-thumb.jpg,https://gif.anime2.net/tag/%E3%82%B9%E3%83%9E%E3%83%9B,RuntimeError('HTTP 503'),gif.anime2 実GIFアーカイブ
gif_anime2_0040_00011,gif_anime2,https://gif.anime2.net/wp/wp-content/uploads/2016/08/Gifsmith-3e0ee37c-0-thumb.jpg,https://gif.anime2.net/tag/%E3%82%B9%E3%83%9E%E3%83%9B,RuntimeError('HTTP 503'),gif.anime2 実GIFアーカイブ
gif_anime2_0040_00013,gif_anime2,https://gif.anime2.net/wp/wp-content/uploads/2016/07/Gifsmith-ce499a34-16-thumb.jpg,https://gif.anime2.net/tag/%E3%82%B9%E3%83%9E%E3%83%9B,RuntimeError('HTTP 503'),gif.anime2 実GIFアーカイブ
gif_anime2_0040_00010,gif_anime2,https://gif.anime2.net/wp/wp-content/uploads/2016/10/Gifsmith-e4ed3bb1-0-thumb.jpg,https://gif.anime2.net/tag/%E3%82%B9%E3%83%9E%E3%83%9B,RuntimeError('HTTP 503'),gif.anime2 実GIFアーカイブ
gif_anime2_0040_00038,gif_anime2,https://gif.anime2.net/wp/wp-content/uploads/2017/03/Gifsmith-5f05721c-36.gif,https://gif.anime2.net/tag/%E3%82%B9%E3%83%9E%E3%83%9B,RuntimeError('HTTP 503'),gif.anime2 実GIFアーカイブ
gif_anime2_0040_00015,gif_anime2,https://gif.anime2.net/wp/wp-content/uploads/2016/03/112ac280-thumb.jpg,https://gif.anime2.net/tag/%E3%82%B9%E3%83%9E%E3%83%9B,RuntimeError('HTTP 503'),gif.anime2 実GIFアーカイブ
gif_anime2_0040_00037,gif_anime2,https://gif.anime2.net/wp/wp-content/uploads/2018/03/Gifsmith-5f05721c-28.gif,https://gif.anime2.net/tag/%E3%82%B9%E3%83%9E%E3%83%9B,RuntimeError('HTTP 503'),gif.anime2 実GIFアーカイブ
gif_anime2_0040_00039,gif_anime2,https://gif.anime2.net/wp/wp-content/uploads/2017/03/Gifsmith-5f05721c-19-2.gif,https://gif.anime2.net/tag/%E3%82%B9%E3%83%9E%E3%83%9B,RuntimeError('HTTP 503'),gif.anime2 実GIFアーカイブ
gif_anime2_0040_00040,gif_anime2,https://gif.anime2.net/wp/wp-content/uploads/2017/03/Gifsmith-5f05721c-11-2.gif,https://gif.anime2.net/tag/%E3%82%B9%E3%83%9E%E3%83%9B,RuntimeError('HTTP 503'),gif.anime2 実GIFアーカイブ
gif_anime2_0040_00041,gif_anime2,https://gif.anime2.net/wp/wp-content/uploads/2017/03/Gifsmith-ae92ea74-5.gif,https://gif.anime2.net/tag/%E3%82%B9%E3%83%9E%E3%83%9B,RuntimeError('HTTP 503'),gif.anime2 実GIFアーカイブ
gif_anime2_0040_00044,gif_anime2,https://gif.anime2.net/wp/wp-content/uploads/2016/10/Gifsmith-e4ed3bb1-0.gif,https://gif.anime2.net/tag/%E3%82%B9%E3%83%9E%E3%83%9B,RuntimeError('HTTP 503'),gif.anime2 実GIFアーカイブ
gif_anime2_0040_00042,gif_anime2,https://gif.anime2.net/wp/wp-content/uploads/2016/10/Gifsmith-90f57b64-9.gif,https://gif.anime2.net/tag/%E3%82%B9%E3%83%9E%E3%83%9B,RuntimeError('HTTP 503'),gif.anime2 実GIFアーカイブ
gif_anime2_0040_00043,gif_anime2,https://gif.anime2.net/wp/wp-content/uploads/2016/10/Gifsmith-d8aa98c5-0.gif,https://gif.anime2.net/tag/%E3%82%B9%E3%83%9E%E3%83%9B,RuntimeError('HTTP 503'),gif.anime2 実GIFアーカイブ
gif_anime2_0040_00045,gif_anime2,https://gif.anime2.net/wp/wp-content/uploads/2016/08/Gifsmith-3e0ee37c-0.gif,https://gif.anime2.net/tag/%E3%82%B9%E3%83%9E%E3%83%9B,RuntimeError('HTTP 503'),gif.anime2 実GIFアーカイブ
gif_anime2_0040_00046,gif_anime2,https://gif.anime2.net/wp/wp-content/uploads/2016/07/e4778c24.gif,https://gif.anime2.net/tag/%E3%82%B9%E3%83%9E%E3%83%9B,RuntimeError('HTTP 503'),gif.anime2 実GIFアーカイブ
gif_anime2_0040_00048,gif_anime2,https://gif.anime2.net/wp/wp-content/uploads/2016/06/Gifsmith-e46d84d8-0.gif,https://gif.anime2.net/tag/%E3%82%B9%E3%83%9E%E3%83%9B,RuntimeError('HTTP 503'),gif.anime2 実GIFアーカイブ
gif_anime2_0040_00047,gif_anime2,https://gif.anime2.net/wp/wp-content/uploads/2016/07/Gifsmith-ce499a34-16.gif,https://gif.anime2.net/tag/%E3%82%B9%E3%83%9E%E3%83%9B,RuntimeError('HTTP 503'),gif.anime2 実GIFアーカイブ
gif_anime2_0041_00003,gif_anime2,https://gif.anime2.net/wp/wp-content/uploads/2018/09/Gifsmith-7c964e7c-6-thumb.jpg,https://gif.anime2.net/tag/%E3%83%90%E3%82%B9,RuntimeError('HTTP 503'),gif.anime2 実GIFアーカイブ
gif_anime2_0040_00049,gif_anime2,https://gif.anime2.net/wp/wp-content/uploads/2016/03/112ac280.gif,https://gif.anime2.net/tag/%E3%82%B9%E3%83%9E%E3%83%9B,RuntimeError('HTTP 503'),gif.anime2 実GIFアーカイブ
gif_anime2_0041_00005,gif_anime2,https://gif.anime2.net/wp/wp-content/uploads/2018/01/Gifsmith-cf36cf4a-4-thumb.jpg,https://gif.anime2.net/tag/%E3%83%90%E3%82%B9,RuntimeError('HTTP 503'),gif.anime2 実GIFアーカイブ
gif_anime2_0041_00004,gif_anime2,https://gif.anime2.net/wp/wp-content/uploads/2018/02/Gifsmith-5f05721c-8-thumb.jpg,https://gif.anime2.net/tag/%E3%83%90%E3%82%B9,RuntimeError('HTTP 503'),gif.anime2 実GIFアーカイブ
gif_anime2_0041_00007,gif_anime2,https://gif.anime2.net/wp/wp-content/uploads/2017/09/Gifsmith-1f43b9a8-15-thumb.jpg,https://gif.anime2.net/tag/%E3%83%90%E3%82%B9,RuntimeError('HTTP 503'),gif.anime2 実GIFアーカイブ
gif_anime2_0041_00006,gif_anime2,https://gif.anime2.net/wp/wp-content/uploads/2017/10/Gifsmith-266d1b13-0-thumb.jpg,https://gif.anime2.net/tag/%E3%83%90%E3%82%B9,RuntimeError('HTTP 503'),gif.anime2 実GIFアーカイブ
gif_anime2_0041_00008,gif_anime2,https://gif.anime2.net/wp/wp-content/uploads/2017/07/Gifsmith-77b42c5d-0-thumb.jpg,https://gif.anime2.net/tag/%E3%83%90%E3%82%B9,RuntimeError('HTTP 503'),gif.anime2 実GIFアーカイブ
gif_anime2_0041_00009,gif_anime2,https://gif.anime2.net/wp/wp-content/uploads/2017/06/Gifsmith-6be16861-4-thumb.jpg,https://gif.anime2.net/tag/%E3%83%90%E3%82%B9,RuntimeError('HTTP 503'),gif.anime2 実GIFアーカイブ
gif_anime2_0041_00011,gif_anime2,https://gif.anime2.net/wp/wp-content/uploads/2017/02/Gifsmith-067680fe-0-thumb.jpg,https://gif.anime2.net/tag/%E3%83%90%E3%82%B9,RuntimeError('HTTP 503'),gif.anime2 実GIFアーカイブ
gif_anime2_0041_00012,gif_anime2,https://gif.anime2.net/wp/wp-content/uploads/2017/01/Gifsmith-049f9610-6-thumb.jpg,https://gif.anime2.net/tag/%E3%83%90%E3%82%B9,RuntimeError('HTTP 503'),gif.anime2 実GIFアーカイブ
gif_anime2_0041_00010,gif_anime2,https://gif.anime2.net/wp/wp-content/uploads/2017/05/Gifsmith-5f05721c-7-5-thumb.jpg,https://gif.anime2.net/tag/%E3%83%90%E3%82%B9,RuntimeError('HTTP 503'),gif.anime2 実GIFアーカイブ
gif_anime2_0041_00017,gif_anime2,https://gif.anime2.net/wp/wp-content/uploads/2016/12/Gifsmith-846661e4-22-thumb.jpg,https://gif.anime2.net/tag/%E3%83%90%E3%82%B9,RuntimeError('HTTP 503'),gif.anime2 実GIFアーカイブ
gif_anime2_0041_00018,gif_anime2,https://gif.anime2.net/wp/wp-content/uploads/2016/11/Gifsmith-3ab5635e-10-thumb.jpg,https://gif.anime2.net/tag/%E3%83%90%E3%82%B9,RuntimeError('HTTP 503'),gif.anime2 実GIFアーカイブ
gif_anime2_0041_00015,gif_anime2,https://gif.anime2.net/wp/wp-content/uploads/2016/12/Gifsmith-21c3d32b-6-thumb.jpg,https://gif.anime2.net/tag/%E3%83%90%E3%82%B9,RuntimeError('HTTP 503'),gif.anime2 実GIFアーカイブ
gif_anime2_0041_00014,gif_anime2,https://gif.anime2.net/wp/wp-content/uploads/2017/01/Gifsmith-c83dbfc3-16-thumb.jpg,https://gif.anime2.net/tag/%E3%83%90%E3%82%B9,RuntimeError('HTTP 503'),gif.anime2 実GIFアーカイブ
gif_anime2_0041_00016,gif_anime2,https://gif.anime2.net/wp/wp-content/uploads/2016/12/Gifsmith-b3b9c850-36-thumb.jpg,https://gif.anime2.net/tag/%E3%83%90%E3%82%B9,RuntimeError('HTTP 503'),gif.anime2 実GIFアーカイブ
gif_anime2_0041_00013,gif_anime2,https://gif.anime2.net/wp/wp-content/uploads/2017/01/Gifsmith-4a8af8cb-39-thumb.jpg,https://gif.anime2.net/tag/%E3%83%90%E3%82%B9,RuntimeError('HTTP 503'),gif.anime2 実GIFアーカイブ
gif_anime2_0041_00019,gif_anime2,https://gif.anime2.net/wp/wp-content/uploads/2016/10/Gifsmith-b7d0b30f-17-thumb.jpg,https://gif.anime2.net/tag/%E3%83%90%E3%82%B9,RuntimeError('HTTP 503'),gif.anime2 実GIFアーカイブ
gif_anime2_0041_00020,gif_anime2,https://gif.anime2.net/wp/wp-content/uploads/2016/08/Gifsmith-b22fcd50-0-thumb.jpg,https://gif.anime2.net/tag/%E3%83%90%E3%82%B9,RuntimeError('HTTP 503'),gif.anime2 実GIFアーカイブ
gif_anime2_0041_00021,gif_anime2,https://gif.anime2.net/wp/wp-content/uploads/2016/08/Gifsmith-741ca581-26-thumb.jpg,https://gif.anime2.net/tag/%E3%83%90%E3%82%B9,RuntimeError('HTTP 503'),gif.anime2 実GIFアーカイブ
gif_anime2_0041_00044,gif_anime2,https://gif.anime2.net/wp/wp-content/uploads/2018/02/Gifsmith-5f05721c-8.gif,https://gif.anime2.net/tag/%E3%83%90%E3%82%B9,RuntimeError('HTTP 503'),gif.anime2 実GIFアーカイブ
gif_anime2_0041_00043,gif_anime2,https://gif.anime2.net/wp/wp-content/uploads/2018/09/Gifsmith-7c964e7c-6.gif,https://gif.anime2.net/tag/%E3%83%90%E3%82%B9,RuntimeError('HTTP 503'),gif.anime2 実GIFアーカイブ
gif_anime2_0041_00045,gif_anime2,https://gif.anime2.net/wp/wp-content/uploads/2018/01/Gifsmith-cf36cf4a-4.gif,https://gif.anime2.net/tag/%E3%83%90%E3%82%B9,RuntimeError('HTTP 503'),gif.anime2 実GIFアーカイブ
gif_anime2_0041_00047,gif_anime2,https://gif.anime2.net/wp/wp-content/uploads/2017/09/Gifsmith-1f43b9a8-15.gif,https://gif.anime2.net/tag/%E3%83%90%E3%82%B9,RuntimeError('HTTP 503'),gif.anime2 実GIFアーカイブ
gif_anime2_0041_00046,gif_anime2,https://gif.anime2.net/wp/wp-content/uploads/2017/10/Gifsmith-266d1b13-0.gif,https://gif.anime2.net/tag/%E3%83%90%E3%82%B9,RuntimeError('HTTP 503'),gif.anime2 実GIFアーカイブ
gif_anime2_0041_00048,gif_anime2,https://gif.anime2.net/wp/wp-content/uploads/2017/07/Gifsmith-77b42c5d-0.gif,https://gif.anime2.net/tag/%E3%83%90%E3%82%B9,RuntimeError('HTTP 503'),gif.anime2 実GIFアーカイブ
gif_anime2_0041_00050,gif_anime2,https://gif.anime2.net/wp/wp-content/uploads/2017/05/Gifsmith-5f05721c-7-5.gif,https://gif.anime2.net/tag/%E3%83%90%E3%82%B9,RuntimeError('HTTP 503'),gif.anime2 実GIFアーカイブ
gif_anime2_0041_00049,gif_anime2,https://gif.anime2.net/wp/wp-content/uploads/2017/06/Gifsmith-6be16861-4.gif,https://gif.anime2.net/tag/%E3%83%90%E3%82%B9,RuntimeError('HTTP 503'),gif.anime2 実GIFアーカイブ
gif_anime2_0041_00051,gif_anime2,https://gif.anime2.net/wp/wp-content/uploads/2017/02/Gifsmith-067680fe-0.gif,https://gif.anime2.net/tag/%E3%83%90%E3%82%B9,RuntimeError('HTTP 503'),gif.anime2 実GIFアーカイブ
gif_anime2_0041_00052,gif_anime2,https://gif.anime2.net/wp/wp-content/uploads/2017/01/Gifsmith-049f9610-6.gif,https://gif.anime2.net/tag/%E3%83%90%E3%82%B9,RuntimeError('HTTP 503'),gif.anime2 実GIFアーカイブ
gif_anime2_0041_00054,gif_anime2,https://gif.anime2.net/wp/wp-content/uploads/2017/01/Gifsmith-c83dbfc3-16.gif,https://gif.anime2.net/tag/%E3%83%90%E3%82%B9,RuntimeError('HTTP 503'),gif.anime2 実GIFアーカイブ
gif_anime2_0041_00053,gif_anime2,https://gif.anime2.net/wp/wp-content/uploads/2017/01/Gifsmith-4a8af8cb-39.gif,https://gif.anime2.net/tag/%E3%83%90%E3%82%B9,RuntimeError('HTTP 503'),gif.anime2 実GIFアーカイブ
gif_anime2_0041_00055,gif_anime2,https://gif.anime2.net/wp/wp-content/uploads/2016/12/Gifsmith-21c3d32b-6.gif,https://gif.anime2.net/tag/%E3%83%90%E3%82%B9,RuntimeError('HTTP 503'),gif.anime2 実GIFアーカイブ
gif_anime2_0041_00056,gif_anime2,https://gif.anime2.net/wp/wp-content/uploads/2016/12/Gifsmith-b3b9c850-36.gif,https://gif.anime2.net/tag/%E3%83%90%E3%82%B9,RuntimeError('HTTP 503'),gif.anime2 実GIFアーカイブ
gif_anime2_0041_00057,gif_anime2,https://gif.anime2.net/wp/wp-content/uploads/2016/12/Gifsmith-846661e4-22.gif,https://gif.anime2.net/tag/%E3%83%90%E3%82%B9,RuntimeError('HTTP 503'),gif.anime2 実GIFアーカイブ
gif_anime2_0041_00058,gif_anime2,https://gif.anime2.net/wp/wp-content/uploads/2016/11/Gifsmith-3ab5635e-10.gif,https://gif.anime2.net/tag/%E3%83%90%E3%82%B9,RuntimeError('HTTP 503'),gif.anime2 実GIFアーカイブ
gif_anime2_0041_00059,gif_anime2,https://gif.anime2.net/wp/wp-content/uploads/2016/10/Gifsmith-b7d0b30f-17.gif,https://gif.anime2.net/tag/%E3%83%90%E3%82%B9,RuntimeError('HTTP 503'),gif.anime2 実GIFアーカイブ
gif_anime2_0041_00060,gif_anime2,https://gif.anime2.net/wp/wp-content/uploads/2016/08/Gifsmith-b22fcd50-0.gif,https://gif.anime2.net/tag/%E3%83%90%E3%82%B9,RuntimeError('HTTP 503'),gif.anime2 実GIFアーカイブ
gif_anime2_0041_00061,gif_anime2,https://gif.anime2.net/wp/wp-content/uploads/2016/08/Gifsmith-741ca581-26.gif,https://gif.anime2.net/tag/%E3%83%90%E3%82%B9,RuntimeError('HTTP 503'),gif.anime2 実GIFアーカイブ
gif_anime2_0042_00005,gif_anime2,https://gif.anime2.net/wp/wp-content/uploads/2017/09/Gifsmith-5f05721c-11-thumb.jpg,https://gif.anime2.net/tag/%E3%83%AA%E3%83%95%E3%83%86%E3%82%A3%E3%83%B3%E3%82%B0,RuntimeError('HTTP 503'),gif.anime2 実GIFアーカイブ
gif_anime2_0042_00008,gif_anime2,https://gif.anime2.net/wp/wp-content/uploads/2017/02/Gifsmith-ba98e1a2-17-thumb.jpg,https://gif.anime2.net/tag/%E3%83%AA%E3%83%95%E3%83%86%E3%82%A3%E3%83%B3%E3%82%B0,RuntimeError('HTTP 503'),gif.anime2 実GIFアーカイブ
gif_anime2_0042_00007,gif_anime2,https://gif.anime2.net/wp/wp-content/uploads/2017/03/Gifsmith-4322a7c7-6-thumb.jpg,https://gif.anime2.net/tag/%E3%83%AA%E3%83%95%E3%83%86%E3%82%A3%E3%83%B3%E3%82%B0,RuntimeError('HTTP 503'),gif.anime2 実GIFアーカイブ
gif_anime2_0042_00009,gif_anime2,https://gif.anime2.net/wp/wp-content/uploads/2017/01/Gifsmith-e5f74dc8-36-thumb.jpg,https://gif.anime2.net/tag/%E3%83%AA%E3%83%95%E3%83%86%E3%82%A3%E3%83%B3%E3%82%B0,RuntimeError('HTTP 503'),gif.anime2 実GIFアーカイブ
gif_anime2_0042_00006,gif_anime2,https://gif.anime2.net/wp/wp-content/uploads/2017/03/Gifsmith-5f05721c-17-thumb.jpg,https://gif.anime2.net/tag/%E3%83%AA%E3%83%95%E3%83%86%E3%82%A3%E3%83%B3%E3%82%B0,RuntimeError('HTTP 503'),gif.anime2 実GIFアーカイブ
gif_anime2_0042_00010,gif_anime2,https://gif.anime2.net/wp/wp-content/uploads/2017/01/Gifsmith-40a6b697-33-thumb.jpg,https://gif.anime2.net/tag/%E3%83%AA%E3%83%95%E3%83%86%E3%82%A3%E3%83%B3%E3%82%B0,RuntimeError('HTTP 503'),gif.anime2 実GIFアーカイブ
gif_anime2_0042_00011,gif_anime2,https://gif.anime2.net/wp/wp-content/uploads/2017/01/Gifsmith-bc7705c9-17-thumb.jpg,https://gif.anime2.net/tag/%E3%83%AA%E3%83%95%E3%83%86%E3%82%A3%E3%83%B3%E3%82%B0,RuntimeError('HTTP 503'),gif.anime2 実GIFアーカイブ
gif_anime2_0042_00012,gif_anime2,https://gif.anime2.net/wp/wp-content/uploads/2016/12/Gifsmith-9bd00b85-32-thumb.jpg,https://gif.anime2.net/tag/%E3%83%AA%E3%83%95%E3%83%86%E3%82%A3%E3%83%B3%E3%82%B0,RuntimeError('HTTP 503'),gif.anime2 実GIFアーカイブ
gif_anime2_0042_00014,gif_anime2,https://gif.anime2.net/wp/wp-content/uploads/2016/11/Gifsmith-a2007a43-2-thumb.jpg,https://gif.anime2.net/tag/%E3%83%AA%E3%83%95%E3%83%86%E3%82%A3%E3%83%B3%E3%82%B0,RuntimeError('HTTP 503'),gif.anime2 実GIFアーカイブ
gif_anime2_0042_00013,gif_anime2,https://gif.anime2.net/wp/wp-content/uploads/2016/12/Gifsmith-da4df508-23-thumb.jpg,https://gif.anime2.net/tag/%E3%83%AA%E3%83%95%E3%83%86%E3%82%A3%E3%83%B3%E3%82%B0,RuntimeError('HTTP 503'),gif.anime2 実GIFアーカイブ
gif_anime2_0042_00015,gif_anime2,https://gif.anime2.net/wp/wp-content/uploads/2016/09/Gifsmith-0da2f941-27-thumb.jpg,https://gif.anime2.net/tag/%E3%83%AA%E3%83%95%E3%83%86%E3%82%A3%E3%83%B3%E3%82%B0,RuntimeError('HTTP 503'),gif.anime2 実GIFアーカイブ
gif_anime2_0042_00017,gif_anime2,https://gif.anime2.net/wp/wp-content/uploads/2016/05/Gifsmith-7330d809-3-thumb.jpg,https://gif.anime2.net/tag/%E3%83%AA%E3%83%95%E3%83%86%E3%82%A3%E3%83%B3%E3%82%B0,RuntimeError('HTTP 503'),gif.anime2 実GIFアーカイブ
gif_anime2_0042_00016,gif_anime2,https://gif.anime2.net/wp/wp-content/uploads/2016/06/Gifsmith-b89b6494-0-thumb.jpg,https://gif.anime2.net/tag/%E3%83%AA%E3%83%95%E3%83%86%E3%82%A3%E3%83%B3%E3%82%B0,RuntimeError('HTTP 503'),gif.anime2 実GIFアーカイブ
gif_anime2_0042_00019,gif_anime2,https://gif.anime2.net/wp/wp-content/uploads/2016/04/1584290128-thumb.jpg,https://gif.anime2.net/tag/%E3%83%AA%E3%83%95%E3%83%86%E3%82%A3%E3%83%B3%E3%82%B0,RuntimeError('HTTP 503'),gif.anime2 実GIFアーカイブ
gif_anime2_0042_00018,gif_anime2,https://gif.anime2.net/wp/wp-content/uploads/2016/05/2468014429-thumb.jpg,https://gif.anime2.net/tag/%E3%83%AA%E3%83%95%E3%83%86%E3%82%A3%E3%83%B3%E3%82%B0,RuntimeError('HTTP 503'),gif.anime2 実GIFアーカイブ
gif_anime2_0042_00020,gif_anime2,https://gif.anime2.net/wp/wp-content/uploads/2016/03/4175670906-thumb.jpg,https://gif.anime2.net/tag/%E3%83%AA%E3%83%95%E3%83%86%E3%82%A3%E3%83%B3%E3%82%B0,RuntimeError('HTTP 503'),gif.anime2 実GIFアーカイブ
gif_anime2_0042_00021,gif_anime2,https://gif.anime2.net/wp/wp-content/uploads/2015/12/9lNZWrDbTpc-thumb.jpg,https://gif.anime2.net/tag/%E3%83%AA%E3%83%95%E3%83%86%E3%82%A3%E3%83%B3%E3%82%B0,RuntimeError('HTTP 503'),gif.anime2 実GIFアーカイブ
gif_anime2_0042_00045,gif_anime2,https://gif.anime2.net/wp/wp-content/uploads/2017/09/Gifsmith-5f05721c-11.gif,https://gif.anime2.net/tag/%E3%83%AA%E3%83%95%E3%83%86%E3%82%A3%E3%83%B3%E3%82%B0,RuntimeError('HTTP 503'),gif.anime2 実GIFアーカイブ
gif_anime2_0042_00047,gif_anime2,https://gif.anime2.net/wp/wp-content/uploads/2017/03/Gifsmith-4322a7c7-6.gif,https://gif.anime2.net/tag/%E3%83%AA%E3%83%95%E3%83%86%E3%82%A3%E3%83%B3%E3%82%B0,RuntimeError('HTTP 503'),gif.anime2 実GIFアーカイブ
gif_anime2_0042_00046,gif_anime2,https://gif.anime2.net/wp/wp-content/uploads/2017/03/Gifsmith-5f05721c-17.gif,https://gif.anime2.net/tag/%E3%83%AA%E3%83%95%E3%83%86%E3%82%A3%E3%83%B3%E3%82%B0,RuntimeError('HTTP 503'),gif.anime2 実GIFアーカイブ
gif_anime2_0042_00048,gif_anime2,https://gif.anime2.net/wp/wp-content/uploads/2017/02/Gifsmith-ba98e1a2-17.gif,https://gif.anime2.net/tag/%E3%83%AA%E3%83%95%E3%83%86%E3%82%A3%E3%83%B3%E3%82%B0,RuntimeError('HTTP 503'),gif.anime2 実GIFアーカイブ
gif_anime2_0042_00049,gif_anime2,https://gif.anime2.net/wp/wp-content/uploads/2017/01/Gifsmith-e5f74dc8-36.gif,https://gif.anime2.net/tag/%E3%83%AA%E3%83%95%E3%83%86%E3%82%A3%E3%83%B3%E3%82%B0,RuntimeError('HTTP 503'),gif.anime2 実GIFアーカイブ
gif_anime2_0042_00050,gif_anime2,https://gif.anime2.net/wp/wp-content/uploads/2017/01/Gifsmith-40a6b697-33.gif,https://gif.anime2.net/tag/%E3%83%AA%E3%83%95%E3%83%86%E3%82%A3%E3%83%B3%E3%82%B0,RuntimeError('HTTP 503'),gif.anime2 実GIFアーカイブ
gif_anime2_0042_00051,gif_anime2,https://gif.anime2.net/wp/wp-content/uploads/2017/01/Gifsmith-bc7705c9-17.gif,https://gif.anime2.net/tag/%E3%83%AA%E3%83%95%E3%83%86%E3%82%A3%E3%83%B3%E3%82%B0,RuntimeError('HTTP 503'),gif.anime2 実GIFアーカイブ
gif_anime2_0042_00052,gif_anime2,https://gif.anime2.net/wp/wp-content/uploads/2016/12/Gifsmith-9bd00b85-32.gif,https://gif.anime2.net/tag/%E3%83%AA%E3%83%95%E3%83%86%E3%82%A3%E3%83%B3%E3%82%B0,RuntimeError('HTTP 503'),gif.anime2 実GIFアーカイブ
gif_anime2_0042_00054,gif_anime2,https://gif.anime2.net/wp/wp-content/uploads/2016/11/Gifsmith-a2007a43-2.gif,https://gif.anime2.net/tag/%E3%83%AA%E3%83%95%E3%83%86%E3%82%A3%E3%83%B3%E3%82%B0,RuntimeError('HTTP 503'),gif.anime2 実GIFアーカイブ
gif_anime2_0042_00053,gif_anime2,https://gif.anime2.net/wp/wp-content/uploads/2016/12/Gifsmith-da4df508-23.gif,https://gif.anime2.net/tag/%E3%83%AA%E3%83%95%E3%83%86%E3%82%A3%E3%83%B3%E3%82%B0,RuntimeError('HTTP 503'),gif.anime2 実GIFアーカイブ
gif_anime2_0042_00055,gif_anime2,https://gif.anime2.net/wp/wp-content/uploads/2016/09/Gifsmith-0da2f941-27.gif,https://gif.anime2.net/tag/%E3%83%AA%E3%83%95%E3%83%86%E3%82%A3%E3%83%B3%E3%82%B0,RuntimeError('HTTP 503'),gif.anime2 実GIFアーカイブ
gif_anime2_0042_00056,gif_anime2,https://gif.anime2.net/wp/wp-content/uploads/2016/06/Gifsmith-b89b6494-0.gif,https://gif.anime2.net/tag/%E3%83%AA%E3%83%95%E3%83%86%E3%82%A3%E3%83%B3%E3%82%B0,RuntimeError('HTTP 503'),gif.anime2 実GIFアーカイブ
gif_anime2_0042_00057,gif_anime2,https://gif.anime2.net/wp/wp-content/uploads/2016/05/Gifsmith-7330d809-3.gif,https://gif.anime2.net/tag/%E3%83%AA%E3%83%95%E3%83%86%E3%82%A3%E3%83%B3%E3%82%B0,RuntimeError('HTTP 503'),gif.anime2 実GIFアーカイブ
gif_anime2_0042_00058,gif_anime2,https://gif.anime2.net/wp/wp-content/uploads/2016/05/2468014429.gif,https://gif.anime2.net/tag/%E3%83%AA%E3%83%95%E3%83%86%E3%82%A3%E3%83%B3%E3%82%B0,RuntimeError('HTTP 503'),gif.anime2 実GIFアーカイブ
gif_anime2_0042_00059,gif_anime2,https://gif.anime2.net/wp/wp-content/uploads/2016/04/1584290128.gif,https://gif.anime2.net/tag/%E3%83%AA%E3%83%95%E3%83%86%E3%82%A3%E3%83%B3%E3%82%B0,RuntimeError('HTTP 503'),gif.anime2 実GIFアーカイブ
gif_anime2_0042_00060,gif_anime2,https://gif.anime2.net/wp/wp-content/uploads/2016/03/4175670906.gif,https://gif.anime2.net/tag/%E3%83%AA%E3%83%95%E3%83%86%E3%82%A3%E3%83%B3%E3%82%B0,RuntimeError('HTTP 503'),gif.anime2 実GIFアーカイブ
gif_anime2_0042_00061,gif_anime2,https://gif.anime2.net/wp/wp-content/uploads/2015/12/9lNZWrDbTpc.gif,https://gif.anime2.net/tag/%E3%83%AA%E3%83%95%E3%83%86%E3%82%A3%E3%83%B3%E3%82%B0,RuntimeError('HTTP 503'),gif.anime2 実GIFアーカイブ
gif_anime2_0045_00004,gif_anime2,https://gif.anime2.net/wp/wp-content/uploads/2018/07/Gifsmith-6cbc703c-6-thumb.jpg,https://gif.anime2.net/category/%E8%81%B7%E4%BA%BA%E6%8A%80,RuntimeError('HTTP 503'),gif.anime2 実GIFアーカイブ
gif_anime2_0045_00005,gif_anime2,https://gif.anime2.net/wp/wp-content/uploads/2018/06/Gifsmith-92420dd5-23-thumb.jpg,https://gif.anime2.net/category/%E8%81%B7%E4%BA%BA%E6%8A%80,RuntimeError('HTTP 503'),gif.anime2 実GIFアーカイブ
gif_anime2_0045_00006,gif_anime2,https://gif.anime2.net/wp/wp-content/uploads/2018/04/Gifsmith-c0319a17-6-thumb.jpg,https://gif.anime2.net/category/%E8%81%B7%E4%BA%BA%E6%8A%80,RuntimeError('HTTP 503'),gif.anime2 実GIFアーカイブ
gif_anime2_0045_00007,gif_anime2,https://gif.anime2.net/wp/wp-content/uploads/2018/04/Gifsmith-6f6d6df0-0-thumb.jpg,https://gif.anime2.net/category/%E8%81%B7%E4%BA%BA%E6%8A%80,RuntimeError('HTTP 503'),gif.anime2 実GIFアーカイブ
gif_anime2_0045_00008,gif_anime2,https://gif.anime2.net/wp/wp-content/uploads/2018/04/Gifsmith-348bbfeb-4-thumb.jpg,https://gif.anime2.net/category/%E8%81%B7%E4%BA%BA%E6%8A%80,RuntimeError('HTTP 503'),gif.anime2 実GIFアーカイブ
gif_anime2_0045_00009,gif_anime2,https://gif.anime2.net/wp/wp-content/uploads/2018/03/Gifsmith-5f05721c-7-thumb.jpg,https://gif.anime2.net/category/%E8%81%B7%E4%BA%BA%E6%8A%80,RuntimeError('HTTP 503'),gif.anime2 実GIFアーカイブ
gif_anime2_0045_00010,gif_anime2,https://gif.anime2.net/wp/wp-content/uploads/2018/03/Gifsmith-5f05721c-3-2-thumb.jpg,https://gif.anime2.net/category/%E8%81%B7%E4%BA%BA%E6%8A%80,RuntimeError('HTTP 503'),gif.anime2 実GIFアーカイブ
gif_anime2_0045_00011,gif_anime2,https://gif.anime2.net/wp/wp-content/uploads/2018/03/Gifsmith-5f05721c-6-thumb.jpg,https://gif.anime2.net/category/%E8%81%B7%E4%BA%BA%E6%8A%80,RuntimeError('HTTP 503'),gif.anime2 実GIFアーカイブ
gif_anime2_0045_00012,gif_anime2,https://gif.anime2.net/wp/wp-content/uploads/2018/03/Gifsmith-5f9e5f09-24-thumb.jpg,https://gif.anime2.net/category/%E8%81%B7%E4%BA%BA%E6%8A%80,RuntimeError('HTTP 503'),gif.anime2 実GIFアーカイブ
gif_anime2_0045_00013,gif_anime2,https://gif.anime2.net/wp/wp-content/uploads/2018/02/Gifsmith-71829991-0-thumb.jpg,https://gif.anime2.net/category/%E8%81%B7%E4%BA%BA%E6%8A%80,RuntimeError('HTTP 503'),gif.anime2 実GIFアーカイブ
gif_anime2_0045_00017,gif_anime2,https://gif.anime2.net/wp/wp-content/uploads/2018/01/Gifsmith-5f05721c-12-thumb.jpg,https://gif.anime2.net/category/%E8%81%B7%E4%BA%BA%E6%8A%80,RuntimeError('HTTP 503'),gif.anime2 実GIFアーカイブ
gif_anime2_0045_00016,gif_anime2,https://gif.anime2.net/wp/wp-content/uploads/2018/02/Gifsmith-5f05721c-3-thumb.jpg,https://gif.anime2.net/category/%E8%81%B7%E4%BA%BA%E6%8A%80,RuntimeError('HTTP 503'),gif.anime2 実GIFアーカイブ
gif_anime2_0045_00018,gif_anime2,https://gif.anime2.net/wp/wp-content/uploads/2018/01/Gifsmith-f78492f0-3-thumb.jpg,https://gif.anime2.net/category/%E8%81%B7%E4%BA%BA%E6%8A%80,RuntimeError('HTTP 503'),gif.anime2 実GIFアーカイブ
gif_anime2_0045_00015,gif_anime2,https://gif.anime2.net/wp/wp-content/uploads/2018/02/Gifsmith-5f05721c-7-thumb.jpg,https://gif.anime2.net/category/%E8%81%B7%E4%BA%BA%E6%8A%80,RuntimeError('HTTP 503'),gif.anime2 実GIFアーカイブ
gif_anime2_0045_00014,gif_anime2,https://gif.anime2.net/wp/wp-content/uploads/2018/02/Gifsmith-5f05721c-12-thumb.jpg,https://gif.anime2.net/category/%E8%81%B7%E4%BA%BA%E6%8A%80,RuntimeError('HTTP 503'),gif.anime2 実GIFアーカイブ
gif_anime2_0045_00019,gif_anime2,https://gif.anime2.net/wp/wp-content/uploads/2017/11/Gifsmith-3707dad4-2-thumb.jpg,https://gif.anime2.net/category/%E8%81%B7%E4%BA%BA%E6%8A%80,RuntimeError('HTTP 503'),gif.anime2 実GIFアーカイブ
gif_anime2_0045_00020,gif_anime2,https://gif.anime2.net/wp/wp-content/uploads/2017/10/Gifsmith-5f05721c-10-thumb.jpg,https://gif.anime2.net/category/%E8%81%B7%E4%BA%BA%E6%8A%80,RuntimeError('HTTP 503'),gif.anime2 実GIFアーカイブ
gif_anime2_0045_00021,gif_anime2,https://gif.anime2.net/wp/wp-content/uploads/2017/09/Gifsmith-cdb6ae7d-0-thumb.jpg,https://gif.anime2.net/category/%E8%81%B7%E4%BA%BA%E6%8A%80,RuntimeError('HTTP 503'),gif.anime2 実GIFアーカイブ
gif_anime2_0045_00044,gif_anime2,https://gif.anime2.net/wp/wp-content/uploads/2018/07/Gifsmith-6cbc703c-6.gif,https://gif.anime2.net/category/%E8%81%B7%E4%BA%BA%E6%8A%80,RuntimeError('HTTP 503'),gif.anime2 実GIFアーカイブ
gif_anime2_0045_00045,gif_anime2,https://gif.anime2.net/wp/wp-content/uploads/2018/06/Gifsmith-92420dd5-23.gif,https://gif.anime2.net/category/%E8%81%B7%E4%BA%BA%E6%8A%80,RuntimeError('HTTP 503'),gif.anime2 実GIFアーカイブ
gif_anime2_0045_00046,gif_anime2,https://gif.anime2.net/wp/wp-content/uploads/2018/04/Gifsmith-c0319a17-6.gif,https://gif.anime2.net/category/%E8%81%B7%E4%BA%BA%E6%8A%80,RuntimeError('HTTP 503'),gif.anime2 実GIFアーカイブ
gif_anime2_0045_00048,gif_anime2,https://gif.anime2.net/wp/wp-content/uploads/2018/04/Gifsmith-348bbfeb-4.gif,https://gif.anime2.net/category/%E8%81%B7%E4%BA%BA%E6%8A%80,RuntimeError('HTTP 503'),gif.anime2 実GIFアーカイブ
gif_anime2_0045_00049,gif_anime2,https://gif.anime2.net/wp/wp-content/uploads/2018/03/Gifsmith-5f05721c-7.gif,https://gif.anime2.net/category/%E8%81%B7%E4%BA%BA%E6%8A%80,RuntimeError('HTTP 503'),gif.anime2 実GIFアーカイブ
gif_anime2_0045_00047,gif_anime2,https://gif.anime2.net/wp/wp-content/uploads/2018/04/Gifsmith-6f6d6df0-0.gif,https://gif.anime2.net/category/%E8%81%B7%E4%BA%BA%E6%8A%80,RuntimeError('HTTP 503'),gif.anime2 実GIFアーカイブ
gif_anime2_0045_00050,gif_anime2,https://gif.anime2.net/wp/wp-content/uploads/2018/03/Gifsmith-5f05721c-3-2.gif,https://gif.anime2.net/category/%E8%81%B7%E4%BA%BA%E6%8A%80,RuntimeError('HTTP 503'),gif.anime2 実GIFアーカイブ
gif_anime2_0045_00051,gif_anime2,https://gif.anime2.net/wp/wp-content/uploads/2018/03/Gifsmith-5f05721c-6.gif,https://gif.anime2.net/category/%E8%81%B7%E4%BA%BA%E6%8A%80,RuntimeError('HTTP 503'),gif.anime2 実GIFアーカイブ
gif_anime2_0045_00052,gif_anime2,https://gif.anime2.net/wp/wp-content/uploads/2018/03/Gifsmith-5f9e5f09-24.gif,https://gif.anime2.net/category/%E8%81%B7%E4%BA%BA%E6%8A%80,RuntimeError('HTTP 503'),gif.anime2 実GIFアーカイブ
gif_anime2_0045_00053,gif_anime2,https://gif.anime2.net/wp/wp-content/uploads/2018/02/Gifsmith-71829991-0.gif,https://gif.anime2.net/category/%E8%81%B7%E4%BA%BA%E6%8A%80,RuntimeError('HTTP 503'),gif.anime2 実GIFアーカイブ
gif_anime2_0045_00054,gif_anime2,https://gif.anime2.net/wp/wp-content/uploads/2018/02/Gifsmith-5f05721c-12.gif,https://gif.anime2.net/category/%E8%81%B7%E4%BA%BA%E6%8A%80,RuntimeError('HTTP 503'),gif.anime2 実GIFアーカイブ
gif_anime2_0045_00056,gif_anime2,https://gif.anime2.net/wp/wp-content/uploads/2018/02/Gifsmith-5f05721c-3.gif,https://gif.anime2.net/category/%E8%81%B7%E4%BA%BA%E6%8A%80,RuntimeError('HTTP 503'),gif.anime2 実GIFアーカイブ
gif_anime2_0045_00055,gif_anime2,https://gif.anime2.net/wp/wp-content/uploads/2018/02/Gifsmith-5f05721c-7.gif,https://gif.anime2.net/category/%E8%81%B7%E4%BA%BA%E6%8A%80,RuntimeError('HTTP 503'),gif.anime2 実GIFアーカイブ
gif_anime2_0045_00057,gif_anime2,https://gif.anime2.net/wp/wp-content/uploads/2018/01/Gifsmith-5f05721c-12.gif,https://gif.anime2.net/category/%E8%81%B7%E4%BA%BA%E6%8A%80,RuntimeError('HTTP 503'),gif.anime2 実GIFアーカイブ
gif_anime2_0045_00058,gif_anime2,https://gif.anime2.net/wp/wp-content/uploads/2018/01/Gifsmith-f78492f0-3.gif,https://gif.anime2.net/category/%E8%81%B7%E4%BA%BA%E6%8A%80,RuntimeError('HTTP 503'),gif.anime2 実GIFアーカイブ
gif_anime2_0045_00059,gif_anime2,https://gif.anime2.net/wp/wp-content/uploads/2017/11/Gifsmith-3707dad4-2.gif,https://gif.anime2.net/category/%E8%81%B7%E4%BA%BA%E6%8A%80,RuntimeError('HTTP 503'),gif.anime2 実GIFアーカイブ
gif_anime2_0045_00060,gif_anime2,https://gif.anime2.net/wp/wp-content/uploads/2017/10/Gifsmith-5f05721c-10.gif,https://gif.anime2.net/category/%E8%81%B7%E4%BA%BA%E6%8A%80,RuntimeError('HTTP 503'),gif.anime2 実GIFアーカイブ
gif_anime2_0050_00003,gif_anime2,https://gif.anime2.net/wp/wp-content/uploads/2018/06/Gifsmith-b6bb344b-4-thumb.jpg,https://gif.anime2.net/tag/%E3%81%B2%E3%81%A3%E3%81%9F%E3%81%8F%E3%82%8A,RuntimeError('HTTP 503'),gif.anime2 実GIFアーカイブ
gif_anime2_0050_00005,gif_anime2,https://gif.anime2.net/wp/wp-content/uploads/2017/03/Gifsmith-d9593957-13-thumb.jpg,https://gif.anime2.net/tag/%E3%81%B2%E3%81%A3%E3%81%9F%E3%81%8F%E3%82%8A,RuntimeError('HTTP 503'),gif.anime2 実GIFアーカイブ
gif_anime2_0045_00061,gif_anime2,https://gif.anime2.net/wp/wp-content/uploads/2017/09/Gifsmith-cdb6ae7d-0.gif,https://gif.anime2.net/category/%E8%81%B7%E4%BA%BA%E6%8A%80,RuntimeError('HTTP 503'),gif.anime2 実GIFアーカイブ
gif_anime2_0050_00006,gif_anime2,https://gif.anime2.net/wp/wp-content/uploads/2017/03/Gifsmith-d965bbad-0-thumb.jpg,https://gif.anime2.net/tag/%E3%81%B2%E3%81%A3%E3%81%9F%E3%81%8F%E3%82%8A,RuntimeError('HTTP 503'),gif.anime2 実GIFアーカイブ
gif_anime2_0050_00007,gif_anime2,https://gif.anime2.net/wp/wp-content/uploads/2017/01/Gifsmith-02963b6f-6-thumb.jpg,https://gif.anime2.net/tag/%E3%81%B2%E3%81%A3%E3%81%9F%E3%81%8F%E3%82%8A,RuntimeError('HTTP 503'),gif.anime2 実GIFアーカイブ
gif_anime2_0050_00004,gif_anime2,https://gif.anime2.net/wp/wp-content/uploads/2017/05/Gifsmith-5f05721c-22-thumb.jpg,https://gif.anime2.net/tag/%E3%81%B2%E3%81%A3%E3%81%9F%E3%81%8F%E3%82%8A,RuntimeError('HTTP 503'),gif.anime2 実GIFアーカイブ
gif_anime2_0050_00008,gif_anime2,https://gif.anime2.net/wp/wp-content/uploads/2016/10/Gifsmith-76d7afdb-9-thumb.jpg,https://gif.anime2.net/tag/%E3%81%B2%E3%81%A3%E3%81%9F%E3%81%8F%E3%82%8A,RuntimeError('HTTP 503'),gif.anime2 実GIFアーカイブ
gif_anime2_0050_00010,gif_anime2,https://gif.anime2.net/wp/wp-content/uploads/2016/05/Gifsmith-5200cfe5-0-thumb.jpg,https://gif.anime2.net/tag/%E3%81%B2%E3%81%A3%E3%81%9F%E3%81%8F%E3%82%8A,RuntimeError('HTTP 503'),gif.anime2 実GIFアーカイブ
gif_anime2_0050_00011,gif_anime2,https://gif.anime2.net/wp/wp-content/uploads/2015/12/0f8dbd61-thumb.jpg,https://gif.anime2.net/tag/%E3%81%B2%E3%81%A3%E3%81%9F%E3%81%8F%E3%82%8A,RuntimeError('HTTP 503'),gif.anime2 実GIFアーカイブ
gif_anime2_0050_00009,gif_anime2,https://gif.anime2.net/wp/wp-content/uploads/2016/08/Gifsmith-bf332821-10-thumb.jpg,https://gif.anime2.net/tag/%E3%81%B2%E3%81%A3%E3%81%9F%E3%81%8F%E3%82%8A,RuntimeError('HTTP 503'),gif.anime2 実GIFアーカイブ
gif_anime2_0050_00033,gif_anime2,https://gif.anime2.net/wp/wp-content/uploads/2018/06/Gifsmith-b6bb344b-4.gif,https://gif.anime2.net/tag/%E3%81%B2%E3%81%A3%E3%81%9F%E3%81%8F%E3%82%8A,RuntimeError('HTTP 503'),gif.anime2 実GIFアーカイブ
gif_anime2_0050_00035,gif_anime2,https://gif.anime2.net/wp/wp-content/uploads/2017/03/Gifsmith-d9593957-13.gif,https://gif.anime2.net/tag/%E3%81%B2%E3%81%A3%E3%81%9F%E3%81%8F%E3%82%8A,RuntimeError('HTTP 503'),gif.anime2 実GIFアーカイブ
gif_anime2_0050_00034,gif_anime2,https://gif.anime2.net/wp/wp-content/uploads/2017/05/Gifsmith-5f05721c-22.gif,https://gif.anime2.net/tag/%E3%81%B2%E3%81%A3%E3%81%9F%E3%81%8F%E3%82%8A,RuntimeError('HTTP 503'),gif.anime2 実GIFアーカイブ
gif_anime2_0051_00001,gif_anime2,http://gif.anime2.net/wp/wp-content/uploads/2016/11/Gifsmith-eb01e765-9.gif,http://gif.anime2.net/matome/%e6%a3%92%e9%ab%98%e8%b7%b3%e3%81%b3%e3%81%a7%e5%b7%bb%e3%81%8d%e8%b5%b7%e3%81%93%e3%82%8b%e3%83%8f%e3%83%97%e3%83%8b%e3%83%b3%e3%82%b0%e3%81%aegif%e3%81%be%e3%81%a8%e3%82%81,RuntimeError('HTTP 503'),gif.anime2 実GIFアーカイブ
gif_anime2_0050_00037,gif_anime2,https://gif.anime2.net/wp/wp-content/uploads/2017/01/Gifsmith-02963b6f-6.gif,https://gif.anime2.net/tag/%E3%81%B2%E3%81%A3%E3%81%9F%E3%81%8F%E3%82%8A,RuntimeError('HTTP 503'),gif.anime2 実GIFアーカイブ
gif_anime2_0050_00036,gif_anime2,https://gif.anime2.net/wp/wp-content/uploads/2017/03/Gifsmith-d965bbad-0.gif,https://gif.anime2.net/tag/%E3%81%B2%E3%81%A3%E3%81%9F%E3%81%8F%E3%82%8A,RuntimeError('HTTP 503'),gif.anime2 実GIFアーカイブ
gif_anime2_0051_00002,gif_anime2,http://gif.anime2.net/wp/wp-content/uploads/2016/02/bfc52323f54acfeae0d.gif,http://gif.anime2.net/matome/%e6%a3%92%e9%ab%98%e8%b7%b3%e3%81%b3%e3%81%a7%e5%b7%bb%e3%81%8d%e8%b5%b7%e3%81%93%e3%82%8b%e3%83%8f%e3%83%97%e3%83%8b%e3%83%b3%e3%82%b0%e3%81%aegif%e3%81%be%e3%81%a8%e3%82%81,RuntimeError('HTTP 503'),gif.anime2 実GIFアーカイブ
gif_anime2_0051_00003,gif_anime2,http://gif.anime2.net/wp/wp-content/uploads/2016/08/Gifsmith-fc8be8bd-0.gif,http://gif.anime2.net/matome/%e6%a3%92%e9%ab%98%e8%b7%b3%e3%81%b3%e3%81%a7%e5%b7%bb%e3%81%8d%e8%b5%b7%e3%81%93%e3%82%8b%e3%83%8f%e3%83%97%e3%83%8b%e3%83%b3%e3%82%b0%e3%81%aegif%e3%81%be%e3%81%a8%e3%82%81,RuntimeError('HTTP 503'),gif.anime2 実GIFアーカイブ
gif_anime2_0051_00004,gif_anime2,http://gif.anime2.net/wp/wp-content/uploads/2016/11/Gifsmith-c9be9060-12.gif,http://gif.anime2.net/matome/%e6%a3%92%e9%ab%98%e8%b7%b3%e3%81%b3%e3%81%a7%e5%b7%bb%e3%81%8d%e8%b5%b7%e3%81%93%e3%82%8b%e3%83%8f%e3%83%97%e3%83%8b%e3%83%b3%e3%82%b0%e3%81%aegif%e3%81%be%e3%81%a8%e3%82%81,RuntimeError('HTTP 503'),gif.anime2 実GIFアーカイブ
gif_anime2_0051_00005,gif_anime2,http://gif.anime2.net/wp/wp-content/uploads/2016/09/Gifsmith-65b211f4-0.gif,http://gif.anime2.net/matome/%e6%a3%92%e9%ab%98%e8%b7%b3%e3%81%b3%e3%81%a7%e5%b7%bb%e3%81%8d%e8%b5%b7%e3%81%93%e3%82%8b%e3%83%8f%e3%83%97%e3%83%8b%e3%83%b3%e3%82%b0%e3%81%aegif%e3%81%be%e3%81%a8%e3%82%81,RuntimeError('HTTP 503'),gif.anime2 実GIFアーカイブ
gif_anime2_0051_00006,gif_anime2,http://gif.anime2.net/wp/wp-content/uploads/2016/10/Gifsmith-643b6698-11.gif,http://gif.anime2.net/matome/%e6%a3%92%e9%ab%98%e8%b7%b3%e3%81%b3%e3%81%a7%e5%b7%bb%e3%81%8d%e8%b5%b7%e3%81%93%e3%82%8b%e3%83%8f%e3%83%97%e3%83%8b%e3%83%b3%e3%82%b0%e3%81%aegif%e3%81%be%e3%81%a8%e3%82%81,RuntimeError('HTTP 503'),gif.anime2 実GIFアーカイブ
gif_anime2_0051_00007,gif_anime2,http://gif.anime2.net/wp/wp-content/uploads/2016/11/Gifsmith-60679a4f-7.gif,http://gif.anime2.net/matome/%e6%a3%92%e9%ab%98%e8%b7%b3%e3%81%b3%e3%81%a7%e5%b7%bb%e3%81%8d%e8%b5%b7%e3%81%93%e3%82%8b%e3%83%8f%e3%83%97%e3%83%8b%e3%83%b3%e3%82%b0%e3%81%aegif%e3%81%be%e3%81%a8%e3%82%81,RuntimeError('HTTP 503'),gif.anime2 実GIFアーカイブ
gif_anime2_0050_00038,gif_anime2,https://gif.anime2.net/wp/wp-content/uploads/2016/10/Gifsmith-76d7afdb-9.gif,https://gif.anime2.net/tag/%E3%81%B2%E3%81%A3%E3%81%9F%E3%81%8F%E3%82%8A,RuntimeError('HTTP 503'),gif.anime2 実GIFアーカイブ
gif_anime2_0050_00039,gif_anime2,https://gif.anime2.net/wp/wp-content/uploads/2016/08/Gifsmith-bf332821-10.gif,https://gif.anime2.net/tag/%E3%81%B2%E3%81%A3%E3%81%9F%E3%81%8F%E3%82%8A,RuntimeError('HTTP 503'),gif.anime2 実GIFアーカイブ
gif_anime2_0050_00040,gif_anime2,https://gif.anime2.net/wp/wp-content/uploads/2016/05/Gifsmith-5200cfe5-0.gif,https://gif.anime2.net/tag/%E3%81%B2%E3%81%A3%E3%81%9F%E3%81%8F%E3%82%8A,RuntimeError('HTTP 503'),gif.anime2 実GIFアーカイブ
gif_anime2_0051_00008,gif_anime2,http://gif.anime2.net/wp/wp-content/uploads/2017/06/Gifsmith-5f05721c-6-3.gif,http://gif.anime2.net/matome/%e6%a3%92%e9%ab%98%e8%b7%b3%e3%81%b3%e3%81%a7%e5%b7%bb%e3%81%8d%e8%b5%b7%e3%81%93%e3%82%8b%e3%83%8f%e3%83%97%e3%83%8b%e3%83%b3%e3%82%b0%e3%81%aegif%e3%81%be%e3%81%a8%e3%82%81,RuntimeError('HTTP 503'),gif.anime2 実GIFアーカイブ
gif_anime2_0050_00041,gif_anime2,https://gif.anime2.net/wp/wp-content/uploads/2015/12/0f8dbd61.gif,https://gif.anime2.net/tag/%E3%81%B2%E3%81%A3%E3%81%9F%E3%81%8F%E3%82%8A,RuntimeError('HTTP 503'),gif.anime2 実GIFアーカイブ
gif_anime2_0051_00009,gif_anime2,http://gif.anime2.net/wp/wp-content/uploads/2018/02/Gifsmith-5f05721c-7-4.gif,http://gif.anime2.net/matome/%e6%a3%92%e9%ab%98%e8%b7%b3%e3%81%b3%e3%81%a7%e5%b7%bb%e3%81%8d%e8%b5%b7%e3%81%93%e3%82%8b%e3%83%8f%e3%83%97%e3%83%8b%e3%83%b3%e3%82%b0%e3%81%aegif%e3%81%be%e3%81%a8%e3%82%81,RuntimeError('HTTP 503'),gif.anime2 実GIFアーカイブ
gif_anime2_0051_00010,gif_anime2,http://gif.anime2.net/wp/wp-content/uploads/2016/04/2278697359.gif,http://gif.anime2.net/matome/%e6%a3%92%e9%ab%98%e8%b7%b3%e3%81%b3%e3%81%a7%e5%b7%bb%e3%81%8d%e8%b5%b7%e3%81%93%e3%82%8b%e3%83%8f%e3%83%97%e3%83%8b%e3%83%b3%e3%82%b0%e3%81%aegif%e3%81%be%e3%81%a8%e3%82%81,RuntimeError('HTTP 503'),gif.anime2 実GIFアーカイブ
gif_anime2_0051_00019,gif_anime2,http://gif.anime2.net/images/layout_belt.png,http://gif.anime2.net/matome/%e6%a3%92%e9%ab%98%e8%b7%b3%e3%81%b3%e3%81%a7%e5%b7%bb%e3%81%8d%e8%b5%b7%e3%81%93%e3%82%8b%e3%83%8f%e3%83%97%e3%83%8b%e3%83%b3%e3%82%b0%e3%81%aegif%e3%81%be%e3%81%a8%e3%82%81,RuntimeError('HTTP 503'),gif.anime2 実GIFアーカイブ
gif_anime2_0051_00020,gif_anime2,http://gif.anime2.net/images/layout_tile.png,http://gif.anime2.net/matome/%e6%a3%92%e9%ab%98%e8%b7%b3%e3%81%b3%e3%81%a7%e5%b7%bb%e3%81%8d%e8%b5%b7%e3%81%93%e3%82%8b%e3%83%8f%e3%83%97%e3%83%8b%e3%83%b3%e3%82%b0%e3%81%aegif%e3%81%be%e3%81%a8%e3%82%81,RuntimeError('HTTP 503'),gif.anime2 実GIFアーカイブ
gif_anime2_0051_00022,gif_anime2,http://gif.anime2.net/images/nav_rss.png,http://gif.anime2.net/matome/%e6%a3%92%e9%ab%98%e8%b7%b3%e3%81%b3%e3%81%a7%e5%b7%bb%e3%81%8d%e8%b5%b7%e3%81%93%e3%82%8b%e3%83%8f%e3%83%97%e3%83%8b%e3%83%b3%e3%82%b0%e3%81%aegif%e3%81%be%e3%81%a8%e3%82%81,RuntimeError('HTTP 503'),gif.anime2 実GIFアーカイブ
gif_anime2_0051_00021,gif_anime2,http://gif.anime2.net/images/nav_twitter.png,http://gif.anime2.net/matome/%e6%a3%92%e9%ab%98%e8%b7%b3%e3%81%b3%e3%81%a7%e5%b7%bb%e3%81%8d%e8%b5%b7%e3%81%93%e3%82%8b%e3%83%8f%e3%83%97%e3%83%8b%e3%83%b3%e3%82%b0%e3%81%aegif%e3%81%be%e3%81%a8%e3%82%81,RuntimeError('HTTP 503'),gif.anime2 実GIFアーカイブ
gif_anime2_0051_00023,gif_anime2,http://gif.anime2.net/images/nav_search.png,http://gif.anime2.net/matome/%e6%a3%92%e9%ab%98%e8%b7%b3%e3%81%b3%e3%81%a7%e5%b7%bb%e3%81%8d%e8%b5%b7%e3%81%93%e3%82%8b%e3%83%8f%e3%83%97%e3%83%8b%e3%83%b3%e3%82%b0%e3%81%aegif%e3%81%be%e3%81%a8%e3%82%81,RuntimeError('HTTP 503'),gif.anime2 実GIFアーカイブ
gif_anime2_0051_00024,gif_anime2,http://gif.anime2.net/images/nav_fav.png,http://gif.anime2.net/matome/%e6%a3%92%e9%ab%98%e8%b7%b3%e3%81%b3%e3%81%a7%e5%b7%bb%e3%81%8d%e8%b5%b7%e3%81%93%e3%82%8b%e3%83%8f%e3%83%97%e3%83%8b%e3%83%b3%e3%82%b0%e3%81%aegif%e3%81%be%e3%81%a8%e3%82%81,RuntimeError('HTTP 503'),gif.anime2 実GIFアーカイブ
gif_anime2_0051_00025,gif_anime2,http://gif.anime2.net/images/nav.png,http://gif.anime2.net/matome/%e6%a3%92%e9%ab%98%e8%b7%b3%e3%81%b3%e3%81%a7%e5%b7%bb%e3%81%8d%e8%b5%b7%e3%81%93%e3%82%8b%e3%83%8f%e3%83%97%e3%83%8b%e3%83%b3%e3%82%b0%e3%81%aegif%e3%81%be%e3%81%a8%e3%82%81,RuntimeError('HTTP 503'),gif.anime2 実GIFアーカイブ
gif_anime2_0052_00001,gif_anime2,http://gif.anime2.net/wp/wp-content/uploads/2016/03/3826018350.gif,http://gif.anime2.net/matome/%e3%82%a2%e3%83%a9%e3%82%a4%e3%82%b0%e3%83%9e%e3%81%aegif%e3%81%be%e3%81%a8%e3%82%81,RuntimeError('HTTP 503'),gif.anime2 実GIFアーカイブ
gif_anime2_0052_00002,gif_anime2,http://gif.anime2.net/wp/wp-content/uploads/2016/03/3608692134.gif,http://gif.anime2.net/matome/%e3%82%a2%e3%83%a9%e3%82%a4%e3%82%b0%e3%83%9e%e3%81%aegif%e3%81%be%e3%81%a8%e3%82%81,RuntimeError('HTTP 503'),gif.anime2 実GIFアーカイブ
gif_anime2_0052_00003,gif_anime2,http://gif.anime2.net/wp/wp-content/uploads/2016/03/307308845.gif,http://gif.anime2.net/matome/%e3%82%a2%e3%83%a9%e3%82%a4%e3%82%b0%e3%83%9e%e3%81%aegif%e3%81%be%e3%81%a8%e3%82%81,RuntimeError('HTTP 503'),gif.anime2 実GIFアーカイブ
gif_anime2_0052_00004,gif_anime2,http://gif.anime2.net/wp/wp-content/uploads/2016/03/2759180504.gif,http://gif.anime2.net/matome/%e3%82%a2%e3%83%a9%e3%82%a4%e3%82%b0%e3%83%9e%e3%81%aegif%e3%81%be%e3%81%a8%e3%82%81,RuntimeError('HTTP 503'),gif.anime2 実GIFアーカイブ
gif_anime2_0052_00006,gif_anime2,http://gif.anime2.net/wp/wp-content/uploads/2016/04/7684489110561c8c4f75e5c9.gif,http://gif.anime2.net/matome/%e3%82%a2%e3%83%a9%e3%82%a4%e3%82%b0%e3%83%9e%e3%81%aegif%e3%81%be%e3%81%a8%e3%82%81,RuntimeError('HTTP 503'),gif.anime2 実GIFアーカイブ
gif_anime2_0052_00007,gif_anime2,http://gif.anime2.net/wp/wp-content/uploads/2016/06/Gifsmith-0043566e-6.gif,http://gif.anime2.net/matome/%e3%82%a2%e3%83%a9%e3%82%a4%e3%82%b0%e3%83%9e%e3%81%aegif%e3%81%be%e3%81%a8%e3%82%81,RuntimeError('HTTP 503'),gif.anime2 実GIFアーカイブ
gif_anime2_0052_00008,gif_anime2,http://gif.anime2.net/wp/wp-content/uploads/2016/06/Gifsmith-6809b18e-8.gif,http://gif.anime2.net/matome/%e3%82%a2%e3%83%a9%e3%82%a4%e3%82%b0%e3%83%9e%e3%81%aegif%e3%81%be%e3%81%a8%e3%82%81,RuntimeError('HTTP 503'),gif.anime2 実GIFアーカイブ
gif_anime2_0052_00009,gif_anime2,http://gif.anime2.net/wp/wp-content/uploads/2016/06/Gifsmith-6012502b-11.gif,http://gif.anime2.net/matome/%e3%82%a2%e3%83%a9%e3%82%a4%e3%82%b0%e3%83%9e%e3%81%aegif%e3%81%be%e3%81%a8%e3%82%81,RuntimeError('HTTP 503'),gif.anime2 実GIFアーカイブ
gif_anime2_0052_00010,gif_anime2,http://gif.anime2.net/wp/wp-content/uploads/2016/09/Gifsmith-807edbd5-23.gif,http://gif.anime2.net/matome/%e3%82%a2%e3%83%a9%e3%82%a4%e3%82%b0%e3%83%9e%e3%81%aegif%e3%81%be%e3%81%a8%e3%82%81,RuntimeError('HTTP 503'),gif.anime2 実GIFアーカイブ
gif_anime2_0052_00012,gif_anime2,http://gif.anime2.net/wp/wp-content/uploads/2017/07/Gifsmith-f2281ae9-0.gif,http://gif.anime2.net/matome/%e3%82%a2%e3%83%a9%e3%82%a4%e3%82%b0%e3%83%9e%e3%81%aegif%e3%81%be%e3%81%a8%e3%82%81,RuntimeError('HTTP 503'),gif.anime2 実GIFアーカイブ
gif_anime2_0052_00011,gif_anime2,http://gif.anime2.net/wp/wp-content/uploads/2017/11/Gifsmith-65857e50-2.gif,http://gif.anime2.net/matome/%e3%82%a2%e3%83%a9%e3%82%a4%e3%82%b0%e3%83%9e%e3%81%aegif%e3%81%be%e3%81%a8%e3%82%81,RuntimeError('HTTP 503'),gif.anime2 実GIFアーカイブ
gif_anime2_0052_00013,gif_anime2,http://gif.anime2.net/wp/wp-content/uploads/2017/11/Gifsmith-71ce9c7c-0.gif,http://gif.anime2.net/matome/%e3%82%a2%e3%83%a9%e3%82%a4%e3%82%b0%e3%83%9e%e3%81%aegif%e3%81%be%e3%81%a8%e3%82%81,RuntimeError('HTTP 503'),gif.anime2 実GIFアーカイブ
gif_anime2_0052_00015,gif_anime2,http://gif.anime2.net/wp/wp-content/uploads/2016/01/0679a8a4.gif,http://gif.anime2.net/matome/%e3%82%a2%e3%83%a9%e3%82%a4%e3%82%b0%e3%83%9e%e3%81%aegif%e3%81%be%e3%81%a8%e3%82%81,RuntimeError('HTTP 503'),gif.anime2 実GIFアーカイブ
gif_anime2_0053_00002,gif_anime2,http://gif.anime2.net/wp/wp-content/uploads/2016/01/997d8d2a.gif,http://gif.anime2.net/matome/%e3%82%a4%e3%82%bf%e3%82%ba%e3%83%a9%e3%81%99%e3%82%8b%e4%ba%ba%e3%81%b2%e3%81%a3%e3%81%8b%e3%81%8b%e3%82%8b%e4%ba%ba%e3%81%aegif%e3%81%be%e3%81%a8%e3%82%81%ef%bc%88%e3%81%9d%e3%81%ae%ef%bc%91,RuntimeError('HTTP 503'),gif.anime2 実GIFアーカイブ
gif_anime2_0053_00003,gif_anime2,http://gif.anime2.net/wp/wp-content/uploads/2016/01/d2130d75.gif,http://gif.anime2.net/matome/%e3%82%a4%e3%82%bf%e3%82%ba%e3%83%a9%e3%81%99%e3%82%8b%e4%ba%ba%e3%81%b2%e3%81%a3%e3%81%8b%e3%81%8b%e3%82%8b%e4%ba%ba%e3%81%aegif%e3%81%be%e3%81%a8%e3%82%81%ef%bc%88%e3%81%9d%e3%81%ae%ef%bc%91,RuntimeError('HTTP 503'),gif.anime2 実GIFアーカイブ
gif_anime2_0053_00005,gif_anime2,http://gif.anime2.net/wp/wp-content/uploads/2016/02/283189936.gif,http://gif.anime2.net/matome/%e3%82%a4%e3%82%bf%e3%82%ba%e3%83%a9%e3%81%99%e3%82%8b%e4%ba%ba%e3%81%b2%e3%81%a3%e3%81%8b%e3%81%8b%e3%82%8b%e4%ba%ba%e3%81%aegif%e3%81%be%e3%81%a8%e3%82%81%ef%bc%88%e3%81%9d%e3%81%ae%ef%bc%91,RuntimeError('HTTP 503'),gif.anime2 実GIFアーカイブ
gif_anime2_0053_00004,gif_anime2,http://gif.anime2.net/wp/wp-content/uploads/2016/02/4236546909.gif,http://gif.anime2.net/matome/%e3%82%a4%e3%82%bf%e3%82%ba%e3%83%a9%e3%81%99%e3%82%8b%e4%ba%ba%e3%81%b2%e3%81%a3%e3%81%8b%e3%81%8b%e3%82%8b%e4%ba%ba%e3%81%aegif%e3%81%be%e3%81%a8%e3%82%81%ef%bc%88%e3%81%9d%e3%81%ae%ef%bc%91,RuntimeError('HTTP 503'),gif.anime2 実GIFアーカイブ
gif_anime2_0053_00006,gif_anime2,http://gif.anime2.net/wp/wp-content/uploads/2016/02/4c145e447ed59f1.gif,http://gif.anime2.net/matome/%e3%82%a4%e3%82%bf%e3%82%ba%e3%83%a9%e3%81%99%e3%82%8b%e4%ba%ba%e3%81%b2%e3%81%a3%e3%81%8b%e3%81%8b%e3%82%8b%e4%ba%ba%e3%81%aegif%e3%81%be%e3%81%a8%e3%82%81%ef%bc%88%e3%81%9d%e3%81%ae%ef%bc%91,RuntimeError('HTTP 503'),gif.anime2 実GIFアーカイブ
gif_anime2_0053_00008,gif_anime2,http://gif.anime2.net/wp/wp-content/uploads/2016/02/RAgaiT6.gif,http://gif.anime2.net/matome/%e3%82%a4%e3%82%bf%e3%82%ba%e3%83%a9%e3%81%99%e3%82%8b%e4%ba%ba%e3%81%b2%e3%81%a3%e3%81%8b%e3%81%8b%e3%82%8b%e4%ba%ba%e3%81%aegif%e3%81%be%e3%81%a8%e3%82%81%ef%bc%88%e3%81%9d%e3%81%ae%ef%bc%91,RuntimeError('HTTP 503'),gif.anime2 実GIFアーカイブ
gif_anime2_0053_00007,gif_anime2,http://gif.anime2.net/wp/wp-content/uploads/2016/02/ce61af95.gif,http://gif.anime2.net/matome/%e3%82%a4%e3%82%bf%e3%82%ba%e3%83%a9%e3%81%99%e3%82%8b%e4%ba%ba%e3%81%b2%e3%81%a3%e3%81%8b%e3%81%8b%e3%82%8b%e4%ba%ba%e3%81%aegif%e3%81%be%e3%81%a8%e3%82%81%ef%bc%88%e3%81%9d%e3%81%ae%ef%bc%91,RuntimeError('HTTP 503'),gif.anime2 実GIFアーカイブ
gif_anime2_0053_00009,gif_anime2,http://gif.anime2.net/wp/wp-content/uploads/2016/02/a8939174.gif,http://gif.anime2.net/matome/%e3%82%a4%e3%82%bf%e3%82%ba%e3%83%a9%e3%81%99%e3%82%8b%e4%ba%ba%e3%81%b2%e3%81%a3%e3%81%8b%e3%81%8b%e3%82%8b%e4%ba%ba%e3%81%aegif%e3%81%be%e3%81%a8%e3%82%81%ef%bc%88%e3%81%9d%e3%81%ae%ef%bc%91,RuntimeError('HTTP 503'),gif.anime2 実GIFアーカイブ
gif_anime2_0054_00002,gif_anime2,http://gif.anime2.net/wp/wp-content/uploads/2016/01/797a0beb.gif,http://gif.anime2.net/matome/%e9%87%91%e7%9a%84%e3%81%ab%e7%97%9b%e3%81%84%e4%b8%80%e6%92%83%e3%82%92%e3%82%82%e3%82%89%e3%81%86%e4%ba%ba%e3%81%9f%e3%81%a1%e3%81%aegif%e3%81%be%e3%81%a8%e3%82%81%ef%bc%88%e3%81%9d%e3%81%ae,RuntimeError('HTTP 503'),gif.anime2 実GIFアーカイブ
gif_anime2_0054_00001,gif_anime2,http://gif.anime2.net/wp/wp-content/uploads/2015/12/3944532014.gif,http://gif.anime2.net/matome/%e9%87%91%e7%9a%84%e3%81%ab%e7%97%9b%e3%81%84%e4%b8%80%e6%92%83%e3%82%92%e3%82%82%e3%82%89%e3%81%86%e4%ba%ba%e3%81%9f%e3%81%a1%e3%81%aegif%e3%81%be%e3%81%a8%e3%82%81%ef%bc%88%e3%81%9d%e3%81%ae,RuntimeError('HTTP 503'),gif.anime2 実GIFアーカイブ
gif_anime2_0053_00010,gif_anime2,http://gif.anime2.net/wp/wp-content/uploads/2016/02/2801605762.gif,http://gif.anime2.net/matome/%e3%82%a4%e3%82%bf%e3%82%ba%e3%83%a9%e3%81%99%e3%82%8b%e4%ba%ba%e3%81%b2%e3%81%a3%e3%81%8b%e3%81%8b%e3%82%8b%e4%ba%ba%e3%81%aegif%e3%81%be%e3%81%a8%e3%82%81%ef%bc%88%e3%81%9d%e3%81%ae%ef%bc%91,RuntimeError('HTTP 503'),gif.anime2 実GIFアーカイブ
gif_anime2_0054_00006,gif_anime2,http://gif.anime2.net/wp/wp-content/uploads/2016/02/OTxFC.gif,http://gif.anime2.net/matome/%e9%87%91%e7%9a%84%e3%81%ab%e7%97%9b%e3%81%84%e4%b8%80%e6%92%83%e3%82%92%e3%82%82%e3%82%89%e3%81%86%e4%ba%ba%e3%81%9f%e3%81%a1%e3%81%aegif%e3%81%be%e3%81%a8%e3%82%81%ef%bc%88%e3%81%9d%e3%81%ae,RuntimeError('HTTP 503'),gif.anime2 実GIFアーカイブ
gif_anime2_0053_00011,gif_anime2,http://gif.anime2.net/wp/wp-content/uploads/2016/02/c2234a6b.gif,http://gif.anime2.net/matome/%e3%82%a4%e3%82%bf%e3%82%ba%e3%83%a9%e3%81%99%e3%82%8b%e4%ba%ba%e3%81%b2%e3%81%a3%e3%81%8b%e3%81%8b%e3%82%8b%e4%ba%ba%e3%81%aegif%e3%81%be%e3%81%a8%e3%82%81%ef%bc%88%e3%81%9d%e3%81%ae%ef%bc%91,RuntimeError('HTTP 503'),gif.anime2 実GIFアーカイブ
gif_anime2_0054_00004,gif_anime2,http://gif.anime2.net/wp/wp-content/uploads/2015/12/2ed2fee1.gif,http://gif.anime2.net/matome/%e9%87%91%e7%9a%84%e3%81%ab%e7%97%9b%e3%81%84%e4%b8%80%e6%92%83%e3%82%92%e3%82%82%e3%82%89%e3%81%86%e4%ba%ba%e3%81%9f%e3%81%a1%e3%81%aegif%e3%81%be%e3%81%a8%e3%82%81%ef%bc%88%e3%81%9d%e3%81%ae,RuntimeError('HTTP 503'),gif.anime2 実GIFアーカイブ
gif_anime2_0053_00013,gif_anime2,http://gif.anime2.net/wp/wp-content/uploads/2016/01/cec88997.gif,http://gif.anime2.net/matome/%e3%82%a4%e3%82%bf%e3%82%ba%e3%83%a9%e3%81%99%e3%82%8b%e4%ba%ba%e3%81%b2%e3%81%a3%e3%81%8b%e3%81%8b%e3%82%8b%e4%ba%ba%e3%81%aegif%e3%81%be%e3%81%a8%e3%82%81%ef%bc%88%e3%81%9d%e3%81%ae%ef%bc%91,RuntimeError('HTTP 503'),gif.anime2 実GIFアーカイブ
gif_anime2_0054_00007,gif_anime2,http://gif.anime2.net/wp/wp-content/uploads/2016/04/c5abe888c936af3cbb3f9fda.gif,http://gif.anime2.net/matome/%e9%87%91%e7%9a%84%e3%81%ab%e7%97%9b%e3%81%84%e4%b8%80%e6%92%83%e3%82%92%e3%82%82%e3%82%89%e3%81%86%e4%ba%ba%e3%81%9f%e3%81%a1%e3%81%aegif%e3%81%be%e3%81%a8%e3%82%81%ef%bc%88%e3%81%9d%e3%81%ae,RuntimeError('HTTP 503'),gif.anime2 実GIFアーカイブ
gif_anime2_0054_00008,gif_anime2,http://gif.anime2.net/wp/wp-content/uploads/2016/05/Gifsmith-7b6f2391-12.gif,http://gif.anime2.net/matome/%e9%87%91%e7%9a%84%e3%81%ab%e7%97%9b%e3%81%84%e4%b8%80%e6%92%83%e3%82%92%e3%82%82%e3%82%89%e3%81%86%e4%ba%ba%e3%81%9f%e3%81%a1%e3%81%aegif%e3%81%be%e3%81%a8%e3%82%81%ef%bc%88%e3%81%9d%e3%81%ae,RuntimeError('HTTP 503'),gif.anime2 実GIFアーカイブ
gif_anime2_0054_00009,gif_anime2,http://gif.anime2.net/wp/wp-content/uploads/2016/06/Gifsmith-3e641e68-9.gif,http://gif.anime2.net/matome/%e9%87%91%e7%9a%84%e3%81%ab%e7%97%9b%e3%81%84%e4%b8%80%e6%92%83%e3%82%92%e3%82%82%e3%82%89%e3%81%86%e4%ba%ba%e3%81%9f%e3%81%a1%e3%81%aegif%e3%81%be%e3%81%a8%e3%82%81%ef%bc%88%e3%81%9d%e3%81%ae,RuntimeError('HTTP 503'),gif.anime2 実GIFアーカイブ
gif_anime2_0054_00010,gif_anime2,http://gif.anime2.net/wp/wp-content/uploads/2016/06/85a9899b.gif,http://gif.anime2.net/matome/%e9%87%91%e7%9a%84%e3%81%ab%e7%97%9b%e3%81%84%e4%b8%80%e6%92%83%e3%82%92%e3%82%82%e3%82%89%e3%81%86%e4%ba%ba%e3%81%9f%e3%81%a1%e3%81%aegif%e3%81%be%e3%81%a8%e3%82%81%ef%bc%88%e3%81%9d%e3%81%ae,RuntimeError('HTTP 503'),gif.anime2 実GIFアーカイブ
gif_anime2_0054_00011,gif_anime2,http://gif.anime2.net/wp/wp-content/uploads/2016/06/Gifsmith-bd42f435-9.gif,http://gif.anime2.net/matome/%e9%87%91%e7%9a%84%e3%81%ab%e7%97%9b%e3%81%84%e4%b8%80%e6%92%83%e3%82%92%e3%82%82%e3%82%89%e3%81%86%e4%ba%ba%e3%81%9f%e3%81%a1%e3%81%aegif%e3%81%be%e3%81%a8%e3%82%81%ef%bc%88%e3%81%9d%e3%81%ae,RuntimeError('HTTP 503'),gif.anime2 実GIFアーカイブ
gif_anime2_0054_00012,gif_anime2,http://gif.anime2.net/wp/wp-content/uploads/2016/09/Gifsmith-a5130905-6.gif,http://gif.anime2.net/matome/%e9%87%91%e7%9a%84%e3%81%ab%e7%97%9b%e3%81%84%e4%b8%80%e6%92%83%e3%82%92%e3%82%82%e3%82%89%e3%81%86%e4%ba%ba%e3%81%9f%e3%81%a1%e3%81%aegif%e3%81%be%e3%81%a8%e3%82%81%ef%bc%88%e3%81%9d%e3%81%ae,RuntimeError('HTTP 503'),gif.anime2 実GIFアーカイブ
gif_anime2_0054_00013,gif_anime2,http://gif.anime2.net/wp/wp-content/uploads/2016/09/Gifsmith-63958d8d-8.gif,http://gif.anime2.net/matome/%e9%87%91%e7%9a%84%e3%81%ab%e7%97%9b%e3%81%84%e4%b8%80%e6%92%83%e3%82%92%e3%82%82%e3%82%89%e3%81%86%e4%ba%ba%e3%81%9f%e3%81%a1%e3%81%aegif%e3%81%be%e3%81%a8%e3%82%81%ef%bc%88%e3%81%9d%e3%81%ae,RuntimeError('HTTP 503'),gif.anime2 実GIFアーカイブ
gif_anime2_0054_00014,gif_anime2,http://gif.anime2.net/wp/wp-content/uploads/2016/10/Gifsmith-7acf693f-0.gif,http://gif.anime2.net/matome/%e9%87%91%e7%9a%84%e3%81%ab%e7%97%9b%e3%81%84%e4%b8%80%e6%92%83%e3%82%92%e3%82%82%e3%82%89%e3%81%86%e4%ba%ba%e3%81%9f%e3%81%a1%e3%81%aegif%e3%81%be%e3%81%a8%e3%82%81%ef%bc%88%e3%81%9d%e3%81%ae,RuntimeError('HTTP 503'),gif.anime2 実GIFアーカイブ
gif_anime2_0054_00015,gif_anime2,http://gif.anime2.net/wp/wp-content/uploads/2016/11/Gifsmith-be30c0c7-12.gif,http://gif.anime2.net/matome/%e9%87%91%e7%9a%84%e3%81%ab%e7%97%9b%e3%81%84%e4%b8%80%e6%92%83%e3%82%92%e3%82%82%e3%82%89%e3%81%86%e4%ba%ba%e3%81%9f%e3%81%a1%e3%81%aegif%e3%81%be%e3%81%a8%e3%82%81%ef%bc%88%e3%81%9d%e3%81%ae,RuntimeError('HTTP 503'),gif.anime2 実GIFアーカイブ
gif_anime2_0054_00016,gif_anime2,http://gif.anime2.net/wp/wp-content/uploads/2016/11/Gifsmith-3932fd50-19.gif,http://gif.anime2.net/matome/%e9%87%91%e7%9a%84%e3%81%ab%e7%97%9b%e3%81%84%e4%b8%80%e6%92%83%e3%82%92%e3%82%82%e3%82%89%e3%81%86%e4%ba%ba%e3%81%9f%e3%81%a1%e3%81%aegif%e3%81%be%e3%81%a8%e3%82%81%ef%bc%88%e3%81%9d%e3%81%ae,RuntimeError('HTTP 503'),gif.anime2 実GIFアーカイブ
gif_anime2_0054_00018,gif_anime2,http://gif.anime2.net/wp/wp-content/uploads/2016/04/2527438484.gif,http://gif.anime2.net/matome/%e9%87%91%e7%9a%84%e3%81%ab%e7%97%9b%e3%81%84%e4%b8%80%e6%92%83%e3%82%92%e3%82%82%e3%82%89%e3%81%86%e4%ba%ba%e3%81%9f%e3%81%a1%e3%81%aegif%e3%81%be%e3%81%a8%e3%82%81%ef%bc%88%e3%81%9d%e3%81%ae,RuntimeError('HTTP 503'),gif.anime2 実GIFアーカイブ
gif_anime2_0055_00002,gif_anime2,http://gif.anime2.net/wp/wp-content/uploads/2016/01/2d34eb35.gif,http://gif.anime2.net/matome/%e3%83%ab%e3%83%bc%e3%83%a0%e3%83%a9%e3%83%b3%e3%83%8a%e3%83%bc%e3%81%a7%e5%b7%bb%e3%81%8d%e8%b5%b7%e3%81%93%e3%82%8b%e8%89%b2%e3%82%93%e3%81%aa%e3%83%8f%e3%83%97%e3%83%8b%e3%83%b3%e3%82%b0%e3%81%aegi,RuntimeError('HTTP 503'),gif.anime2 実GIFアーカイブ
gif_anime2_0055_00004,gif_anime2,http://gif.anime2.net/wp/wp-content/uploads/2016/04/829761c41d9abd61f331c485.gif,http://gif.anime2.net/matome/%e3%83%ab%e3%83%bc%e3%83%a0%e3%83%a9%e3%83%b3%e3%83%8a%e3%83%bc%e3%81%a7%e5%b7%bb%e3%81%8d%e8%b5%b7%e3%81%93%e3%82%8b%e8%89%b2%e3%82%93%e3%81%aa%e3%83%8f%e3%83%97%e3%83%8b%e3%83%b3%e3%82%b0%e3%81%aegi,RuntimeError('HTTP 503'),gif.anime2 実GIFアーカイブ
gif_anime2_0055_00003,gif_anime2,http://gif.anime2.net/wp/wp-content/uploads/2015/12/2357368811.gif,http://gif.anime2.net/matome/%e3%83%ab%e3%83%bc%e3%83%a0%e3%83%a9%e3%83%b3%e3%83%8a%e3%83%bc%e3%81%a7%e5%b7%bb%e3%81%8d%e8%b5%b7%e3%81%93%e3%82%8b%e8%89%b2%e3%82%93%e3%81%aa%e3%83%8f%e3%83%97%e3%83%8b%e3%83%b3%e3%82%b0%e3%81%aegi,RuntimeError('HTTP 503'),gif.anime2 実GIFアーカイブ
gif_anime2_0055_00005,gif_anime2,http://gif.anime2.net/wp/wp-content/uploads/2016/10/Gifsmith-8acb3db1-26.gif,http://gif.anime2.net/matome/%e3%83%ab%e3%83%bc%e3%83%a0%e3%83%a9%e3%83%b3%e3%83%8a%e3%83%bc%e3%81%a7%e5%b7%bb%e3%81%8d%e8%b5%b7%e3%81%93%e3%82%8b%e8%89%b2%e3%82%93%e3%81%aa%e3%83%8f%e3%83%97%e3%83%8b%e3%83%b3%e3%82%b0%e3%81%aegi,RuntimeError('HTTP 503'),gif.anime2 実GIFアーカイブ
gif_anime2_0055_00007,gif_anime2,http://gif.anime2.net/wp/wp-content/uploads/2016/11/Gifsmith-289ef822-6.gif,http://gif.anime2.net/matome/%e3%83%ab%e3%83%bc%e3%83%a0%e3%83%a9%e3%83%b3%e3%83%8a%e3%83%bc%e3%81%a7%e5%b7%bb%e3%81%8d%e8%b5%b7%e3%81%93%e3%82%8b%e8%89%b2%e3%82%93%e3%81%aa%e3%83%8f%e3%83%97%e3%83%8b%e3%83%b3%e3%82%b0%e3%81%aegi,RuntimeError('HTTP 503'),gif.anime2 実GIFアーカイブ
gif_anime2_0055_00006,gif_anime2,http://gif.anime2.net/wp/wp-content/uploads/2016/10/Gifsmith-cc2e4d10-29.gif,http://gif.anime2.net/matome/%e3%83%ab%e3%83%bc%e3%83%a0%e3%83%a9%e3%83%b3%e3%83%8a%e3%83%bc%e3%81%a7%e5%b7%bb%e3%81%8d%e8%b5%b7%e3%81%93%e3%82%8b%e8%89%b2%e3%82%93%e3%81%aa%e3%83%8f%e3%83%97%e3%83%8b%e3%83%b3%e3%82%b0%e3%81%aegi,RuntimeError('HTTP 503'),gif.anime2 実GIFアーカイブ
gif_anime2_0055_00008,gif_anime2,http://gif.anime2.net/wp/wp-content/uploads/2016/11/Gifsmith-6b55a3c4-35.gif,http://gif.anime2.net/matome/%e3%83%ab%e3%83%bc%e3%83%a0%e3%83%a9%e3%83%b3%e3%83%8a%e3%83%bc%e3%81%a7%e5%b7%bb%e3%81%8d%e8%b5%b7%e3%81%93%e3%82%8b%e8%89%b2%e3%82%93%e3%81%aa%e3%83%8f%e3%83%97%e3%83%8b%e3%83%b3%e3%82%b0%e3%81%aegi,RuntimeError('HTTP 503'),gif.anime2 実GIFアーカイブ
gif_anime2_0055_00009,gif_anime2,http://gif.anime2.net/wp/wp-content/uploads/2016/11/Gifsmith-5d071612-12.gif,http://gif.anime2.net/matome/%e3%83%ab%e3%83%bc%e3%83%a0%e3%83%a9%e3%83%b3%e3%83%8a%e3%83%bc%e3%81%a7%e5%b7%bb%e3%81%8d%e8%b5%b7%e3%81%93%e3%82%8b%e8%89%b2%e3%82%93%e3%81%aa%e3%83%8f%e3%83%97%e3%83%8b%e3%83%b3%e3%82%b0%e3%81%aegi,RuntimeError('HTTP 503'),gif.anime2 実GIFアーカイブ
gif_anime2_0055_00010,gif_anime2,http://gif.anime2.net/wp/wp-content/uploads/2017/02/Gifsmith-bddd352f-3.gif,http://gif.anime2.net/matome/%e3%83%ab%e3%83%bc%e3%83%a0%e3%83%a9%e3%83%b3%e3%83%8a%e3%83%bc%e3%81%a7%e5%b7%bb%e3%81%8d%e8%b5%b7%e3%81%93%e3%82%8b%e8%89%b2%e3%82%93%e3%81%aa%e3%83%8f%e3%83%97%e3%83%8b%e3%83%b3%e3%82%b0%e3%81%aegi,RuntimeError('HTTP 503'),gif.anime2 実GIFアーカイブ
gif_anime2_0055_00011,gif_anime2,http://gif.anime2.net/wp/wp-content/uploads/2017/02/Gifsmith-18fc5e0c-6.gif,http://gif.anime2.net/matome/%e3%83%ab%e3%83%bc%e3%83%a0%e3%83%a9%e3%83%b3%e3%83%8a%e3%83%bc%e3%81%a7%e5%b7%bb%e3%81%8d%e8%b5%b7%e3%81%93%e3%82%8b%e8%89%b2%e3%82%93%e3%81%aa%e3%83%8f%e3%83%97%e3%83%8b%e3%83%b3%e3%82%b0%e3%81%aegi,RuntimeError('HTTP 503'),gif.anime2 実GIFアーカイブ
gif_anime2_0055_00013,gif_anime2,http://gif.anime2.net/wp/wp-content/uploads/2015/12/PNNwD4.gif,http://gif.anime2.net/matome/%e3%83%ab%e3%83%bc%e3%83%a0%e3%83%a9%e3%83%b3%e3%83%8a%e3%83%bc%e3%81%a7%e5%b7%bb%e3%81%8d%e8%b5%b7%e3%81%93%e3%82%8b%e8%89%b2%e3%82%93%e3%81%aa%e3%83%8f%e3%83%97%e3%83%8b%e3%83%b3%e3%82%b0%e3%81%aegi,RuntimeError('HTTP 503'),gif.anime2 実GIFアーカイブ
gif_anime2_0055_00012,gif_anime2,http://gif.anime2.net/wp/wp-content/uploads/2016/12/Gifsmith-45d52196-29.gif,http://gif.anime2.net/matome/%e3%83%ab%e3%83%bc%e3%83%a0%e3%83%a9%e3%83%b3%e3%83%8a%e3%83%bc%e3%81%a7%e5%b7%bb%e3%81%8d%e8%b5%b7%e3%81%93%e3%82%8b%e8%89%b2%e3%82%93%e3%81%aa%e3%83%8f%e3%83%97%e3%83%8b%e3%83%b3%e3%82%b0%e3%81%aegi,RuntimeError('HTTP 503'),gif.anime2 実GIFアーカイブ
gif_anime2_0055_00015,gif_anime2,http://gif.anime2.net/wp/wp-content/uploads/2015/12/Gif-lathe.gif,http://gif.anime2.net/matome/%e3%83%ab%e3%83%bc%e3%83%a0%e3%83%a9%e3%83%b3%e3%83%8a%e3%83%bc%e3%81%a7%e5%b7%bb%e3%81%8d%e8%b5%b7%e3%81%93%e3%82%8b%e8%89%b2%e3%82%93%e3%81%aa%e3%83%8f%e3%83%97%e3%83%8b%e3%83%b3%e3%82%b0%e3%81%aegi,RuntimeError('HTTP 503'),gif.anime2 実GIFアーカイブ
gif_anime2_0056_00004,gif_anime2,https://gif.anime2.net/wp/wp-content/uploads/2018/12/Gifsmith-5213468b-3-thumb.jpg,https://gif.anime2.net/category/%E5%8B%95%E7%89%A9,RuntimeError('HTTP 503'),gif.anime2 実GIFアーカイブ
gif_anime2_0056_00005,gif_anime2,https://gif.anime2.net/wp/wp-content/uploads/2018/12/Gifsmith-4ccd3874-3-2-thumb.jpg,https://gif.anime2.net/category/%E5%8B%95%E7%89%A9,RuntimeError('HTTP 503'),gif.anime2 実GIFアーカイブ
gif_anime2_0056_00007,gif_anime2,https://gif.anime2.net/wp/wp-content/uploads/2018/12/Gifsmith-6dacd635-5-thumb.jpg,https://gif.anime2.net/category/%E5%8B%95%E7%89%A9,RuntimeError('HTTP 503'),gif.anime2 実GIFアーカイブ
gif_anime2_0056_00008,gif_anime2,https://gif.anime2.net/wp/wp-content/uploads/2018/12/Gifsmith-41c914d2-2-thumb.jpg,https://gif.anime2.net/category/%E5%8B%95%E7%89%A9,RuntimeError('HTTP 503'),gif.anime2 実GIFアーカイブ
gif_anime2_0056_00010,gif_anime2,https://gif.anime2.net/wp/wp-content/uploads/2018/11/Gifsmith-75e0a622-2-thumb.jpg,https://gif.anime2.net/category/%E5%8B%95%E7%89%A9,RuntimeError('HTTP 503'),gif.anime2 実GIFアーカイブ
gif_anime2_0056_00014,gif_anime2,https://gif.anime2.net/wp/wp-content/uploads/2018/11/Gifsmith-c55e33ac-5-thumb.jpg,https://gif.anime2.net/category/%E5%8B%95%E7%89%A9,RuntimeError('HTTP 503'),gif.anime2 実GIFアーカイブ
gif_anime2_0056_00016,gif_anime2,https://gif.anime2.net/wp/wp-content/uploads/2018/11/Gifsmith-0061e26f-2-thumb.jpg,https://gif.anime2.net/category/%E5%8B%95%E7%89%A9,RuntimeError('HTTP 503'),gif.anime2 実GIFアーカイブ
gif_anime2_0056_00017,gif_anime2,https://gif.anime2.net/wp/wp-content/uploads/2018/10/Gifsmith-cb8aeeb8-2-thumb.jpg,https://gif.anime2.net/category/%E5%8B%95%E7%89%A9,RuntimeError('HTTP 503'),gif.anime2 実GIFアーカイブ
gif_anime2_0056_00019,gif_anime2,https://gif.anime2.net/wp/wp-content/uploads/2018/10/Gifsmith-cb8aeeb8-3-1-thumb.jpg,https://gif.anime2.net/category/%E5%8B%95%E7%89%A9,RuntimeError('HTTP 503'),gif.anime2 実GIFアーカイブ
gif_anime2_0056_00020,gif_anime2,https://gif.anime2.net/wp/wp-content/uploads/2018/10/Gifsmith-cb8aeeb8-4-thumb.jpg,https://gif.anime2.net/category/%E5%8B%95%E7%89%A9,RuntimeError('HTTP 503'),gif.anime2 実GIFアーカイブ
gif_anime2_0056_00044,gif_anime2,https://gif.anime2.net/wp/wp-content/uploads/2018/12/Gifsmith-5213468b-3.gif,https://gif.anime2.net/category/%E5%8B%95%E7%89%A9,RuntimeError('HTTP 503'),gif.anime2 実GIFアーカイブ
gif_anime2_0056_00045,gif_anime2,https://gif.anime2.net/wp/wp-content/uploads/2018/12/Gifsmith-4ccd3874-3-2.gif,https://gif.anime2.net/category/%E5%8B%95%E7%89%A9,RuntimeError('HTTP 503'),gif.anime2 実GIFアーカイブ
gif_anime2_0056_00047,gif_anime2,https://gif.anime2.net/wp/wp-content/uploads/2018/12/Gifsmith-6dacd635-5.gif,https://gif.anime2.net/category/%E5%8B%95%E7%89%A9,RuntimeError('HTTP 503'),gif.anime2 実GIFアーカイブ
gif_anime2_0056_00050,gif_anime2,https://gif.anime2.net/wp/wp-content/uploads/2018/11/Gifsmith-75e0a622-2.gif,https://gif.anime2.net/category/%E5%8B%95%E7%89%A9,RuntimeError('HTTP 503'),gif.anime2 実GIFアーカイブ
gif_anime2_0056_00048,gif_anime2,https://gif.anime2.net/wp/wp-content/uploads/2018/12/Gifsmith-41c914d2-2.gif,https://gif.anime2.net/category/%E5%8B%95%E7%89%A9,RuntimeError('HTTP 503'),gif.anime2 実GIFアーカイブ
gif_anime2_0056_00054,gif_anime2,https://gif.anime2.net/wp/wp-content/uploads/2018/11/Gifsmith-c55e33ac-5.gif,https://gif.anime2.net/category/%E5%8B%95%E7%89%A9,RuntimeError('HTTP 503'),gif.anime2 実GIFアーカイブ
gif_anime2_0056_00056,gif_anime2,https://gif.anime2.net/wp/wp-content/uploads/2018/11/Gifsmith-0061e26f-2.gif,https://gif.anime2.net/category/%E5%8B%95%E7%89%A9,RuntimeError('HTTP 503'),gif.anime2 実GIFアーカイブ
gif_anime2_0056_00057,gif_anime2,https://gif.anime2.net/wp/wp-content/uploads/2018/10/Gifsmith-cb8aeeb8-2.gif,https://gif.anime2.net/category/%E5%8B%95%E7%89%A9,RuntimeError('HTTP 503'),gif.anime2 実GIFアーカイブ
gif_anime2_0056_00059,gif_anime2,https://gif.anime2.net/wp/wp-content/uploads/2018/10/Gifsmith-cb8aeeb8-3-1.gif,https://gif.anime2.net/category/%E5%8B%95%E7%89%A9,RuntimeError('HTTP 503'),gif.anime2 実GIFアーカイブ
gif_anime2_0057_00013,gif_anime2,https://gif.anime2.net/wp/wp-content/uploads/2018/08/Gifsmith-b409a1bb-4-thumb.jpg,https://gif.anime2.net/category/%E7%8C%AB,RuntimeError('HTTP 503'),gif.anime2 実GIFアーカイブ
gif_anime2_0056_00060,gif_anime2,https://gif.anime2.net/wp/wp-content/uploads/2018/10/Gifsmith-cb8aeeb8-4.gif,https://gif.anime2.net/category/%E5%8B%95%E7%89%A9,RuntimeError('HTTP 503'),gif.anime2 実GIFアーカイブ
gif_anime2_0057_00010,gif_anime2,https://gif.anime2.net/wp/wp-content/uploads/2018/08/Gifsmith-d828f08d-3-thumb.jpg,https://gif.anime2.net/category/%E7%8C%AB,RuntimeError('HTTP 503'),gif.anime2 実GIFアーカイブ
gif_anime2_0057_00011,gif_anime2,https://gif.anime2.net/wp/wp-content/uploads/2018/08/Gifsmith-3c5c7785-4-thumb.jpg,https://gif.anime2.net/category/%E7%8C%AB,RuntimeError('HTTP 503'),gif.anime2 実GIFアーカイブ
gif_anime2_0057_00009,gif_anime2,https://gif.anime2.net/wp/wp-content/uploads/2018/10/Gifsmith-a92ef824-4-thumb.jpg,https://gif.anime2.net/category/%E7%8C%AB,RuntimeError('HTTP 503'),gif.anime2 実GIFアーカイブ
gif_anime2_0057_00015,gif_anime2,https://gif.anime2.net/wp/wp-content/uploads/2018/07/Gifsmith-19a1bbd5-2-thumb.jpg,https://gif.anime2.net/category/%E7%8C%AB,RuntimeError('HTTP 503'),gif.anime2 実GIFアーカイブ
gif_anime2_0057_00014,gif_anime2,https://gif.anime2.net/wp/wp-content/uploads/2018/07/Gifsmith-28eb7079-3-thumb.jpg,https://gif.anime2.net/category/%E7%8C%AB,RuntimeError('HTTP 503'),gif.anime2 実GIFアーカイブ
gif_anime2_0057_00016,gif_anime2,https://gif.anime2.net/wp/wp-content/uploads/2018/07/Gifsmith-9c91cf6a-5-thumb.jpg,https://gif.anime2.net/category/%E7%8C%AB,RuntimeError('HTTP 503'),gif.anime2 実GIFアーカイブ
gif_anime2_0057_00017,gif_anime2,https://gif.anime2.net/wp/wp-content/uploads/2018/07/Gifsmith-8a905a36-3-thumb.jpg,https://gif.anime2.net/category/%E7%8C%AB,RuntimeError('HTTP 503'),gif.anime2 実GIFアーカイブ
gif_anime2_0057_00018,gif_anime2,https://gif.anime2.net/wp/wp-content/uploads/2018/06/Gifsmith-103041e5-3-thumb.jpg,https://gif.anime2.net/category/%E7%8C%AB,RuntimeError('HTTP 503'),gif.anime2 実GIFアーカイブ
gif_anime2_0057_00019,gif_anime2,https://gif.anime2.net/wp/wp-content/uploads/2018/06/Gifsmith-1a78e2f0-0-thumb.jpg,https://gif.anime2.net/category/%E7%8C%AB,RuntimeError('HTTP 503'),gif.anime2 実GIFアーカイブ
gif_anime2_0057_00020,gif_anime2,https://gif.anime2.net/wp/wp-content/uploads/2018/05/Gifsmith-a4bf98fd-0-thumb.jpg,https://gif.anime2.net/category/%E7%8C%AB,RuntimeError('HTTP 503'),gif.anime2 実GIFアーカイブ
gif_anime2_0057_00021,gif_anime2,https://gif.anime2.net/wp/wp-content/uploads/2018/05/Gifsmith-db354aec-10-thumb.jpg,https://gif.anime2.net/category/%E7%8C%AB,RuntimeError('HTTP 503'),gif.anime2 実GIFアーカイブ
gif_anime2_0057_00049,gif_anime2,https://gif.anime2.net/wp/wp-content/uploads/2018/10/Gifsmith-a92ef824-4.gif,https://gif.anime2.net/category/%E7%8C%AB,RuntimeError('HTTP 503'),gif.anime2 実GIFアーカイブ
gif_anime2_0057_00050,gif_anime2,https://gif.anime2.net/wp/wp-content/uploads/2018/08/Gifsmith-d828f08d-3.gif,https://gif.anime2.net/category/%E7%8C%AB,RuntimeError('HTTP 503'),gif.anime2 実GIFアーカイブ
gif_anime2_0057_00053,gif_anime2,https://gif.anime2.net/wp/wp-content/uploads/2018/08/Gifsmith-b409a1bb-4.gif,https://gif.anime2.net/category/%E7%8C%AB,RuntimeError('HTTP 503'),gif.anime2 実GIFアーカイブ
gif_anime2_0057_00051,gif_anime2,https://gif.anime2.net/wp/wp-content/uploads/2018/08/Gifsmith-3c5c7785-4.gif,https://gif.anime2.net/category/%E7%8C%AB,RuntimeError('HTTP 503'),gif.anime2 実GIFアーカイブ
gif_anime2_0057_00054,gif_anime2,https://gif.anime2.net/wp/wp-content/uploads/2018/07/Gifsmith-28eb7079-3.gif,https://gif.anime2.net/category/%E7%8C%AB,RuntimeError('HTTP 503'),gif.anime2 実GIFアーカイブ
gif_anime2_0057_00055,gif_anime2,https://gif.anime2.net/wp/wp-content/uploads/2018/07/Gifsmith-19a1bbd5-2.gif,https://gif.anime2.net/category/%E7%8C%AB,RuntimeError('HTTP 503'),gif.anime2 実GIFアーカイブ
gif_anime2_0057_00056,gif_anime2,https://gif.anime2.net/wp/wp-content/uploads/2018/07/Gifsmith-9c91cf6a-5.gif,https://gif.anime2.net/category/%E7%8C%AB,RuntimeError('HTTP 503'),gif.anime2 実GIFアーカイブ
gif_anime2_0057_00059,gif_anime2,https://gif.anime2.net/wp/wp-content/uploads/2018/06/Gifsmith-1a78e2f0-0.gif,https://gif.anime2.net/category/%E7%8C%AB,RuntimeError('HTTP 503'),gif.anime2 実GIFアーカイブ
gif_anime2_0057_00057,gif_anime2,https://gif.anime2.net/wp/wp-content/uploads/2018/07/Gifsmith-8a905a36-3.gif,https://gif.anime2.net/category/%E7%8C%AB,RuntimeError('HTTP 503'),gif.anime2 実GIFアーカイブ
gif_anime2_0057_00060,gif_anime2,https://gif.anime2.net/wp/wp-content/uploads/2018/05/Gifsmith-a4bf98fd-0.gif,https://gif.anime2.net/category/%E7%8C%AB,RuntimeError('HTTP 503'),gif.anime2 実GIFアーカイブ
gif_anime2_0057_00058,gif_anime2,https://gif.anime2.net/wp/wp-content/uploads/2018/06/Gifsmith-103041e5-3.gif,https://gif.anime2.net/category/%E7%8C%AB,RuntimeError('HTTP 503'),gif.anime2 実GIFアーカイブ
gif_anime2_0057_00061,gif_anime2,https://gif.anime2.net/wp/wp-content/uploads/2018/05/Gifsmith-db354aec-10.gif,https://gif.anime2.net/category/%E7%8C%AB,RuntimeError('HTTP 503'),gif.anime2 実GIFアーカイブ
gif_anime2_0058_00003,gif_anime2,https://gif.anime2.net/wp/wp-content/uploads/2018/11/Gifsmith-3c5c7785-2-4-thumb.jpg,https://gif.anime2.net/category/%E4%BA%A4%E9%80%9A,RuntimeError('HTTP 503'),gif.anime2 実GIFアーカイブ
gif_anime2_0058_00010,gif_anime2,https://gif.anime2.net/wp/wp-content/uploads/2018/10/Gifsmith-2ca08ff9-2-thumb.jpg,https://gif.anime2.net/category/%E4%BA%A4%E9%80%9A,RuntimeError('HTTP 503'),gif.anime2 実GIFアーカイブ
gif_anime2_0058_00011,gif_anime2,https://gif.anime2.net/wp/wp-content/uploads/2018/09/Gifsmith-9fd8df1a-2-thumb.jpg,https://gif.anime2.net/category/%E4%BA%A4%E9%80%9A,RuntimeError('HTTP 503'),gif.anime2 実GIFアーカイブ
gif_anime2_0058_00012,gif_anime2,https://gif.anime2.net/wp/wp-content/uploads/2018/09/Gifsmith-6a3ff996-2-thumb.jpg,https://gif.anime2.net/category/%E4%BA%A4%E9%80%9A,RuntimeError('HTTP 503'),gif.anime2 実GIFアーカイブ
gif_anime2_0058_00015,gif_anime2,https://gif.anime2.net/wp/wp-content/uploads/2018/08/7f0466fe-thumb.jpg,https://gif.anime2.net/category/%E4%BA%A4%E9%80%9A,RuntimeError('HTTP 503'),gif.anime2 実GIFアーカイブ
gif_anime2_0058_00018,gif_anime2,https://gif.anime2.net/wp/wp-content/uploads/2018/07/Gifsmith-6f8facf8-3-thumb.jpg,https://gif.anime2.net/category/%E4%BA%A4%E9%80%9A,RuntimeError('HTTP 503'),gif.anime2 実GIFアーカイブ
gif_anime2_0058_00016,gif_anime2,https://gif.anime2.net/wp/wp-content/uploads/2018/08/Gifsmith-a68720b3-3-thumb.jpg,https://gif.anime2.net/category/%E4%BA%A4%E9%80%9A,RuntimeError('HTTP 503'),gif.anime2 実GIFアーカイブ
gif_anime2_0058_00014,gif_anime2,https://gif.anime2.net/wp/wp-content/uploads/2018/08/Gifsmith-7ae1f18c-4-thumb.jpg,https://gif.anime2.net/category/%E4%BA%A4%E9%80%9A,RuntimeError('HTTP 503'),gif.anime2 実GIFアーカイブ
gif_anime2_0058_00019,gif_anime2,https://gif.anime2.net/wp/wp-content/uploads/2018/07/Gifsmith-dd3de03f-3-thumb.jpg,https://gif.anime2.net/category/%E4%BA%A4%E9%80%9A,RuntimeError('HTTP 503'),gif.anime2 実GIFアーカイブ
gif_anime2_0058_00020,gif_anime2,https://gif.anime2.net/wp/wp-content/uploads/2018/07/Gifsmith-5092d8a9-4-1-thumb.jpg,https://gif.anime2.net/category/%E4%BA%A4%E9%80%9A,RuntimeError('HTTP 503'),gif.anime2 実GIFアーカイブ
gif_anime2_0058_00021,gif_anime2,https://gif.anime2.net/wp/wp-content/uploads/2018/07/Gifsmith-5092d8a9-4-thumb.jpg,https://gif.anime2.net/category/%E4%BA%A4%E9%80%9A,RuntimeError('HTTP 503'),gif.anime2 実GIFアーカイブ
gif_anime2_0058_00050,gif_anime2,https://gif.anime2.net/wp/wp-content/uploads/2018/10/Gifsmith-2ca08ff9-2.gif,https://gif.anime2.net/category/%E4%BA%A4%E9%80%9A,RuntimeError('HTTP 503'),gif.anime2 実GIFアーカイブ
gif_anime2_0058_00052,gif_anime2,https://gif.anime2.net/wp/wp-content/uploads/2018/09/Gifsmith-6a3ff996-2.gif,https://gif.anime2.net/category/%E4%BA%A4%E9%80%9A,RuntimeError('HTTP 503'),gif.anime2 実GIFアーカイブ
gif_anime2_0058_00051,gif_anime2,https://gif.anime2.net/wp/wp-content/uploads/2018/09/Gifsmith-9fd8df1a-2.gif,https://gif.anime2.net/category/%E4%BA%A4%E9%80%9A,RuntimeError('HTTP 503'),gif.anime2 実GIFアーカイブ
gif_anime2_0058_00054,gif_anime2,https://gif.anime2.net/wp/wp-content/uploads/2018/08/Gifsmith-7ae1f18c-4.gif,https://gif.anime2.net/category/%E4%BA%A4%E9%80%9A,RuntimeError('HTTP 503'),gif.anime2 実GIFアーカイブ
gif_anime2_0058_00055,gif_anime2,https://gif.anime2.net/wp/wp-content/uploads/2018/08/7f0466fe.gif,https://gif.anime2.net/category/%E4%BA%A4%E9%80%9A,RuntimeError('HTTP 503'),gif.anime2 実GIFアーカイブ
gif_anime2_0058_00058,gif_anime2,https://gif.anime2.net/wp/wp-content/uploads/2018/07/Gifsmith-6f8facf8-3.gif,https://gif.anime2.net/category/%E4%BA%A4%E9%80%9A,RuntimeError('HTTP 503'),gif.anime2 実GIFアーカイブ
gif_anime2_0058_00056,gif_anime2,https://gif.anime2.net/wp/wp-content/uploads/2018/08/Gifsmith-a68720b3-3.gif,https://gif.anime2.net/category/%E4%BA%A4%E9%80%9A,RuntimeError('HTTP 503'),gif.anime2 実GIFアーカイブ
gif_anime2_0058_00059,gif_anime2,https://gif.anime2.net/wp/wp-content/uploads/2018/07/Gifsmith-dd3de03f-3.gif,https://gif.anime2.net/category/%E4%BA%A4%E9%80%9A,RuntimeError('HTTP 503'),gif.anime2 実GIFアーカイブ
gif_anime2_0058_00060,gif_anime2,https://gif.anime2.net/wp/wp-content/uploads/2018/07/Gifsmith-5092d8a9-4-1.gif,https://gif.anime2.net/category/%E4%BA%A4%E9%80%9A,RuntimeError('HTTP 503'),gif.anime2 実GIFアーカイブ
gif_anime2_0058_00061,gif_anime2,https://gif.anime2.net/wp/wp-content/uploads/2018/07/Gifsmith-5092d8a9-4.gif,https://gif.anime2.net/category/%E4%BA%A4%E9%80%9A,RuntimeError('HTTP 503'),gif.anime2 実GIFアーカイブ
gif_anime2_0059_00004,gif_anime2,https://gif.anime2.net/wp/wp-content/uploads/2018/08/Gifsmith-9095350e-3-thumb.jpg,https://gif.anime2.net/category/%E5%AD%90%E4%BE%9B,RuntimeError('HTTP 503'),gif.anime2 実GIFアーカイブ
gif_anime2_0059_00003,gif_anime2,https://gif.anime2.net/wp/wp-content/uploads/2018/09/Gifsmith-d9873496-3-thumb.jpg,https://gif.anime2.net/category/%E5%AD%90%E4%BE%9B,RuntimeError('HTTP 503'),gif.anime2 実GIFアーカイブ
gif_anime2_0059_00007,gif_anime2,https://gif.anime2.net/wp/wp-content/uploads/2018/07/Gifsmith-3cebc9c8-3-thumb.jpg,https://gif.anime2.net/category/%E5%AD%90%E4%BE%9B,RuntimeError('HTTP 503'),gif.anime2 実GIFアーカイブ
gif_anime2_0059_00006,gif_anime2,https://gif.anime2.net/wp/wp-content/uploads/2018/07/Gifsmith-3cebc9c8-3-1-thumb.jpg,https://gif.anime2.net/category/%E5%AD%90%E4%BE%9B,RuntimeError('HTTP 503'),gif.anime2 実GIFアーカイブ
gif_anime2_0059_00005,gif_anime2,https://gif.anime2.net/wp/wp-content/uploads/2018/08/Gifsmith-123db598-3-1-thumb.jpg,https://gif.anime2.net/category/%E5%AD%90%E4%BE%9B,RuntimeError('HTTP 503'),gif.anime2 実GIFアーカイブ
gif_anime2_0059_00009,gif_anime2,https://gif.anime2.net/wp/wp-content/uploads/2018/07/Gifsmith-d6d2300b-0-thumb.jpg,https://gif.anime2.net/category/%E5%AD%90%E4%BE%9B,RuntimeError('HTTP 503'),gif.anime2 実GIFアーカイブ
gif_anime2_0059_00008,gif_anime2,https://gif.anime2.net/wp/wp-content/uploads/2018/07/Gifsmith-6f8facf8-6-thumb.jpg,https://gif.anime2.net/category/%E5%AD%90%E4%BE%9B,RuntimeError('HTTP 503'),gif.anime2 実GIFアーカイブ
gif_anime2_0059_00010,gif_anime2,https://gif.anime2.net/wp/wp-content/uploads/2018/07/Gifsmith-89668fef-12-thumb.jpg,https://gif.anime2.net/category/%E5%AD%90%E4%BE%9B,RuntimeError('HTTP 503'),gif.anime2 実GIFアーカイブ
gif_anime2_0059_00012,gif_anime2,https://gif.anime2.net/wp/wp-content/uploads/2018/07/Gifsmith-61febded-18-thumb.jpg,https://gif.anime2.net/category/%E5%AD%90%E4%BE%9B,RuntimeError('HTTP 503'),gif.anime2 実GIFアーカイブ
gif_anime2_0059_00013,gif_anime2,https://gif.anime2.net/wp/wp-content/uploads/2018/07/Gifsmith-1d3c083b-4-thumb.jpg,https://gif.anime2.net/category/%E5%AD%90%E4%BE%9B,RuntimeError('HTTP 503'),gif.anime2 実GIFアーカイブ
gif_anime2_0059_00014,gif_anime2,https://gif.anime2.net/wp/wp-content/uploads/2018/06/Gifsmith-3ce6cb6e-6-thumb.jpg,https://gif.anime2.net/category/%E5%AD%90%E4%BE%9B,RuntimeError('HTTP 503'),gif.anime2 実GIFアーカイブ
gif_anime2_0059_00011,gif_anime2,https://gif.anime2.net/wp/wp-content/uploads/2018/07/Gifsmith-045f87f3-6-thumb.jpg,https://gif.anime2.net/category/%E5%AD%90%E4%BE%9B,RuntimeError('HTTP 503'),gif.anime2 実GIFアーカイブ
gif_anime2_0059_00015,gif_anime2,https://gif.anime2.net/wp/wp-content/uploads/2018/06/Gifsmith-1e64ee89-11-thumb.jpg,https://gif.anime2.net/category/%E5%AD%90%E4%BE%9B,RuntimeError('HTTP 503'),gif.anime2 実GIFアーカイブ
gif_anime2_0059_00016,gif_anime2,https://gif.anime2.net/wp/wp-content/uploads/2018/06/Gifsmith-99ee74f8-8-thumb.jpg,https://gif.anime2.net/category/%E5%AD%90%E4%BE%9B,RuntimeError('HTTP 503'),gif.anime2 実GIFアーカイブ
gif_anime2_0059_00017,gif_anime2,https://gif.anime2.net/wp/wp-content/uploads/2018/06/Gifsmith-661a52c3-4-thumb.jpg,https://gif.anime2.net/category/%E5%AD%90%E4%BE%9B,RuntimeError('HTTP 503'),gif.anime2 実GIFアーカイブ
gif_anime2_0059_00018,gif_anime2,https://gif.anime2.net/wp/wp-content/uploads/2018/06/Gifsmith-32bf24b5-3-thumb.jpg,https://gif.anime2.net/category/%E5%AD%90%E4%BE%9B,RuntimeError('HTTP 503'),gif.anime2 実GIFアーカイブ
gif_anime2_0059_00019,gif_anime2,https://gif.anime2.net/wp/wp-content/uploads/2018/06/Gifsmith-1359bcdc-10-thumb.jpg,https://gif.anime2.net/category/%E5%AD%90%E4%BE%9B,RuntimeError('HTTP 503'),gif.anime2 実GIFアーカイブ
gif_anime2_0059_00020,gif_anime2,https://gif.anime2.net/wp/wp-content/uploads/2018/06/Gifsmith-d053eb33-19-thumb.jpg,https://gif.anime2.net/category/%E5%AD%90%E4%BE%9B,RuntimeError('HTTP 503'),gif.anime2 実GIFアーカイブ
gif_anime2_0059_00021,gif_anime2,https://gif.anime2.net/wp/wp-content/uploads/2018/06/Gifsmith-c3a10383-19-thumb.jpg,https://gif.anime2.net/category/%E5%AD%90%E4%BE%9B,RuntimeError('HTTP 503'),gif.anime2 実GIFアーカイブ
gif_anime2_0059_00044,gif_anime2,https://gif.anime2.net/wp/wp-content/uploads/2018/08/Gifsmith-9095350e-3.gif,https://gif.anime2.net/category/%E5%AD%90%E4%BE%9B,RuntimeError('HTTP 503'),gif.anime2 実GIFアーカイブ
gif_anime2_0059_00043,gif_anime2,https://gif.anime2.net/wp/wp-content/uploads/2018/09/Gifsmith-d9873496-3.gif,https://gif.anime2.net/category/%E5%AD%90%E4%BE%9B,RuntimeError('HTTP 503'),gif.anime2 実GIFアーカイブ
gif_anime2_0059_00045,gif_anime2,https://gif.anime2.net/wp/wp-content/uploads/2018/08/Gifsmith-123db598-3-1.gif,https://gif.anime2.net/category/%E5%AD%90%E4%BE%9B,RuntimeError('HTTP 503'),gif.anime2 実GIFアーカイブ
gif_anime2_0059_00046,gif_anime2,https://gif.anime2.net/wp/wp-content/uploads/2018/07/Gifsmith-3cebc9c8-3-1.gif,https://gif.anime2.net/category/%E5%AD%90%E4%BE%9B,RuntimeError('HTTP 503'),gif.anime2 実GIFアーカイブ
gif_anime2_0059_00047,gif_anime2,https://gif.anime2.net/wp/wp-content/uploads/2018/07/Gifsmith-3cebc9c8-3.gif,https://gif.anime2.net/category/%E5%AD%90%E4%BE%9B,RuntimeError('HTTP 503'),gif.anime2 実GIFアーカイブ
gif_anime2_0059_00048,gif_anime2,https://gif.anime2.net/wp/wp-content/uploads/2018/07/Gifsmith-6f8facf8-6.gif,https://gif.anime2.net/category/%E5%AD%90%E4%BE%9B,RuntimeError('HTTP 503'),gif.anime2 実GIFアーカイブ
gif_anime2_0059_00049,gif_anime2,https://gif.anime2.net/wp/wp-content/uploads/2018/07/Gifsmith-d6d2300b-0.gif,https://gif.anime2.net/category/%E5%AD%90%E4%BE%9B,RuntimeError('HTTP 503'),gif.anime2 実GIFアーカイブ
gif_anime2_0059_00050,gif_anime2,https://gif.anime2.net/wp/wp-content/uploads/2018/07/Gifsmith-89668fef-12.gif,https://gif.anime2.net/category/%E5%AD%90%E4%BE%9B,RuntimeError('HTTP 503'),gif.anime2 実GIFアーカイブ
gif_anime2_0059_00051,gif_anime2,https://gif.anime2.net/wp/wp-content/uploads/2018/07/Gifsmith-045f87f3-6.gif,https://gif.anime2.net/category/%E5%AD%90%E4%BE%9B,RuntimeError('HTTP 503'),gif.anime2 実GIFアーカイブ
gif_anime2_0059_00052,gif_anime2,https://gif.anime2.net/wp/wp-content/uploads/2018/07/Gifsmith-61febded-18.gif,https://gif.anime2.net/category/%E5%AD%90%E4%BE%9B,RuntimeError('HTTP 503'),gif.anime2 実GIFアーカイブ
gif_anime2_0059_00053,gif_anime2,https://gif.anime2.net/wp/wp-content/uploads/2018/07/Gifsmith-1d3c083b-4.gif,https://gif.anime2.net/category/%E5%AD%90%E4%BE%9B,RuntimeError('HTTP 503'),gif.anime2 実GIFアーカイブ
gif_anime2_0059_00055,gif_anime2,https://gif.anime2.net/wp/wp-content/uploads/2018/06/Gifsmith-1e64ee89-11.gif,https://gif.anime2.net/category/%E5%AD%90%E4%BE%9B,RuntimeError('HTTP 503'),gif.anime2 実GIFアーカイブ
gif_anime2_0059_00054,gif_anime2,https://gif.anime2.net/wp/wp-content/uploads/2018/06/Gifsmith-3ce6cb6e-6.gif,https://gif.anime2.net/category/%E5%AD%90%E4%BE%9B,RuntimeError('HTTP 503'),gif.anime2 実GIFアーカイブ
gif_anime2_0059_00056,gif_anime2,https://gif.anime2.net/wp/wp-content/uploads/2018/06/Gifsmith-99ee74f8-8.gif,https://gif.anime2.net/category/%E5%AD%90%E4%BE%9B,RuntimeError('HTTP 503'),gif.anime2 実GIFアーカイブ
gif_anime2_0059_00057,gif_anime2,https://gif.anime2.net/wp/wp-content/uploads/2018/06/Gifsmith-661a52c3-4.gif,https://gif.anime2.net/category/%E5%AD%90%E4%BE%9B,RuntimeError('HTTP 503'),gif.anime2 実GIFアーカイブ
gif_anime2_0059_00060,gif_anime2,https://gif.anime2.net/wp/wp-content/uploads/2018/06/Gifsmith-d053eb33-19.gif,https://gif.anime2.net/category/%E5%AD%90%E4%BE%9B,RuntimeError('HTTP 503'),gif.anime2 実GIFアーカイブ
gif_anime2_0059_00061,gif_anime2,https://gif.anime2.net/wp/wp-content/uploads/2018/06/Gifsmith-c3a10383-19.gif,https://gif.anime2.net/category/%E5%AD%90%E4%BE%9B,RuntimeError('HTTP 503'),gif.anime2 実GIFアーカイブ
gif_anime2_0059_00058,gif_anime2,https://gif.anime2.net/wp/wp-content/uploads/2018/06/Gifsmith-32bf24b5-3.gif,https://gif.anime2.net/category/%E5%AD%90%E4%BE%9B,RuntimeError('HTTP 503'),gif.anime2 実GIFアーカイブ
gif_anime2_0059_00059,gif_anime2,https://gif.anime2.net/wp/wp-content/uploads/2018/06/Gifsmith-1359bcdc-10.gif,https://gif.anime2.net/category/%E5%AD%90%E4%BE%9B,RuntimeError('HTTP 503'),gif.anime2 実GIFアーカイブ
gif_anime2_0060_00003,gif_anime2,https://gif.anime2.net/wp/wp-content/uploads/2018/07/Gifsmith-d4335f84-0-thumb.jpg,https://gif.anime2.net/category/%E9%87%8E%E7%90%83,RuntimeError('HTTP 503'),gif.anime2 実GIFアーカイブ
gif_anime2_0060_00014,gif_anime2,https://gif.anime2.net/wp/wp-content/uploads/2018/07/Gifsmith-05035dca-6-thumb.jpg,https://gif.anime2.net/category/%E9%87%8E%E7%90%83,RuntimeError('HTTP 503'),gif.anime2 実GIFアーカイブ
gif_anime2_0060_00015,gif_anime2,https://gif.anime2.net/wp/wp-content/uploads/2018/06/Gifsmith-e9dbc348-4-thumb.jpg,https://gif.anime2.net/category/%E9%87%8E%E7%90%83,RuntimeError('HTTP 503'),gif.anime2 実GIFアーカイブ
gif_anime2_0060_00016,gif_anime2,https://gif.anime2.net/wp/wp-content/uploads/2018/06/Gifsmith-0c5469b7-18-thumb.jpg,https://gif.anime2.net/category/%E9%87%8E%E7%90%83,RuntimeError('HTTP 503'),gif.anime2 実GIFアーカイブ
gif_anime2_0060_00017,gif_anime2,https://gif.anime2.net/wp/wp-content/uploads/2018/06/Gifsmith-3f2bcdb8-14-thumb.jpg,https://gif.anime2.net/category/%E9%87%8E%E7%90%83,RuntimeError('HTTP 503'),gif.anime2 実GIFアーカイブ
gif_anime2_0060_00018,gif_anime2,https://gif.anime2.net/wp/wp-content/uploads/2018/06/Gifsmith-02d7d2c5-0-thumb.jpg,https://gif.anime2.net/category/%E9%87%8E%E7%90%83,RuntimeError('HTTP 503'),gif.anime2 実GIFアーカイブ
gif_anime2_0060_00019,gif_anime2,https://gif.anime2.net/wp/wp-content/uploads/2018/06/Gifsmith-42357c13-32-thumb.jpg,https://gif.anime2.net/category/%E9%87%8E%E7%90%83,RuntimeError('HTTP 503'),gif.anime2 実GIFアーカイブ
gif_anime2_0060_00020,gif_anime2,https://gif.anime2.net/wp/wp-content/uploads/2018/06/Gifsmith-215d8145-7-thumb.jpg,https://gif.anime2.net/category/%E9%87%8E%E7%90%83,RuntimeError('HTTP 503'),gif.anime2 実GIFアーカイブ
gif_anime2_0060_00021,gif_anime2,https://gif.anime2.net/wp/wp-content/uploads/2018/06/Gifsmith-3449eb44-13-thumb.jpg,https://gif.anime2.net/category/%E9%87%8E%E7%90%83,RuntimeError('HTTP 503'),gif.anime2 実GIFアーカイブ
gif_anime2_0060_00043,gif_anime2,https://gif.anime2.net/wp/wp-content/uploads/2018/07/Gifsmith-d4335f84-0.gif,https://gif.anime2.net/category/%E9%87%8E%E7%90%83,RuntimeError('HTTP 503'),gif.anime2 実GIFアーカイブ
gif_anime2_0060_00054,gif_anime2,https://gif.anime2.net/wp/wp-content/uploads/2018/07/Gifsmith-05035dca-6.gif,https://gif.anime2.net/category/%E9%87%8E%E7%90%83,RuntimeError('HTTP 503'),gif.anime2 実GIFアーカイブ
gif_anime2_0060_00055,gif_anime2,https://gif.anime2.net/wp/wp-content/uploads/2018/06/Gifsmith-e9dbc348-4.gif,https://gif.anime2.net/category/%E9%87%8E%E7%90%83,RuntimeError('HTTP 503'),gif.anime2 実GIFアーカイブ
gif_anime2_0060_00056,gif_anime2,https://gif.anime2.net/wp/wp-content/uploads/2018/06/Gifsmith-0c5469b7-18.gif,https://gif.anime2.net/category/%E9%87%8E%E7%90%83,RuntimeError('HTTP 503'),gif.anime2 実GIFアーカイブ
gif_anime2_0060_00057,gif_anime2,https://gif.anime2.net/wp/wp-content/uploads/2018/06/Gifsmith-3f2bcdb8-14.gif,https://gif.anime2.net/category/%E9%87%8E%E7%90%83,RuntimeError('HTTP 503'),gif.anime2 実GIFアーカイブ
gif_anime2_0060_00058,gif_anime2,https://gif.anime2.net/wp/wp-content/uploads/2018/06/Gifsmith-02d7d2c5-0.gif,https://gif.anime2.net/category/%E9%87%8E%E7%90%83,RuntimeError('HTTP 503'),gif.anime2 実GIFアーカイブ
gif_anime2_0060_00059,gif_anime2,https://gif.anime2.net/wp/wp-content/uploads/2018/06/Gifsmith-42357c13-32.gif,https://gif.anime2.net/category/%E9%87%8E%E7%90%83,RuntimeError('HTTP 503'),gif.anime2 実GIFアーカイブ
gif_anime2_0060_00060,gif_anime2,https://gif.anime2.net/wp/wp-content/uploads/2018/06/Gifsmith-215d8145-7.gif,https://gif.anime2.net/category/%E9%87%8E%E7%90%83,RuntimeError('HTTP 503'),gif.anime2 実GIFアーカイブ
gif_anime2_0060_00061,gif_anime2,https://gif.anime2.net/wp/wp-content/uploads/2018/06/Gifsmith-3449eb44-13.gif,https://gif.anime2.net/category/%E9%87%8E%E7%90%83,RuntimeError('HTTP 503'),gif.anime2 実GIFアーカイブ
gif_anime2_0061_00003,gif_anime2,https://gif.anime2.net/wp/wp-content/uploads/2018/11/Gifsmith-0d1e9aba-2-thumb.jpg,https://gif.anime2.net/category/%E3%83%91%E3%83%95%E3%82%A9%E3%83%BC%E3%83%9E%E3%83%B3%E3%82%B9,RuntimeError('HTTP 503'),gif.anime2 実GIFアーカイブ
gif_anime2_0061_00004,gif_anime2,https://gif.anime2.net/wp/wp-content/uploads/2018/09/Gifsmith-cf063384-4-1-thumb.jpg,https://gif.anime2.net/category/%E3%83%91%E3%83%95%E3%82%A9%E3%83%BC%E3%83%9E%E3%83%B3%E3%82%B9,RuntimeError('HTTP 503'),gif.anime2 実GIFアーカイブ
gif_anime2_0061_00005,gif_anime2,https://gif.anime2.net/wp/wp-content/uploads/2018/09/Gifsmith-19a1bbd5-4-thumb.jpg,https://gif.anime2.net/category/%E3%83%91%E3%83%95%E3%82%A9%E3%83%BC%E3%83%9E%E3%83%B3%E3%82%B9,RuntimeError('HTTP 503'),gif.anime2 実GIFアーカイブ
gif_anime2_0061_00006,gif_anime2,https://gif.anime2.net/wp/wp-content/uploads/2018/08/Gifsmith-df50a972-17-thumb.jpg,https://gif.anime2.net/category/%E3%83%91%E3%83%95%E3%82%A9%E3%83%BC%E3%83%9E%E3%83%B3%E3%82%B9,RuntimeError('HTTP 503'),gif.anime2 実GIFアーカイブ
gif_anime2_0061_00008,gif_anime2,https://gif.anime2.net/wp/wp-content/uploads/2018/07/Gifsmith-f28fda6b-0-thumb.jpg,https://gif.anime2.net/category/%E3%83%91%E3%83%95%E3%82%A9%E3%83%BC%E3%83%9E%E3%83%B3%E3%82%B9,RuntimeError('HTTP 503'),gif.anime2 実GIFアーカイブ
gif_anime2_0061_00009,gif_anime2,https://gif.anime2.net/wp/wp-content/uploads/2018/07/Gifsmith-3c5c7785-3-thumb.jpg,https://gif.anime2.net/category/%E3%83%91%E3%83%95%E3%82%A9%E3%83%BC%E3%83%9E%E3%83%B3%E3%82%B9,RuntimeError('HTTP 503'),gif.anime2 実GIFアーカイブ
gif_anime2_0061_00011,gif_anime2,https://gif.anime2.net/wp/wp-content/uploads/2018/04/Gifsmith-5f05721c-11-4-thumb.jpg,https://gif.anime2.net/category/%E3%83%91%E3%83%95%E3%82%A9%E3%83%BC%E3%83%9E%E3%83%B3%E3%82%B9,RuntimeError('HTTP 503'),gif.anime2 実GIFアーカイブ
gif_anime2_0061_00012,gif_anime2,https://gif.anime2.net/wp/wp-content/uploads/2018/04/Gifsmith-fa1e1f57-4-thumb.jpg,https://gif.anime2.net/category/%E3%83%91%E3%83%95%E3%82%A9%E3%83%BC%E3%83%9E%E3%83%B3%E3%82%B9,RuntimeError('HTTP 503'),gif.anime2 実GIFアーカイブ
gif_anime2_0061_00013,gif_anime2,https://gif.anime2.net/wp/wp-content/uploads/2018/04/Gifsmith-6b60c2a2-0-thumb.jpg,https://gif.anime2.net/category/%E3%83%91%E3%83%95%E3%82%A9%E3%83%BC%E3%83%9E%E3%83%B3%E3%82%B9,RuntimeError('HTTP 503'),gif.anime2 実GIFアーカイブ
gif_anime2_0061_00014,gif_anime2,https://gif.anime2.net/wp/wp-content/uploads/2018/04/Gifsmith-6ae73d75-0-thumb.jpg,https://gif.anime2.net/category/%E3%83%91%E3%83%95%E3%82%A9%E3%83%BC%E3%83%9E%E3%83%B3%E3%82%B9,RuntimeError('HTTP 503'),gif.anime2 実GIFアーカイブ
gif_anime2_0061_00015,gif_anime2,https://gif.anime2.net/wp/wp-content/uploads/2018/04/Gifsmith-5fceaa87-6-thumb.jpg,https://gif.anime2.net/category/%E3%83%91%E3%83%95%E3%82%A9%E3%83%BC%E3%83%9E%E3%83%B3%E3%82%B9,RuntimeError('HTTP 503'),gif.anime2 実GIFアーカイブ
gif_anime2_0061_00016,gif_anime2,https://gif.anime2.net/wp/wp-content/uploads/2018/04/Gifsmith-b2542949-0-thumb.jpg,https://gif.anime2.net/category/%E3%83%91%E3%83%95%E3%82%A9%E3%83%BC%E3%83%9E%E3%83%B3%E3%82%B9,RuntimeError('HTTP 503'),gif.anime2 実GIFアーカイブ
gif_anime2_0061_00017,gif_anime2,https://gif.anime2.net/wp/wp-content/uploads/2018/04/Gifsmith-710e1b60-0-thumb.jpg,https://gif.anime2.net/category/%E3%83%91%E3%83%95%E3%82%A9%E3%83%BC%E3%83%9E%E3%83%B3%E3%82%B9,RuntimeError('HTTP 503'),gif.anime2 実GIFアーカイブ
gif_anime2_0061_00019,gif_anime2,https://gif.anime2.net/wp/wp-content/uploads/2018/04/Gifsmith-954c1ee6-0-thumb.jpg,https://gif.anime2.net/category/%E3%83%91%E3%83%95%E3%82%A9%E3%83%BC%E3%83%9E%E3%83%B3%E3%82%B9,RuntimeError('HTTP 503'),gif.anime2 実GIFアーカイブ
gif_anime2_0061_00020,gif_anime2,https://gif.anime2.net/wp/wp-content/uploads/2018/04/Gifsmith-b09711b9-0-thumb.jpg,https://gif.anime2.net/category/%E3%83%91%E3%83%95%E3%82%A9%E3%83%BC%E3%83%9E%E3%83%B3%E3%82%B9,RuntimeError('HTTP 503'),gif.anime2 実GIFアーカイブ
gif_anime2_0061_00021,gif_anime2,https://gif.anime2.net/wp/wp-content/uploads/2018/04/Gifsmith-afb24b05-0-thumb.jpg,https://gif.anime2.net/category/%E3%83%91%E3%83%95%E3%82%A9%E3%83%BC%E3%83%9E%E3%83%B3%E3%82%B9,RuntimeError('HTTP 503'),gif.anime2 実GIFアーカイブ
gif_anime2_0061_00043,gif_anime2,https://gif.anime2.net/wp/wp-content/uploads/2018/11/Gifsmith-0d1e9aba-2.gif,https://gif.anime2.net/category/%E3%83%91%E3%83%95%E3%82%A9%E3%83%BC%E3%83%9E%E3%83%B3%E3%82%B9,RuntimeError('HTTP 503'),gif.anime2 実GIFアーカイブ
gif_anime2_0061_00044,gif_anime2,https://gif.anime2.net/wp/wp-content/uploads/2018/09/Gifsmith-cf063384-4-1.gif,https://gif.anime2.net/category/%E3%83%91%E3%83%95%E3%82%A9%E3%83%BC%E3%83%9E%E3%83%B3%E3%82%B9,RuntimeError('HTTP 503'),gif.anime2 実GIFアーカイブ
gif_anime2_0061_00045,gif_anime2,https://gif.anime2.net/wp/wp-content/uploads/2018/09/Gifsmith-19a1bbd5-4.gif,https://gif.anime2.net/category/%E3%83%91%E3%83%95%E3%82%A9%E3%83%BC%E3%83%9E%E3%83%B3%E3%82%B9,RuntimeError('HTTP 503'),gif.anime2 実GIFアーカイブ
gif_anime2_0061_00046,gif_anime2,https://gif.anime2.net/wp/wp-content/uploads/2018/08/Gifsmith-df50a972-17.gif,https://gif.anime2.net/category/%E3%83%91%E3%83%95%E3%82%A9%E3%83%BC%E3%83%9E%E3%83%B3%E3%82%B9,RuntimeError('HTTP 503'),gif.anime2 実GIFアーカイブ
gif_anime2_0061_00048,gif_anime2,https://gif.anime2.net/wp/wp-content/uploads/2018/07/Gifsmith-f28fda6b-0.gif,https://gif.anime2.net/category/%E3%83%91%E3%83%95%E3%82%A9%E3%83%BC%E3%83%9E%E3%83%B3%E3%82%B9,RuntimeError('HTTP 503'),gif.anime2 実GIFアーカイブ
gif_anime2_0061_00049,gif_anime2,https://gif.anime2.net/wp/wp-content/uploads/2018/07/Gifsmith-3c5c7785-3.gif,https://gif.anime2.net/category/%E3%83%91%E3%83%95%E3%82%A9%E3%83%BC%E3%83%9E%E3%83%B3%E3%82%B9,RuntimeError('HTTP 503'),gif.anime2 実GIFアーカイブ
gif_anime2_0061_00052,gif_anime2,https://gif.anime2.net/wp/wp-content/uploads/2018/04/Gifsmith-5f05721c-11-4.gif,https://gif.anime2.net/category/%E3%83%91%E3%83%95%E3%82%A9%E3%83%BC%E3%83%9E%E3%83%B3%E3%82%B9,RuntimeError('HTTP 503'),gif.anime2 実GIFアーカイブ
gif_anime2_0061_00053,gif_anime2,https://gif.anime2.net/wp/wp-content/uploads/2018/04/Gifsmith-fa1e1f57-4.gif,https://gif.anime2.net/category/%E3%83%91%E3%83%95%E3%82%A9%E3%83%BC%E3%83%9E%E3%83%B3%E3%82%B9,RuntimeError('HTTP 503'),gif.anime2 実GIFアーカイブ
gif_anime2_0061_00054,gif_anime2,https://gif.anime2.net/wp/wp-content/uploads/2018/04/Gifsmith-6b60c2a2-0.gif,https://gif.anime2.net/category/%E3%83%91%E3%83%95%E3%82%A9%E3%83%BC%E3%83%9E%E3%83%B3%E3%82%B9,RuntimeError('HTTP 503'),gif.anime2 実GIFアーカイブ
gif_anime2_0061_00055,gif_anime2,https://gif.anime2.net/wp/wp-content/uploads/2018/04/Gifsmith-6ae73d75-0.gif,https://gif.anime2.net/category/%E3%83%91%E3%83%95%E3%82%A9%E3%83%BC%E3%83%9E%E3%83%B3%E3%82%B9,RuntimeError('HTTP 503'),gif.anime2 実GIFアーカイブ
gif_anime2_0061_00056,gif_anime2,https://gif.anime2.net/wp/wp-content/uploads/2018/04/Gifsmith-5fceaa87-6.gif,https://gif.anime2.net/category/%E3%83%91%E3%83%95%E3%82%A9%E3%83%BC%E3%83%9E%E3%83%B3%E3%82%B9,RuntimeError('HTTP 503'),gif.anime2 実GIFアーカイブ
gif_anime2_0061_00058,gif_anime2,https://gif.anime2.net/wp/wp-content/uploads/2018/04/Gifsmith-710e1b60-0.gif,https://gif.anime2.net/category/%E3%83%91%E3%83%95%E3%82%A9%E3%83%BC%E3%83%9E%E3%83%B3%E3%82%B9,RuntimeError('HTTP 503'),gif.anime2 実GIFアーカイブ
gif_anime2_0061_00057,gif_anime2,https://gif.anime2.net/wp/wp-content/uploads/2018/04/Gifsmith-b2542949-0.gif,https://gif.anime2.net/category/%E3%83%91%E3%83%95%E3%82%A9%E3%83%BC%E3%83%9E%E3%83%B3%E3%82%B9,RuntimeError('HTTP 503'),gif.anime2 実GIFアーカイブ
gif_anime2_0061_00060,gif_anime2,https://gif.anime2.net/wp/wp-content/uploads/2018/04/Gifsmith-954c1ee6-0.gif,https://gif.anime2.net/category/%E3%83%91%E3%83%95%E3%82%A9%E3%83%BC%E3%83%9E%E3%83%B3%E3%82%B9,RuntimeError('HTTP 503'),gif.anime2 実GIFアーカイブ
gif_anime2_0061_00061,gif_anime2,https://gif.anime2.net/wp/wp-content/uploads/2018/04/Gifsmith-b09711b9-0.gif,https://gif.anime2.net/category/%E3%83%91%E3%83%95%E3%82%A9%E3%83%BC%E3%83%9E%E3%83%B3%E3%82%B9,RuntimeError('HTTP 503'),gif.anime2 実GIFアーカイブ
gif_anime2_0061_00062,gif_anime2,https://gif.anime2.net/wp/wp-content/uploads/2018/04/Gifsmith-afb24b05-0.gif,https://gif.anime2.net/category/%E3%83%91%E3%83%95%E3%82%A9%E3%83%BC%E3%83%9E%E3%83%B3%E3%82%B9,RuntimeError('HTTP 503'),gif.anime2 実GIFアーカイブ
gif_anime2_0062_00003,gif_anime2,https://gif.anime2.net/wp/wp-content/uploads/2018/12/Gifsmith-cb840790-6-thumb.jpg,https://gif.anime2.net/category/%E3%82%AF%E3%83%AA%E3%82%A8%E3%82%A4%E3%83%86%E3%82%A3%E3%83%96,RuntimeError('HTTP 503'),gif.anime2 実GIFアーカイブ
gif_anime2_0062_00004,gif_anime2,https://gif.anime2.net/wp/wp-content/uploads/2018/10/Gifsmith-bd6538e3-2-thumb.jpg,https://gif.anime2.net/category/%E3%82%AF%E3%83%AA%E3%82%A8%E3%82%A4%E3%83%86%E3%82%A3%E3%83%96,RuntimeError('HTTP 503'),gif.anime2 実GIFアーカイブ
gif_anime2_0062_00008,gif_anime2,https://gif.anime2.net/wp/wp-content/uploads/2018/07/Gifsmith-427f85d2-13-thumb.jpg,https://gif.anime2.net/category/%E3%82%AF%E3%83%AA%E3%82%A8%E3%82%A4%E3%83%86%E3%82%A3%E3%83%96,RuntimeError('HTTP 503'),gif.anime2 実GIFアーカイブ
gif_anime2_0062_00011,gif_anime2,https://gif.anime2.net/wp/wp-content/uploads/2018/07/Gifsmith-761728de-4-thumb.jpg,https://gif.anime2.net/category/%E3%82%AF%E3%83%AA%E3%82%A8%E3%82%A4%E3%83%86%E3%82%A3%E3%83%96,RuntimeError('HTTP 503'),gif.anime2 実GIFアーカイブ
gif_anime2_0062_00006,gif_anime2,https://gif.anime2.net/wp/wp-content/uploads/2018/09/Gifsmith-99926238-3-thumb.jpg,https://gif.anime2.net/category/%E3%82%AF%E3%83%AA%E3%82%A8%E3%82%A4%E3%83%86%E3%82%A3%E3%83%96,RuntimeError('HTTP 503'),gif.anime2 実GIFアーカイブ
gif_anime2_0062_00009,gif_anime2,https://gif.anime2.net/wp/wp-content/uploads/2018/07/Gifsmith-3c5c7785-3-1-thumb.jpg,https://gif.anime2.net/category/%E3%82%AF%E3%83%AA%E3%82%A8%E3%82%A4%E3%83%86%E3%82%A3%E3%83%96,RuntimeError('HTTP 503'),gif.anime2 実GIFアーカイブ
gif_anime2_0062_00012,gif_anime2,https://gif.anime2.net/wp/wp-content/uploads/2018/07/Gifsmith-0023f644-5-thumb.jpg,https://gif.anime2.net/category/%E3%82%AF%E3%83%AA%E3%82%A8%E3%82%A4%E3%83%86%E3%82%A3%E3%83%96,RuntimeError('HTTP 503'),gif.anime2 実GIFアーカイブ
gif_anime2_0062_00015,gif_anime2,https://gif.anime2.net/wp/wp-content/uploads/2018/06/Gifsmith-1a85117f-3-thumb.jpg,https://gif.anime2.net/category/%E3%82%AF%E3%83%AA%E3%82%A8%E3%82%A4%E3%83%86%E3%82%A3%E3%83%96,RuntimeError('HTTP 503'),gif.anime2 実GIFアーカイブ
gif_anime2_0062_00016,gif_anime2,https://gif.anime2.net/wp/wp-content/uploads/2018/06/Gifsmith-29ff451c-26-thumb.jpg,https://gif.anime2.net/category/%E3%82%AF%E3%83%AA%E3%82%A8%E3%82%A4%E3%83%86%E3%82%A3%E3%83%96,RuntimeError('HTTP 503'),gif.anime2 実GIFアーカイブ
gif_anime2_0062_00013,gif_anime2,https://gif.anime2.net/wp/wp-content/uploads/2018/07/Gifsmith-62fd1b9b-37-thumb.jpg,https://gif.anime2.net/category/%E3%82%AF%E3%83%AA%E3%82%A8%E3%82%A4%E3%83%86%E3%82%A3%E3%83%96,RuntimeError('HTTP 503'),gif.anime2 実GIFアーカイブ
gif_anime2_0062_00014,gif_anime2,https://gif.anime2.net/wp/wp-content/uploads/2018/07/Gifsmith-7837cda2-28-thumb.jpg,https://gif.anime2.net/category/%E3%82%AF%E3%83%AA%E3%82%A8%E3%82%A4%E3%83%86%E3%82%A3%E3%83%96,RuntimeError('HTTP 503'),gif.anime2 実GIFアーカイブ
gif_anime2_0062_00017,gif_anime2,https://gif.anime2.net/wp/wp-content/uploads/2018/05/Gifsmith-6eef63d8-0-thumb.jpg,https://gif.anime2.net/category/%E3%82%AF%E3%83%AA%E3%82%A8%E3%82%A4%E3%83%86%E3%82%A3%E3%83%96,RuntimeError('HTTP 503'),gif.anime2 実GIFアーカイブ
gif_anime2_0062_00018,gif_anime2,https://gif.anime2.net/wp/wp-content/uploads/2018/05/Gifsmith-268656af-18-thumb.jpg,https://gif.anime2.net/category/%E3%82%AF%E3%83%AA%E3%82%A8%E3%82%A4%E3%83%86%E3%82%A3%E3%83%96,RuntimeError('HTTP 503'),gif.anime2 実GIFアーカイブ
gif_anime2_0062_00019,gif_anime2,https://gif.anime2.net/wp/wp-content/uploads/2018/05/Gifsmith-b8f870f0-15-thumb.jpg,https://gif.anime2.net/category/%E3%82%AF%E3%83%AA%E3%82%A8%E3%82%A4%E3%83%86%E3%82%A3%E3%83%96,RuntimeError('HTTP 503'),gif.anime2 実GIFアーカイブ
gif_anime2_0062_00020,gif_anime2,https://gif.anime2.net/wp/wp-content/uploads/2018/05/Gifsmith-2c9af92a-8-thumb.jpg,https://gif.anime2.net/category/%E3%82%AF%E3%83%AA%E3%82%A8%E3%82%A4%E3%83%86%E3%82%A3%E3%83%96,RuntimeError('HTTP 503'),gif.anime2 実GIFアーカイブ
gif_anime2_0062_00021,gif_anime2,https://gif.anime2.net/wp/wp-content/uploads/2018/05/Gifsmith-20e9968e-4-thumb.jpg,https://gif.anime2.net/category/%E3%82%AF%E3%83%AA%E3%82%A8%E3%82%A4%E3%83%86%E3%82%A3%E3%83%96,RuntimeError('HTTP 503'),gif.anime2 実GIFアーカイブ
gif_anime2_0062_00043,gif_anime2,https://gif.anime2.net/wp/wp-content/uploads/2018/12/Gifsmith-cb840790-6.gif,https://gif.anime2.net/category/%E3%82%AF%E3%83%AA%E3%82%A8%E3%82%A4%E3%83%86%E3%82%A3%E3%83%96,RuntimeError('HTTP 503'),gif.anime2 実GIFアーカイブ
gif_anime2_0062_00044,gif_anime2,https://gif.anime2.net/wp/wp-content/uploads/2018/10/Gifsmith-bd6538e3-2.gif,https://gif.anime2.net/category/%E3%82%AF%E3%83%AA%E3%82%A8%E3%82%A4%E3%83%86%E3%82%A3%E3%83%96,RuntimeError('HTTP 503'),gif.anime2 実GIFアーカイブ
gif_anime2_0062_00046,gif_anime2,https://gif.anime2.net/wp/wp-content/uploads/2018/09/Gifsmith-99926238-3.gif,https://gif.anime2.net/category/%E3%82%AF%E3%83%AA%E3%82%A8%E3%82%A4%E3%83%86%E3%82%A3%E3%83%96,RuntimeError('HTTP 503'),gif.anime2 実GIFアーカイブ
gif_anime2_0062_00051,gif_anime2,https://gif.anime2.net/wp/wp-content/uploads/2018/07/Gifsmith-761728de-4.gif,https://gif.anime2.net/category/%E3%82%AF%E3%83%AA%E3%82%A8%E3%82%A4%E3%83%86%E3%82%A3%E3%83%96,RuntimeError('HTTP 503'),gif.anime2 実GIFアーカイブ
gif_anime2_0062_00048,gif_anime2,https://gif.anime2.net/wp/wp-content/uploads/2018/07/Gifsmith-427f85d2-13.gif,https://gif.anime2.net/category/%E3%82%AF%E3%83%AA%E3%82%A8%E3%82%A4%E3%83%86%E3%82%A3%E3%83%96,RuntimeError('HTTP 503'),gif.anime2 実GIFアーカイブ
gif_anime2_0062_00049,gif_anime2,https://gif.anime2.net/wp/wp-content/uploads/2018/07/Gifsmith-3c5c7785-3-1.gif,https://gif.anime2.net/category/%E3%82%AF%E3%83%AA%E3%82%A8%E3%82%A4%E3%83%86%E3%82%A3%E3%83%96,RuntimeError('HTTP 503'),gif.anime2 実GIFアーカイブ
gif_anime2_0062_00052,gif_anime2,https://gif.anime2.net/wp/wp-content/uploads/2018/07/Gifsmith-0023f644-5.gif,https://gif.anime2.net/category/%E3%82%AF%E3%83%AA%E3%82%A8%E3%82%A4%E3%83%86%E3%82%A3%E3%83%96,RuntimeError('HTTP 503'),gif.anime2 実GIFアーカイブ
gif_anime2_0062_00053,gif_anime2,https://gif.anime2.net/wp/wp-content/uploads/2018/07/Gifsmith-62fd1b9b-37.gif,https://gif.anime2.net/category/%E3%82%AF%E3%83%AA%E3%82%A8%E3%82%A4%E3%83%86%E3%82%A3%E3%83%96,RuntimeError('HTTP 503'),gif.anime2 実GIFアーカイブ
gif_anime2_0062_00054,gif_anime2,https://gif.anime2.net/wp/wp-content/uploads/2018/07/Gifsmith-7837cda2-28.gif,https://gif.anime2.net/category/%E3%82%AF%E3%83%AA%E3%82%A8%E3%82%A4%E3%83%86%E3%82%A3%E3%83%96,RuntimeError('HTTP 503'),gif.anime2 実GIFアーカイブ
gif_anime2_0062_00056,gif_anime2,https://gif.anime2.net/wp/wp-content/uploads/2018/06/Gifsmith-29ff451c-26.gif,https://gif.anime2.net/category/%E3%82%AF%E3%83%AA%E3%82%A8%E3%82%A4%E3%83%86%E3%82%A3%E3%83%96,RuntimeError('HTTP 503'),gif.anime2 実GIFアーカイブ
gif_anime2_0062_00055,gif_anime2,https://gif.anime2.net/wp/wp-content/uploads/2018/06/Gifsmith-1a85117f-3.gif,https://gif.anime2.net/category/%E3%82%AF%E3%83%AA%E3%82%A8%E3%82%A4%E3%83%86%E3%82%A3%E3%83%96,RuntimeError('HTTP 503'),gif.anime2 実GIFアーカイブ
gif_anime2_0062_00057,gif_anime2,https://gif.anime2.net/wp/wp-content/uploads/2018/05/Gifsmith-6eef63d8-0.gif,https://gif.anime2.net/category/%E3%82%AF%E3%83%AA%E3%82%A8%E3%82%A4%E3%83%86%E3%82%A3%E3%83%96,RuntimeError('HTTP 503'),gif.anime2 実GIFアーカイブ
gif_anime2_0062_00059,gif_anime2,https://gif.anime2.net/wp/wp-content/uploads/2018/05/Gifsmith-b8f870f0-15.gif,https://gif.anime2.net/category/%E3%82%AF%E3%83%AA%E3%82%A8%E3%82%A4%E3%83%86%E3%82%A3%E3%83%96,RuntimeError('HTTP 503'),gif.anime2 実GIFアーカイブ
gif_anime2_0062_00058,gif_anime2,https://gif.anime2.net/wp/wp-content/uploads/2018/05/Gifsmith-268656af-18.gif,https://gif.anime2.net/category/%E3%82%AF%E3%83%AA%E3%82%A8%E3%82%A4%E3%83%86%E3%82%A3%E3%83%96,RuntimeError('HTTP 503'),gif.anime2 実GIFアーカイブ
gif_anime2_0062_00060,gif_anime2,https://gif.anime2.net/wp/wp-content/uploads/2018/05/Gifsmith-2c9af92a-8.gif,https://gif.anime2.net/category/%E3%82%AF%E3%83%AA%E3%82%A8%E3%82%A4%E3%83%86%E3%82%A3%E3%83%96,RuntimeError('HTTP 503'),gif.anime2 実GIFアーカイブ
gif_anime2_0062_00061,gif_anime2,https://gif.anime2.net/wp/wp-content/uploads/2018/05/Gifsmith-20e9968e-4.gif,https://gif.anime2.net/category/%E3%82%AF%E3%83%AA%E3%82%A8%E3%82%A4%E3%83%86%E3%82%A3%E3%83%96,RuntimeError('HTTP 503'),gif.anime2 実GIFアーカイブ
gif_anime2_0063_00003,gif_anime2,https://gif.anime2.net/wp/wp-content/uploads/2018/07/Gifsmith-5ea3ebb7-0-thumb.jpg,https://gif.anime2.net/category/%E3%83%86%E3%83%AC%E3%83%93,RuntimeError('HTTP 503'),gif.anime2 実GIFアーカイブ
gif_anime2_0063_00004,gif_anime2,https://gif.anime2.net/wp/wp-content/uploads/2018/07/Gifsmith-69671e85-6-thumb.jpg,https://gif.anime2.net/category/%E3%83%86%E3%83%AC%E3%83%93,RuntimeError('HTTP 503'),gif.anime2 実GIFアーカイブ
gif_anime2_0063_00005,gif_anime2,https://gif.anime2.net/wp/wp-content/uploads/2018/07/Gifsmith-92255b09-3-thumb.jpg,https://gif.anime2.net/category/%E3%83%86%E3%83%AC%E3%83%93,RuntimeError('HTTP 503'),gif.anime2 実GIFアーカイブ
gif_anime2_0063_00001,gif_anime2,https://gif.anime2.net/wp/wp-content/uploads/2018/10/Gifsmith-82988588-4-thumb.jpg,https://gif.anime2.net/category/%E3%83%86%E3%83%AC%E3%83%93,RuntimeError('HTTP 503'),gif.anime2 実GIFアーカイブ
gif_anime2_0063_00007,gif_anime2,https://gif.anime2.net/wp/wp-content/uploads/2018/05/Gifsmith-44207151-11-thumb.jpg,https://gif.anime2.net/category/%E3%83%86%E3%83%AC%E3%83%93,RuntimeError('HTTP 503'),gif.anime2 実GIFアーカイブ
gif_anime2_0063_00008,gif_anime2,https://gif.anime2.net/wp/wp-content/uploads/2018/05/Gifsmith-f470094e-0-thumb.jpg,https://gif.anime2.net/category/%E3%83%86%E3%83%AC%E3%83%93,RuntimeError('HTTP 503'),gif.anime2 実GIFアーカイブ
gif_anime2_0063_00009,gif_anime2,https://gif.anime2.net/wp/wp-content/uploads/2018/05/Gifsmith-79544a46-0-thumb.jpg,https://gif.anime2.net/category/%E3%83%86%E3%83%AC%E3%83%93,RuntimeError('HTTP 503'),gif.anime2 実GIFアーカイブ
gif_anime2_0063_00010,gif_anime2,https://gif.anime2.net/wp/wp-content/uploads/2018/05/ee4344d7-thumb.jpg,https://gif.anime2.net/category/%E3%83%86%E3%83%AC%E3%83%93,RuntimeError('HTTP 503'),gif.anime2 実GIFアーカイブ
gif_anime2_0063_00012,gif_anime2,https://gif.anime2.net/wp/wp-content/uploads/2018/05/Gifsmith-15d58843-0-thumb.jpg,https://gif.anime2.net/category/%E3%83%86%E3%83%AC%E3%83%93,RuntimeError('HTTP 503'),gif.anime2 実GIFアーカイブ
gif_anime2_0063_00011,gif_anime2,https://gif.anime2.net/wp/wp-content/uploads/2018/05/Gifsmith-1e039dca-13-thumb.jpg,https://gif.anime2.net/category/%E3%83%86%E3%83%AC%E3%83%93,RuntimeError('HTTP 503'),gif.anime2 実GIFアーカイブ
gif_anime2_0063_00013,gif_anime2,https://gif.anime2.net/wp/wp-content/uploads/2018/05/Gifsmith-77217bd0-0-thumb.jpg,https://gif.anime2.net/category/%E3%83%86%E3%83%AC%E3%83%93,RuntimeError('HTTP 503'),gif.anime2 実GIFアーカイブ
gif_anime2_0063_00015,gif_anime2,https://gif.anime2.net/wp/wp-content/uploads/2018/04/Gifsmith-4f6d3f75-8-thumb.jpg,https://gif.anime2.net/category/%E3%83%86%E3%83%AC%E3%83%93,RuntimeError('HTTP 503'),gif.anime2 実GIFアーカイブ
gif_anime2_0063_00014,gif_anime2,https://gif.anime2.net/wp/wp-content/uploads/2018/04/Gifsmith-a94ff5b1-20-thumb.jpg,https://gif.anime2.net/category/%E3%83%86%E3%83%AC%E3%83%93,RuntimeError('HTTP 503'),gif.anime2 実GIFアーカイブ
gif_anime2_0063_00018,gif_anime2,https://gif.anime2.net/wp/wp-content/uploads/2018/04/Gifsmith-c92e93dd-18-thumb.jpg,https://gif.anime2.net/category/%E3%83%86%E3%83%AC%E3%83%93,RuntimeError('HTTP 503'),gif.anime2 実GIFアーカイブ
gif_anime2_0063_00016,gif_anime2,https://gif.anime2.net/wp/wp-content/uploads/2018/04/Gifsmith-884d72ad-0-thumb.jpg,https://gif.anime2.net/category/%E3%83%86%E3%83%AC%E3%83%93,RuntimeError('HTTP 503'),gif.anime2 実GIFアーカイブ
gif_anime2_0063_00019,gif_anime2,https://gif.anime2.net/wp/wp-content/uploads/2018/04/Gifsmith-297c764f-0-thumb.jpg,https://gif.anime2.net/category/%E3%83%86%E3%83%AC%E3%83%93,RuntimeError('HTTP 503'),gif.anime2 実GIFアーカイブ
gif_anime2_0063_00020,gif_anime2,https://gif.anime2.net/wp/wp-content/uploads/2018/04/Gifsmith-51342fe6-20-thumb.jpg,https://gif.anime2.net/category/%E3%83%86%E3%83%AC%E3%83%93,RuntimeError('HTTP 503'),gif.anime2 実GIFアーカイブ
gif_anime2_0063_00041,gif_anime2,https://gif.anime2.net/wp/wp-content/uploads/2018/10/Gifsmith-82988588-4.gif,https://gif.anime2.net/category/%E3%83%86%E3%83%AC%E3%83%93,RuntimeError('HTTP 503'),gif.anime2 実GIFアーカイブ
gif_anime2_0063_00043,gif_anime2,https://gif.anime2.net/wp/wp-content/uploads/2018/07/Gifsmith-5ea3ebb7-0.gif,https://gif.anime2.net/category/%E3%83%86%E3%83%AC%E3%83%93,RuntimeError('HTTP 503'),gif.anime2 実GIFアーカイブ
gif_anime2_0063_00044,gif_anime2,https://gif.anime2.net/wp/wp-content/uploads/2018/07/Gifsmith-69671e85-6.gif,https://gif.anime2.net/category/%E3%83%86%E3%83%AC%E3%83%93,RuntimeError('HTTP 503'),gif.anime2 実GIFアーカイブ
gif_anime2_0063_00045,gif_anime2,https://gif.anime2.net/wp/wp-content/uploads/2018/07/Gifsmith-92255b09-3.gif,https://gif.anime2.net/category/%E3%83%86%E3%83%AC%E3%83%93,RuntimeError('HTTP 503'),gif.anime2 実GIFアーカイブ
gif_anime2_0063_00047,gif_anime2,https://gif.anime2.net/wp/wp-content/uploads/2018/05/Gifsmith-44207151-11.gif,https://gif.anime2.net/category/%E3%83%86%E3%83%AC%E3%83%93,RuntimeError('HTTP 503'),gif.anime2 実GIFアーカイブ
gif_anime2_0063_00048,gif_anime2,https://gif.anime2.net/wp/wp-content/uploads/2018/05/Gifsmith-f470094e-0.gif,https://gif.anime2.net/category/%E3%83%86%E3%83%AC%E3%83%93,RuntimeError('HTTP 503'),gif.anime2 実GIFアーカイブ
gif_anime2_0063_00050,gif_anime2,https://gif.anime2.net/wp/wp-content/uploads/2018/05/ee4344d7.gif,https://gif.anime2.net/category/%E3%83%86%E3%83%AC%E3%83%93,RuntimeError('HTTP 503'),gif.anime2 実GIFアーカイブ
gif_anime2_0063_00049,gif_anime2,https://gif.anime2.net/wp/wp-content/uploads/2018/05/Gifsmith-79544a46-0.gif,https://gif.anime2.net/category/%E3%83%86%E3%83%AC%E3%83%93,RuntimeError('HTTP 503'),gif.anime2 実GIFアーカイブ
gif_anime2_0063_00052,gif_anime2,https://gif.anime2.net/wp/wp-content/uploads/2018/05/Gifsmith-15d58843-0.gif,https://gif.anime2.net/category/%E3%83%86%E3%83%AC%E3%83%93,RuntimeError('HTTP 503'),gif.anime2 実GIFアーカイブ
gif_anime2_0063_00053,gif_anime2,https://gif.anime2.net/wp/wp-content/uploads/2018/05/Gifsmith-77217bd0-0.gif,https://gif.anime2.net/category/%E3%83%86%E3%83%AC%E3%83%93,RuntimeError('HTTP 503'),gif.anime2 実GIFアーカイブ
gif_anime2_0063_00054,gif_anime2,https://gif.anime2.net/wp/wp-content/uploads/2018/04/Gifsmith-a94ff5b1-20.gif,https://gif.anime2.net/category/%E3%83%86%E3%83%AC%E3%83%93,RuntimeError('HTTP 503'),gif.anime2 実GIFアーカイブ
gif_anime2_0063_00051,gif_anime2,https://gif.anime2.net/wp/wp-content/uploads/2018/05/Gifsmith-1e039dca-13.gif,https://gif.anime2.net/category/%E3%83%86%E3%83%AC%E3%83%93,RuntimeError('HTTP 503'),gif.anime2 実GIFアーカイブ
gif_anime2_0063_00056,gif_anime2,https://gif.anime2.net/wp/wp-content/uploads/2018/04/Gifsmith-884d72ad-0.gif,https://gif.anime2.net/category/%E3%83%86%E3%83%AC%E3%83%93,RuntimeError('HTTP 503'),gif.anime2 実GIFアーカイブ
gif_anime2_0063_00055,gif_anime2,https://gif.anime2.net/wp/wp-content/uploads/2018/04/Gifsmith-4f6d3f75-8.gif,https://gif.anime2.net/category/%E3%83%86%E3%83%AC%E3%83%93,RuntimeError('HTTP 503'),gif.anime2 実GIFアーカイブ
gif_anime2_0063_00058,gif_anime2,https://gif.anime2.net/wp/wp-content/uploads/2018/04/Gifsmith-c92e93dd-18.gif,https://gif.anime2.net/category/%E3%83%86%E3%83%AC%E3%83%93,RuntimeError('HTTP 503'),gif.anime2 実GIFアーカイブ
gif_anime2_0063_00060,gif_anime2,https://gif.anime2.net/wp/wp-content/uploads/2018/04/Gifsmith-51342fe6-20.gif,https://gif.anime2.net/category/%E3%83%86%E3%83%AC%E3%83%93,RuntimeError('HTTP 503'),gif.anime2 実GIFアーカイブ
gif_anime2_0064_00001,gif_anime2,https://gif.anime2.net/wp/wp-content/uploads/2018/09/Gifsmith-f5d5c03d-2-thumb.jpg,https://gif.anime2.net/category/%E3%82%A2%E3%83%8B%E3%83%A1,RuntimeError('HTTP 503'),gif.anime2 実GIFアーカイブ
gif_anime2_0064_00003,gif_anime2,https://gif.anime2.net/wp/wp-content/uploads/2018/06/Gifsmith-baad8530-0-thumb.jpg,https://gif.anime2.net/category/%E3%82%A2%E3%83%8B%E3%83%A1,RuntimeError('HTTP 503'),gif.anime2 実GIFアーカイブ
gif_anime2_0063_00059,gif_anime2,https://gif.anime2.net/wp/wp-content/uploads/2018/04/Gifsmith-297c764f-0.gif,https://gif.anime2.net/category/%E3%83%86%E3%83%AC%E3%83%93,RuntimeError('HTTP 503'),gif.anime2 実GIFアーカイブ
gif_anime2_0064_00004,gif_anime2,https://gif.anime2.net/wp/wp-content/uploads/2018/06/Gifsmith-f4cca22e-0-thumb.jpg,https://gif.anime2.net/category/%E3%82%A2%E3%83%8B%E3%83%A1,RuntimeError('HTTP 503'),gif.anime2 実GIFアーカイブ
gif_anime2_0064_00007,gif_anime2,https://gif.anime2.net/wp/wp-content/uploads/2018/05/Gifsmith-8cc558d9-0-thumb.jpg,https://gif.anime2.net/category/%E3%82%A2%E3%83%8B%E3%83%A1,RuntimeError('HTTP 503'),gif.anime2 実GIFアーカイブ
gif_anime2_0064_00006,gif_anime2,https://gif.anime2.net/wp/wp-content/uploads/2018/06/Gifsmith-f78492f0-0-thumb.jpg,https://gif.anime2.net/category/%E3%82%A2%E3%83%8B%E3%83%A1,RuntimeError('HTTP 503'),gif.anime2 実GIFアーカイブ
gif_anime2_0064_00005,gif_anime2,https://gif.anime2.net/wp/wp-content/uploads/2018/06/Gifsmith-b9a2a9c0-0-thumb.jpg,https://gif.anime2.net/category/%E3%82%A2%E3%83%8B%E3%83%A1,RuntimeError('HTTP 503'),gif.anime2 実GIFアーカイブ
gif_anime2_0064_00008,gif_anime2,https://gif.anime2.net/wp/wp-content/uploads/2018/05/Gifsmith-17941e44-0-thumb.jpg,https://gif.anime2.net/category/%E3%82%A2%E3%83%8B%E3%83%A1,RuntimeError('HTTP 503'),gif.anime2 実GIFアーカイブ
gif_anime2_0064_00009,gif_anime2,https://gif.anime2.net/wp/wp-content/uploads/2018/05/Gifsmith-f67b7f2a-0-thumb.jpg,https://gif.anime2.net/category/%E3%82%A2%E3%83%8B%E3%83%A1,RuntimeError('HTTP 503'),gif.anime2 実GIFアーカイブ
gif_anime2_0064_00011,gif_anime2,https://gif.anime2.net/wp/wp-content/uploads/2018/05/Gifsmith-26ad030c-5-thumb.jpg,https://gif.anime2.net/category/%E3%82%A2%E3%83%8B%E3%83%A1,RuntimeError('HTTP 503'),gif.anime2 実GIFアーカイブ
gif_anime2_0064_00012,gif_anime2,https://gif.anime2.net/wp/wp-content/uploads/2018/05/Gifsmith-83126c3c-0-thumb.jpg,https://gif.anime2.net/category/%E3%82%A2%E3%83%8B%E3%83%A1,RuntimeError('HTTP 503'),gif.anime2 実GIFアーカイブ
gif_anime2_0064_00013,gif_anime2,https://gif.anime2.net/wp/wp-content/uploads/2018/05/Gifsmith-ba9885a7-0-thumb.jpg,https://gif.anime2.net/category/%E3%82%A2%E3%83%8B%E3%83%A1,RuntimeError('HTTP 503'),gif.anime2 実GIFアーカイブ
gif_anime2_0064_00016,gif_anime2,https://gif.anime2.net/wp/wp-content/uploads/2018/04/Gifsmith-874f2ec2-0-thumb.jpg,https://gif.anime2.net/category/%E3%82%A2%E3%83%8B%E3%83%A1,RuntimeError('HTTP 503'),gif.anime2 実GIFアーカイブ
gif_anime2_0064_00017,gif_anime2,https://gif.anime2.net/wp/wp-content/uploads/2018/04/Gifsmith-3d00595b-0-thumb.jpg,https://gif.anime2.net/category/%E3%82%A2%E3%83%8B%E3%83%A1,RuntimeError('HTTP 503'),gif.anime2 実GIFアーカイブ
gif_anime2_0064_00015,gif_anime2,https://gif.anime2.net/wp/wp-content/uploads/2018/05/Gifsmith-596aa0f1-0-thumb.jpg,https://gif.anime2.net/category/%E3%82%A2%E3%83%8B%E3%83%A1,RuntimeError('HTTP 503'),gif.anime2 実GIFアーカイブ
gif_anime2_0064_00014,gif_anime2,https://gif.anime2.net/wp/wp-content/uploads/2018/05/Gifsmith-484faf0e-0-thumb.jpg,https://gif.anime2.net/category/%E3%82%A2%E3%83%8B%E3%83%A1,RuntimeError('HTTP 503'),gif.anime2 実GIFアーカイブ
gif_anime2_0064_00018,gif_anime2,https://gif.anime2.net/wp/wp-content/uploads/2018/02/Gifsmith-44eccb2b-0-thumb.jpg,https://gif.anime2.net/category/%E3%82%A2%E3%83%8B%E3%83%A1,RuntimeError('HTTP 503'),gif.anime2 実GIFアーカイブ
gif_anime2_0064_00019,gif_anime2,https://gif.anime2.net/wp/wp-content/uploads/2018/02/Gifsmith-e50a1e32-0-thumb.jpg,https://gif.anime2.net/category/%E3%82%A2%E3%83%8B%E3%83%A1,RuntimeError('HTTP 503'),gif.anime2 実GIFアーカイブ
gif_anime2_0064_00020,gif_anime2,https://gif.anime2.net/wp/wp-content/uploads/2018/02/Gifsmith-63abde87-0-thumb.jpg,https://gif.anime2.net/category/%E3%82%A2%E3%83%8B%E3%83%A1,RuntimeError('HTTP 503'),gif.anime2 実GIFアーカイブ
gif_anime2_0064_00021,gif_anime2,https://gif.anime2.net/wp/wp-content/uploads/2018/02/Gifsmith-e3818322-0-thumb.jpg,https://gif.anime2.net/category/%E3%82%A2%E3%83%8B%E3%83%A1,RuntimeError('HTTP 503'),gif.anime2 実GIFアーカイブ
gif_anime2_0064_00041,gif_anime2,https://gif.anime2.net/wp/wp-content/uploads/2018/09/Gifsmith-f5d5c03d-2.gif,https://gif.anime2.net/category/%E3%82%A2%E3%83%8B%E3%83%A1,RuntimeError('HTTP 503'),gif.anime2 実GIFアーカイブ
gif_anime2_0064_00043,gif_anime2,https://gif.anime2.net/wp/wp-content/uploads/2018/06/Gifsmith-baad8530-0.gif,https://gif.anime2.net/category/%E3%82%A2%E3%83%8B%E3%83%A1,RuntimeError('HTTP 503'),gif.anime2 実GIFアーカイブ
gif_anime2_0064_00044,gif_anime2,https://gif.anime2.net/wp/wp-content/uploads/2018/06/Gifsmith-f4cca22e-0.gif,https://gif.anime2.net/category/%E3%82%A2%E3%83%8B%E3%83%A1,RuntimeError('HTTP 503'),gif.anime2 実GIFアーカイブ
gif_anime2_0064_00046,gif_anime2,https://gif.anime2.net/wp/wp-content/uploads/2018/06/Gifsmith-f78492f0-0.gif,https://gif.anime2.net/category/%E3%82%A2%E3%83%8B%E3%83%A1,RuntimeError('HTTP 503'),gif.anime2 実GIFアーカイブ
gif_anime2_0064_00047,gif_anime2,https://gif.anime2.net/wp/wp-content/uploads/2018/05/Gifsmith-8cc558d9-0.gif,https://gif.anime2.net/category/%E3%82%A2%E3%83%8B%E3%83%A1,RuntimeError('HTTP 503'),gif.anime2 実GIFアーカイブ
gif_anime2_0064_00045,gif_anime2,https://gif.anime2.net/wp/wp-content/uploads/2018/06/Gifsmith-b9a2a9c0-0.gif,https://gif.anime2.net/category/%E3%82%A2%E3%83%8B%E3%83%A1,RuntimeError('HTTP 503'),gif.anime2 実GIFアーカイブ
gif_anime2_0064_00048,gif_anime2,https://gif.anime2.net/wp/wp-content/uploads/2018/05/Gifsmith-17941e44-0.gif,https://gif.anime2.net/category/%E3%82%A2%E3%83%8B%E3%83%A1,RuntimeError('HTTP 503'),gif.anime2 実GIFアーカイブ
gif_anime2_0064_00049,gif_anime2,https://gif.anime2.net/wp/wp-content/uploads/2018/05/Gifsmith-f67b7f2a-0.gif,https://gif.anime2.net/category/%E3%82%A2%E3%83%8B%E3%83%A1,RuntimeError('HTTP 503'),gif.anime2 実GIFアーカイブ
gif_anime2_0064_00051,gif_anime2,https://gif.anime2.net/wp/wp-content/uploads/2018/05/Gifsmith-26ad030c-5.gif,https://gif.anime2.net/category/%E3%82%A2%E3%83%8B%E3%83%A1,RuntimeError('HTTP 503'),gif.anime2 実GIFアーカイブ
gif_anime2_0064_00050,gif_anime2,https://gif.anime2.net/wp/wp-content/uploads/2018/05/Gifsmith-4c89ec3e-0.gif,https://gif.anime2.net/category/%E3%82%A2%E3%83%8B%E3%83%A1,RuntimeError('HTTP 503'),gif.anime2 実GIFアーカイブ
gif_anime2_0064_00054,gif_anime2,https://gif.anime2.net/wp/wp-content/uploads/2018/05/Gifsmith-484faf0e-0.gif,https://gif.anime2.net/category/%E3%82%A2%E3%83%8B%E3%83%A1,RuntimeError('HTTP 503'),gif.anime2 実GIFアーカイブ
gif_anime2_0064_00055,gif_anime2,https://gif.anime2.net/wp/wp-content/uploads/2018/05/Gifsmith-596aa0f1-0.gif,https://gif.anime2.net/category/%E3%82%A2%E3%83%8B%E3%83%A1,RuntimeError('HTTP 503'),gif.anime2 実GIFアーカイブ
gif_anime2_0064_00053,gif_anime2,https://gif.anime2.net/wp/wp-content/uploads/2018/05/Gifsmith-ba9885a7-0.gif,https://gif.anime2.net/category/%E3%82%A2%E3%83%8B%E3%83%A1,RuntimeError('HTTP 503'),gif.anime2 実GIFアーカイブ
gif_anime2_0064_00052,gif_anime2,https://gif.anime2.net/wp/wp-content/uploads/2018/05/Gifsmith-83126c3c-0.gif,https://gif.anime2.net/category/%E3%82%A2%E3%83%8B%E3%83%A1,RuntimeError('HTTP 503'),gif.anime2 実GIFアーカイブ
gif_anime2_0064_00056,gif_anime2,https://gif.anime2.net/wp/wp-content/uploads/2018/04/Gifsmith-874f2ec2-0.gif,https://gif.anime2.net/category/%E3%82%A2%E3%83%8B%E3%83%A1,RuntimeError('HTTP 503'),gif.anime2 実GIFアーカイブ
gif_anime2_0064_00057,gif_anime2,https://gif.anime2.net/wp/wp-content/uploads/2018/04/Gifsmith-3d00595b-0.gif,https://gif.anime2.net/category/%E3%82%A2%E3%83%8B%E3%83%A1,RuntimeError('HTTP 503'),gif.anime2 実GIFアーカイブ
gif_anime2_0064_00058,gif_anime2,https://gif.anime2.net/wp/wp-content/uploads/2018/02/Gifsmith-44eccb2b-0.gif,https://gif.anime2.net/category/%E3%82%A2%E3%83%8B%E3%83%A1,RuntimeError('HTTP 503'),gif.anime2 実GIFアーカイブ
gif_anime2_0064_00059,gif_anime2,https://gif.anime2.net/wp/wp-content/uploads/2018/02/Gifsmith-e50a1e32-0.gif,https://gif.anime2.net/category/%E3%82%A2%E3%83%8B%E3%83%A1,RuntimeError('HTTP 503'),gif.anime2 実GIFアーカイブ
gif_anime2_0064_00061,gif_anime2,https://gif.anime2.net/wp/wp-content/uploads/2018/02/Gifsmith-e3818322-0.gif,https://gif.anime2.net/category/%E3%82%A2%E3%83%8B%E3%83%A1,RuntimeError('HTTP 503'),gif.anime2 実GIFアーカイブ
gif_anime2_0064_00060,gif_anime2,https://gif.anime2.net/wp/wp-content/uploads/2018/02/Gifsmith-63abde87-0.gif,https://gif.anime2.net/category/%E3%82%A2%E3%83%8B%E3%83%A1,RuntimeError('HTTP 503'),gif.anime2 実GIFアーカイブ
gif_anime2_0065_00003,gif_anime2,https://gif.anime2.net/wp/wp-content/uploads/2018/09/Gifsmith-da7c708d-5-thumb.jpg,https://gif.anime2.net/category/%E5%A5%B3%E3%81%AE%E5%AD%90,RuntimeError('HTTP 503'),gif.anime2 実GIFアーカイブ
gif_anime2_0065_00010,gif_anime2,https://gif.anime2.net/wp/wp-content/uploads/2018/06/Gifsmith-523ac695-20-thumb.jpg,https://gif.anime2.net/category/%E5%A5%B3%E3%81%AE%E5%AD%90,RuntimeError('HTTP 503'),gif.anime2 実GIFアーカイブ
gif_anime2_0065_00005,gif_anime2,https://gif.anime2.net/wp/wp-content/uploads/2018/07/Gifsmith-fbea70db-11-thumb.jpg,https://gif.anime2.net/category/%E5%A5%B3%E3%81%AE%E5%AD%90,RuntimeError('HTTP 503'),gif.anime2 実GIFアーカイブ
gif_anime2_0065_00013,gif_anime2,https://gif.anime2.net/wp/wp-content/uploads/2018/01/Gifsmith-f48874ba-0-thumb.jpg,https://gif.anime2.net/category/%E5%A5%B3%E3%81%AE%E5%AD%90,RuntimeError('HTTP 503'),gif.anime2 実GIFアーカイブ
gif_anime2_0065_00014,gif_anime2,https://gif.anime2.net/wp/wp-content/uploads/2018/01/3fdb7843-thumb.jpg,https://gif.anime2.net/category/%E5%A5%B3%E3%81%AE%E5%AD%90,RuntimeError('HTTP 503'),gif.anime2 実GIFアーカイブ
gif_anime2_0065_00015,gif_anime2,https://gif.anime2.net/wp/wp-content/uploads/2018/01/Gifsmith-656c7fa1-0-thumb.jpg,https://gif.anime2.net/category/%E5%A5%B3%E3%81%AE%E5%AD%90,RuntimeError('HTTP 503'),gif.anime2 実GIFアーカイブ
gif_anime2_0065_00016,gif_anime2,https://gif.anime2.net/wp/wp-content/uploads/2018/01/Gifsmith-850bfe66-0-thumb.jpg,https://gif.anime2.net/category/%E5%A5%B3%E3%81%AE%E5%AD%90,RuntimeError('HTTP 503'),gif.anime2 実GIFアーカイブ
gif_anime2_0065_00018,gif_anime2,https://gif.anime2.net/wp/wp-content/uploads/2018/01/Gifsmith-971c3628-0-thumb.jpg,https://gif.anime2.net/category/%E5%A5%B3%E3%81%AE%E5%AD%90,RuntimeError('HTTP 503'),gif.anime2 実GIFアーカイブ
gif_anime2_0065_00020,gif_anime2,https://gif.anime2.net/wp/wp-content/uploads/2017/12/Gifsmith-c3f42795-6-thumb.jpg,https://gif.anime2.net/category/%E5%A5%B3%E3%81%AE%E5%AD%90,RuntimeError('HTTP 503'),gif.anime2 実GIFアーカイブ
gif_anime2_0065_00017,gif_anime2,https://gif.anime2.net/wp/wp-content/uploads/2018/01/Gifsmith-a309f966-6-thumb.jpg,https://gif.anime2.net/category/%E5%A5%B3%E3%81%AE%E5%AD%90,RuntimeError('HTTP 503'),gif.anime2 実GIFアーカイブ
gif_anime2_0065_00019,gif_anime2,https://gif.anime2.net/wp/wp-content/uploads/2017/12/Gifsmith-47d6b9fd-11-thumb.jpg,https://gif.anime2.net/category/%E5%A5%B3%E3%81%AE%E5%AD%90,RuntimeError('HTTP 503'),gif.anime2 実GIFアーカイブ
gif_anime2_0065_00021,gif_anime2,https://gif.anime2.net/wp/wp-content/uploads/2017/12/Gifsmith-52fa5eb5-0-thumb.jpg,https://gif.anime2.net/category/%E5%A5%B3%E3%81%AE%E5%AD%90,RuntimeError('HTTP 503'),gif.anime2 実GIFアーカイブ
gif_anime2_0065_00048,gif_anime2,https://gif.anime2.net/wp/wp-content/uploads/2018/06/Gifsmith-618f7669-35.gif,https://gif.anime2.net/category/%E5%A5%B3%E3%81%AE%E5%AD%90,RuntimeError('HTTP 503'),gif.anime2 実GIFアーカイブ
gif_anime2_0065_00043,gif_anime2,https://gif.anime2.net/wp/wp-content/uploads/2018/09/Gifsmith-da7c708d-5.gif,https://gif.anime2.net/category/%E5%A5%B3%E3%81%AE%E5%AD%90,RuntimeError('HTTP 503'),gif.anime2 実GIFアーカイブ
gif_anime2_0065_00045,gif_anime2,https://gif.anime2.net/wp/wp-content/uploads/2018/07/Gifsmith-fbea70db-11.gif,https://gif.anime2.net/category/%E5%A5%B3%E3%81%AE%E5%AD%90,RuntimeError('HTTP 503'),gif.anime2 実GIFアーカイブ
gif_anime2_0065_00054,gif_anime2,https://gif.anime2.net/wp/wp-content/uploads/2018/01/3fdb7843.gif,https://gif.anime2.net/category/%E5%A5%B3%E3%81%AE%E5%AD%90,RuntimeError('HTTP 503'),gif.anime2 実GIFアーカイブ
gif_anime2_0065_00053,gif_anime2,https://gif.anime2.net/wp/wp-content/uploads/2018/01/Gifsmith-f48874ba-0.gif,https://gif.anime2.net/category/%E5%A5%B3%E3%81%AE%E5%AD%90,RuntimeError('HTTP 503'),gif.anime2 実GIFアーカイブ
gif_anime2_0065_00050,gif_anime2,https://gif.anime2.net/wp/wp-content/uploads/2018/06/Gifsmith-523ac695-20.gif,https://gif.anime2.net/category/%E5%A5%B3%E3%81%AE%E5%AD%90,RuntimeError('HTTP 503'),gif.anime2 実GIFアーカイブ
gif_anime2_0065_00055,gif_anime2,https://gif.anime2.net/wp/wp-content/uploads/2018/01/Gifsmith-656c7fa1-0.gif,https://gif.anime2.net/category/%E5%A5%B3%E3%81%AE%E5%AD%90,RuntimeError('HTTP 503'),gif.anime2 実GIFアーカイブ
gif_anime2_0065_00056,gif_anime2,https://gif.anime2.net/wp/wp-content/uploads/2018/01/Gifsmith-850bfe66-0.gif,https://gif.anime2.net/category/%E5%A5%B3%E3%81%AE%E5%AD%90,RuntimeError('HTTP 503'),gif.anime2 実GIFアーカイブ
gif_anime2_0065_00057,gif_anime2,https://gif.anime2.net/wp/wp-content/uploads/2018/01/Gifsmith-a309f966-6.gif,https://gif.anime2.net/category/%E5%A5%B3%E3%81%AE%E5%AD%90,RuntimeError('HTTP 503'),gif.anime2 実GIFアーカイブ
gif_anime2_0065_00058,gif_anime2,https://gif.anime2.net/wp/wp-content/uploads/2018/01/Gifsmith-971c3628-0.gif,https://gif.anime2.net/category/%E5%A5%B3%E3%81%AE%E5%AD%90,RuntimeError('HTTP 503'),gif.anime2 実GIFアーカイブ
gif_anime2_0065_00060,gif_anime2,https://gif.anime2.net/wp/wp-content/uploads/2017/12/Gifsmith-c3f42795-6.gif,https://gif.anime2.net/category/%E5%A5%B3%E3%81%AE%E5%AD%90,RuntimeError('HTTP 503'),gif.anime2 実GIFアーカイブ
gif_anime2_0065_00059,gif_anime2,https://gif.anime2.net/wp/wp-content/uploads/2017/12/Gifsmith-47d6b9fd-11.gif,https://gif.anime2.net/category/%E5%A5%B3%E3%81%AE%E5%AD%90,RuntimeError('HTTP 503'),gif.anime2 実GIFアーカイブ
gif_anime2_0065_00061,gif_anime2,https://gif.anime2.net/wp/wp-content/uploads/2017/12/Gifsmith-52fa5eb5-0.gif,https://gif.anime2.net/category/%E5%A5%B3%E3%81%AE%E5%AD%90,RuntimeError('HTTP 503'),gif.anime2 実GIFアーカイブ
gif_anime2_0066_00005,gif_anime2,https://gif.anime2.net/wp/wp-content/uploads/2018/09/Gifsmith-cf063384-5-thumb.jpg,https://gif.anime2.net/category/%E3%82%A4%E3%82%BF%E3%82%BA%E3%83%A9,RuntimeError('HTTP 503'),gif.anime2 実GIFアーカイブ
gif_anime2_0066_00001,gif_anime2,https://gif.anime2.net/wp/wp-content/uploads/2018/12/Gifsmith-2b7c9195-4-thumb.jpg,https://gif.anime2.net/category/%E3%82%A4%E3%82%BF%E3%82%BA%E3%83%A9,RuntimeError('HTTP 503'),gif.anime2 実GIFアーカイブ
gif_anime2_0066_00003,gif_anime2,https://gif.anime2.net/wp/wp-content/uploads/2018/12/Gifsmith-fb7c9a18-3-thumb.jpg,https://gif.anime2.net/category/%E3%82%A4%E3%82%BF%E3%82%BA%E3%83%A9,RuntimeError('HTTP 503'),gif.anime2 実GIFアーカイブ
gif_anime2_0066_00007,gif_anime2,https://gif.anime2.net/wp/wp-content/uploads/2018/07/Gifsmith-10b9c267-3-thumb.jpg,https://gif.anime2.net/category/%E3%82%A4%E3%82%BF%E3%82%BA%E3%83%A9,RuntimeError('HTTP 503'),gif.anime2 実GIFアーカイブ
gif_anime2_0066_00006,gif_anime2,https://gif.anime2.net/wp/wp-content/uploads/2018/09/Gifsmith-65d8a3a7-0-thumb.jpg,https://gif.anime2.net/category/%E3%82%A4%E3%82%BF%E3%82%BA%E3%83%A9,RuntimeError('HTTP 503'),gif.anime2 実GIFアーカイブ
gif_anime2_0066_00009,gif_anime2,https://gif.anime2.net/wp/wp-content/uploads/2018/07/Gifsmith-327bedbd-5-thumb.jpg,https://gif.anime2.net/category/%E3%82%A4%E3%82%BF%E3%82%BA%E3%83%A9,RuntimeError('HTTP 503'),gif.anime2 実GIFアーカイブ
gif_anime2_0066_00010,gif_anime2,https://gif.anime2.net/wp/wp-content/uploads/2018/07/Gifsmith-8f4527b2-7-thumb.jpg,https://gif.anime2.net/category/%E3%82%A4%E3%82%BF%E3%82%BA%E3%83%A9,RuntimeError('HTTP 503'),gif.anime2 実GIFアーカイブ
gif_anime2_0066_00011,gif_anime2,https://gif.anime2.net/wp/wp-content/uploads/2018/06/Gifsmith-0d47b831-39-thumb.jpg,https://gif.anime2.net/category/%E3%82%A4%E3%82%BF%E3%82%BA%E3%83%A9,RuntimeError('HTTP 503'),gif.anime2 実GIFアーカイブ
gif_anime2_0066_00014,gif_anime2,https://gif.anime2.net/wp/wp-content/uploads/2018/06/Gifsmith-8d3a7a22-12-thumb.jpg,https://gif.anime2.net/category/%E3%82%A4%E3%82%BF%E3%82%BA%E3%83%A9,RuntimeError('HTTP 503'),gif.anime2 実GIFアーカイブ
gif_anime2_0066_00013,gif_anime2,https://gif.anime2.net/wp/wp-content/uploads/2018/06/Gifsmith-5f640473-15-thumb.jpg,https://gif.anime2.net/category/%E3%82%A4%E3%82%BF%E3%82%BA%E3%83%A9,RuntimeError('HTTP 503'),gif.anime2 実GIFアーカイブ
gif_anime2_0066_00012,gif_anime2,https://gif.anime2.net/wp/wp-content/uploads/2018/06/Gifsmith-06ee6155-29-thumb.jpg,https://gif.anime2.net/category/%E3%82%A4%E3%82%BF%E3%82%BA%E3%83%A9,RuntimeError('HTTP 503'),gif.anime2 実GIFアーカイブ
gif_anime2_0066_00015,gif_anime2,https://gif.anime2.net/wp/wp-content/uploads/2018/06/Gifsmith-ae0b46a5-9-thumb.jpg,https://gif.anime2.net/category/%E3%82%A4%E3%82%BF%E3%82%BA%E3%83%A9,RuntimeError('HTTP 503'),gif.anime2 実GIFアーカイブ
gif_anime2_0066_00017,gif_anime2,https://gif.anime2.net/wp/wp-content/uploads/2018/05/Gifsmith-3942e83b-14-thumb.jpg,https://gif.anime2.net/category/%E3%82%A4%E3%82%BF%E3%82%BA%E3%83%A9,RuntimeError('HTTP 503'),gif.anime2 実GIFアーカイブ
gif_anime2_0066_00016,gif_anime2,https://gif.anime2.net/wp/wp-content/uploads/2018/06/Gifsmith-99cc95b3-6-thumb.jpg,https://gif.anime2.net/category/%E3%82%A4%E3%82%BF%E3%82%BA%E3%83%A9,RuntimeError('HTTP 503'),gif.anime2 実GIFアーカイブ
gif_anime2_0066_00018,gif_anime2,https://gif.anime2.net/wp/wp-content/uploads/2018/05/Gifsmith-fe2d7274-6-thumb.jpg,https://gif.anime2.net/category/%E3%82%A4%E3%82%BF%E3%82%BA%E3%83%A9,RuntimeError('HTTP 503'),gif.anime2 実GIFアーカイブ
gif_anime2_0066_00020,gif_anime2,https://gif.anime2.net/wp/wp-content/uploads/2018/05/Gifsmith-05e1b312-4-thumb.jpg,https://gif.anime2.net/category/%E3%82%A4%E3%82%BF%E3%82%BA%E3%83%A9,RuntimeError('HTTP 503'),gif.anime2 実GIFアーカイブ
gif_anime2_0066_00019,gif_anime2,https://gif.anime2.net/wp/wp-content/uploads/2018/05/Gifsmith-e147d8da-12-thumb.jpg,https://gif.anime2.net/category/%E3%82%A4%E3%82%BF%E3%82%BA%E3%83%A9,RuntimeError('HTTP 503'),gif.anime2 実GIFアーカイブ
gif_anime2_0066_00021,gif_anime2,https://gif.anime2.net/wp/wp-content/uploads/2018/04/Gifsmith-ebd333d2-8-thumb.jpg,https://gif.anime2.net/category/%E3%82%A4%E3%82%BF%E3%82%BA%E3%83%A9,RuntimeError('HTTP 503'),gif.anime2 実GIFアーカイブ
gif_anime2_0066_00043,gif_anime2,https://gif.anime2.net/wp/wp-content/uploads/2018/12/Gifsmith-fb7c9a18-3.gif,https://gif.anime2.net/category/%E3%82%A4%E3%82%BF%E3%82%BA%E3%83%A9,RuntimeError('HTTP 503'),gif.anime2 実GIFアーカイブ
gif_anime2_0066_00041,gif_anime2,https://gif.anime2.net/wp/wp-content/uploads/2018/12/Gifsmith-2b7c9195-4.gif,https://gif.anime2.net/category/%E3%82%A4%E3%82%BF%E3%82%BA%E3%83%A9,RuntimeError('HTTP 503'),gif.anime2 実GIFアーカイブ
gif_anime2_0066_00045,gif_anime2,https://gif.anime2.net/wp/wp-content/uploads/2018/09/Gifsmith-cf063384-5.gif,https://gif.anime2.net/category/%E3%82%A4%E3%82%BF%E3%82%BA%E3%83%A9,RuntimeError('HTTP 503'),gif.anime2 実GIFアーカイブ
gif_anime2_0066_00047,gif_anime2,https://gif.anime2.net/wp/wp-content/uploads/2018/07/Gifsmith-10b9c267-3.gif,https://gif.anime2.net/category/%E3%82%A4%E3%82%BF%E3%82%BA%E3%83%A9,RuntimeError('HTTP 503'),gif.anime2 実GIFアーカイブ
gif_anime2_0066_00046,gif_anime2,https://gif.anime2.net/wp/wp-content/uploads/2018/09/Gifsmith-65d8a3a7-0.gif,https://gif.anime2.net/category/%E3%82%A4%E3%82%BF%E3%82%BA%E3%83%A9,RuntimeError('HTTP 503'),gif.anime2 実GIFアーカイブ
gif_anime2_0066_00049,gif_anime2,https://gif.anime2.net/wp/wp-content/uploads/2018/07/Gifsmith-327bedbd-5.gif,https://gif.anime2.net/category/%E3%82%A4%E3%82%BF%E3%82%BA%E3%83%A9,RuntimeError('HTTP 503'),gif.anime2 実GIFアーカイブ
gif_anime2_0066_00050,gif_anime2,https://gif.anime2.net/wp/wp-content/uploads/2018/07/Gifsmith-8f4527b2-7.gif,https://gif.anime2.net/category/%E3%82%A4%E3%82%BF%E3%82%BA%E3%83%A9,RuntimeError('HTTP 503'),gif.anime2 実GIFアーカイブ
gif_anime2_0066_00052,gif_anime2,https://gif.anime2.net/wp/wp-content/uploads/2018/06/Gifsmith-06ee6155-29.gif,https://gif.anime2.net/category/%E3%82%A4%E3%82%BF%E3%82%BA%E3%83%A9,RuntimeError('HTTP 503'),gif.anime2 実GIFアーカイブ
gif_anime2_0066_00051,gif_anime2,https://gif.anime2.net/wp/wp-content/uploads/2018/06/Gifsmith-0d47b831-39.gif,https://gif.anime2.net/category/%E3%82%A4%E3%82%BF%E3%82%BA%E3%83%A9,RuntimeError('HTTP 503'),gif.anime2 実GIFアーカイブ
gif_anime2_0066_00053,gif_anime2,https://gif.anime2.net/wp/wp-content/uploads/2018/06/Gifsmith-5f640473-15.gif,https://gif.anime2.net/category/%E3%82%A4%E3%82%BF%E3%82%BA%E3%83%A9,RuntimeError('HTTP 503'),gif.anime2 実GIFアーカイブ
gif_anime2_0066_00055,gif_anime2,https://gif.anime2.net/wp/wp-content/uploads/2018/06/Gifsmith-ae0b46a5-9.gif,https://gif.anime2.net/category/%E3%82%A4%E3%82%BF%E3%82%BA%E3%83%A9,RuntimeError('HTTP 503'),gif.anime2 実GIFアーカイブ
gif_anime2_0066_00054,gif_anime2,https://gif.anime2.net/wp/wp-content/uploads/2018/06/Gifsmith-8d3a7a22-12.gif,https://gif.anime2.net/category/%E3%82%A4%E3%82%BF%E3%82%BA%E3%83%A9,RuntimeError('HTTP 503'),gif.anime2 実GIFアーカイブ
gif_anime2_0066_00056,gif_anime2,https://gif.anime2.net/wp/wp-content/uploads/2018/06/Gifsmith-99cc95b3-6.gif,https://gif.anime2.net/category/%E3%82%A4%E3%82%BF%E3%82%BA%E3%83%A9,RuntimeError('HTTP 503'),gif.anime2 実GIFアーカイブ
gif_anime2_0066_00057,gif_anime2,https://gif.anime2.net/wp/wp-content/uploads/2018/05/Gifsmith-3942e83b-14.gif,https://gif.anime2.net/category/%E3%82%A4%E3%82%BF%E3%82%BA%E3%83%A9,RuntimeError('HTTP 503'),gif.anime2 実GIFアーカイブ
gif_anime2_0066_00058,gif_anime2,https://gif.anime2.net/wp/wp-content/uploads/2018/05/Gifsmith-fe2d7274-6.gif,https://gif.anime2.net/category/%E3%82%A4%E3%82%BF%E3%82%BA%E3%83%A9,RuntimeError('HTTP 503'),gif.anime2 実GIFアーカイブ
gif_anime2_0066_00059,gif_anime2,https://gif.anime2.net/wp/wp-content/uploads/2018/05/Gifsmith-e147d8da-12.gif,https://gif.anime2.net/category/%E3%82%A4%E3%82%BF%E3%82%BA%E3%83%A9,RuntimeError('HTTP 503'),gif.anime2 実GIFアーカイブ
gif_anime2_0066_00061,gif_anime2,https://gif.anime2.net/wp/wp-content/uploads/2018/04/Gifsmith-ebd333d2-8.gif,https://gif.anime2.net/category/%E3%82%A4%E3%82%BF%E3%82%BA%E3%83%A9,RuntimeError('HTTP 503'),gif.anime2 実GIFアーカイブ
gif_anime2_0066_00060,gif_anime2,https://gif.anime2.net/wp/wp-content/uploads/2018/05/Gifsmith-05e1b312-4.gif,https://gif.anime2.net/category/%E3%82%A4%E3%82%BF%E3%82%BA%E3%83%A9,RuntimeError('HTTP 503'),gif.anime2 実GIFアーカイブ
gif_anime2_0067_00005,gif_anime2,https://gif.anime2.net/wp/wp-content/uploads/2018/06/Gifsmith-d358af2d-2-thumb.jpg,https://gif.anime2.net/category/%E3%82%BF%E3%83%AC%E3%83%B3%E3%83%88,RuntimeError('HTTP 503'),gif.anime2 実GIFアーカイブ
gif_anime2_0067_00007,gif_anime2,https://gif.anime2.net/wp/wp-content/uploads/2018/05/Gifsmith-35c2bce0-0-thumb.jpg,https://gif.anime2.net/category/%E3%82%BF%E3%83%AC%E3%83%B3%E3%83%88,RuntimeError('HTTP 503'),gif.anime2 実GIFアーカイブ
gif_anime2_0067_00006,gif_anime2,https://gif.anime2.net/wp/wp-content/uploads/2018/05/Gifsmith-b2a53da7-0-thumb.jpg,https://gif.anime2.net/category/%E3%82%BF%E3%83%AC%E3%83%B3%E3%83%88,RuntimeError('HTTP 503'),gif.anime2 実GIFアーカイブ
gif_anime2_0067_00008,gif_anime2,https://gif.anime2.net/wp/wp-content/uploads/2018/05/Gifsmith-d37e645b-5-thumb.jpg,https://gif.anime2.net/category/%E3%82%BF%E3%83%AC%E3%83%B3%E3%83%88,RuntimeError('HTTP 503'),gif.anime2 実GIFアーカイブ
gif_anime2_0067_00009,gif_anime2,https://gif.anime2.net/wp/wp-content/uploads/2018/05/Gifsmith-bac8b778-3-thumb.jpg,https://gif.anime2.net/category/%E3%82%BF%E3%83%AC%E3%83%B3%E3%83%88,RuntimeError('HTTP 503'),gif.anime2 実GIFアーカイブ
gif_anime2_0067_00010,gif_anime2,https://gif.anime2.net/wp/wp-content/uploads/2018/05/Gifsmith-4ec8b0de-0-thumb.jpg,https://gif.anime2.net/category/%E3%82%BF%E3%83%AC%E3%83%B3%E3%83%88,RuntimeError('HTTP 503'),gif.anime2 実GIFアーカイブ
gif_anime2_0067_00011,gif_anime2,https://gif.anime2.net/wp/wp-content/uploads/2018/05/Gifsmith-58892a02-0-thumb.jpg,https://gif.anime2.net/category/%E3%82%BF%E3%83%AC%E3%83%B3%E3%83%88,RuntimeError('HTTP 503'),gif.anime2 実GIFアーカイブ
gif_anime2_0067_00020,gif_anime2,https://gif.anime2.net/wp/wp-content/uploads/2018/05/Gifsmith-0e7a6c0c-19-thumb.jpg,https://gif.anime2.net/category/%E3%82%BF%E3%83%AC%E3%83%B3%E3%83%88,RuntimeError('HTTP 503'),gif.anime2 実GIFアーカイブ
gif_anime2_0067_00012,gif_anime2,https://gif.anime2.net/wp/wp-content/uploads/2018/05/Gifsmith-a0bdcfb7-0-thumb.jpg,https://gif.anime2.net/category/%E3%82%BF%E3%83%AC%E3%83%B3%E3%83%88,RuntimeError('HTTP 503'),gif.anime2 実GIFアーカイブ
gif_anime2_0067_00021,gif_anime2,https://gif.anime2.net/wp/wp-content/uploads/2018/04/Gifsmith-83c4a910-0-thumb.jpg,https://gif.anime2.net/category/%E3%82%BF%E3%83%AC%E3%83%B3%E3%83%88,RuntimeError('HTTP 503'),gif.anime2 実GIFアーカイブ
gif_anime2_0067_00045,gif_anime2,https://gif.anime2.net/wp/wp-content/uploads/2018/06/Gifsmith-d358af2d-2.gif,https://gif.anime2.net/category/%E3%82%BF%E3%83%AC%E3%83%B3%E3%83%88,RuntimeError('HTTP 503'),gif.anime2 実GIFアーカイブ
gif_anime2_0067_00046,gif_anime2,https://gif.anime2.net/wp/wp-content/uploads/2018/05/Gifsmith-b2a53da7-0.gif,https://gif.anime2.net/category/%E3%82%BF%E3%83%AC%E3%83%B3%E3%83%88,RuntimeError('HTTP 503'),gif.anime2 実GIFアーカイブ
gif_anime2_0067_00047,gif_anime2,https://gif.anime2.net/wp/wp-content/uploads/2018/05/Gifsmith-35c2bce0-0.gif,https://gif.anime2.net/category/%E3%82%BF%E3%83%AC%E3%83%B3%E3%83%88,RuntimeError('HTTP 503'),gif.anime2 実GIFアーカイブ
gif_anime2_0067_00048,gif_anime2,https://gif.anime2.net/wp/wp-content/uploads/2018/05/Gifsmith-d37e645b-5.gif,https://gif.anime2.net/category/%E3%82%BF%E3%83%AC%E3%83%B3%E3%83%88,RuntimeError('HTTP 503'),gif.anime2 実GIFアーカイブ
gif_anime2_0067_00049,gif_anime2,https://gif.anime2.net/wp/wp-content/uploads/2018/05/Gifsmith-bac8b778-3.gif,https://gif.anime2.net/category/%E3%82%BF%E3%83%AC%E3%83%B3%E3%83%88,RuntimeError('HTTP 503'),gif.anime2 実GIFアーカイブ
gif_anime2_0067_00050,gif_anime2,https://gif.anime2.net/wp/wp-content/uploads/2018/05/Gifsmith-4ec8b0de-0.gif,https://gif.anime2.net/category/%E3%82%BF%E3%83%AC%E3%83%B3%E3%83%88,RuntimeError('HTTP 503'),gif.anime2 実GIFアーカイブ
gif_anime2_0067_00051,gif_anime2,https://gif.anime2.net/wp/wp-content/uploads/2018/05/Gifsmith-58892a02-0.gif,https://gif.anime2.net/category/%E3%82%BF%E3%83%AC%E3%83%B3%E3%83%88,RuntimeError('HTTP 503'),gif.anime2 実GIFアーカイブ
gif_anime2_0067_00052,gif_anime2,https://gif.anime2.net/wp/wp-content/uploads/2018/05/Gifsmith-a0bdcfb7-0.gif,https://gif.anime2.net/category/%E3%82%BF%E3%83%AC%E3%83%B3%E3%83%88,RuntimeError('HTTP 503'),gif.anime2 実GIFアーカイブ
gif_anime2_0067_00053,gif_anime2,https://gif.anime2.net/wp/wp-content/uploads/2018/05/Gifsmith-64d56731-0.gif,https://gif.anime2.net/category/%E3%82%BF%E3%83%AC%E3%83%B3%E3%83%88,RuntimeError('HTTP 503'),gif.anime2 実GIFアーカイブ
gif_anime2_0067_00060,gif_anime2,https://gif.anime2.net/wp/wp-content/uploads/2018/05/Gifsmith-0e7a6c0c-19.gif,https://gif.anime2.net/category/%E3%82%BF%E3%83%AC%E3%83%B3%E3%83%88,RuntimeError('HTTP 503'),gif.anime2 実GIFアーカイブ
gif_anime2_0067_00061,gif_anime2,https://gif.anime2.net/wp/wp-content/uploads/2018/04/Gifsmith-83c4a910-0.gif,https://gif.anime2.net/category/%E3%82%BF%E3%83%AC%E3%83%B3%E3%83%88,RuntimeError('HTTP 503'),gif.anime2 実GIFアーカイブ
gif_anime2_0068_00011,gif_anime2,https://gif.anime2.net/wp/wp-content/uploads/2018/06/Gifsmith-c716c30a-17-thumb.jpg,https://gif.anime2.net/category/%E4%BA%8B%E6%95%85,RuntimeError('HTTP 503'),gif.anime2 実GIFアーカイブ
gif_anime2_0068_00013,gif_anime2,https://gif.anime2.net/wp/wp-content/uploads/2018/05/Gifsmith-537232f2-6-thumb.jpg,https://gif.anime2.net/category/%E4%BA%8B%E6%95%85,RuntimeError('HTTP 503'),gif.anime2 実GIFアーカイブ
gif_anime2_0068_00012,gif_anime2,https://gif.anime2.net/wp/wp-content/uploads/2018/06/Gifsmith-59dcc6b4-2-thumb.jpg,https://gif.anime2.net/category/%E4%BA%8B%E6%95%85,RuntimeError('HTTP 503'),gif.anime2 実GIFアーカイブ
gif_anime2_0068_00014,gif_anime2,https://gif.anime2.net/wp/wp-content/uploads/2018/05/Gifsmith-72509877-0-thumb.jpg,https://gif.anime2.net/category/%E4%BA%8B%E6%95%85,RuntimeError('HTTP 503'),gif.anime2 実GIFアーカイブ
gif_anime2_0068_00016,gif_anime2,https://gif.anime2.net/wp/wp-content/uploads/2018/04/Gifsmith-5f05721c-8-2-thumb.jpg,https://gif.anime2.net/category/%E4%BA%8B%E6%95%85,RuntimeError('HTTP 503'),gif.anime2 実GIFアーカイブ
gif_anime2_0068_00015,gif_anime2,https://gif.anime2.net/wp/wp-content/uploads/2018/04/Gifsmith-5f05721c-12-2-thumb.jpg,https://gif.anime2.net/category/%E4%BA%8B%E6%95%85,RuntimeError('HTTP 503'),gif.anime2 実GIFアーカイブ
gif_anime2_0068_00017,gif_anime2,https://gif.anime2.net/wp/wp-content/uploads/2018/02/Gifsmith-1f5c6091-0-thumb.jpg,https://gif.anime2.net/category/%E4%BA%8B%E6%95%85,RuntimeError('HTTP 503'),gif.anime2 実GIFアーカイブ
gif_anime2_0068_00018,gif_anime2,https://gif.anime2.net/wp/wp-content/uploads/2018/01/Gifsmith-5f05721c-25-thumb.jpg,https://gif.anime2.net/category/%E4%BA%8B%E6%95%85,RuntimeError('HTTP 503'),gif.anime2 実GIFアーカイブ
gif_anime2_0068_00019,gif_anime2,https://gif.anime2.net/wp/wp-content/uploads/2018/01/Gifsmith-5f05721c-19-thumb.jpg,https://gif.anime2.net/category/%E4%BA%8B%E6%95%85,RuntimeError('HTTP 503'),gif.anime2 実GIFアーカイブ
gif_anime2_0068_00020,gif_anime2,https://gif.anime2.net/wp/wp-content/uploads/2018/01/Gifsmith-5f05721c-3-9-thumb.jpg,https://gif.anime2.net/category/%E4%BA%8B%E6%95%85,RuntimeError('HTTP 503'),gif.anime2 実GIFアーカイブ
gif_anime2_0068_00051,gif_anime2,https://gif.anime2.net/wp/wp-content/uploads/2018/06/Gifsmith-c716c30a-17.gif,https://gif.anime2.net/category/%E4%BA%8B%E6%95%85,RuntimeError('HTTP 503'),gif.anime2 実GIFアーカイブ
gif_anime2_0068_00021,gif_anime2,https://gif.anime2.net/wp/wp-content/uploads/2018/01/Gifsmith-5f05721c-24-1-thumb.jpg,https://gif.anime2.net/category/%E4%BA%8B%E6%95%85,RuntimeError('HTTP 503'),gif.anime2 実GIFアーカイブ
gif_anime2_0068_00052,gif_anime2,https://gif.anime2.net/wp/wp-content/uploads/2018/06/Gifsmith-59dcc6b4-2.gif,https://gif.anime2.net/category/%E4%BA%8B%E6%95%85,RuntimeError('HTTP 503'),gif.anime2 実GIFアーカイブ
gif_anime2_0068_00053,gif_anime2,https://gif.anime2.net/wp/wp-content/uploads/2018/05/Gifsmith-537232f2-6.gif,https://gif.anime2.net/category/%E4%BA%8B%E6%95%85,RuntimeError('HTTP 503'),gif.anime2 実GIFアーカイブ
gif_anime2_0068_00054,gif_anime2,https://gif.anime2.net/wp/wp-content/uploads/2018/05/Gifsmith-72509877-0.gif,https://gif.anime2.net/category/%E4%BA%8B%E6%95%85,RuntimeError('HTTP 503'),gif.anime2 実GIFアーカイブ
gif_anime2_0068_00055,gif_anime2,https://gif.anime2.net/wp/wp-content/uploads/2018/04/Gifsmith-5f05721c-12-2.gif,https://gif.anime2.net/category/%E4%BA%8B%E6%95%85,RuntimeError('HTTP 503'),gif.anime2 実GIFアーカイブ
gif_anime2_0068_00056,gif_anime2,https://gif.anime2.net/wp/wp-content/uploads/2018/04/Gifsmith-5f05721c-8-2.gif,https://gif.anime2.net/category/%E4%BA%8B%E6%95%85,RuntimeError('HTTP 503'),gif.anime2 実GIFアーカイブ
gif_anime2_0068_00057,gif_anime2,https://gif.anime2.net/wp/wp-content/uploads/2018/02/Gifsmith-1f5c6091-0.gif,https://gif.anime2.net/category/%E4%BA%8B%E6%95%85,RuntimeError('HTTP 503'),gif.anime2 実GIFアーカイブ
gif_anime2_0068_00058,gif_anime2,https://gif.anime2.net/wp/wp-content/uploads/2018/01/Gifsmith-5f05721c-25.gif,https://gif.anime2.net/category/%E4%BA%8B%E6%95%85,RuntimeError('HTTP 503'),gif.anime2 実GIFアーカイブ
gif_anime2_0068_00059,gif_anime2,https://gif.anime2.net/wp/wp-content/uploads/2018/01/Gifsmith-5f05721c-19.gif,https://gif.anime2.net/category/%E4%BA%8B%E6%95%85,RuntimeError('HTTP 503'),gif.anime2 実GIFアーカイブ
gif_anime2_0068_00061,gif_anime2,https://gif.anime2.net/wp/wp-content/uploads/2018/01/Gifsmith-5f05721c-24-1.gif,https://gif.anime2.net/category/%E4%BA%8B%E6%95%85,RuntimeError('HTTP 503'),gif.anime2 実GIFアーカイブ
gif_anime2_0068_00060,gif_anime2,https://gif.anime2.net/wp/wp-content/uploads/2018/01/Gifsmith-5f05721c-3-9.gif,https://gif.anime2.net/category/%E4%BA%8B%E6%95%85,RuntimeError('HTTP 503'),gif.anime2 実GIFアーカイブ
gif_anime2_0069_00004,gif_anime2,https://gif.anime2.net/wp/wp-content/uploads/2018/06/Gifsmith-400f6052-14-thumb.jpg,https://gif.anime2.net/category/%E3%83%86%E3%82%AF%E3%83%8E%E3%83%AD%E3%82%B8%E3%83%BC,RuntimeError('HTTP 503'),gif.anime2 実GIFアーカイブ
gif_anime2_0069_00005,gif_anime2,https://gif.anime2.net/wp/wp-content/uploads/2018/06/Gifsmith-4aa9bd7c-14-thumb.jpg,https://gif.anime2.net/category/%E3%83%86%E3%82%AF%E3%83%8E%E3%83%AD%E3%82%B8%E3%83%BC,RuntimeError('HTTP 503'),gif.anime2 実GIFアーカイブ
gif_anime2_0069_00006,gif_anime2,https://gif.anime2.net/wp/wp-content/uploads/2018/06/Gifsmith-b336b12a-0-thumb.jpg,https://gif.anime2.net/category/%E3%83%86%E3%82%AF%E3%83%8E%E3%83%AD%E3%82%B8%E3%83%BC,RuntimeError('HTTP 503'),gif.anime2 実GIFアーカイブ
gif_anime2_0069_00008,gif_anime2,https://gif.anime2.net/wp/wp-content/uploads/2018/05/Gifsmith-f41d31a3-12-thumb.jpg,https://gif.anime2.net/category/%E3%83%86%E3%82%AF%E3%83%8E%E3%83%AD%E3%82%B8%E3%83%BC,RuntimeError('HTTP 503'),gif.anime2 実GIFアーカイブ
gif_anime2_0069_00010,gif_anime2,https://gif.anime2.net/wp/wp-content/uploads/2018/04/Gifsmith-9adf8932-0-thumb.jpg,https://gif.anime2.net/category/%E3%83%86%E3%82%AF%E3%83%8E%E3%83%AD%E3%82%B8%E3%83%BC,RuntimeError('HTTP 503'),gif.anime2 実GIFアーカイブ
gif_anime2_0069_00009,gif_anime2,https://gif.anime2.net/wp/wp-content/uploads/2018/05/Gifsmith-633d6320-15-thumb.jpg,https://gif.anime2.net/category/%E3%83%86%E3%82%AF%E3%83%8E%E3%83%AD%E3%82%B8%E3%83%BC,RuntimeError('HTTP 503'),gif.anime2 実GIFアーカイブ
gif_anime2_0069_00007,gif_anime2,https://gif.anime2.net/wp/wp-content/uploads/2018/05/Gifsmith-8fd1f964-0-thumb.jpg,https://gif.anime2.net/category/%E3%83%86%E3%82%AF%E3%83%8E%E3%83%AD%E3%82%B8%E3%83%BC,RuntimeError('HTTP 503'),gif.anime2 実GIFアーカイブ
gif_anime2_0069_00012,gif_anime2,https://gif.anime2.net/wp/wp-content/uploads/2018/01/Gifsmith-fe5676f6-0-thumb.jpg,https://gif.anime2.net/category/%E3%83%86%E3%82%AF%E3%83%8E%E3%83%AD%E3%82%B8%E3%83%BC,RuntimeError('HTTP 503'),gif.anime2 実GIFアーカイブ
gif_anime2_0069_00013,gif_anime2,https://gif.anime2.net/wp/wp-content/uploads/2018/01/Gifsmith-5f05721c-4-thumb.jpg,https://gif.anime2.net/category/%E3%83%86%E3%82%AF%E3%83%8E%E3%83%AD%E3%82%B8%E3%83%BC,RuntimeError('HTTP 503'),gif.anime2 実GIFアーカイブ
gif_anime2_0069_00011,gif_anime2,https://gif.anime2.net/wp/wp-content/uploads/2018/03/Gifsmith-dfc40326-6-thumb.jpg,https://gif.anime2.net/category/%E3%83%86%E3%82%AF%E3%83%8E%E3%83%AD%E3%82%B8%E3%83%BC,RuntimeError('HTTP 503'),gif.anime2 実GIFアーカイブ
gif_anime2_0069_00014,gif_anime2,https://gif.anime2.net/wp/wp-content/uploads/2017/12/Gifsmith-61b3025b-10-thumb.jpg,https://gif.anime2.net/category/%E3%83%86%E3%82%AF%E3%83%8E%E3%83%AD%E3%82%B8%E3%83%BC,RuntimeError('HTTP 503'),gif.anime2 実GIFアーカイブ
gif_anime2_0069_00015,gif_anime2,https://gif.anime2.net/wp/wp-content/uploads/2017/11/Gifsmith-35f0ee01-7-thumb.jpg,https://gif.anime2.net/category/%E3%83%86%E3%82%AF%E3%83%8E%E3%83%AD%E3%82%B8%E3%83%BC,RuntimeError('HTTP 503'),gif.anime2 実GIFアーカイブ
gif_anime2_0069_00016,gif_anime2,https://gif.anime2.net/wp/wp-content/uploads/2017/11/Gifsmith-ba5cd774-0-thumb.jpg,https://gif.anime2.net/category/%E3%83%86%E3%82%AF%E3%83%8E%E3%83%AD%E3%82%B8%E3%83%BC,RuntimeError('HTTP 503'),gif.anime2 実GIFアーカイブ
gif_anime2_0069_00017,gif_anime2,https://gif.anime2.net/wp/wp-content/uploads/2017/10/Gifsmith-8e183bf4-2-thumb.jpg,https://gif.anime2.net/category/%E3%83%86%E3%82%AF%E3%83%8E%E3%83%AD%E3%82%B8%E3%83%BC,RuntimeError('HTTP 503'),gif.anime2 実GIFアーカイブ
gif_anime2_0069_00018,gif_anime2,https://gif.anime2.net/wp/wp-content/uploads/2017/10/Gifsmith-866cdd0f-3-thumb.jpg,https://gif.anime2.net/category/%E3%83%86%E3%82%AF%E3%83%8E%E3%83%AD%E3%82%B8%E3%83%BC,RuntimeError('HTTP 503'),gif.anime2 実GIFアーカイブ
gif_anime2_0069_00019,gif_anime2,https://gif.anime2.net/wp/wp-content/uploads/2017/10/Gifsmith-6e31fab1-0-thumb.jpg,https://gif.anime2.net/category/%E3%83%86%E3%82%AF%E3%83%8E%E3%83%AD%E3%82%B8%E3%83%BC,RuntimeError('HTTP 503'),gif.anime2 実GIFアーカイブ
gif_anime2_0069_00020,gif_anime2,https://gif.anime2.net/wp/wp-content/uploads/2017/09/Gifsmith-051ac0d1-0-thumb.jpg,https://gif.anime2.net/category/%E3%83%86%E3%82%AF%E3%83%8E%E3%83%AD%E3%82%B8%E3%83%BC,RuntimeError('HTTP 503'),gif.anime2 実GIFアーカイブ
gif_anime2_0069_00021,gif_anime2,https://gif.anime2.net/wp/wp-content/uploads/2017/09/Gifsmith-962247d3-0-thumb.jpg,https://gif.anime2.net/category/%E3%83%86%E3%82%AF%E3%83%8E%E3%83%AD%E3%82%B8%E3%83%BC,RuntimeError('HTTP 503'),gif.anime2 実GIFアーカイブ
gif_anime2_0069_00044,gif_anime2,https://gif.anime2.net/wp/wp-content/uploads/2018/06/Gifsmith-400f6052-14.gif,https://gif.anime2.net/category/%E3%83%86%E3%82%AF%E3%83%8E%E3%83%AD%E3%82%B8%E3%83%BC,RuntimeError('HTTP 503'),gif.anime2 実GIFアーカイブ
gif_anime2_0069_00045,gif_anime2,https://gif.anime2.net/wp/wp-content/uploads/2018/06/Gifsmith-4aa9bd7c-14.gif,https://gif.anime2.net/category/%E3%83%86%E3%82%AF%E3%83%8E%E3%83%AD%E3%82%B8%E3%83%BC,RuntimeError('HTTP 503'),gif.anime2 実GIFアーカイブ
gif_anime2_0069_00046,gif_anime2,https://gif.anime2.net/wp/wp-content/uploads/2018/06/Gifsmith-b336b12a-0.gif,https://gif.anime2.net/category/%E3%83%86%E3%82%AF%E3%83%8E%E3%83%AD%E3%82%B8%E3%83%BC,RuntimeError('HTTP 503'),gif.anime2 実GIFアーカイブ
gif_anime2_0069_00047,gif_anime2,https://gif.anime2.net/wp/wp-content/uploads/2018/05/Gifsmith-8fd1f964-0.gif,https://gif.anime2.net/category/%E3%83%86%E3%82%AF%E3%83%8E%E3%83%AD%E3%82%B8%E3%83%BC,RuntimeError('HTTP 503'),gif.anime2 実GIFアーカイブ
gif_anime2_0069_00048,gif_anime2,https://gif.anime2.net/wp/wp-content/uploads/2018/05/Gifsmith-f41d31a3-12.gif,https://gif.anime2.net/category/%E3%83%86%E3%82%AF%E3%83%8E%E3%83%AD%E3%82%B8%E3%83%BC,RuntimeError('HTTP 503'),gif.anime2 実GIFアーカイブ
gif_anime2_0069_00051,gif_anime2,https://gif.anime2.net/wp/wp-content/uploads/2018/03/Gifsmith-dfc40326-6.gif,https://gif.anime2.net/category/%E3%83%86%E3%82%AF%E3%83%8E%E3%83%AD%E3%82%B8%E3%83%BC,RuntimeError('HTTP 503'),gif.anime2 実GIFアーカイブ
gif_anime2_0069_00050,gif_anime2,https://gif.anime2.net/wp/wp-content/uploads/2018/04/Gifsmith-9adf8932-0.gif,https://gif.anime2.net/category/%E3%83%86%E3%82%AF%E3%83%8E%E3%83%AD%E3%82%B8%E3%83%BC,RuntimeError('HTTP 503'),gif.anime2 実GIFアーカイブ
gif_anime2_0069_00049,gif_anime2,https://gif.anime2.net/wp/wp-content/uploads/2018/05/Gifsmith-633d6320-15.gif,https://gif.anime2.net/category/%E3%83%86%E3%82%AF%E3%83%8E%E3%83%AD%E3%82%B8%E3%83%BC,RuntimeError('HTTP 503'),gif.anime2 実GIFアーカイブ
gif_anime2_0069_00052,gif_anime2,https://gif.anime2.net/wp/wp-content/uploads/2018/01/Gifsmith-fe5676f6-0.gif,https://gif.anime2.net/category/%E3%83%86%E3%82%AF%E3%83%8E%E3%83%AD%E3%82%B8%E3%83%BC,RuntimeError('HTTP 503'),gif.anime2 実GIFアーカイブ
gif_anime2_0069_00053,gif_anime2,https://gif.anime2.net/wp/wp-content/uploads/2018/01/Gifsmith-5f05721c-4.gif,https://gif.anime2.net/category/%E3%83%86%E3%82%AF%E3%83%8E%E3%83%AD%E3%82%B8%E3%83%BC,RuntimeError('HTTP 503'),gif.anime2 実GIFアーカイブ
gif_anime2_0069_00056,gif_anime2,https://gif.anime2.net/wp/wp-content/uploads/2017/11/Gifsmith-ba5cd774-0.gif,https://gif.anime2.net/category/%E3%83%86%E3%82%AF%E3%83%8E%E3%83%AD%E3%82%B8%E3%83%BC,RuntimeError('HTTP 503'),gif.anime2 実GIFアーカイブ
gif_anime2_0069_00055,gif_anime2,https://gif.anime2.net/wp/wp-content/uploads/2017/11/Gifsmith-35f0ee01-7.gif,https://gif.anime2.net/category/%E3%83%86%E3%82%AF%E3%83%8E%E3%83%AD%E3%82%B8%E3%83%BC,RuntimeError('HTTP 503'),gif.anime2 実GIFアーカイブ
gif_anime2_0069_00054,gif_anime2,https://gif.anime2.net/wp/wp-content/uploads/2017/12/Gifsmith-61b3025b-10.gif,https://gif.anime2.net/category/%E3%83%86%E3%82%AF%E3%83%8E%E3%83%AD%E3%82%B8%E3%83%BC,RuntimeError('HTTP 503'),gif.anime2 実GIFアーカイブ
gif_anime2_0069_00057,gif_anime2,https://gif.anime2.net/wp/wp-content/uploads/2017/10/Gifsmith-8e183bf4-2.gif,https://gif.anime2.net/category/%E3%83%86%E3%82%AF%E3%83%8E%E3%83%AD%E3%82%B8%E3%83%BC,RuntimeError('HTTP 503'),gif.anime2 実GIFアーカイブ
gif_anime2_0069_00058,gif_anime2,https://gif.anime2.net/wp/wp-content/uploads/2017/10/Gifsmith-866cdd0f-3.gif,https://gif.anime2.net/category/%E3%83%86%E3%82%AF%E3%83%8E%E3%83%AD%E3%82%B8%E3%83%BC,RuntimeError('HTTP 503'),gif.anime2 実GIFアーカイブ
gif_anime2_0069_00060,gif_anime2,https://gif.anime2.net/wp/wp-content/uploads/2017/09/Gifsmith-051ac0d1-0.gif,https://gif.anime2.net/category/%E3%83%86%E3%82%AF%E3%83%8E%E3%83%AD%E3%82%B8%E3%83%BC,RuntimeError('HTTP 503'),gif.anime2 実GIFアーカイブ
gif_anime2_0069_00059,gif_anime2,https://gif.anime2.net/wp/wp-content/uploads/2017/10/Gifsmith-6e31fab1-0.gif,https://gif.anime2.net/category/%E3%83%86%E3%82%AF%E3%83%8E%E3%83%AD%E3%82%B8%E3%83%BC,RuntimeError('HTTP 503'),gif.anime2 実GIFアーカイブ
gif_anime2_0069_00061,gif_anime2,https://gif.anime2.net/wp/wp-content/uploads/2017/09/Gifsmith-962247d3-0.gif,https://gif.anime2.net/category/%E3%83%86%E3%82%AF%E3%83%8E%E3%83%AD%E3%82%B8%E3%83%BC,RuntimeError('HTTP 503'),gif.anime2 実GIFアーカイブ
gif_anime2_0070_00003,gif_anime2,https://gif.anime2.net/wp/wp-content/uploads/2018/07/Gifsmith-28eb7079-3-3-thumb.jpg,https://gif.anime2.net/category/%E3%82%A8%E3%83%83%E3%83%81,RuntimeError('HTTP 503'),gif.anime2 実GIFアーカイブ
gif_anime2_0070_00004,gif_anime2,https://gif.anime2.net/wp/wp-content/uploads/2018/07/Gifsmith-98c178e7-3-thumb.jpg,https://gif.anime2.net/category/%E3%82%A8%E3%83%83%E3%83%81,RuntimeError('HTTP 503'),gif.anime2 実GIFアーカイブ
gif_anime2_0070_00006,gif_anime2,https://gif.anime2.net/wp/wp-content/uploads/2018/07/Gifsmith-ab72a0cc-3-thumb.jpg,https://gif.anime2.net/category/%E3%82%A8%E3%83%83%E3%83%81,RuntimeError('HTTP 503'),gif.anime2 実GIFアーカイブ
gif_anime2_0070_00007,gif_anime2,https://gif.anime2.net/wp/wp-content/uploads/2018/05/Gifsmith-d8d3ed52-11-thumb.jpg,https://gif.anime2.net/category/%E3%82%A8%E3%83%83%E3%83%81,RuntimeError('HTTP 503'),gif.anime2 実GIFアーカイブ
gif_anime2_0070_00008,gif_anime2,https://gif.anime2.net/wp/wp-content/uploads/2018/05/Gifsmith-e197968c-8-thumb.jpg,https://gif.anime2.net/category/%E3%82%A8%E3%83%83%E3%83%81,RuntimeError('HTTP 503'),gif.anime2 実GIFアーカイブ
gif_anime2_0070_00010,gif_anime2,https://gif.anime2.net/wp/wp-content/uploads/2018/04/Gifsmith-8105b5ac-0-thumb.jpg,https://gif.anime2.net/category/%E3%82%A8%E3%83%83%E3%83%81,RuntimeError('HTTP 503'),gif.anime2 実GIFアーカイブ
gif_anime2_0070_00011,gif_anime2,https://gif.anime2.net/wp/wp-content/uploads/2018/04/Gifsmith-61f615d4-54-thumb.jpg,https://gif.anime2.net/category/%E3%82%A8%E3%83%83%E3%83%81,RuntimeError('HTTP 503'),gif.anime2 実GIFアーカイブ
gif_anime2_0070_00012,gif_anime2,https://gif.anime2.net/wp/wp-content/uploads/2018/04/Gifsmith-0d725fca-0-thumb.jpg,https://gif.anime2.net/category/%E3%82%A8%E3%83%83%E3%83%81,RuntimeError('HTTP 503'),gif.anime2 実GIFアーカイブ
gif_anime2_0070_00013,gif_anime2,https://gif.anime2.net/wp/wp-content/uploads/2018/04/Gifsmith-2f408033-0-thumb.jpg,https://gif.anime2.net/category/%E3%82%A8%E3%83%83%E3%83%81,RuntimeError('HTTP 503'),gif.anime2 実GIFアーカイブ
gif_anime2_0070_00014,gif_anime2,https://gif.anime2.net/wp/wp-content/uploads/2018/04/Gifsmith-844ecc89-8-thumb.jpg,https://gif.anime2.net/category/%E3%82%A8%E3%83%83%E3%83%81,RuntimeError('HTTP 503'),gif.anime2 実GIFアーカイブ
gif_anime2_0070_00015,gif_anime2,https://gif.anime2.net/wp/wp-content/uploads/2018/04/Gifsmith-a622d55a-0-thumb.jpg,https://gif.anime2.net/category/%E3%82%A8%E3%83%83%E3%83%81,RuntimeError('HTTP 503'),gif.anime2 実GIFアーカイブ
gif_anime2_0070_00016,gif_anime2,https://gif.anime2.net/wp/wp-content/uploads/2018/04/Gifsmith-6d2e2719-0-thumb.jpg,https://gif.anime2.net/category/%E3%82%A8%E3%83%83%E3%83%81,RuntimeError('HTTP 503'),gif.anime2 実GIFアーカイブ
gif_anime2_0070_00017,gif_anime2,https://gif.anime2.net/wp/wp-content/uploads/2018/04/Gifsmith-59cd3be1-0-thumb.jpg,https://gif.anime2.net/category/%E3%82%A8%E3%83%83%E3%83%81,RuntimeError('HTTP 503'),gif.anime2 実GIFアーカイブ
gif_anime2_0070_00018,gif_anime2,https://gif.anime2.net/wp/wp-content/uploads/2018/04/Gifsmith-fc702c5a-10-thumb.jpg,https://gif.anime2.net/category/%E3%82%A8%E3%83%83%E3%83%81,RuntimeError('HTTP 503'),gif.anime2 実GIFアーカイブ
gif_anime2_0070_00019,gif_anime2,https://gif.anime2.net/wp/wp-content/uploads/2018/03/Gifsmith-d85e30e2-3-thumb.jpg,https://gif.anime2.net/category/%E3%82%A8%E3%83%83%E3%83%81,RuntimeError('HTTP 503'),gif.anime2 実GIFアーカイブ
gif_anime2_0070_00020,gif_anime2,https://gif.anime2.net/wp/wp-content/uploads/2018/03/Gifsmith-5f05721c-15-thumb.jpg,https://gif.anime2.net/category/%E3%82%A8%E3%83%83%E3%83%81,RuntimeError('HTTP 503'),gif.anime2 実GIFアーカイブ
gif_anime2_0070_00021,gif_anime2,https://gif.anime2.net/wp/wp-content/uploads/2018/03/Gifsmith-5f05721c-4-2-thumb.jpg,https://gif.anime2.net/category/%E3%82%A8%E3%83%83%E3%83%81,RuntimeError('HTTP 503'),gif.anime2 実GIFアーカイブ
gif_anime2_0070_00044,gif_anime2,https://gif.anime2.net/wp/wp-content/uploads/2018/07/Gifsmith-98c178e7-3.gif,https://gif.anime2.net/category/%E3%82%A8%E3%83%83%E3%83%81,RuntimeError('HTTP 503'),gif.anime2 実GIFアーカイブ
gif_anime2_0070_00043,gif_anime2,https://gif.anime2.net/wp/wp-content/uploads/2018/07/Gifsmith-28eb7079-3-3.gif,https://gif.anime2.net/category/%E3%82%A8%E3%83%83%E3%83%81,RuntimeError('HTTP 503'),gif.anime2 実GIFアーカイブ
gif_anime2_0070_00046,gif_anime2,https://gif.anime2.net/wp/wp-content/uploads/2018/07/Gifsmith-ab72a0cc-3.gif,https://gif.anime2.net/category/%E3%82%A8%E3%83%83%E3%83%81,RuntimeError('HTTP 503'),gif.anime2 実GIFアーカイブ
gif_anime2_0070_00047,gif_anime2,https://gif.anime2.net/wp/wp-content/uploads/2018/05/Gifsmith-d8d3ed52-11.gif,https://gif.anime2.net/category/%E3%82%A8%E3%83%83%E3%83%81,RuntimeError('HTTP 503'),gif.anime2 実GIFアーカイブ
gif_anime2_0070_00050,gif_anime2,https://gif.anime2.net/wp/wp-content/uploads/2018/04/Gifsmith-8105b5ac-0.gif,https://gif.anime2.net/category/%E3%82%A8%E3%83%83%E3%83%81,RuntimeError('HTTP 503'),gif.anime2 実GIFアーカイブ
gif_anime2_0070_00048,gif_anime2,https://gif.anime2.net/wp/wp-content/uploads/2018/05/Gifsmith-e197968c-8.gif,https://gif.anime2.net/category/%E3%82%A8%E3%83%83%E3%83%81,RuntimeError('HTTP 503'),gif.anime2 実GIFアーカイブ
gif_anime2_0070_00051,gif_anime2,https://gif.anime2.net/wp/wp-content/uploads/2018/04/Gifsmith-61f615d4-54.gif,https://gif.anime2.net/category/%E3%82%A8%E3%83%83%E3%83%81,RuntimeError('HTTP 503'),gif.anime2 実GIFアーカイブ
gif_anime2_0070_00052,gif_anime2,https://gif.anime2.net/wp/wp-content/uploads/2018/04/Gifsmith-0d725fca-0.gif,https://gif.anime2.net/category/%E3%82%A8%E3%83%83%E3%83%81,RuntimeError('HTTP 503'),gif.anime2 実GIFアーカイブ
gif_anime2_0070_00053,gif_anime2,https://gif.anime2.net/wp/wp-content/uploads/2018/04/Gifsmith-2f408033-0.gif,https://gif.anime2.net/category/%E3%82%A8%E3%83%83%E3%83%81,RuntimeError('HTTP 503'),gif.anime2 実GIFアーカイブ
gif_anime2_0070_00054,gif_anime2,https://gif.anime2.net/wp/wp-content/uploads/2018/04/Gifsmith-844ecc89-8.gif,https://gif.anime2.net/category/%E3%82%A8%E3%83%83%E3%83%81,RuntimeError('HTTP 503'),gif.anime2 実GIFアーカイブ
gif_anime2_0070_00055,gif_anime2,https://gif.anime2.net/wp/wp-content/uploads/2018/04/Gifsmith-a622d55a-0.gif,https://gif.anime2.net/category/%E3%82%A8%E3%83%83%E3%83%81,RuntimeError('HTTP 503'),gif.anime2 実GIFアーカイブ
gif_anime2_0070_00056,gif_anime2,https://gif.anime2.net/wp/wp-content/uploads/2018/04/Gifsmith-6d2e2719-0.gif,https://gif.anime2.net/category/%E3%82%A8%E3%83%83%E3%83%81,RuntimeError('HTTP 503'),gif.anime2 実GIFアーカイブ
gif_anime2_0070_00057,gif_anime2,https://gif.anime2.net/wp/wp-content/uploads/2018/04/Gifsmith-59cd3be1-0.gif,https://gif.anime2.net/category/%E3%82%A8%E3%83%83%E3%83%81,RuntimeError('HTTP 503'),gif.anime2 実GIFアーカイブ
gif_anime2_0070_00058,gif_anime2,https://gif.anime2.net/wp/wp-content/uploads/2018/04/Gifsmith-fc702c5a-10.gif,https://gif.anime2.net/category/%E3%82%A8%E3%83%83%E3%83%81,RuntimeError('HTTP 503'),gif.anime2 実GIFアーカイブ
gif_anime2_0070_00059,gif_anime2,https://gif.anime2.net/wp/wp-content/uploads/2018/03/Gifsmith-d85e30e2-3.gif,https://gif.anime2.net/category/%E3%82%A8%E3%83%83%E3%83%81,RuntimeError('HTTP 503'),gif.anime2 実GIFアーカイブ
gif_anime2_0070_00060,gif_anime2,https://gif.anime2.net/wp/wp-content/uploads/2018/03/Gifsmith-5f05721c-15.gif,https://gif.anime2.net/category/%E3%82%A8%E3%83%83%E3%83%81,RuntimeError('HTTP 503'),gif.anime2 実GIFアーカイブ
gif_anime2_0070_00061,gif_anime2,https://gif.anime2.net/wp/wp-content/uploads/2018/03/Gifsmith-5f05721c-4-2.gif,https://gif.anime2.net/category/%E3%82%A8%E3%83%83%E3%83%81,RuntimeError('HTTP 503'),gif.anime2 実GIFアーカイブ
gif_anime2_0071_00001,gif_anime2,https://gif.anime2.net/wp/wp-content/uploads/2018/07/Gifsmith-111c0641-3-thumb.jpg,https://gif.anime2.net/category/%E3%82%B2%E3%83%BC%E3%83%A0,RuntimeError('HTTP 503'),gif.anime2 実GIFアーカイブ
gif_anime2_0071_00003,gif_anime2,https://gif.anime2.net/wp/wp-content/uploads/2018/07/Gifsmith-211504fa-3-thumb.jpg,https://gif.anime2.net/category/%E3%82%B2%E3%83%BC%E3%83%A0,RuntimeError('HTTP 503'),gif.anime2 実GIFアーカイブ
gif_anime2_0071_00004,gif_anime2,https://gif.anime2.net/wp/wp-content/uploads/2018/07/Gifsmith-14c5ba3d-4-thumb.jpg,https://gif.anime2.net/category/%E3%82%B2%E3%83%BC%E3%83%A0,RuntimeError('HTTP 503'),gif.anime2 実GIFアーカイブ
gif_anime2_0071_00005,gif_anime2,https://gif.anime2.net/wp/wp-content/uploads/2018/07/Gifsmith-1c4a1c40-6-thumb.jpg,https://gif.anime2.net/category/%E3%82%B2%E3%83%BC%E3%83%A0,RuntimeError('HTTP 503'),gif.anime2 実GIFアーカイブ
gif_anime2_0071_00006,gif_anime2,https://gif.anime2.net/wp/wp-content/uploads/2018/04/Gifsmith-ac0a2367-0-thumb.jpg,https://gif.anime2.net/category/%E3%82%B2%E3%83%BC%E3%83%A0,RuntimeError('HTTP 503'),gif.anime2 実GIFアーカイブ
gif_anime2_0071_00007,gif_anime2,https://gif.anime2.net/wp/wp-content/uploads/2018/04/Gifsmith-8b767376-0-thumb.jpg,https://gif.anime2.net/category/%E3%82%B2%E3%83%BC%E3%83%A0,RuntimeError('HTTP 503'),gif.anime2 実GIFアーカイブ
gif_anime2_0071_00008,gif_anime2,https://gif.anime2.net/wp/wp-content/uploads/2018/04/Gifsmith-f803be33-25-thumb.jpg,https://gif.anime2.net/category/%E3%82%B2%E3%83%BC%E3%83%A0,RuntimeError('HTTP 503'),gif.anime2 実GIFアーカイブ
gif_anime2_0071_00009,gif_anime2,https://gif.anime2.net/wp/wp-content/uploads/2018/04/Gifsmith-db81d92d-13-thumb.jpg,https://gif.anime2.net/category/%E3%82%B2%E3%83%BC%E3%83%A0,RuntimeError('HTTP 503'),gif.anime2 実GIFアーカイブ
gif_anime2_0071_00011,gif_anime2,https://gif.anime2.net/wp/wp-content/uploads/2018/04/Gifsmith-5f05721c-10-1-thumb.jpg,https://gif.anime2.net/category/%E3%82%B2%E3%83%BC%E3%83%A0,RuntimeError('HTTP 503'),gif.anime2 実GIFアーカイブ
gif_anime2_0071_00013,gif_anime2,https://gif.anime2.net/wp/wp-content/uploads/2018/03/Gifsmith-aa9a4038-0-thumb.jpg,https://gif.anime2.net/category/%E3%82%B2%E3%83%BC%E3%83%A0,RuntimeError('HTTP 503'),gif.anime2 実GIFアーカイブ
gif_anime2_0071_00012,gif_anime2,https://gif.anime2.net/wp/wp-content/uploads/2018/03/Gifsmith-5f05721c-19-1-thumb.jpg,https://gif.anime2.net/category/%E3%82%B2%E3%83%BC%E3%83%A0,RuntimeError('HTTP 503'),gif.anime2 実GIFアーカイブ
gif_anime2_0071_00014,gif_anime2,https://gif.anime2.net/wp/wp-content/uploads/2018/03/Gifsmith-2fdd035b-0-thumb.jpg,https://gif.anime2.net/category/%E3%82%B2%E3%83%BC%E3%83%A0,RuntimeError('HTTP 503'),gif.anime2 実GIFアーカイブ
gif_anime2_0071_00017,gif_anime2,https://gif.anime2.net/wp/wp-content/uploads/2017/12/Gifsmith-22692eb7-0-thumb.jpg,https://gif.anime2.net/category/%E3%82%B2%E3%83%BC%E3%83%A0,RuntimeError('HTTP 503'),gif.anime2 実GIFアーカイブ
gif_anime2_0071_00018,gif_anime2,https://gif.anime2.net/wp/wp-content/uploads/2017/12/Gifsmith-5f05721c-15-1-thumb.jpg,https://gif.anime2.net/category/%E3%82%B2%E3%83%BC%E3%83%A0,RuntimeError('HTTP 503'),gif.anime2 実GIFアーカイブ
gif_anime2_0071_00015,gif_anime2,https://gif.anime2.net/wp/wp-content/uploads/2018/01/Gifsmith-745b7402-0-thumb.jpg,https://gif.anime2.net/category/%E3%82%B2%E3%83%BC%E3%83%A0,RuntimeError('HTTP 503'),gif.anime2 実GIFアーカイブ
gif_anime2_0071_00016,gif_anime2,https://gif.anime2.net/wp/wp-content/uploads/2018/01/Gifsmith-a695d6e2-3-thumb.jpg,https://gif.anime2.net/category/%E3%82%B2%E3%83%BC%E3%83%A0,RuntimeError('HTTP 503'),gif.anime2 実GIFアーカイブ
gif_anime2_0071_00019,gif_anime2,https://gif.anime2.net/wp/wp-content/uploads/2017/12/Gifsmith-e3f88327-0-thumb.jpg,https://gif.anime2.net/category/%E3%82%B2%E3%83%BC%E3%83%A0,RuntimeError('HTTP 503'),gif.anime2 実GIFアーカイブ
gif_anime2_0071_00020,gif_anime2,https://gif.anime2.net/wp/wp-content/uploads/2017/11/Gifsmith-085b6944-0-thumb.jpg,https://gif.anime2.net/category/%E3%82%B2%E3%83%BC%E3%83%A0,RuntimeError('HTTP 503'),gif.anime2 実GIFアーカイブ
gif_anime2_0071_00021,gif_anime2,https://gif.anime2.net/wp/wp-content/uploads/2017/11/Gifsmith-bb77bd4c-0-thumb.jpg,https://gif.anime2.net/category/%E3%82%B2%E3%83%BC%E3%83%A0,RuntimeError('HTTP 503'),gif.anime2 実GIFアーカイブ
gif_anime2_0071_00041,gif_anime2,https://gif.anime2.net/wp/wp-content/uploads/2018/07/Gifsmith-111c0641-3.gif,https://gif.anime2.net/category/%E3%82%B2%E3%83%BC%E3%83%A0,RuntimeError('HTTP 503'),gif.anime2 実GIFアーカイブ
gif_anime2_0071_00043,gif_anime2,https://gif.anime2.net/wp/wp-content/uploads/2018/07/Gifsmith-211504fa-3.gif,https://gif.anime2.net/category/%E3%82%B2%E3%83%BC%E3%83%A0,RuntimeError('HTTP 503'),gif.anime2 実GIFアーカイブ
gif_anime2_0071_00044,gif_anime2,https://gif.anime2.net/wp/wp-content/uploads/2018/07/Gifsmith-14c5ba3d-4.gif,https://gif.anime2.net/category/%E3%82%B2%E3%83%BC%E3%83%A0,RuntimeError('HTTP 503'),gif.anime2 実GIFアーカイブ
gif_anime2_0071_00045,gif_anime2,https://gif.anime2.net/wp/wp-content/uploads/2018/07/Gifsmith-1c4a1c40-6.gif,https://gif.anime2.net/category/%E3%82%B2%E3%83%BC%E3%83%A0,RuntimeError('HTTP 503'),gif.anime2 実GIFアーカイブ
gif_anime2_0071_00047,gif_anime2,https://gif.anime2.net/wp/wp-content/uploads/2018/04/Gifsmith-8b767376-0.gif,https://gif.anime2.net/category/%E3%82%B2%E3%83%BC%E3%83%A0,RuntimeError('HTTP 503'),gif.anime2 実GIFアーカイブ
gif_anime2_0071_00046,gif_anime2,https://gif.anime2.net/wp/wp-content/uploads/2018/04/Gifsmith-ac0a2367-0.gif,https://gif.anime2.net/category/%E3%82%B2%E3%83%BC%E3%83%A0,RuntimeError('HTTP 503'),gif.anime2 実GIFアーカイブ
gif_anime2_0071_00048,gif_anime2,https://gif.anime2.net/wp/wp-content/uploads/2018/04/Gifsmith-f803be33-25.gif,https://gif.anime2.net/category/%E3%82%B2%E3%83%BC%E3%83%A0,RuntimeError('HTTP 503'),gif.anime2 実GIFアーカイブ
gif_anime2_0071_00051,gif_anime2,https://gif.anime2.net/wp/wp-content/uploads/2018/04/Gifsmith-5f05721c-10-1.gif,https://gif.anime2.net/category/%E3%82%B2%E3%83%BC%E3%83%A0,RuntimeError('HTTP 503'),gif.anime2 実GIFアーカイブ
gif_anime2_0071_00049,gif_anime2,https://gif.anime2.net/wp/wp-content/uploads/2018/04/Gifsmith-db81d92d-13.gif,https://gif.anime2.net/category/%E3%82%B2%E3%83%BC%E3%83%A0,RuntimeError('HTTP 503'),gif.anime2 実GIFアーカイブ
gif_anime2_0071_00053,gif_anime2,https://gif.anime2.net/wp/wp-content/uploads/2018/03/Gifsmith-aa9a4038-0.gif,https://gif.anime2.net/category/%E3%82%B2%E3%83%BC%E3%83%A0,RuntimeError('HTTP 503'),gif.anime2 実GIFアーカイブ
gif_anime2_0071_00054,gif_anime2,https://gif.anime2.net/wp/wp-content/uploads/2018/03/Gifsmith-2fdd035b-0.gif,https://gif.anime2.net/category/%E3%82%B2%E3%83%BC%E3%83%A0,RuntimeError('HTTP 503'),gif.anime2 実GIFアーカイブ
gif_anime2_0071_00055,gif_anime2,https://gif.anime2.net/wp/wp-content/uploads/2018/01/Gifsmith-745b7402-0.gif,https://gif.anime2.net/category/%E3%82%B2%E3%83%BC%E3%83%A0,RuntimeError('HTTP 503'),gif.anime2 実GIFアーカイブ
gif_anime2_0071_00056,gif_anime2,https://gif.anime2.net/wp/wp-content/uploads/2018/01/Gifsmith-a695d6e2-3.gif,https://gif.anime2.net/category/%E3%82%B2%E3%83%BC%E3%83%A0,RuntimeError('HTTP 503'),gif.anime2 実GIFアーカイブ
gif_anime2_0071_00057,gif_anime2,https://gif.anime2.net/wp/wp-content/uploads/2017/12/Gifsmith-22692eb7-0.gif,https://gif.anime2.net/category/%E3%82%B2%E3%83%BC%E3%83%A0,RuntimeError('HTTP 503'),gif.anime2 実GIFアーカイブ
gif_anime2_0071_00059,gif_anime2,https://gif.anime2.net/wp/wp-content/uploads/2017/12/Gifsmith-e3f88327-0.gif,https://gif.anime2.net/category/%E3%82%B2%E3%83%BC%E3%83%A0,RuntimeError('HTTP 503'),gif.anime2 実GIFアーカイブ
gif_anime2_0071_00058,gif_anime2,https://gif.anime2.net/wp/wp-content/uploads/2017/12/Gifsmith-5f05721c-15-1.gif,https://gif.anime2.net/category/%E3%82%B2%E3%83%BC%E3%83%A0,RuntimeError('HTTP 503'),gif.anime2 実GIFアーカイブ
gif_anime2_0071_00060,gif_anime2,https://gif.anime2.net/wp/wp-content/uploads/2017/11/Gifsmith-085b6944-0.gif,https://gif.anime2.net/category/%E3%82%B2%E3%83%BC%E3%83%A0,RuntimeError('HTTP 503'),gif.anime2 実GIFアーカイブ
gif_anime2_0071_00061,gif_anime2,https://gif.anime2.net/wp/wp-content/uploads/2017/11/Gifsmith-bb77bd4c-0.gif,https://gif.anime2.net/category/%E3%82%B2%E3%83%BC%E3%83%A0,RuntimeError('HTTP 503'),gif.anime2 実GIFアーカイブ
gif_anime2_0072_00004,gif_anime2,https://gif.anime2.net/wp/wp-content/uploads/2018/05/Gifsmith-dce5b14a-0-thumb.jpg,https://gif.anime2.net/category/%E5%A3%B0%E5%84%AA,RuntimeError('HTTP 503'),gif.anime2 実GIFアーカイブ
gif_anime2_0072_00001,gif_anime2,https://gif.anime2.net/wp/wp-content/uploads/2018/05/Gifsmith-7b2b41e0-11-thumb.jpg,https://gif.anime2.net/category/%E5%A3%B0%E5%84%AA,RuntimeError('HTTP 503'),gif.anime2 実GIFアーカイブ
gif_anime2_0072_00003,gif_anime2,https://gif.anime2.net/wp/wp-content/uploads/2018/05/Gifsmith-04c6fea0-0-thumb.jpg,https://gif.anime2.net/category/%E5%A3%B0%E5%84%AA,RuntimeError('HTTP 503'),gif.anime2 実GIFアーカイブ
gif_anime2_0072_00006,gif_anime2,https://gif.anime2.net/wp/wp-content/uploads/2018/05/68d7cc7f-thumb.jpg,https://gif.anime2.net/category/%E5%A3%B0%E5%84%AA,RuntimeError('HTTP 503'),gif.anime2 実GIFアーカイブ
gif_anime2_0072_00005,gif_anime2,https://gif.anime2.net/wp/wp-content/uploads/2018/05/Gifsmith-98f3290c-0-thumb.jpg,https://gif.anime2.net/category/%E5%A3%B0%E5%84%AA,RuntimeError('HTTP 503'),gif.anime2 実GIFアーカイブ
gif_anime2_0072_00007,gif_anime2,https://gif.anime2.net/wp/wp-content/uploads/2018/05/Gifsmith-274259d7-5-thumb.jpg,https://gif.anime2.net/category/%E5%A3%B0%E5%84%AA,RuntimeError('HTTP 503'),gif.anime2 実GIFアーカイブ
gif_anime2_0072_00008,gif_anime2,https://gif.anime2.net/wp/wp-content/uploads/2018/04/Gifsmith-4523101f-19-thumb.jpg,https://gif.anime2.net/category/%E5%A3%B0%E5%84%AA,RuntimeError('HTTP 503'),gif.anime2 実GIFアーカイブ
gif_anime2_0072_00009,gif_anime2,https://gif.anime2.net/wp/wp-content/uploads/2018/04/Gifsmith-5f05721c-3-6-thumb.jpg,https://gif.anime2.net/category/%E5%A3%B0%E5%84%AA,RuntimeError('HTTP 503'),gif.anime2 実GIFアーカイブ
gif_anime2_0072_00010,gif_anime2,https://gif.anime2.net/wp/wp-content/uploads/2018/04/Gifsmith-5f05721c-0-thumb.jpg,https://gif.anime2.net/category/%E5%A3%B0%E5%84%AA,RuntimeError('HTTP 503'),gif.anime2 実GIFアーカイブ
gif_anime2_0072_00012,gif_anime2,https://gif.anime2.net/wp/wp-content/uploads/2018/04/Gifsmith-cda96023-12-thumb.jpg,https://gif.anime2.net/category/%E5%A3%B0%E5%84%AA,RuntimeError('HTTP 503'),gif.anime2 実GIFアーカイブ
gif_anime2_0072_00014,gif_anime2,https://gif.anime2.net/wp/wp-content/uploads/2018/03/Gifsmith-56afe951-0-thumb.jpg,https://gif.anime2.net/category/%E5%A3%B0%E5%84%AA,RuntimeError('HTTP 503'),gif.anime2 実GIFアーカイブ
gif_anime2_0072_00015,gif_anime2,https://gif.anime2.net/wp/wp-content/uploads/2018/03/Gifsmith-f2696741-3-thumb.jpg,https://gif.anime2.net/category/%E5%A3%B0%E5%84%AA,RuntimeError('HTTP 503'),gif.anime2 実GIFアーカイブ
gif_anime2_0072_00013,gif_anime2,https://gif.anime2.net/wp/wp-content/uploads/2018/04/Gifsmith-444b7a88-9-thumb.jpg,https://gif.anime2.net/category/%E5%A3%B0%E5%84%AA,RuntimeError('HTTP 503'),gif.anime2 実GIFアーカイブ
gif_anime2_0072_00017,gif_anime2,https://gif.anime2.net/wp/wp-content/uploads/2018/01/Gifsmith-d03935ed-0-thumb.jpg,https://gif.anime2.net/category/%E5%A3%B0%E5%84%AA,RuntimeError('HTTP 503'),gif.anime2 実GIFアーカイブ
gif_anime2_0072_00018,gif_anime2,https://gif.anime2.net/wp/wp-content/uploads/2018/01/Gifsmith-46fe3c4d-4-thumb.jpg,https://gif.anime2.net/category/%E5%A3%B0%E5%84%AA,RuntimeError('HTTP 503'),gif.anime2 実GIFアーカイブ
gif_anime2_0072_00020,gif_anime2,https://gif.anime2.net/wp/wp-content/uploads/2018/01/Gifsmith-5f05721c-14-2-thumb.jpg,https://gif.anime2.net/category/%E5%A3%B0%E5%84%AA,RuntimeError('HTTP 503'),gif.anime2 実GIFアーカイブ
gif_anime2_0072_00019,gif_anime2,https://gif.anime2.net/wp/wp-content/uploads/2018/01/Gifsmith-5f05721c-17-1-thumb.jpg,https://gif.anime2.net/category/%E5%A3%B0%E5%84%AA,RuntimeError('HTTP 503'),gif.anime2 実GIFアーカイブ
gif_anime2_0072_00021,gif_anime2,https://gif.anime2.net/wp/wp-content/uploads/2018/01/Gifsmith-01916ce3-15-thumb.jpg,https://gif.anime2.net/category/%E5%A3%B0%E5%84%AA,RuntimeError('HTTP 503'),gif.anime2 実GIFアーカイブ
gif_anime2_0072_00041,gif_anime2,https://gif.anime2.net/wp/wp-content/uploads/2018/05/Gifsmith-7b2b41e0-11.gif,https://gif.anime2.net/category/%E5%A3%B0%E5%84%AA,RuntimeError('HTTP 503'),gif.anime2 実GIFアーカイブ
gif_anime2_0072_00043,gif_anime2,https://gif.anime2.net/wp/wp-content/uploads/2018/05/Gifsmith-04c6fea0-0.gif,https://gif.anime2.net/category/%E5%A3%B0%E5%84%AA,RuntimeError('HTTP 503'),gif.anime2 実GIFアーカイブ
gif_anime2_0072_00044,gif_anime2,https://gif.anime2.net/wp/wp-content/uploads/2018/05/Gifsmith-dce5b14a-0.gif,https://gif.anime2.net/category/%E5%A3%B0%E5%84%AA,RuntimeError('HTTP 503'),gif.anime2 実GIFアーカイブ
gif_anime2_0072_00045,gif_anime2,https://gif.anime2.net/wp/wp-content/uploads/2018/05/Gifsmith-98f3290c-0.gif,https://gif.anime2.net/category/%E5%A3%B0%E5%84%AA,RuntimeError('HTTP 503'),gif.anime2 実GIFアーカイブ
gif_anime2_0072_00046,gif_anime2,https://gif.anime2.net/wp/wp-content/uploads/2018/05/68d7cc7f.gif,https://gif.anime2.net/category/%E5%A3%B0%E5%84%AA,RuntimeError('HTTP 503'),gif.anime2 実GIFアーカイブ
gif_anime2_0072_00047,gif_anime2,https://gif.anime2.net/wp/wp-content/uploads/2018/05/Gifsmith-274259d7-5.gif,https://gif.anime2.net/category/%E5%A3%B0%E5%84%AA,RuntimeError('HTTP 503'),gif.anime2 実GIFアーカイブ
gif_anime2_0072_00048,gif_anime2,https://gif.anime2.net/wp/wp-content/uploads/2018/04/Gifsmith-4523101f-19.gif,https://gif.anime2.net/category/%E5%A3%B0%E5%84%AA,RuntimeError('HTTP 503'),gif.anime2 実GIFアーカイブ
gif_anime2_0072_00049,gif_anime2,https://gif.anime2.net/wp/wp-content/uploads/2018/04/Gifsmith-5f05721c-3-6.gif,https://gif.anime2.net/category/%E5%A3%B0%E5%84%AA,RuntimeError('HTTP 503'),gif.anime2 実GIFアーカイブ
gif_anime2_0072_00050,gif_anime2,https://gif.anime2.net/wp/wp-content/uploads/2018/04/Gifsmith-5f05721c-6-2.gif,https://gif.anime2.net/category/%E5%A3%B0%E5%84%AA,RuntimeError('HTTP 503'),gif.anime2 実GIFアーカイブ
gif_anime2_0072_00051,gif_anime2,https://gif.anime2.net/wp/wp-content/uploads/2018/04/Gifsmith-5f05721c-0.gif,https://gif.anime2.net/category/%E5%A3%B0%E5%84%AA,RuntimeError('HTTP 503'),gif.anime2 実GIFアーカイブ
gif_anime2_0072_00055,gif_anime2,https://gif.anime2.net/wp/wp-content/uploads/2018/03/Gifsmith-56afe951-0.gif,https://gif.anime2.net/category/%E5%A3%B0%E5%84%AA,RuntimeError('HTTP 503'),gif.anime2 実GIFアーカイブ
gif_anime2_0072_00056,gif_anime2,https://gif.anime2.net/wp/wp-content/uploads/2018/03/Gifsmith-f2696741-3.gif,https://gif.anime2.net/category/%E5%A3%B0%E5%84%AA,RuntimeError('HTTP 503'),gif.anime2 実GIFアーカイブ
gif_anime2_0072_00054,gif_anime2,https://gif.anime2.net/wp/wp-content/uploads/2018/04/Gifsmith-444b7a88-9.gif,https://gif.anime2.net/category/%E5%A3%B0%E5%84%AA,RuntimeError('HTTP 503'),gif.anime2 実GIFアーカイブ
gif_anime2_0072_00053,gif_anime2,https://gif.anime2.net/wp/wp-content/uploads/2018/04/Gifsmith-cda96023-12.gif,https://gif.anime2.net/category/%E5%A3%B0%E5%84%AA,RuntimeError('HTTP 503'),gif.anime2 実GIFアーカイブ
gif_anime2_0072_00061,gif_anime2,https://gif.anime2.net/wp/wp-content/uploads/2018/01/Gifsmith-5f05721c-14-2.gif,https://gif.anime2.net/category/%E5%A3%B0%E5%84%AA,RuntimeError('HTTP 503'),gif.anime2 実GIFアーカイブ
gif_anime2_0072_00058,gif_anime2,https://gif.anime2.net/wp/wp-content/uploads/2018/01/Gifsmith-d03935ed-0.gif,https://gif.anime2.net/category/%E5%A3%B0%E5%84%AA,RuntimeError('HTTP 503'),gif.anime2 実GIFアーカイブ
gif_anime2_0072_00059,gif_anime2,https://gif.anime2.net/wp/wp-content/uploads/2018/01/Gifsmith-46fe3c4d-4.gif,https://gif.anime2.net/category/%E5%A3%B0%E5%84%AA,RuntimeError('HTTP 503'),gif.anime2 実GIFアーカイブ
gif_anime2_0072_00062,gif_anime2,https://gif.anime2.net/wp/wp-content/uploads/2018/01/Gifsmith-01916ce3-15.gif,https://gif.anime2.net/category/%E5%A3%B0%E5%84%AA,RuntimeError('HTTP 503'),gif.anime2 実GIFアーカイブ
gif_anime2_0072_00060,gif_anime2,https://gif.anime2.net/wp/wp-content/uploads/2018/01/Gifsmith-5f05721c-17-1.gif,https://gif.anime2.net/category/%E5%A3%B0%E5%84%AA,RuntimeError('HTTP 503'),gif.anime2 実GIFアーカイブ
gif_anime2_0073_00001,gif_anime2,https://gif.anime2.net/wp/wp-content/uploads/2018/07/Gifsmith-aa34d9c1-6-1-thumb.jpg,https://gif.anime2.net/category/%E3%82%B3%E3%83%A9,RuntimeError('HTTP 503'),gif.anime2 実GIFアーカイブ
gif_anime2_0073_00003,gif_anime2,https://gif.anime2.net/wp/wp-content/uploads/2018/06/Gifsmith-c1016c7e-3-thumb.jpg,https://gif.anime2.net/category/%E3%82%B3%E3%83%A9,RuntimeError('HTTP 503'),gif.anime2 実GIFアーカイブ
gif_anime2_0073_00004,gif_anime2,https://gif.anime2.net/wp/wp-content/uploads/2018/04/Gifsmith-5f05721c-19-2-thumb.jpg,https://gif.anime2.net/category/%E3%82%B3%E3%83%A9,RuntimeError('HTTP 503'),gif.anime2 実GIFアーカイブ
gif_anime2_0073_00007,gif_anime2,https://gif.anime2.net/wp/wp-content/uploads/2017/11/Gifsmith-fa7aac24-0-thumb.jpg,https://gif.anime2.net/category/%E3%82%B3%E3%83%A9,RuntimeError('HTTP 503'),gif.anime2 実GIFアーカイブ
gif_anime2_0073_00006,gif_anime2,https://gif.anime2.net/wp/wp-content/uploads/2017/11/Gifsmith-797d1b66-0-thumb.jpg,https://gif.anime2.net/category/%E3%82%B3%E3%83%A9,RuntimeError('HTTP 503'),gif.anime2 実GIFアーカイブ
gif_anime2_0073_00008,gif_anime2,https://gif.anime2.net/wp/wp-content/uploads/2017/09/Gifsmith-0c537073-9-thumb.jpg,https://gif.anime2.net/category/%E3%82%B3%E3%83%A9,RuntimeError('HTTP 503'),gif.anime2 実GIFアーカイブ
gif_anime2_0073_00009,gif_anime2,https://gif.anime2.net/wp/wp-content/uploads/2017/09/Gifsmith-0ed222d4-7-thumb.jpg,https://gif.anime2.net/category/%E3%82%B3%E3%83%A9,RuntimeError('HTTP 503'),gif.anime2 実GIFアーカイブ
gif_anime2_0073_00010,gif_anime2,https://gif.anime2.net/wp/wp-content/uploads/2017/08/Gifsmith-b8a92c5d-0-thumb.jpg,https://gif.anime2.net/category/%E3%82%B3%E3%83%A9,RuntimeError('HTTP 503'),gif.anime2 実GIFアーカイブ
gif_anime2_0073_00011,gif_anime2,https://gif.anime2.net/wp/wp-content/uploads/2017/06/Gifsmith-4a97e489-0-thumb.jpg,https://gif.anime2.net/category/%E3%82%B3%E3%83%A9,RuntimeError('HTTP 503'),gif.anime2 実GIFアーカイブ
gif_anime2_0073_00012,gif_anime2,https://gif.anime2.net/wp/wp-content/uploads/2017/05/Gifsmith-3eefd265-10-thumb.jpg,https://gif.anime2.net/category/%E3%82%B3%E3%83%A9,RuntimeError('HTTP 503'),gif.anime2 実GIFアーカイブ
gif_anime2_0073_00013,gif_anime2,https://gif.anime2.net/wp/wp-content/uploads/2017/05/Gifsmith-a2e602cf-0-thumb.jpg,https://gif.anime2.net/category/%E3%82%B3%E3%83%A9,RuntimeError('HTTP 503'),gif.anime2 実GIFアーカイブ
gif_anime2_0073_00014,gif_anime2,https://gif.anime2.net/wp/wp-content/uploads/2017/04/Gifsmith-7674cfdc-0-thumb.jpg,https://gif.anime2.net/category/%E3%82%B3%E3%83%A9,RuntimeError('HTTP 503'),gif.anime2 実GIFアーカイブ
gif_anime2_0073_00016,gif_anime2,https://gif.anime2.net/wp/wp-content/uploads/2017/03/Gifsmith-31404d67-0-thumb.jpg,https://gif.anime2.net/category/%E3%82%B3%E3%83%A9,RuntimeError('HTTP 503'),gif.anime2 実GIFアーカイブ
gif_anime2_0073_00017,gif_anime2,https://gif.anime2.net/wp/wp-content/uploads/2017/03/Gifsmith-56b318a0-0-thumb.jpg,https://gif.anime2.net/category/%E3%82%B3%E3%83%A9,RuntimeError('HTTP 503'),gif.anime2 実GIFアーカイブ
gif_anime2_0073_00015,gif_anime2,https://gif.anime2.net/wp/wp-content/uploads/2017/03/Gifsmith-232832fc-0-thumb.jpg,https://gif.anime2.net/category/%E3%82%B3%E3%83%A9,RuntimeError('HTTP 503'),gif.anime2 実GIFアーカイブ
gif_anime2_0073_00018,gif_anime2,https://gif.anime2.net/wp/wp-content/uploads/2017/03/Gifsmith-347fc292-0-thumb.jpg,https://gif.anime2.net/category/%E3%82%B3%E3%83%A9,RuntimeError('HTTP 503'),gif.anime2 実GIFアーカイブ
gif_anime2_0073_00019,gif_anime2,https://gif.anime2.net/wp/wp-content/uploads/2017/03/Gifsmith-bf23c8f9-0-thumb.jpg,https://gif.anime2.net/category/%E3%82%B3%E3%83%A9,RuntimeError('HTTP 503'),gif.anime2 実GIFアーカイブ
gif_anime2_0073_00021,gif_anime2,https://gif.anime2.net/wp/wp-content/uploads/2017/02/Gifsmith-10dff224-0-thumb.jpg,https://gif.anime2.net/category/%E3%82%B3%E3%83%A9,RuntimeError('HTTP 503'),gif.anime2 実GIFアーカイブ
gif_anime2_0073_00020,gif_anime2,https://gif.anime2.net/wp/wp-content/uploads/2017/03/Gifsmith-a629d255-0-thumb.jpg,https://gif.anime2.net/category/%E3%82%B3%E3%83%A9,RuntimeError('HTTP 503'),gif.anime2 実GIFアーカイブ
gif_anime2_0073_00041,gif_anime2,https://gif.anime2.net/wp/wp-content/uploads/2018/07/Gifsmith-aa34d9c1-6-1.gif,https://gif.anime2.net/category/%E3%82%B3%E3%83%A9,RuntimeError('HTTP 503'),gif.anime2 実GIFアーカイブ
gif_anime2_0073_00043,gif_anime2,https://gif.anime2.net/wp/wp-content/uploads/2018/06/Gifsmith-c1016c7e-3.gif,https://gif.anime2.net/category/%E3%82%B3%E3%83%A9,RuntimeError('HTTP 503'),gif.anime2 実GIFアーカイブ
gif_anime2_0073_00044,gif_anime2,https://gif.anime2.net/wp/wp-content/uploads/2018/04/Gifsmith-5f05721c-19-2.gif,https://gif.anime2.net/category/%E3%82%B3%E3%83%A9,RuntimeError('HTTP 503'),gif.anime2 実GIFアーカイブ
gif_anime2_0073_00046,gif_anime2,https://gif.anime2.net/wp/wp-content/uploads/2017/11/Gifsmith-797d1b66-0.gif,https://gif.anime2.net/category/%E3%82%B3%E3%83%A9,RuntimeError('HTTP 503'),gif.anime2 実GIFアーカイブ
gif_anime2_0073_00047,gif_anime2,https://gif.anime2.net/wp/wp-content/uploads/2017/11/Gifsmith-fa7aac24-0.gif,https://gif.anime2.net/category/%E3%82%B3%E3%83%A9,RuntimeError('HTTP 503'),gif.anime2 実GIFアーカイブ
gif_anime2_0073_00049,gif_anime2,https://gif.anime2.net/wp/wp-content/uploads/2017/09/Gifsmith-0ed222d4-7.gif,https://gif.anime2.net/category/%E3%82%B3%E3%83%A9,RuntimeError('HTTP 503'),gif.anime2 実GIFアーカイブ
gif_anime2_0073_00048,gif_anime2,https://gif.anime2.net/wp/wp-content/uploads/2017/09/Gifsmith-0c537073-9.gif,https://gif.anime2.net/category/%E3%82%B3%E3%83%A9,RuntimeError('HTTP 503'),gif.anime2 実GIFアーカイブ
gif_anime2_0073_00051,gif_anime2,https://gif.anime2.net/wp/wp-content/uploads/2017/06/Gifsmith-4a97e489-0.gif,https://gif.anime2.net/category/%E3%82%B3%E3%83%A9,RuntimeError('HTTP 503'),gif.anime2 実GIFアーカイブ
gif_anime2_0073_00053,gif_anime2,https://gif.anime2.net/wp/wp-content/uploads/2017/05/Gifsmith-a2e602cf-0.gif,https://gif.anime2.net/category/%E3%82%B3%E3%83%A9,RuntimeError('HTTP 503'),gif.anime2 実GIFアーカイブ
gif_anime2_0073_00050,gif_anime2,https://gif.anime2.net/wp/wp-content/uploads/2017/08/Gifsmith-b8a92c5d-0.gif,https://gif.anime2.net/category/%E3%82%B3%E3%83%A9,RuntimeError('HTTP 503'),gif.anime2 実GIFアーカイブ
gif_anime2_0073_00052,gif_anime2,https://gif.anime2.net/wp/wp-content/uploads/2017/05/Gifsmith-3eefd265-10.gif,https://gif.anime2.net/category/%E3%82%B3%E3%83%A9,RuntimeError('HTTP 503'),gif.anime2 実GIFアーカイブ
gif_anime2_0073_00054,gif_anime2,https://gif.anime2.net/wp/wp-content/uploads/2017/04/Gifsmith-7674cfdc-0.gif,https://gif.anime2.net/category/%E3%82%B3%E3%83%A9,RuntimeError('HTTP 503'),gif.anime2 実GIFアーカイブ
gif_anime2_0073_00055,gif_anime2,https://gif.anime2.net/wp/wp-content/uploads/2017/03/Gifsmith-232832fc-0.gif,https://gif.anime2.net/category/%E3%82%B3%E3%83%A9,RuntimeError('HTTP 503'),gif.anime2 実GIFアーカイブ
gif_anime2_0073_00056,gif_anime2,https://gif.anime2.net/wp/wp-content/uploads/2017/03/Gifsmith-31404d67-0.gif,https://gif.anime2.net/category/%E3%82%B3%E3%83%A9,RuntimeError('HTTP 503'),gif.anime2 実GIFアーカイブ
gif_anime2_0073_00058,gif_anime2,https://gif.anime2.net/wp/wp-content/uploads/2017/03/Gifsmith-347fc292-0.gif,https://gif.anime2.net/category/%E3%82%B3%E3%83%A9,RuntimeError('HTTP 503'),gif.anime2 実GIFアーカイブ
gif_anime2_0073_00059,gif_anime2,https://gif.anime2.net/wp/wp-content/uploads/2017/03/Gifsmith-bf23c8f9-0.gif,https://gif.anime2.net/category/%E3%82%B3%E3%83%A9,RuntimeError('HTTP 503'),gif.anime2 実GIFアーカイブ
gif_anime2_0073_00060,gif_anime2,https://gif.anime2.net/wp/wp-content/uploads/2017/03/Gifsmith-a629d255-0.gif,https://gif.anime2.net/category/%E3%82%B3%E3%83%A9,RuntimeError('HTTP 503'),gif.anime2 実GIFアーカイブ
gif_anime2_0073_00061,gif_anime2,https://gif.anime2.net/wp/wp-content/uploads/2017/02/Gifsmith-10dff224-0.gif,https://gif.anime2.net/category/%E3%82%B3%E3%83%A9,RuntimeError('HTTP 503'),gif.anime2 実GIFアーカイブ
gif_anime2_0074_00003,gif_anime2,https://gif.anime2.net/wp/wp-content/uploads/2018/01/Gifsmith-10dbc3a8-0-thumb.jpg,https://gif.anime2.net/category/%E5%85%AC%E5%91%8A,RuntimeError('HTTP 503'),gif.anime2 実GIFアーカイブ
gif_anime2_0074_00005,gif_anime2,https://gif.anime2.net/wp/wp-content/uploads/2017/11/Gifsmith-d2a56708-0-thumb.jpg,https://gif.anime2.net/category/%E5%85%AC%E5%91%8A,RuntimeError('HTTP 503'),gif.anime2 実GIFアーカイブ
gif_anime2_0074_00004,gif_anime2,https://gif.anime2.net/wp/wp-content/uploads/2017/11/Gifsmith-08cec2e5-0-thumb.jpg,https://gif.anime2.net/category/%E5%85%AC%E5%91%8A,RuntimeError('HTTP 503'),gif.anime2 実GIFアーカイブ
gif_anime2_0074_00006,gif_anime2,https://gif.anime2.net/wp/wp-content/uploads/2017/10/Gifsmith-626dbc4a-0-thumb.jpg,https://gif.anime2.net/category/%E5%85%AC%E5%91%8A,RuntimeError('HTTP 503'),gif.anime2 実GIFアーカイブ
gif_anime2_0074_00009,gif_anime2,https://gif.anime2.net/wp/wp-content/uploads/2017/10/Gifsmith-cf2b2014-0-thumb.jpg,https://gif.anime2.net/category/%E5%85%AC%E5%91%8A,RuntimeError('HTTP 503'),gif.anime2 実GIFアーカイブ
gif_anime2_0074_00008,gif_anime2,https://gif.anime2.net/wp/wp-content/uploads/2017/10/Gifsmith-61a4233e-0-thumb.jpg,https://gif.anime2.net/category/%E5%85%AC%E5%91%8A,RuntimeError('HTTP 503'),gif.anime2 実GIFアーカイブ
gif_anime2_0074_00007,gif_anime2,https://gif.anime2.net/wp/wp-content/uploads/2017/10/Gifsmith-e68dbf18-0-thumb.jpg,https://gif.anime2.net/category/%E5%85%AC%E5%91%8A,RuntimeError('HTTP 503'),gif.anime2 実GIFアーカイブ
gif_anime2_0074_00010,gif_anime2,https://gif.anime2.net/wp/wp-content/uploads/2017/10/Gifsmith-36514537-0-thumb.jpg,https://gif.anime2.net/category/%E5%85%AC%E5%91%8A,RuntimeError('HTTP 503'),gif.anime2 実GIFアーカイブ
gif_anime2_0074_00012,gif_anime2,https://gif.anime2.net/wp/wp-content/uploads/2017/10/Gifsmith-9d26eaac-0-thumb.jpg,https://gif.anime2.net/category/%E5%85%AC%E5%91%8A,RuntimeError('HTTP 503'),gif.anime2 実GIFアーカイブ
gif_anime2_0074_00011,gif_anime2,https://gif.anime2.net/wp/wp-content/uploads/2017/10/Gifsmith-fbab5911-0-thumb.jpg,https://gif.anime2.net/category/%E5%85%AC%E5%91%8A,RuntimeError('HTTP 503'),gif.anime2 実GIFアーカイブ
gif_anime2_0074_00013,gif_anime2,https://gif.anime2.net/wp/wp-content/uploads/2017/10/Gifsmith-b3ef112a-0-thumb.jpg,https://gif.anime2.net/category/%E5%85%AC%E5%91%8A,RuntimeError('HTTP 503'),gif.anime2 実GIFアーカイブ
gif_anime2_0074_00014,gif_anime2,https://gif.anime2.net/wp/wp-content/uploads/2017/10/Gifsmith-1d493689-0-thumb.jpg,https://gif.anime2.net/category/%E5%85%AC%E5%91%8A,RuntimeError('HTTP 503'),gif.anime2 実GIFアーカイブ
gif_anime2_0074_00018,gif_anime2,https://gif.anime2.net/wp/wp-content/uploads/2017/10/Gifsmith-389bdaf0-0-thumb.jpg,https://gif.anime2.net/category/%E5%85%AC%E5%91%8A,RuntimeError('HTTP 503'),gif.anime2 実GIFアーカイブ
gif_anime2_0074_00015,gif_anime2,https://gif.anime2.net/wp/wp-content/uploads/2017/10/Gifsmith-5f05721c-3-2-thumb.jpg,https://gif.anime2.net/category/%E5%85%AC%E5%91%8A,RuntimeError('HTTP 503'),gif.anime2 実GIFアーカイブ
gif_anime2_0074_00017,gif_anime2,https://gif.anime2.net/wp/wp-content/uploads/2017/10/Gifsmith-330bca49-0-thumb.jpg,https://gif.anime2.net/category/%E5%85%AC%E5%91%8A,RuntimeError('HTTP 503'),gif.anime2 実GIFアーカイブ
gif_anime2_0074_00016,gif_anime2,https://gif.anime2.net/wp/wp-content/uploads/2017/10/Gifsmith-3cc78abf-0-thumb.jpg,https://gif.anime2.net/category/%E5%85%AC%E5%91%8A,RuntimeError('HTTP 503'),gif.anime2 実GIFアーカイブ
gif_anime2_0074_00019,gif_anime2,https://gif.anime2.net/wp/wp-content/uploads/2017/09/Gifsmith-8c58692b-0-thumb.jpg,https://gif.anime2.net/category/%E5%85%AC%E5%91%8A,RuntimeError('HTTP 503'),gif.anime2 実GIFアーカイブ
gif_anime2_0074_00020,gif_anime2,https://gif.anime2.net/wp/wp-content/uploads/2017/08/Gifsmith-3971b90d-0-thumb.jpg,https://gif.anime2.net/category/%E5%85%AC%E5%91%8A,RuntimeError('HTTP 503'),gif.anime2 実GIFアーカイブ
gif_anime2_0074_00021,gif_anime2,https://gif.anime2.net/wp/wp-content/uploads/2017/08/Gifsmith-2d9aaa7d-0-thumb.jpg,https://gif.anime2.net/category/%E5%85%AC%E5%91%8A,RuntimeError('HTTP 503'),gif.anime2 実GIFアーカイブ
gif_anime2_0074_00044,gif_anime2,https://gif.anime2.net/wp/wp-content/uploads/2017/11/Gifsmith-08cec2e5-0.gif,https://gif.anime2.net/category/%E5%85%AC%E5%91%8A,RuntimeError('HTTP 503'),gif.anime2 実GIFアーカイブ
gif_anime2_0074_00043,gif_anime2,https://gif.anime2.net/wp/wp-content/uploads/2018/01/Gifsmith-10dbc3a8-0.gif,https://gif.anime2.net/category/%E5%85%AC%E5%91%8A,RuntimeError('HTTP 503'),gif.anime2 実GIFアーカイブ
gif_anime2_0074_00045,gif_anime2,https://gif.anime2.net/wp/wp-content/uploads/2017/11/Gifsmith-d2a56708-0.gif,https://gif.anime2.net/category/%E5%85%AC%E5%91%8A,RuntimeError('HTTP 503'),gif.anime2 実GIFアーカイブ
gif_anime2_0074_00046,gif_anime2,https://gif.anime2.net/wp/wp-content/uploads/2017/10/Gifsmith-626dbc4a-0.gif,https://gif.anime2.net/category/%E5%85%AC%E5%91%8A,RuntimeError('HTTP 503'),gif.anime2 実GIFアーカイブ
gif_anime2_0074_00047,gif_anime2,https://gif.anime2.net/wp/wp-content/uploads/2017/10/Gifsmith-e68dbf18-0.gif,https://gif.anime2.net/category/%E5%85%AC%E5%91%8A,RuntimeError('HTTP 503'),gif.anime2 実GIFアーカイブ
gif_anime2_0074_00048,gif_anime2,https://gif.anime2.net/wp/wp-content/uploads/2017/10/Gifsmith-61a4233e-0.gif,https://gif.anime2.net/category/%E5%85%AC%E5%91%8A,RuntimeError('HTTP 503'),gif.anime2 実GIFアーカイブ
gif_anime2_0074_00050,gif_anime2,https://gif.anime2.net/wp/wp-content/uploads/2017/10/Gifsmith-36514537-0.gif,https://gif.anime2.net/category/%E5%85%AC%E5%91%8A,RuntimeError('HTTP 503'),gif.anime2 実GIFアーカイブ
gif_anime2_0074_00049,gif_anime2,https://gif.anime2.net/wp/wp-content/uploads/2017/10/Gifsmith-cf2b2014-0.gif,https://gif.anime2.net/category/%E5%85%AC%E5%91%8A,RuntimeError('HTTP 503'),gif.anime2 実GIFアーカイブ
gif_anime2_0074_00051,gif_anime2,https://gif.anime2.net/wp/wp-content/uploads/2017/10/Gifsmith-fbab5911-0.gif,https://gif.anime2.net/category/%E5%85%AC%E5%91%8A,RuntimeError('HTTP 503'),gif.anime2 実GIFアーカイブ
gif_anime2_0074_00052,gif_anime2,https://gif.anime2.net/wp/wp-content/uploads/2017/10/Gifsmith-9d26eaac-0.gif,https://gif.anime2.net/category/%E5%85%AC%E5%91%8A,RuntimeError('HTTP 503'),gif.anime2 実GIFアーカイブ
gif_anime2_0074_00053,gif_anime2,https://gif.anime2.net/wp/wp-content/uploads/2017/10/Gifsmith-b3ef112a-0.gif,https://gif.anime2.net/category/%E5%85%AC%E5%91%8A,RuntimeError('HTTP 503'),gif.anime2 実GIFアーカイブ
gif_anime2_0074_00054,gif_anime2,https://gif.anime2.net/wp/wp-content/uploads/2017/10/Gifsmith-1d493689-0.gif,https://gif.anime2.net/category/%E5%85%AC%E5%91%8A,RuntimeError('HTTP 503'),gif.anime2 実GIFアーカイブ
gif_anime2_0074_00056,gif_anime2,https://gif.anime2.net/wp/wp-content/uploads/2017/10/Gifsmith-3cc78abf-0.gif,https://gif.anime2.net/category/%E5%85%AC%E5%91%8A,RuntimeError('HTTP 503'),gif.anime2 実GIFアーカイブ
gif_anime2_0074_00057,gif_anime2,https://gif.anime2.net/wp/wp-content/uploads/2017/10/Gifsmith-330bca49-0.gif,https://gif.anime2.net/category/%E5%85%AC%E5%91%8A,RuntimeError('HTTP 503'),gif.anime2 実GIFアーカイブ
gif_anime2_0074_00058,gif_anime2,https://gif.anime2.net/wp/wp-content/uploads/2017/10/Gifsmith-389bdaf0-0.gif,https://gif.anime2.net/category/%E5%85%AC%E5%91%8A,RuntimeError('HTTP 503'),gif.anime2 実GIFアーカイブ
gif_anime2_0074_00055,gif_anime2,https://gif.anime2.net/wp/wp-content/uploads/2017/10/Gifsmith-5f05721c-3-2.gif,https://gif.anime2.net/category/%E5%85%AC%E5%91%8A,RuntimeError('HTTP 503'),gif.anime2 実GIFアーカイブ
gif_anime2_0074_00060,gif_anime2,https://gif.anime2.net/wp/wp-content/uploads/2017/08/Gifsmith-3971b90d-0.gif,https://gif.anime2.net/category/%E5%85%AC%E5%91%8A,RuntimeError('HTTP 503'),gif.anime2 実GIFアーカイブ
gif_anime2_0074_00059,gif_anime2,https://gif.anime2.net/wp/wp-content/uploads/2017/09/Gifsmith-8c58692b-0.gif,https://gif.anime2.net/category/%E5%85%AC%E5%91%8A,RuntimeError('HTTP 503'),gif.anime2 実GIFアーカイブ
gif_anime2_0074_00061,gif_anime2,https://gif.anime2.net/wp/wp-content/uploads/2017/08/Gifsmith-2d9aaa7d-0.gif,https://gif.anime2.net/category/%E5%85%AC%E5%91%8A,RuntimeError('HTTP 503'),gif.anime2 実GIFアーカイブ
gif_anime2_0075_00005,gif_anime2,https://gif.anime2.net/wp/wp-content/uploads/2018/11/Gifsmith-4fd20848-2-thumb.jpg,https://gif.anime2.net/category/%E3%83%95%E3%82%A1%E3%83%9F%E3%83%AA%E3%83%BC,RuntimeError('HTTP 503'),gif.anime2 実GIFアーカイブ
gif_anime2_0075_00003,gif_anime2,https://gif.anime2.net/wp/wp-content/uploads/2018/12/Gifsmith-2b7c9195-3-thumb.jpg,https://gif.anime2.net/category/%E3%83%95%E3%82%A1%E3%83%9F%E3%83%AA%E3%83%BC,RuntimeError('HTTP 503'),gif.anime2 実GIFアーカイブ
gif_anime2_0075_00008,gif_anime2,https://gif.anime2.net/wp/wp-content/uploads/2018/07/Gifsmith-9ae7d6cd-4-thumb.jpg,https://gif.anime2.net/category/%E3%83%95%E3%82%A1%E3%83%9F%E3%83%AA%E3%83%BC,RuntimeError('HTTP 503'),gif.anime2 実GIFアーカイブ
gif_anime2_0075_00007,gif_anime2,https://gif.anime2.net/wp/wp-content/uploads/2018/07/Gifsmith-dd46a586-3-4-thumb.jpg,https://gif.anime2.net/category/%E3%83%95%E3%82%A1%E3%83%9F%E3%83%AA%E3%83%BC,RuntimeError('HTTP 503'),gif.anime2 実GIFアーカイブ
gif_anime2_0075_00013,gif_anime2,https://gif.anime2.net/wp/wp-content/uploads/2018/05/Gifsmith-7842e950-9-thumb.jpg,https://gif.anime2.net/category/%E3%83%95%E3%82%A1%E3%83%9F%E3%83%AA%E3%83%BC,RuntimeError('HTTP 503'),gif.anime2 実GIFアーカイブ
gif_anime2_0075_00012,gif_anime2,https://gif.anime2.net/wp/wp-content/uploads/2018/06/Gifsmith-966694ef-6-thumb.jpg,https://gif.anime2.net/category/%E3%83%95%E3%82%A1%E3%83%9F%E3%83%AA%E3%83%BC,RuntimeError('HTTP 503'),gif.anime2 実GIFアーカイブ
gif_anime2_0075_00014,gif_anime2,https://gif.anime2.net/wp/wp-content/uploads/2018/05/Gifsmith-850bf0b7-23-thumb.jpg,https://gif.anime2.net/category/%E3%83%95%E3%82%A1%E3%83%9F%E3%83%AA%E3%83%BC,RuntimeError('HTTP 503'),gif.anime2 実GIFアーカイブ
gif_anime2_0075_00015,gif_anime2,https://gif.anime2.net/wp/wp-content/uploads/2018/05/Gifsmith-9c42ed85-16-thumb.jpg,https://gif.anime2.net/category/%E3%83%95%E3%82%A1%E3%83%9F%E3%83%AA%E3%83%BC,RuntimeError('HTTP 503'),gif.anime2 実GIFアーカイブ
gif_anime2_0075_00016,gif_anime2,https://gif.anime2.net/wp/wp-content/uploads/2018/05/Gifsmith-94e22853-12-thumb.jpg,https://gif.anime2.net/category/%E3%83%95%E3%82%A1%E3%83%9F%E3%83%AA%E3%83%BC,RuntimeError('HTTP 503'),gif.anime2 実GIFアーカイブ
gif_anime2_0075_00017,gif_anime2,https://gif.anime2.net/wp/wp-content/uploads/2018/05/Gifsmith-20055b11-9-thumb.jpg,https://gif.anime2.net/category/%E3%83%95%E3%82%A1%E3%83%9F%E3%83%AA%E3%83%BC,RuntimeError('HTTP 503'),gif.anime2 実GIFアーカイブ
gif_anime2_0075_00019,gif_anime2,https://gif.anime2.net/wp/wp-content/uploads/2018/04/Gifsmith-5f05721c-19-4-thumb.jpg,https://gif.anime2.net/category/%E3%83%95%E3%82%A1%E3%83%9F%E3%83%AA%E3%83%BC,RuntimeError('HTTP 503'),gif.anime2 実GIFアーカイブ
gif_anime2_0075_00020,gif_anime2,https://gif.anime2.net/wp/wp-content/uploads/2018/04/Gifsmith-5f05721c-11-5-thumb.jpg,https://gif.anime2.net/category/%E3%83%95%E3%82%A1%E3%83%9F%E3%83%AA%E3%83%BC,RuntimeError('HTTP 503'),gif.anime2 実GIFアーカイブ
gif_anime2_0075_00021,gif_anime2,https://gif.anime2.net/wp/wp-content/uploads/2018/04/Gifsmith-197464a0-17-thumb.jpg,https://gif.anime2.net/category/%E3%83%95%E3%82%A1%E3%83%9F%E3%83%AA%E3%83%BC,RuntimeError('HTTP 503'),gif.anime2 実GIFアーカイブ
gif_anime2_0075_00043,gif_anime2,https://gif.anime2.net/wp/wp-content/uploads/2018/12/Gifsmith-2b7c9195-3.gif,https://gif.anime2.net/category/%E3%83%95%E3%82%A1%E3%83%9F%E3%83%AA%E3%83%BC,RuntimeError('HTTP 503'),gif.anime2 実GIFアーカイブ
gif_anime2_0075_00045,gif_anime2,https://gif.anime2.net/wp/wp-content/uploads/2018/11/Gifsmith-4fd20848-2.gif,https://gif.anime2.net/category/%E3%83%95%E3%82%A1%E3%83%9F%E3%83%AA%E3%83%BC,RuntimeError('HTTP 503'),gif.anime2 実GIFアーカイブ
gif_anime2_0075_00047,gif_anime2,https://gif.anime2.net/wp/wp-content/uploads/2018/07/Gifsmith-dd46a586-3-4.gif,https://gif.anime2.net/category/%E3%83%95%E3%82%A1%E3%83%9F%E3%83%AA%E3%83%BC,RuntimeError('HTTP 503'),gif.anime2 実GIFアーカイブ
gif_anime2_0075_00048,gif_anime2,https://gif.anime2.net/wp/wp-content/uploads/2018/07/Gifsmith-9ae7d6cd-4.gif,https://gif.anime2.net/category/%E3%83%95%E3%82%A1%E3%83%9F%E3%83%AA%E3%83%BC,RuntimeError('HTTP 503'),gif.anime2 実GIFアーカイブ
gif_anime2_0075_00052,gif_anime2,https://gif.anime2.net/wp/wp-content/uploads/2018/06/Gifsmith-966694ef-6.gif,https://gif.anime2.net/category/%E3%83%95%E3%82%A1%E3%83%9F%E3%83%AA%E3%83%BC,RuntimeError('HTTP 503'),gif.anime2 実GIFアーカイブ
gif_anime2_0075_00053,gif_anime2,https://gif.anime2.net/wp/wp-content/uploads/2018/05/Gifsmith-7842e950-9.gif,https://gif.anime2.net/category/%E3%83%95%E3%82%A1%E3%83%9F%E3%83%AA%E3%83%BC,RuntimeError('HTTP 503'),gif.anime2 実GIFアーカイブ
gif_anime2_0075_00054,gif_anime2,https://gif.anime2.net/wp/wp-content/uploads/2018/05/Gifsmith-850bf0b7-23.gif,https://gif.anime2.net/category/%E3%83%95%E3%82%A1%E3%83%9F%E3%83%AA%E3%83%BC,RuntimeError('HTTP 503'),gif.anime2 実GIFアーカイブ
gif_anime2_0075_00055,gif_anime2,https://gif.anime2.net/wp/wp-content/uploads/2018/05/Gifsmith-9c42ed85-16.gif,https://gif.anime2.net/category/%E3%83%95%E3%82%A1%E3%83%9F%E3%83%AA%E3%83%BC,RuntimeError('HTTP 503'),gif.anime2 実GIFアーカイブ
gif_anime2_0075_00057,gif_anime2,https://gif.anime2.net/wp/wp-content/uploads/2018/05/Gifsmith-20055b11-9.gif,https://gif.anime2.net/category/%E3%83%95%E3%82%A1%E3%83%9F%E3%83%AA%E3%83%BC,RuntimeError('HTTP 503'),gif.anime2 実GIFアーカイブ
gif_anime2_0075_00056,gif_anime2,https://gif.anime2.net/wp/wp-content/uploads/2018/05/Gifsmith-94e22853-12.gif,https://gif.anime2.net/category/%E3%83%95%E3%82%A1%E3%83%9F%E3%83%AA%E3%83%BC,RuntimeError('HTTP 503'),gif.anime2 実GIFアーカイブ
gif_anime2_0075_00060,gif_anime2,https://gif.anime2.net/wp/wp-content/uploads/2018/04/Gifsmith-5f05721c-11-5.gif,https://gif.anime2.net/category/%E3%83%95%E3%82%A1%E3%83%9F%E3%83%AA%E3%83%BC,RuntimeError('HTTP 503'),gif.anime2 実GIFアーカイブ
gif_anime2_0075_00059,gif_anime2,https://gif.anime2.net/wp/wp-content/uploads/2018/04/Gifsmith-5f05721c-19-4.gif,https://gif.anime2.net/category/%E3%83%95%E3%82%A1%E3%83%9F%E3%83%AA%E3%83%BC,RuntimeError('HTTP 503'),gif.anime2 実GIFアーカイブ
gif_anime2_0075_00061,gif_anime2,https://gif.anime2.net/wp/wp-content/uploads/2018/04/Gifsmith-197464a0-17.gif,https://gif.anime2.net/category/%E3%83%95%E3%82%A1%E3%83%9F%E3%83%AA%E3%83%BC,RuntimeError('HTTP 503'),gif.anime2 実GIFアーカイブ
gif_anime2_0076_00001,gif_anime2,https://gif.anime2.net/wp/wp-content/uploads/2018/10/Gifsmith-c79edb9e-3-thumb.jpg,https://gif.anime2.net/category/%E5%85%B5%E5%99%A8,RuntimeError('HTTP 503'),gif.anime2 実GIFアーカイブ
gif_anime2_0076_00003,gif_anime2,https://gif.anime2.net/wp/wp-content/uploads/2017/12/Gifsmith-51659f60-3-thumb.jpg,https://gif.anime2.net/category/%E5%85%B5%E5%99%A8,RuntimeError('HTTP 503'),gif.anime2 実GIFアーカイブ
gif_anime2_0076_00004,gif_anime2,https://gif.anime2.net/wp/wp-content/uploads/2017/12/Gifsmith-5e0002df-0-thumb.jpg,https://gif.anime2.net/category/%E5%85%B5%E5%99%A8,RuntimeError('HTTP 503'),gif.anime2 実GIFアーカイブ
gif_anime2_0076_00005,gif_anime2,https://gif.anime2.net/wp/wp-content/uploads/2017/10/Gifsmith-5f05721c-3-3-thumb.jpg,https://gif.anime2.net/category/%E5%85%B5%E5%99%A8,RuntimeError('HTTP 503'),gif.anime2 実GIFアーカイブ
gif_anime2_0076_00007,gif_anime2,https://gif.anime2.net/wp/wp-content/uploads/2017/09/Gifsmith-4173055d-0-thumb.jpg,https://gif.anime2.net/category/%E5%85%B5%E5%99%A8,RuntimeError('HTTP 503'),gif.anime2 実GIFアーカイブ
gif_anime2_0076_00008,gif_anime2,https://gif.anime2.net/wp/wp-content/uploads/2017/07/Gifsmith-4bc3ec13-0-thumb.jpg,https://gif.anime2.net/category/%E5%85%B5%E5%99%A8,RuntimeError('HTTP 503'),gif.anime2 実GIFアーカイブ
gif_anime2_0076_00009,gif_anime2,https://gif.anime2.net/wp/wp-content/uploads/2017/07/Gifsmith-5f05721c-3-10-thumb.jpg,https://gif.anime2.net/category/%E5%85%B5%E5%99%A8,RuntimeError('HTTP 503'),gif.anime2 実GIFアーカイブ
gif_anime2_0076_00010,gif_anime2,https://gif.anime2.net/wp/wp-content/uploads/2017/07/Gifsmith-5f05721c-21-thumb.jpg,https://gif.anime2.net/category/%E5%85%B5%E5%99%A8,RuntimeError('HTTP 503'),gif.anime2 実GIFアーカイブ
gif_anime2_0076_00011,gif_anime2,https://gif.anime2.net/wp/wp-content/uploads/2017/06/Gifsmith-2a911ecc-0-thumb.jpg,https://gif.anime2.net/category/%E5%85%B5%E5%99%A8,RuntimeError('HTTP 503'),gif.anime2 実GIFアーカイブ
gif_anime2_0076_00012,gif_anime2,https://gif.anime2.net/wp/wp-content/uploads/2017/06/Gifsmith-b1d79fa0-8-thumb.jpg,https://gif.anime2.net/category/%E5%85%B5%E5%99%A8,RuntimeError('HTTP 503'),gif.anime2 実GIFアーカイブ
gif_anime2_0076_00014,gif_anime2,https://gif.anime2.net/wp/wp-content/uploads/2017/05/Gifsmith-5f05721c-10-1-thumb.jpg,https://gif.anime2.net/category/%E5%85%B5%E5%99%A8,RuntimeError('HTTP 503'),gif.anime2 実GIFアーカイブ
gif_anime2_0076_00013,gif_anime2,https://gif.anime2.net/wp/wp-content/uploads/2017/06/Gifsmith-911c2a93-0-thumb.jpg,https://gif.anime2.net/category/%E5%85%B5%E5%99%A8,RuntimeError('HTTP 503'),gif.anime2 実GIFアーカイブ
gif_anime2_0076_00015,gif_anime2,https://gif.anime2.net/wp/wp-content/uploads/2017/05/Gifsmith-b8471804-0-thumb.jpg,https://gif.anime2.net/category/%E5%85%B5%E5%99%A8,RuntimeError('HTTP 503'),gif.anime2 実GIFアーカイブ
gif_anime2_0076_00016,gif_anime2,https://gif.anime2.net/wp/wp-content/uploads/2017/05/Gifsmith-8f173d0e-15-thumb.jpg,https://gif.anime2.net/category/%E5%85%B5%E5%99%A8,RuntimeError('HTTP 503'),gif.anime2 実GIFアーカイブ
gif_anime2_0076_00017,gif_anime2,https://gif.anime2.net/wp/wp-content/uploads/2017/05/Gifsmith-c6036ebe-0-thumb.jpg,https://gif.anime2.net/category/%E5%85%B5%E5%99%A8,RuntimeError('HTTP 503'),gif.anime2 実GIFアーカイブ
gif_anime2_0076_00018,gif_anime2,https://gif.anime2.net/wp/wp-content/uploads/2017/05/Gifsmith-55b57f1e-0-thumb.jpg,https://gif.anime2.net/category/%E5%85%B5%E5%99%A8,RuntimeError('HTTP 503'),gif.anime2 実GIFアーカイブ
gif_anime2_0076_00019,gif_anime2,https://gif.anime2.net/wp/wp-content/uploads/2017/05/Gifsmith-1642b5b1-5-thumb.jpg,https://gif.anime2.net/category/%E5%85%B5%E5%99%A8,RuntimeError('HTTP 503'),gif.anime2 実GIFアーカイブ
gif_anime2_0076_00020,gif_anime2,https://gif.anime2.net/wp/wp-content/uploads/2017/04/Gifsmith-59170f37-0-thumb.jpg,https://gif.anime2.net/category/%E5%85%B5%E5%99%A8,RuntimeError('HTTP 503'),gif.anime2 実GIFアーカイブ
gif_anime2_0076_00021,gif_anime2,https://gif.anime2.net/wp/wp-content/uploads/2017/04/Gifsmith-5f05721c-3-6-thumb.jpg,https://gif.anime2.net/category/%E5%85%B5%E5%99%A8,RuntimeError('HTTP 503'),gif.anime2 実GIFアーカイブ
gif_anime2_0076_00043,gif_anime2,https://gif.anime2.net/wp/wp-content/uploads/2017/12/Gifsmith-51659f60-3.gif,https://gif.anime2.net/category/%E5%85%B5%E5%99%A8,RuntimeError('HTTP 503'),gif.anime2 実GIFアーカイブ
gif_anime2_0076_00041,gif_anime2,https://gif.anime2.net/wp/wp-content/uploads/2018/10/Gifsmith-c79edb9e-3.gif,https://gif.anime2.net/category/%E5%85%B5%E5%99%A8,RuntimeError('HTTP 503'),gif.anime2 実GIFアーカイブ
gif_anime2_0076_00044,gif_anime2,https://gif.anime2.net/wp/wp-content/uploads/2017/12/Gifsmith-5e0002df-0.gif,https://gif.anime2.net/category/%E5%85%B5%E5%99%A8,RuntimeError('HTTP 503'),gif.anime2 実GIFアーカイブ
gif_anime2_0076_00047,gif_anime2,https://gif.anime2.net/wp/wp-content/uploads/2017/09/Gifsmith-4173055d-0.gif,https://gif.anime2.net/category/%E5%85%B5%E5%99%A8,RuntimeError('HTTP 503'),gif.anime2 実GIFアーカイブ
gif_anime2_0076_00045,gif_anime2,https://gif.anime2.net/wp/wp-content/uploads/2017/10/Gifsmith-5f05721c-3-3.gif,https://gif.anime2.net/category/%E5%85%B5%E5%99%A8,RuntimeError('HTTP 503'),gif.anime2 実GIFアーカイブ
gif_anime2_0076_00048,gif_anime2,https://gif.anime2.net/wp/wp-content/uploads/2017/07/Gifsmith-4bc3ec13-0.gif,https://gif.anime2.net/category/%E5%85%B5%E5%99%A8,RuntimeError('HTTP 503'),gif.anime2 実GIFアーカイブ
gif_anime2_0076_00049,gif_anime2,https://gif.anime2.net/wp/wp-content/uploads/2017/07/Gifsmith-5f05721c-3-10.gif,https://gif.anime2.net/category/%E5%85%B5%E5%99%A8,RuntimeError('HTTP 503'),gif.anime2 実GIFアーカイブ
gif_anime2_0076_00050,gif_anime2,https://gif.anime2.net/wp/wp-content/uploads/2017/07/Gifsmith-5f05721c-21.gif,https://gif.anime2.net/category/%E5%85%B5%E5%99%A8,RuntimeError('HTTP 503'),gif.anime2 実GIFアーカイブ
gif_anime2_0076_00051,gif_anime2,https://gif.anime2.net/wp/wp-content/uploads/2017/06/Gifsmith-2a911ecc-0.gif,https://gif.anime2.net/category/%E5%85%B5%E5%99%A8,RuntimeError('HTTP 503'),gif.anime2 実GIFアーカイブ
gif_anime2_0076_00052,gif_anime2,https://gif.anime2.net/wp/wp-content/uploads/2017/06/Gifsmith-b1d79fa0-8.gif,https://gif.anime2.net/category/%E5%85%B5%E5%99%A8,RuntimeError('HTTP 503'),gif.anime2 実GIFアーカイブ
gif_anime2_0076_00053,gif_anime2,https://gif.anime2.net/wp/wp-content/uploads/2017/06/Gifsmith-911c2a93-0.gif,https://gif.anime2.net/category/%E5%85%B5%E5%99%A8,RuntimeError('HTTP 503'),gif.anime2 実GIFアーカイブ
gif_anime2_0076_00054,gif_anime2,https://gif.anime2.net/wp/wp-content/uploads/2017/05/Gifsmith-5f05721c-10-1.gif,https://gif.anime2.net/category/%E5%85%B5%E5%99%A8,RuntimeError('HTTP 503'),gif.anime2 実GIFアーカイブ
gif_anime2_0076_00056,gif_anime2,https://gif.anime2.net/wp/wp-content/uploads/2017/05/Gifsmith-8f173d0e-15.gif,https://gif.anime2.net/category/%E5%85%B5%E5%99%A8,RuntimeError('HTTP 503'),gif.anime2 実GIFアーカイブ
gif_anime2_0076_00055,gif_anime2,https://gif.anime2.net/wp/wp-content/uploads/2017/05/Gifsmith-b8471804-0.gif,https://gif.anime2.net/category/%E5%85%B5%E5%99%A8,RuntimeError('HTTP 503'),gif.anime2 実GIFアーカイブ
gif_anime2_0076_00057,gif_anime2,https://gif.anime2.net/wp/wp-content/uploads/2017/05/Gifsmith-c6036ebe-0.gif,https://gif.anime2.net/category/%E5%85%B5%E5%99%A8,RuntimeError('HTTP 503'),gif.anime2 実GIFアーカイブ
gif_anime2_0076_00058,gif_anime2,https://gif.anime2.net/wp/wp-content/uploads/2017/05/Gifsmith-55b57f1e-0.gif,https://gif.anime2.net/category/%E5%85%B5%E5%99%A8,RuntimeError('HTTP 503'),gif.anime2 実GIFアーカイブ
gif_anime2_0076_00059,gif_anime2,https://gif.anime2.net/wp/wp-content/uploads/2017/05/Gifsmith-1642b5b1-5.gif,https://gif.anime2.net/category/%E5%85%B5%E5%99%A8,RuntimeError('HTTP 503'),gif.anime2 実GIFアーカイブ
gif_anime2_0076_00060,gif_anime2,https://gif.anime2.net/wp/wp-content/uploads/2017/04/Gifsmith-59170f37-0.gif,https://gif.anime2.net/category/%E5%85%B5%E5%99%A8,RuntimeError('HTTP 503'),gif.anime2 実GIFアーカイブ
gif_anime2_0076_00061,gif_anime2,https://gif.anime2.net/wp/wp-content/uploads/2017/04/Gifsmith-5f05721c-3-6.gif,https://gif.anime2.net/category/%E5%85%B5%E5%99%A8,RuntimeError('HTTP 503'),gif.anime2 実GIFアーカイブ
gif_anime2_0077_00004,gif_anime2,https://gif.anime2.net/wp/wp-content/uploads/2018/05/Gifsmith-5aaa2213-0-thumb.jpg,https://gif.anime2.net/category/%E6%98%A0%E7%94%BB,RuntimeError('HTTP 503'),gif.anime2 実GIFアーカイブ
gif_anime2_0077_00006,gif_anime2,https://gif.anime2.net/wp/wp-content/uploads/2018/03/Gifsmith-26346854-0-thumb.jpg,https://gif.anime2.net/category/%E6%98%A0%E7%94%BB,RuntimeError('HTTP 503'),gif.anime2 実GIFアーカイブ
gif_anime2_0077_00005,gif_anime2,https://gif.anime2.net/wp/wp-content/uploads/2018/04/Gifsmith-4e76bac8-0-thumb.jpg,https://gif.anime2.net/category/%E6%98%A0%E7%94%BB,RuntimeError('HTTP 503'),gif.anime2 実GIFアーカイブ
gif_anime2_0077_00007,gif_anime2,https://gif.anime2.net/wp/wp-content/uploads/2018/03/Gifsmith-5f05721c-11-4-thumb.jpg,https://gif.anime2.net/category/%E6%98%A0%E7%94%BB,RuntimeError('HTTP 503'),gif.anime2 実GIFアーカイブ
gif_anime2_0077_00008,gif_anime2,https://gif.anime2.net/wp/wp-content/uploads/2018/03/Gifsmith-1a12dbf6-0-thumb.jpg,https://gif.anime2.net/category/%E6%98%A0%E7%94%BB,RuntimeError('HTTP 503'),gif.anime2 実GIFアーカイブ
gif_anime2_0077_00014,gif_anime2,https://gif.anime2.net/wp/wp-content/uploads/2017/09/Gifsmith-a5efdec4-0-thumb.jpg,https://gif.anime2.net/category/%E6%98%A0%E7%94%BB,RuntimeError('HTTP 503'),gif.anime2 実GIFアーカイブ
gif_anime2_0077_00013,gif_anime2,https://gif.anime2.net/wp/wp-content/uploads/2017/09/Gifsmith-5f05721c-2-2-thumb.jpg,https://gif.anime2.net/category/%E6%98%A0%E7%94%BB,RuntimeError('HTTP 503'),gif.anime2 実GIFアーカイブ
gif_anime2_0077_00012,gif_anime2,https://gif.anime2.net/wp/wp-content/uploads/2017/10/Gifsmith-d3d47796-3-thumb.jpg,https://gif.anime2.net/category/%E6%98%A0%E7%94%BB,RuntimeError('HTTP 503'),gif.anime2 実GIFアーカイブ
gif_anime2_0077_00009,gif_anime2,https://gif.anime2.net/wp/wp-content/uploads/2018/01/Gifsmith-f8ce3ab1-0-thumb.jpg,https://gif.anime2.net/category/%E6%98%A0%E7%94%BB,RuntimeError('HTTP 503'),gif.anime2 実GIFアーカイブ
gif_anime2_0077_00010,gif_anime2,https://gif.anime2.net/wp/wp-content/uploads/2017/12/Gifsmith-d51266be-2-thumb.jpg,https://gif.anime2.net/category/%E6%98%A0%E7%94%BB,RuntimeError('HTTP 503'),gif.anime2 実GIFアーカイブ
gif_anime2_0077_00011,gif_anime2,https://gif.anime2.net/wp/wp-content/uploads/2017/11/Gifsmith-8db04610-3-thumb.jpg,https://gif.anime2.net/category/%E6%98%A0%E7%94%BB,RuntimeError('HTTP 503'),gif.anime2 実GIFアーカイブ
gif_anime2_0077_00015,gif_anime2,https://gif.anime2.net/wp/wp-content/uploads/2017/08/Gifsmith-1ef8837d-0-thumb.jpg,https://gif.anime2.net/category/%E6%98%A0%E7%94%BB,RuntimeError('HTTP 503'),gif.anime2 実GIFアーカイブ
gif_anime2_0077_00016,gif_anime2,https://gif.anime2.net/wp/wp-content/uploads/2017/08/Gifsmith-099c0cfc-0-thumb.jpg,https://gif.anime2.net/category/%E6%98%A0%E7%94%BB,RuntimeError('HTTP 503'),gif.anime2 実GIFアーカイブ
gif_anime2_0077_00017,gif_anime2,https://gif.anime2.net/wp/wp-content/uploads/2017/08/Gifsmith-8e2d1245-0-thumb.jpg,https://gif.anime2.net/category/%E6%98%A0%E7%94%BB,RuntimeError('HTTP 503'),gif.anime2 実GIFアーカイブ
gif_anime2_0077_00019,gif_anime2,https://gif.anime2.net/wp/wp-content/uploads/2017/07/Gifsmith-a25edd77-0-thumb.jpg,https://gif.anime2.net/category/%E6%98%A0%E7%94%BB,RuntimeError('HTTP 503'),gif.anime2 実GIFアーカイブ
gif_anime2_0077_00020,gif_anime2,https://gif.anime2.net/wp/wp-content/uploads/2017/06/Gifsmith-0bddb73b-0-thumb.jpg,https://gif.anime2.net/category/%E6%98%A0%E7%94%BB,RuntimeError('HTTP 503'),gif.anime2 実GIFアーカイブ
gif_anime2_0077_00021,gif_anime2,https://gif.anime2.net/wp/wp-content/uploads/2017/06/Gifsmith-cf918fed-0-thumb.jpg,https://gif.anime2.net/category/%E6%98%A0%E7%94%BB,RuntimeError('HTTP 503'),gif.anime2 実GIFアーカイブ
gif_anime2_0077_00045,gif_anime2,https://gif.anime2.net/wp/wp-content/uploads/2018/04/Gifsmith-4e76bac8-0.gif,https://gif.anime2.net/category/%E6%98%A0%E7%94%BB,RuntimeError('HTTP 503'),gif.anime2 実GIFアーカイブ
gif_anime2_0077_00046,gif_anime2,https://gif.anime2.net/wp/wp-content/uploads/2018/03/Gifsmith-26346854-0.gif,https://gif.anime2.net/category/%E6%98%A0%E7%94%BB,RuntimeError('HTTP 503'),gif.anime2 実GIFアーカイブ
gif_anime2_0077_00044,gif_anime2,https://gif.anime2.net/wp/wp-content/uploads/2018/05/Gifsmith-5aaa2213-0.gif,https://gif.anime2.net/category/%E6%98%A0%E7%94%BB,RuntimeError('HTTP 503'),gif.anime2 実GIFアーカイブ
gif_anime2_0077_00047,gif_anime2,https://gif.anime2.net/wp/wp-content/uploads/2018/03/Gifsmith-5f05721c-11-4.gif,https://gif.anime2.net/category/%E6%98%A0%E7%94%BB,RuntimeError('HTTP 503'),gif.anime2 実GIFアーカイブ
gif_anime2_0077_00048,gif_anime2,https://gif.anime2.net/wp/wp-content/uploads/2018/03/Gifsmith-1a12dbf6-0.gif,https://gif.anime2.net/category/%E6%98%A0%E7%94%BB,RuntimeError('HTTP 503'),gif.anime2 実GIFアーカイブ
gif_anime2_0077_00049,gif_anime2,https://gif.anime2.net/wp/wp-content/uploads/2018/01/Gifsmith-f8ce3ab1-0.gif,https://gif.anime2.net/category/%E6%98%A0%E7%94%BB,RuntimeError('HTTP 503'),gif.anime2 実GIFアーカイブ
gif_anime2_0077_00050,gif_anime2,https://gif.anime2.net/wp/wp-content/uploads/2017/12/Gifsmith-d51266be-2.gif,https://gif.anime2.net/category/%E6%98%A0%E7%94%BB,RuntimeError('HTTP 503'),gif.anime2 実GIFアーカイブ
gif_anime2_0077_00051,gif_anime2,https://gif.anime2.net/wp/wp-content/uploads/2017/11/Gifsmith-8db04610-3.gif,https://gif.anime2.net/category/%E6%98%A0%E7%94%BB,RuntimeError('HTTP 503'),gif.anime2 実GIFアーカイブ
gif_anime2_0077_00052,gif_anime2,https://gif.anime2.net/wp/wp-content/uploads/2017/10/Gifsmith-d3d47796-3.gif,https://gif.anime2.net/category/%E6%98%A0%E7%94%BB,RuntimeError('HTTP 503'),gif.anime2 実GIFアーカイブ
gif_anime2_0077_00053,gif_anime2,https://gif.anime2.net/wp/wp-content/uploads/2017/09/Gifsmith-5f05721c-2-2.gif,https://gif.anime2.net/category/%E6%98%A0%E7%94%BB,RuntimeError('HTTP 503'),gif.anime2 実GIFアーカイブ
gif_anime2_0077_00054,gif_anime2,https://gif.anime2.net/wp/wp-content/uploads/2017/09/Gifsmith-a5efdec4-0.gif,https://gif.anime2.net/category/%E6%98%A0%E7%94%BB,RuntimeError('HTTP 503'),gif.anime2 実GIFアーカイブ
gif_anime2_0077_00055,gif_anime2,https://gif.anime2.net/wp/wp-content/uploads/2017/08/Gifsmith-1ef8837d-0.gif,https://gif.anime2.net/category/%E6%98%A0%E7%94%BB,RuntimeError('HTTP 503'),gif.anime2 実GIFアーカイブ
gif_anime2_0077_00056,gif_anime2,https://gif.anime2.net/wp/wp-content/uploads/2017/08/Gifsmith-099c0cfc-0.gif,https://gif.anime2.net/category/%E6%98%A0%E7%94%BB,RuntimeError('HTTP 503'),gif.anime2 実GIFアーカイブ
gif_anime2_0077_00060,gif_anime2,https://gif.anime2.net/wp/wp-content/uploads/2017/06/Gifsmith-0bddb73b-0.gif,https://gif.anime2.net/category/%E6%98%A0%E7%94%BB,RuntimeError('HTTP 503'),gif.anime2 実GIFアーカイブ
gif_anime2_0077_00057,gif_anime2,https://gif.anime2.net/wp/wp-content/uploads/2017/08/Gifsmith-8e2d1245-0.gif,https://gif.anime2.net/category/%E6%98%A0%E7%94%BB,RuntimeError('HTTP 503'),gif.anime2 実GIFアーカイブ
gif_anime2_0077_00061,gif_anime2,https://gif.anime2.net/wp/wp-content/uploads/2017/06/Gifsmith-cf918fed-0.gif,https://gif.anime2.net/category/%E6%98%A0%E7%94%BB,RuntimeError('HTTP 503'),gif.anime2 実GIFアーカイブ
gif_anime2_0077_00059,gif_anime2,https://gif.anime2.net/wp/wp-content/uploads/2017/07/Gifsmith-a25edd77-0.gif,https://gif.anime2.net/category/%E6%98%A0%E7%94%BB,RuntimeError('HTTP 503'),gif.anime2 実GIFアーカイブ
gif_anime2_0078_00003,gif_anime2,https://gif.anime2.net/wp/wp-content/uploads/2018/12/Gifsmith-3c5c7785-3-thumb.jpg,https://gif.anime2.net/category/%E8%87%AA%E7%84%B6,RuntimeError('HTTP 503'),gif.anime2 実GIFアーカイブ
gif_anime2_0078_00004,gif_anime2,https://gif.anime2.net/wp/wp-content/uploads/2018/06/Gifsmith-5f3da7ea-0-thumb.jpg,https://gif.anime2.net/category/%E8%87%AA%E7%84%B6,RuntimeError('HTTP 503'),gif.anime2 実GIFアーカイブ
gif_anime2_0078_00006,gif_anime2,https://gif.anime2.net/wp/wp-content/uploads/2018/04/Gifsmith-13a00a26-11-thumb.jpg,https://gif.anime2.net/category/%E8%87%AA%E7%84%B6,RuntimeError('HTTP 503'),gif.anime2 実GIFアーカイブ
gif_anime2_0078_00007,gif_anime2,https://gif.anime2.net/wp/wp-content/uploads/2018/04/Gifsmith-5f05721c-7-4-thumb.jpg,https://gif.anime2.net/category/%E8%87%AA%E7%84%B6,RuntimeError('HTTP 503'),gif.anime2 実GIFアーカイブ
gif_anime2_0078_00005,gif_anime2,https://gif.anime2.net/wp/wp-content/uploads/2018/05/Gifsmith-0300d204-3-thumb.jpg,https://gif.anime2.net/category/%E8%87%AA%E7%84%B6,RuntimeError('HTTP 503'),gif.anime2 実GIFアーカイブ
gif_anime2_0078_00008,gif_anime2,https://gif.anime2.net/wp/wp-content/uploads/2018/04/Gifsmith-8e43ae33-0-thumb.jpg,https://gif.anime2.net/category/%E8%87%AA%E7%84%B6,RuntimeError('HTTP 503'),gif.anime2 実GIFアーカイブ
gif_anime2_0078_00010,gif_anime2,https://gif.anime2.net/wp/wp-content/uploads/2018/01/Gifsmith-5f05721c-17-2-thumb.jpg,https://gif.anime2.net/category/%E8%87%AA%E7%84%B6,RuntimeError('HTTP 503'),gif.anime2 実GIFアーカイブ
gif_anime2_0078_00009,gif_anime2,https://gif.anime2.net/wp/wp-content/uploads/2018/02/Gifsmith-5f05721c-3-5-thumb.jpg,https://gif.anime2.net/category/%E8%87%AA%E7%84%B6,RuntimeError('HTTP 503'),gif.anime2 実GIFアーカイブ
gif_anime2_0078_00011,gif_anime2,https://gif.anime2.net/wp/wp-content/uploads/2018/01/Gifsmith-afce362d-0-thumb.jpg,https://gif.anime2.net/category/%E8%87%AA%E7%84%B6,RuntimeError('HTTP 503'),gif.anime2 実GIFアーカイブ
gif_anime2_0078_00012,gif_anime2,https://gif.anime2.net/wp/wp-content/uploads/2018/01/Gifsmith-7bc45a77-12-thumb.jpg,https://gif.anime2.net/category/%E8%87%AA%E7%84%B6,RuntimeError('HTTP 503'),gif.anime2 実GIFアーカイブ
gif_anime2_0078_00013,gif_anime2,https://gif.anime2.net/wp/wp-content/uploads/2017/09/Gifsmith-d00317bd-0-thumb.jpg,https://gif.anime2.net/category/%E8%87%AA%E7%84%B6,RuntimeError('HTTP 503'),gif.anime2 実GIFアーカイブ
gif_anime2_0078_00014,gif_anime2,https://gif.anime2.net/wp/wp-content/uploads/2017/09/Gifsmith-5f05721c-7-2-thumb.jpg,https://gif.anime2.net/category/%E8%87%AA%E7%84%B6,RuntimeError('HTTP 503'),gif.anime2 実GIFアーカイブ
gif_anime2_0078_00015,gif_anime2,https://gif.anime2.net/wp/wp-content/uploads/2017/09/Gifsmith-5f05721c-4-1-thumb.jpg,https://gif.anime2.net/category/%E8%87%AA%E7%84%B6,RuntimeError('HTTP 503'),gif.anime2 実GIFアーカイブ
gif_anime2_0078_00016,gif_anime2,https://gif.anime2.net/wp/wp-content/uploads/2017/09/Gifsmith-5f05721c-3-3-thumb.jpg,https://gif.anime2.net/category/%E8%87%AA%E7%84%B6,RuntimeError('HTTP 503'),gif.anime2 実GIFアーカイブ
gif_anime2_0078_00017,gif_anime2,https://gif.anime2.net/wp/wp-content/uploads/2017/09/Gifsmith-c887fc89-14-thumb.jpg,https://gif.anime2.net/category/%E8%87%AA%E7%84%B6,RuntimeError('HTTP 503'),gif.anime2 実GIFアーカイブ
gif_anime2_0078_00018,gif_anime2,https://gif.anime2.net/wp/wp-content/uploads/2017/09/Gifsmith-55498c8c-0-thumb.jpg,https://gif.anime2.net/category/%E8%87%AA%E7%84%B6,RuntimeError('HTTP 503'),gif.anime2 実GIFアーカイブ
gif_anime2_0078_00019,gif_anime2,https://gif.anime2.net/wp/wp-content/uploads/2017/09/Gifsmith-1a968351-10-thumb.jpg,https://gif.anime2.net/category/%E8%87%AA%E7%84%B6,RuntimeError('HTTP 503'),gif.anime2 実GIFアーカイブ
gif_anime2_0078_00020,gif_anime2,https://gif.anime2.net/wp/wp-content/uploads/2017/09/Gifsmith-0f7bc733-8-thumb.jpg,https://gif.anime2.net/category/%E8%87%AA%E7%84%B6,RuntimeError('HTTP 503'),gif.anime2 実GIFアーカイブ
gif_anime2_0078_00021,gif_anime2,https://gif.anime2.net/wp/wp-content/uploads/2017/09/Gifsmith-199c1de4-5-thumb.jpg,https://gif.anime2.net/category/%E8%87%AA%E7%84%B6,RuntimeError('HTTP 503'),gif.anime2 実GIFアーカイブ
gif_anime2_0078_00043,gif_anime2,https://gif.anime2.net/wp/wp-content/uploads/2018/12/Gifsmith-3c5c7785-3.gif,https://gif.anime2.net/category/%E8%87%AA%E7%84%B6,RuntimeError('HTTP 503'),gif.anime2 実GIFアーカイブ
gif_anime2_0078_00045,gif_anime2,https://gif.anime2.net/wp/wp-content/uploads/2018/05/Gifsmith-0300d204-3.gif,https://gif.anime2.net/category/%E8%87%AA%E7%84%B6,RuntimeError('HTTP 503'),gif.anime2 実GIFアーカイブ
gif_anime2_0078_00044,gif_anime2,https://gif.anime2.net/wp/wp-content/uploads/2018/06/Gifsmith-5f3da7ea-0.gif,https://gif.anime2.net/category/%E8%87%AA%E7%84%B6,RuntimeError('HTTP 503'),gif.anime2 実GIFアーカイブ
gif_anime2_0078_00046,gif_anime2,https://gif.anime2.net/wp/wp-content/uploads/2018/04/Gifsmith-13a00a26-11.gif,https://gif.anime2.net/category/%E8%87%AA%E7%84%B6,RuntimeError('HTTP 503'),gif.anime2 実GIFアーカイブ
gif_anime2_0078_00047,gif_anime2,https://gif.anime2.net/wp/wp-content/uploads/2018/04/Gifsmith-5f05721c-7-4.gif,https://gif.anime2.net/category/%E8%87%AA%E7%84%B6,RuntimeError('HTTP 503'),gif.anime2 実GIFアーカイブ
gif_anime2_0078_00050,gif_anime2,https://gif.anime2.net/wp/wp-content/uploads/2018/01/Gifsmith-5f05721c-17-2.gif,https://gif.anime2.net/category/%E8%87%AA%E7%84%B6,RuntimeError('HTTP 503'),gif.anime2 実GIFアーカイブ
gif_anime2_0078_00049,gif_anime2,https://gif.anime2.net/wp/wp-content/uploads/2018/02/Gifsmith-5f05721c-3-5.gif,https://gif.anime2.net/category/%E8%87%AA%E7%84%B6,RuntimeError('HTTP 503'),gif.anime2 実GIFアーカイブ
gif_anime2_0078_00048,gif_anime2,https://gif.anime2.net/wp/wp-content/uploads/2018/04/Gifsmith-8e43ae33-0.gif,https://gif.anime2.net/category/%E8%87%AA%E7%84%B6,RuntimeError('HTTP 503'),gif.anime2 実GIFアーカイブ
gif_anime2_0078_00051,gif_anime2,https://gif.anime2.net/wp/wp-content/uploads/2018/01/Gifsmith-afce362d-0.gif,https://gif.anime2.net/category/%E8%87%AA%E7%84%B6,RuntimeError('HTTP 503'),gif.anime2 実GIFアーカイブ
gif_anime2_0078_00052,gif_anime2,https://gif.anime2.net/wp/wp-content/uploads/2018/01/Gifsmith-7bc45a77-12.gif,https://gif.anime2.net/category/%E8%87%AA%E7%84%B6,RuntimeError('HTTP 503'),gif.anime2 実GIFアーカイブ
gif_anime2_0078_00053,gif_anime2,https://gif.anime2.net/wp/wp-content/uploads/2017/09/Gifsmith-d00317bd-0.gif,https://gif.anime2.net/category/%E8%87%AA%E7%84%B6,RuntimeError('HTTP 503'),gif.anime2 実GIFアーカイブ
gif_anime2_0078_00055,gif_anime2,https://gif.anime2.net/wp/wp-content/uploads/2017/09/Gifsmith-5f05721c-4-1.gif,https://gif.anime2.net/category/%E8%87%AA%E7%84%B6,RuntimeError('HTTP 503'),gif.anime2 実GIFアーカイブ
gif_anime2_0078_00054,gif_anime2,https://gif.anime2.net/wp/wp-content/uploads/2017/09/Gifsmith-5f05721c-7-2.gif,https://gif.anime2.net/category/%E8%87%AA%E7%84%B6,RuntimeError('HTTP 503'),gif.anime2 実GIFアーカイブ
gif_anime2_0078_00056,gif_anime2,https://gif.anime2.net/wp/wp-content/uploads/2017/09/Gifsmith-5f05721c-3-3.gif,https://gif.anime2.net/category/%E8%87%AA%E7%84%B6,RuntimeError('HTTP 503'),gif.anime2 実GIFアーカイブ
gif_anime2_0078_00057,gif_anime2,https://gif.anime2.net/wp/wp-content/uploads/2017/09/Gifsmith-c887fc89-14.gif,https://gif.anime2.net/category/%E8%87%AA%E7%84%B6,RuntimeError('HTTP 503'),gif.anime2 実GIFアーカイブ
gif_anime2_0078_00059,gif_anime2,https://gif.anime2.net/wp/wp-content/uploads/2017/09/Gifsmith-1a968351-10.gif,https://gif.anime2.net/category/%E8%87%AA%E7%84%B6,RuntimeError('HTTP 503'),gif.anime2 実GIFアーカイブ
gif_anime2_0078_00058,gif_anime2,https://gif.anime2.net/wp/wp-content/uploads/2017/09/Gifsmith-55498c8c-0.gif,https://gif.anime2.net/category/%E8%87%AA%E7%84%B6,RuntimeError('HTTP 503'),gif.anime2 実GIFアーカイブ
gif_anime2_0078_00060,gif_anime2,https://gif.anime2.net/wp/wp-content/uploads/2017/09/Gifsmith-0f7bc733-8.gif,https://gif.anime2.net/category/%E8%87%AA%E7%84%B6,RuntimeError('HTTP 503'),gif.anime2 実GIFアーカイブ
gif_anime2_0078_00061,gif_anime2,https://gif.anime2.net/wp/wp-content/uploads/2017/09/Gifsmith-199c1de4-5.gif,https://gif.anime2.net/category/%E8%87%AA%E7%84%B6,RuntimeError('HTTP 503'),gif.anime2 実GIFアーカイブ
gif_anime2_0079_00001,gif_anime2,https://gif.anime2.net/wp/wp-content/uploads/2018/08/Gifsmith-6d4390b8-2-thumb.jpg,https://gif.anime2.net/category/%E3%83%AB%E3%83%BC%E3%83%97,RuntimeError('HTTP 503'),gif.anime2 実GIFアーカイブ
gif_anime2_0079_00006,gif_anime2,https://gif.anime2.net/wp/wp-content/uploads/2018/02/Gifsmith-a4c6615a-0-thumb.jpg,https://gif.anime2.net/category/%E3%83%AB%E3%83%BC%E3%83%97,RuntimeError('HTTP 503'),gif.anime2 実GIFアーカイブ
gif_anime2_0079_00007,gif_anime2,https://gif.anime2.net/wp/wp-content/uploads/2017/11/Gifsmith-064158a9-14-thumb.jpg,https://gif.anime2.net/category/%E3%83%AB%E3%83%BC%E3%83%97,RuntimeError('HTTP 503'),gif.anime2 実GIFアーカイブ
gif_anime2_0079_00008,gif_anime2,https://gif.anime2.net/wp/wp-content/uploads/2017/11/Gifsmith-aae5e38e-0-thumb.jpg,https://gif.anime2.net/category/%E3%83%AB%E3%83%BC%E3%83%97,RuntimeError('HTTP 503'),gif.anime2 実GIFアーカイブ
gif_anime2_0079_00009,gif_anime2,https://gif.anime2.net/wp/wp-content/uploads/2017/11/Gifsmith-b585497b-0-thumb.jpg,https://gif.anime2.net/category/%E3%83%AB%E3%83%BC%E3%83%97,RuntimeError('HTTP 503'),gif.anime2 実GIFアーカイブ
gif_anime2_0079_00010,gif_anime2,https://gif.anime2.net/wp/wp-content/uploads/2017/10/Gifsmith-4859481a-0-thumb.jpg,https://gif.anime2.net/category/%E3%83%AB%E3%83%BC%E3%83%97,RuntimeError('HTTP 503'),gif.anime2 実GIFアーカイブ
gif_anime2_0079_00013,gif_anime2,https://gif.anime2.net/wp/wp-content/uploads/2017/08/Gifsmith-0d63585f-0-thumb.jpg,https://gif.anime2.net/category/%E3%83%AB%E3%83%BC%E3%83%97,RuntimeError('HTTP 503'),gif.anime2 実GIFアーカイブ
gif_anime2_0079_00012,gif_anime2,https://gif.anime2.net/wp/wp-content/uploads/2017/08/Gifsmith-225a6cae-0-thumb.jpg,https://gif.anime2.net/category/%E3%83%AB%E3%83%BC%E3%83%97,RuntimeError('HTTP 503'),gif.anime2 実GIFアーカイブ
gif_anime2_0079_00014,gif_anime2,https://gif.anime2.net/wp/wp-content/uploads/2017/08/Gifsmith-7c82cc9c-0-thumb.jpg,https://gif.anime2.net/category/%E3%83%AB%E3%83%BC%E3%83%97,RuntimeError('HTTP 503'),gif.anime2 実GIFアーカイブ
gif_anime2_0079_00015,gif_anime2,https://gif.anime2.net/wp/wp-content/uploads/2017/07/Gifsmith-5f05721c-28-thumb.jpg,https://gif.anime2.net/category/%E3%83%AB%E3%83%BC%E3%83%97,RuntimeError('HTTP 503'),gif.anime2 実GIFアーカイブ
gif_anime2_0079_00019,gif_anime2,https://gif.anime2.net/wp/wp-content/uploads/2017/04/Gifsmith-b6e6fb73-3-thumb.jpg,https://gif.anime2.net/category/%E3%83%AB%E3%83%BC%E3%83%97,RuntimeError('HTTP 503'),gif.anime2 実GIFアーカイブ
gif_anime2_0079_00018,gif_anime2,https://gif.anime2.net/wp/wp-content/uploads/2017/06/Gifsmith-fef33395-0-thumb.jpg,https://gif.anime2.net/category/%E3%83%AB%E3%83%BC%E3%83%97,RuntimeError('HTTP 503'),gif.anime2 実GIFアーカイブ
gif_anime2_0079_00020,gif_anime2,https://gif.anime2.net/wp/wp-content/uploads/2017/03/Gifsmith-33ce83eb-20-thumb.jpg,https://gif.anime2.net/category/%E3%83%AB%E3%83%BC%E3%83%97,RuntimeError('HTTP 503'),gif.anime2 実GIFアーカイブ
gif_anime2_0079_00021,gif_anime2,https://gif.anime2.net/wp/wp-content/uploads/2017/02/Gifsmith-641e03fa-2-thumb.jpg,https://gif.anime2.net/category/%E3%83%AB%E3%83%BC%E3%83%97,RuntimeError('HTTP 503'),gif.anime2 実GIFアーカイブ
gif_anime2_0079_00016,gif_anime2,https://gif.anime2.net/wp/wp-content/uploads/2017/06/Gifsmith-40f1e189-0-thumb.jpg,https://gif.anime2.net/category/%E3%83%AB%E3%83%BC%E3%83%97,RuntimeError('HTTP 503'),gif.anime2 実GIFアーカイブ
gif_anime2_0079_00041,gif_anime2,https://gif.anime2.net/wp/wp-content/uploads/2018/08/Gifsmith-6d4390b8-2.gif,https://gif.anime2.net/category/%E3%83%AB%E3%83%BC%E3%83%97,RuntimeError('HTTP 503'),gif.anime2 実GIFアーカイブ
gif_anime2_0079_00046,gif_anime2,https://gif.anime2.net/wp/wp-content/uploads/2018/02/Gifsmith-a4c6615a-0.gif,https://gif.anime2.net/category/%E3%83%AB%E3%83%BC%E3%83%97,RuntimeError('HTTP 503'),gif.anime2 実GIFアーカイブ
gif_anime2_0079_00047,gif_anime2,https://gif.anime2.net/wp/wp-content/uploads/2017/11/Gifsmith-064158a9-14.gif,https://gif.anime2.net/category/%E3%83%AB%E3%83%BC%E3%83%97,RuntimeError('HTTP 503'),gif.anime2 実GIFアーカイブ
gif_anime2_0079_00048,gif_anime2,https://gif.anime2.net/wp/wp-content/uploads/2017/11/Gifsmith-aae5e38e-0.gif,https://gif.anime2.net/category/%E3%83%AB%E3%83%BC%E3%83%97,RuntimeError('HTTP 503'),gif.anime2 実GIFアーカイブ
gif_anime2_0079_00049,gif_anime2,https://gif.anime2.net/wp/wp-content/uploads/2017/11/Gifsmith-b585497b-0.gif,https://gif.anime2.net/category/%E3%83%AB%E3%83%BC%E3%83%97,RuntimeError('HTTP 503'),gif.anime2 実GIFアーカイブ
gif_anime2_0079_00050,gif_anime2,https://gif.anime2.net/wp/wp-content/uploads/2017/10/Gifsmith-4859481a-0.gif,https://gif.anime2.net/category/%E3%83%AB%E3%83%BC%E3%83%97,RuntimeError('HTTP 503'),gif.anime2 実GIFアーカイブ
gif_anime2_0079_00052,gif_anime2,https://gif.anime2.net/wp/wp-content/uploads/2017/08/Gifsmith-225a6cae-0.gif,https://gif.anime2.net/category/%E3%83%AB%E3%83%BC%E3%83%97,RuntimeError('HTTP 503'),gif.anime2 実GIFアーカイブ
gif_anime2_0079_00055,gif_anime2,https://gif.anime2.net/wp/wp-content/uploads/2017/07/Gifsmith-5f05721c-28.gif,https://gif.anime2.net/category/%E3%83%AB%E3%83%BC%E3%83%97,RuntimeError('HTTP 503'),gif.anime2 実GIFアーカイブ
gif_anime2_0079_00053,gif_anime2,https://gif.anime2.net/wp/wp-content/uploads/2017/08/Gifsmith-0d63585f-0.gif,https://gif.anime2.net/category/%E3%83%AB%E3%83%BC%E3%83%97,RuntimeError('HTTP 503'),gif.anime2 実GIFアーカイブ
gif_anime2_0079_00054,gif_anime2,https://gif.anime2.net/wp/wp-content/uploads/2017/08/Gifsmith-7c82cc9c-0.gif,https://gif.anime2.net/category/%E3%83%AB%E3%83%BC%E3%83%97,RuntimeError('HTTP 503'),gif.anime2 実GIFアーカイブ
gif_anime2_0079_00059,gif_anime2,https://gif.anime2.net/wp/wp-content/uploads/2017/04/Gifsmith-b6e6fb73-3.gif,https://gif.anime2.net/category/%E3%83%AB%E3%83%BC%E3%83%97,RuntimeError('HTTP 503'),gif.anime2 実GIFアーカイブ
gif_anime2_0079_00058,gif_anime2,https://gif.anime2.net/wp/wp-content/uploads/2017/06/Gifsmith-fef33395-0.gif,https://gif.anime2.net/category/%E3%83%AB%E3%83%BC%E3%83%97,RuntimeError('HTTP 503'),gif.anime2 実GIFアーカイブ
gif_anime2_0079_00056,gif_anime2,https://gif.anime2.net/wp/wp-content/uploads/2017/06/Gifsmith-40f1e189-0.gif,https://gif.anime2.net/category/%E3%83%AB%E3%83%BC%E3%83%97,RuntimeError('HTTP 503'),gif.anime2 実GIFアーカイブ
gif_anime2_0079_00060,gif_anime2,https://gif.anime2.net/wp/wp-content/uploads/2017/03/Gifsmith-33ce83eb-20.gif,https://gif.anime2.net/category/%E3%83%AB%E3%83%BC%E3%83%97,RuntimeError('HTTP 503'),gif.anime2 実GIFアーカイブ
gif_anime2_0079_00061,gif_anime2,https://gif.anime2.net/wp/wp-content/uploads/2017/02/Gifsmith-641e03fa-2.gif,https://gif.anime2.net/category/%E3%83%AB%E3%83%BC%E3%83%97,RuntimeError('HTTP 503'),gif.anime2 実GIFアーカイブ
gif_anime2_0080_00004,gif_anime2,https://gif.anime2.net/wp/wp-content/uploads/2018/04/Gifsmith-5f05721c-15-2-thumb.jpg,https://gif.anime2.net/category/%E3%82%B3%E3%83%A1%E3%83%87%E3%82%A3,RuntimeError('HTTP 503'),gif.anime2 実GIFアーカイブ
gif_anime2_0080_00005,gif_anime2,https://gif.anime2.net/wp/wp-content/uploads/2018/01/Gifsmith-94d3343d-0-thumb.jpg,https://gif.anime2.net/category/%E3%82%B3%E3%83%A1%E3%83%87%E3%82%A3,RuntimeError('HTTP 503'),gif.anime2 実GIFアーカイブ
gif_anime2_0080_00007,gif_anime2,https://gif.anime2.net/wp/wp-content/uploads/2018/01/Gifsmith-5f05721c-7-2-thumb.jpg,https://gif.anime2.net/category/%E3%82%B3%E3%83%A1%E3%83%87%E3%82%A3,RuntimeError('HTTP 503'),gif.anime2 実GIFアーカイブ
gif_anime2_0080_00006,gif_anime2,https://gif.anime2.net/wp/wp-content/uploads/2018/01/Gifsmith-5f05721c-10-1-thumb.jpg,https://gif.anime2.net/category/%E3%82%B3%E3%83%A1%E3%83%87%E3%82%A3,RuntimeError('HTTP 503'),gif.anime2 実GIFアーカイブ
gif_anime2_0080_00008,gif_anime2,https://gif.anime2.net/wp/wp-content/uploads/2018/01/Gifsmith-5f05721c-3-7-thumb.jpg,https://gif.anime2.net/category/%E3%82%B3%E3%83%A1%E3%83%87%E3%82%A3,RuntimeError('HTTP 503'),gif.anime2 実GIFアーカイブ
gif_anime2_0080_00009,gif_anime2,https://gif.anime2.net/wp/wp-content/uploads/2018/01/Gifsmith-a767f676-7-thumb.jpg,https://gif.anime2.net/category/%E3%82%B3%E3%83%A1%E3%83%87%E3%82%A3,RuntimeError('HTTP 503'),gif.anime2 実GIFアーカイブ
gif_anime2_0080_00010,gif_anime2,https://gif.anime2.net/wp/wp-content/uploads/2018/01/Gifsmith-8662e1da-4-thumb.jpg,https://gif.anime2.net/category/%E3%82%B3%E3%83%A1%E3%83%87%E3%82%A3,RuntimeError('HTTP 503'),gif.anime2 実GIFアーカイブ
gif_anime2_0080_00011,gif_anime2,https://gif.anime2.net/wp/wp-content/uploads/2017/11/Gifsmith-68338d8a-0-thumb.jpg,https://gif.anime2.net/category/%E3%82%B3%E3%83%A1%E3%83%87%E3%82%A3,RuntimeError('HTTP 503'),gif.anime2 実GIFアーカイブ
gif_anime2_0080_00012,gif_anime2,https://gif.anime2.net/wp/wp-content/uploads/2017/10/Gifsmith-75e0c621-0-thumb.jpg,https://gif.anime2.net/category/%E3%82%B3%E3%83%A1%E3%83%87%E3%82%A3,RuntimeError('HTTP 503'),gif.anime2 実GIFアーカイブ
gif_anime2_0080_00013,gif_anime2,https://gif.anime2.net/wp/wp-content/uploads/2017/10/Gifsmith-061de563-0-thumb.jpg,https://gif.anime2.net/category/%E3%82%B3%E3%83%A1%E3%83%87%E3%82%A3,RuntimeError('HTTP 503'),gif.anime2 実GIFアーカイブ
gif_anime2_0080_00015,gif_anime2,https://gif.anime2.net/wp/wp-content/uploads/2017/10/Gifsmith-06651883-9-thumb.jpg,https://gif.anime2.net/category/%E3%82%B3%E3%83%A1%E3%83%87%E3%82%A3,RuntimeError('HTTP 503'),gif.anime2 実GIFアーカイブ
gif_anime2_0080_00014,gif_anime2,https://gif.anime2.net/wp/wp-content/uploads/2017/10/Gifsmith-0091a905-0-thumb.jpg,https://gif.anime2.net/category/%E3%82%B3%E3%83%A1%E3%83%87%E3%82%A3,RuntimeError('HTTP 503'),gif.anime2 実GIFアーカイブ
gif_anime2_0080_00016,gif_anime2,https://gif.anime2.net/wp/wp-content/uploads/2017/10/Gifsmith-f4e98636-0-thumb.jpg,https://gif.anime2.net/category/%E3%82%B3%E3%83%A1%E3%83%87%E3%82%A3,RuntimeError('HTTP 503'),gif.anime2 実GIFアーカイブ
gif_anime2_0080_00018,gif_anime2,https://gif.anime2.net/wp/wp-content/uploads/2017/09/Gifsmith-05265c3a-8-thumb.jpg,https://gif.anime2.net/category/%E3%82%B3%E3%83%A1%E3%83%87%E3%82%A3,RuntimeError('HTTP 503'),gif.anime2 実GIFアーカイブ
gif_anime2_0080_00019,gif_anime2,https://gif.anime2.net/wp/wp-content/uploads/2017/08/Gifsmith-dfe63ea0-11-thumb.jpg,https://gif.anime2.net/category/%E3%82%B3%E3%83%A1%E3%83%87%E3%82%A3,RuntimeError('HTTP 503'),gif.anime2 実GIFアーカイブ
gif_anime2_0080_00020,gif_anime2,https://gif.anime2.net/wp/wp-content/uploads/2017/08/Gifsmith-389c45d1-0-thumb.jpg,https://gif.anime2.net/category/%E3%82%B3%E3%83%A1%E3%83%87%E3%82%A3,RuntimeError('HTTP 503'),gif.anime2 実GIFアーカイブ
gif_anime2_0080_00021,gif_anime2,https://gif.anime2.net/wp/wp-content/uploads/2017/07/Gifsmith-a66a4294-4-thumb.jpg,https://gif.anime2.net/category/%E3%82%B3%E3%83%A1%E3%83%87%E3%82%A3,RuntimeError('HTTP 503'),gif.anime2 実GIFアーカイブ
gif_anime2_0080_00044,gif_anime2,https://gif.anime2.net/wp/wp-content/uploads/2018/04/Gifsmith-5f05721c-15-2.gif,https://gif.anime2.net/category/%E3%82%B3%E3%83%A1%E3%83%87%E3%82%A3,RuntimeError('HTTP 503'),gif.anime2 実GIFアーカイブ
gif_anime2_0080_00045,gif_anime2,https://gif.anime2.net/wp/wp-content/uploads/2018/01/Gifsmith-94d3343d-0.gif,https://gif.anime2.net/category/%E3%82%B3%E3%83%A1%E3%83%87%E3%82%A3,RuntimeError('HTTP 503'),gif.anime2 実GIFアーカイブ
gif_anime2_0080_00047,gif_anime2,https://gif.anime2.net/wp/wp-content/uploads/2018/01/Gifsmith-5f05721c-7-2.gif,https://gif.anime2.net/category/%E3%82%B3%E3%83%A1%E3%83%87%E3%82%A3,RuntimeError('HTTP 503'),gif.anime2 実GIFアーカイブ
gif_anime2_0080_00046,gif_anime2,https://gif.anime2.net/wp/wp-content/uploads/2018/01/Gifsmith-5f05721c-10-1.gif,https://gif.anime2.net/category/%E3%82%B3%E3%83%A1%E3%83%87%E3%82%A3,RuntimeError('HTTP 503'),gif.anime2 実GIFアーカイブ
gif_anime2_0080_00048,gif_anime2,https://gif.anime2.net/wp/wp-content/uploads/2018/01/Gifsmith-5f05721c-3-7.gif,https://gif.anime2.net/category/%E3%82%B3%E3%83%A1%E3%83%87%E3%82%A3,RuntimeError('HTTP 503'),gif.anime2 実GIFアーカイブ
gif_anime2_0080_00049,gif_anime2,https://gif.anime2.net/wp/wp-content/uploads/2018/01/Gifsmith-a767f676-7.gif,https://gif.anime2.net/category/%E3%82%B3%E3%83%A1%E3%83%87%E3%82%A3,RuntimeError('HTTP 503'),gif.anime2 実GIFアーカイブ
gif_anime2_0080_00050,gif_anime2,https://gif.anime2.net/wp/wp-content/uploads/2018/01/Gifsmith-8662e1da-4.gif,https://gif.anime2.net/category/%E3%82%B3%E3%83%A1%E3%83%87%E3%82%A3,RuntimeError('HTTP 503'),gif.anime2 実GIFアーカイブ
gif_anime2_0080_00051,gif_anime2,https://gif.anime2.net/wp/wp-content/uploads/2017/11/Gifsmith-68338d8a-0.gif,https://gif.anime2.net/category/%E3%82%B3%E3%83%A1%E3%83%87%E3%82%A3,RuntimeError('HTTP 503'),gif.anime2 実GIFアーカイブ
gif_anime2_0080_00052,gif_anime2,https://gif.anime2.net/wp/wp-content/uploads/2017/10/Gifsmith-75e0c621-0.gif,https://gif.anime2.net/category/%E3%82%B3%E3%83%A1%E3%83%87%E3%82%A3,RuntimeError('HTTP 503'),gif.anime2 実GIFアーカイブ
gif_anime2_0080_00053,gif_anime2,https://gif.anime2.net/wp/wp-content/uploads/2017/10/Gifsmith-061de563-0.gif,https://gif.anime2.net/category/%E3%82%B3%E3%83%A1%E3%83%87%E3%82%A3,RuntimeError('HTTP 503'),gif.anime2 実GIFアーカイブ
gif_anime2_0080_00054,gif_anime2,https://gif.anime2.net/wp/wp-content/uploads/2017/10/Gifsmith-0091a905-0.gif,https://gif.anime2.net/category/%E3%82%B3%E3%83%A1%E3%83%87%E3%82%A3,RuntimeError('HTTP 503'),gif.anime2 実GIFアーカイブ
gif_anime2_0080_00055,gif_anime2,https://gif.anime2.net/wp/wp-content/uploads/2017/10/Gifsmith-06651883-9.gif,https://gif.anime2.net/category/%E3%82%B3%E3%83%A1%E3%83%87%E3%82%A3,RuntimeError('HTTP 503'),gif.anime2 実GIFアーカイブ
gif_anime2_0080_00056,gif_anime2,https://gif.anime2.net/wp/wp-content/uploads/2017/10/Gifsmith-f4e98636-0.gif,https://gif.anime2.net/category/%E3%82%B3%E3%83%A1%E3%83%87%E3%82%A3,RuntimeError('HTTP 503'),gif.anime2 実GIFアーカイブ
gif_anime2_0080_00059,gif_anime2,https://gif.anime2.net/wp/wp-content/uploads/2017/08/Gifsmith-dfe63ea0-11.gif,https://gif.anime2.net/category/%E3%82%B3%E3%83%A1%E3%83%87%E3%82%A3,RuntimeError('HTTP 503'),gif.anime2 実GIFアーカイブ
gif_anime2_0080_00058,gif_anime2,https://gif.anime2.net/wp/wp-content/uploads/2017/09/Gifsmith-05265c3a-8.gif,https://gif.anime2.net/category/%E3%82%B3%E3%83%A1%E3%83%87%E3%82%A3,RuntimeError('HTTP 503'),gif.anime2 実GIFアーカイブ
gif_anime2_0080_00060,gif_anime2,https://gif.anime2.net/wp/wp-content/uploads/2017/08/Gifsmith-389c45d1-0.gif,https://gif.anime2.net/category/%E3%82%B3%E3%83%A1%E3%83%87%E3%82%A3,RuntimeError('HTTP 503'),gif.anime2 実GIFアーカイブ
gif_anime2_0080_00061,gif_anime2,https://gif.anime2.net/wp/wp-content/uploads/2017/07/Gifsmith-a66a4294-4.gif,https://gif.anime2.net/category/%E3%82%B3%E3%83%A1%E3%83%87%E3%82%A3,RuntimeError('HTTP 503'),gif.anime2 実GIFアーカイブ
gif_anime2_0081_00003,gif_anime2,https://gif.anime2.net/wp/wp-content/uploads/2018/07/Gifsmith-4f598c89-5-thumb.jpg,https://gif.anime2.net/category/%E7%A7%91%E5%AD%A6,RuntimeError('HTTP 503'),gif.anime2 実GIFアーカイブ
gif_anime2_0081_00005,gif_anime2,https://gif.anime2.net/wp/wp-content/uploads/2017/08/Gifsmith-c99d0162-0-thumb.jpg,https://gif.anime2.net/category/%E7%A7%91%E5%AD%A6,RuntimeError('HTTP 503'),gif.anime2 実GIFアーカイブ
gif_anime2_0081_00007,gif_anime2,https://gif.anime2.net/wp/wp-content/uploads/2017/08/Gifsmith-81a3e1d8-0-thumb.jpg,https://gif.anime2.net/category/%E7%A7%91%E5%AD%A6,RuntimeError('HTTP 503'),gif.anime2 実GIFアーカイブ
gif_anime2_0081_00004,gif_anime2,https://gif.anime2.net/wp/wp-content/uploads/2018/06/Gifsmith-e2763258-0-thumb.jpg,https://gif.anime2.net/category/%E7%A7%91%E5%AD%A6,RuntimeError('HTTP 503'),gif.anime2 実GIFアーカイブ
gif_anime2_0081_00001,gif_anime2,https://gif.anime2.net/wp/wp-content/uploads/2018/07/Gifsmith-327bedbd-3-1-thumb.jpg,https://gif.anime2.net/category/%E7%A7%91%E5%AD%A6,RuntimeError('HTTP 503'),gif.anime2 実GIFアーカイブ
gif_anime2_0081_00006,gif_anime2,https://gif.anime2.net/wp/wp-content/uploads/2017/08/Gifsmith-a4add22b-10-thumb.jpg,https://gif.anime2.net/category/%E7%A7%91%E5%AD%A6,RuntimeError('HTTP 503'),gif.anime2 実GIFアーカイブ
gif_anime2_0081_00008,gif_anime2,https://gif.anime2.net/wp/wp-content/uploads/2017/05/Gifsmith-facc96aa-0-thumb.jpg,https://gif.anime2.net/category/%E7%A7%91%E5%AD%A6,RuntimeError('HTTP 503'),gif.anime2 実GIFアーカイブ
gif_anime2_0081_00009,gif_anime2,https://gif.anime2.net/wp/wp-content/uploads/2017/03/Gifsmith-343a0d5d-0-thumb.jpg,https://gif.anime2.net/category/%E7%A7%91%E5%AD%A6,RuntimeError('HTTP 503'),gif.anime2 実GIFアーカイブ
gif_anime2_0081_00010,gif_anime2,https://gif.anime2.net/wp/wp-content/uploads/2017/03/Gifsmith-6f62361e-8-thumb.jpg,https://gif.anime2.net/category/%E7%A7%91%E5%AD%A6,RuntimeError('HTTP 503'),gif.anime2 実GIFアーカイブ
gif_anime2_0081_00011,gif_anime2,https://gif.anime2.net/wp/wp-content/uploads/2016/12/Gifsmith-8f126f99-10-thumb.jpg,https://gif.anime2.net/category/%E7%A7%91%E5%AD%A6,RuntimeError('HTTP 503'),gif.anime2 実GIFアーカイブ
gif_anime2_0081_00012,gif_anime2,https://gif.anime2.net/wp/wp-content/uploads/2016/12/Gifsmith-d61bc85f-31-thumb.jpg,https://gif.anime2.net/category/%E7%A7%91%E5%AD%A6,RuntimeError('HTTP 503'),gif.anime2 実GIFアーカイブ
gif_anime2_0081_00013,gif_anime2,https://gif.anime2.net/wp/wp-content/uploads/2016/12/Gifsmith-0c74327a-13-thumb.jpg,https://gif.anime2.net/category/%E7%A7%91%E5%AD%A6,RuntimeError('HTTP 503'),gif.anime2 実GIFアーカイブ
gif_anime2_0081_00014,gif_anime2,https://gif.anime2.net/wp/wp-content/uploads/2016/11/Gifsmith-2eb9d06a-0-thumb.jpg,https://gif.anime2.net/category/%E7%A7%91%E5%AD%A6,RuntimeError('HTTP 503'),gif.anime2 実GIFアーカイブ
gif_anime2_0081_00016,gif_anime2,https://gif.anime2.net/wp/wp-content/uploads/2016/11/Gifsmith-abd345a6-22-thumb.jpg,https://gif.anime2.net/category/%E7%A7%91%E5%AD%A6,RuntimeError('HTTP 503'),gif.anime2 実GIFアーカイブ
gif_anime2_0081_00015,gif_anime2,https://gif.anime2.net/wp/wp-content/uploads/2016/11/Gifsmith-408fd2bb-25-thumb.jpg,https://gif.anime2.net/category/%E7%A7%91%E5%AD%A6,RuntimeError('HTTP 503'),gif.anime2 実GIFアーカイブ
gif_anime2_0081_00017,gif_anime2,https://gif.anime2.net/wp/wp-content/uploads/2016/11/Gifsmith-2803b82c-20-thumb.jpg,https://gif.anime2.net/category/%E7%A7%91%E5%AD%A6,RuntimeError('HTTP 503'),gif.anime2 実GIFアーカイブ
gif_anime2_0081_00018,gif_anime2,https://gif.anime2.net/wp/wp-content/uploads/2016/11/Gifsmith-2fee9a97-17-thumb.jpg,https://gif.anime2.net/category/%E7%A7%91%E5%AD%A6,RuntimeError('HTTP 503'),gif.anime2 実GIFアーカイブ
gif_anime2_0081_00019,gif_anime2,https://gif.anime2.net/wp/wp-content/uploads/2016/10/Gifsmith-4a112e67-0-thumb.jpg,https://gif.anime2.net/category/%E7%A7%91%E5%AD%A6,RuntimeError('HTTP 503'),gif.anime2 実GIFアーカイブ
gif_anime2_0081_00021,gif_anime2,https://gif.anime2.net/wp/wp-content/uploads/2016/10/Gifsmith-8cfff08a-7-thumb.jpg,https://gif.anime2.net/category/%E7%A7%91%E5%AD%A6,RuntimeError('HTTP 503'),gif.anime2 実GIFアーカイブ
gif_anime2_0081_00020,gif_anime2,https://gif.anime2.net/wp/wp-content/uploads/2016/10/Gifsmith-0cfc7dc7-9-thumb.jpg,https://gif.anime2.net/category/%E7%A7%91%E5%AD%A6,RuntimeError('HTTP 503'),gif.anime2 実GIFアーカイブ
gif_anime2_0081_00043,gif_anime2,https://gif.anime2.net/wp/wp-content/uploads/2018/07/Gifsmith-4f598c89-5.gif,https://gif.anime2.net/category/%E7%A7%91%E5%AD%A6,RuntimeError('HTTP 503'),gif.anime2 実GIFアーカイブ
gif_anime2_0081_00041,gif_anime2,https://gif.anime2.net/wp/wp-content/uploads/2018/07/Gifsmith-327bedbd-3-1.gif,https://gif.anime2.net/category/%E7%A7%91%E5%AD%A6,RuntimeError('HTTP 503'),gif.anime2 実GIFアーカイブ
gif_anime2_0081_00044,gif_anime2,https://gif.anime2.net/wp/wp-content/uploads/2018/06/Gifsmith-e2763258-0.gif,https://gif.anime2.net/category/%E7%A7%91%E5%AD%A6,RuntimeError('HTTP 503'),gif.anime2 実GIFアーカイブ
gif_anime2_0081_00045,gif_anime2,https://gif.anime2.net/wp/wp-content/uploads/2017/08/Gifsmith-c99d0162-0.gif,https://gif.anime2.net/category/%E7%A7%91%E5%AD%A6,RuntimeError('HTTP 503'),gif.anime2 実GIFアーカイブ
gif_anime2_0081_00046,gif_anime2,https://gif.anime2.net/wp/wp-content/uploads/2017/08/Gifsmith-a4add22b-10.gif,https://gif.anime2.net/category/%E7%A7%91%E5%AD%A6,RuntimeError('HTTP 503'),gif.anime2 実GIFアーカイブ
gif_anime2_0081_00047,gif_anime2,https://gif.anime2.net/wp/wp-content/uploads/2017/08/Gifsmith-81a3e1d8-0.gif,https://gif.anime2.net/category/%E7%A7%91%E5%AD%A6,RuntimeError('HTTP 503'),gif.anime2 実GIFアーカイブ
gif_anime2_0081_00048,gif_anime2,https://gif.anime2.net/wp/wp-content/uploads/2017/05/Gifsmith-facc96aa-0.gif,https://gif.anime2.net/category/%E7%A7%91%E5%AD%A6,RuntimeError('HTTP 503'),gif.anime2 実GIFアーカイブ
gif_anime2_0081_00049,gif_anime2,https://gif.anime2.net/wp/wp-content/uploads/2017/03/Gifsmith-343a0d5d-0.gif,https://gif.anime2.net/category/%E7%A7%91%E5%AD%A6,RuntimeError('HTTP 503'),gif.anime2 実GIFアーカイブ
gif_anime2_0081_00050,gif_anime2,https://gif.anime2.net/wp/wp-content/uploads/2017/03/Gifsmith-6f62361e-8.gif,https://gif.anime2.net/category/%E7%A7%91%E5%AD%A6,RuntimeError('HTTP 503'),gif.anime2 実GIFアーカイブ
gif_anime2_0081_00051,gif_anime2,https://gif.anime2.net/wp/wp-content/uploads/2016/12/Gifsmith-8f126f99-10.gif,https://gif.anime2.net/category/%E7%A7%91%E5%AD%A6,RuntimeError('HTTP 503'),gif.anime2 実GIFアーカイブ
gif_anime2_0081_00052,gif_anime2,https://gif.anime2.net/wp/wp-content/uploads/2016/12/Gifsmith-d61bc85f-31.gif,https://gif.anime2.net/category/%E7%A7%91%E5%AD%A6,RuntimeError('HTTP 503'),gif.anime2 実GIFアーカイブ
gif_anime2_0081_00053,gif_anime2,https://gif.anime2.net/wp/wp-content/uploads/2016/12/Gifsmith-0c74327a-13.gif,https://gif.anime2.net/category/%E7%A7%91%E5%AD%A6,RuntimeError('HTTP 503'),gif.anime2 実GIFアーカイブ
gif_anime2_0081_00054,gif_anime2,https://gif.anime2.net/wp/wp-content/uploads/2016/11/Gifsmith-2eb9d06a-0.gif,https://gif.anime2.net/category/%E7%A7%91%E5%AD%A6,RuntimeError('HTTP 503'),gif.anime2 実GIFアーカイブ
gif_anime2_0081_00055,gif_anime2,https://gif.anime2.net/wp/wp-content/uploads/2016/11/Gifsmith-408fd2bb-25.gif,https://gif.anime2.net/category/%E7%A7%91%E5%AD%A6,RuntimeError('HTTP 503'),gif.anime2 実GIFアーカイブ
gif_anime2_0081_00056,gif_anime2,https://gif.anime2.net/wp/wp-content/uploads/2016/11/Gifsmith-abd345a6-22.gif,https://gif.anime2.net/category/%E7%A7%91%E5%AD%A6,RuntimeError('HTTP 503'),gif.anime2 実GIFアーカイブ
gif_anime2_0081_00057,gif_anime2,https://gif.anime2.net/wp/wp-content/uploads/2016/11/Gifsmith-2803b82c-20.gif,https://gif.anime2.net/category/%E7%A7%91%E5%AD%A6,RuntimeError('HTTP 503'),gif.anime2 実GIFアーカイブ
gif_anime2_0081_00058,gif_anime2,https://gif.anime2.net/wp/wp-content/uploads/2016/11/Gifsmith-2fee9a97-17.gif,https://gif.anime2.net/category/%E7%A7%91%E5%AD%A6,RuntimeError('HTTP 503'),gif.anime2 実GIFアーカイブ
gif_anime2_0081_00059,gif_anime2,https://gif.anime2.net/wp/wp-content/uploads/2016/10/Gifsmith-4a112e67-0.gif,https://gif.anime2.net/category/%E7%A7%91%E5%AD%A6,RuntimeError('HTTP 503'),gif.anime2 実GIFアーカイブ
gif_anime2_0081_00060,gif_anime2,https://gif.anime2.net/wp/wp-content/uploads/2016/10/Gifsmith-0cfc7dc7-9.gif,https://gif.anime2.net/category/%E7%A7%91%E5%AD%A6,RuntimeError('HTTP 503'),gif.anime2 実GIFアーカイブ
gif_anime2_0081_00061,gif_anime2,https://gif.anime2.net/wp/wp-content/uploads/2016/10/Gifsmith-8cfff08a-7.gif,https://gif.anime2.net/category/%E7%A7%91%E5%AD%A6,RuntimeError('HTTP 503'),gif.anime2 実GIFアーカイブ
gif_anime2_0082_00005,gif_anime2,https://gif.anime2.net/wp/wp-content/uploads/2018/05/Gifsmith-7f885129-0-thumb.jpg,https://gif.anime2.net/category/%E9%A3%9F%E3%81%B9%E7%89%A9,RuntimeError('HTTP 503'),gif.anime2 実GIFアーカイブ
gif_anime2_0082_00003,gif_anime2,https://gif.anime2.net/wp/wp-content/uploads/2018/07/Gifsmith-f75d0cc9-15-thumb.jpg,https://gif.anime2.net/category/%E9%A3%9F%E3%81%B9%E7%89%A9,RuntimeError('HTTP 503'),gif.anime2 実GIFアーカイブ
gif_anime2_0082_00006,gif_anime2,https://gif.anime2.net/wp/wp-content/uploads/2018/02/Gifsmith-9472a8be-0-thumb.jpg,https://gif.anime2.net/category/%E9%A3%9F%E3%81%B9%E7%89%A9,RuntimeError('HTTP 503'),gif.anime2 実GIFアーカイブ
gif_anime2_0082_00007,gif_anime2,https://gif.anime2.net/wp/wp-content/uploads/2018/02/Gifsmith-855276b9-0-thumb.jpg,https://gif.anime2.net/category/%E9%A3%9F%E3%81%B9%E7%89%A9,RuntimeError('HTTP 503'),gif.anime2 実GIFアーカイブ
gif_anime2_0082_00008,gif_anime2,https://gif.anime2.net/wp/wp-content/uploads/2018/01/Gifsmith-4da51103-0-thumb.jpg,https://gif.anime2.net/category/%E9%A3%9F%E3%81%B9%E7%89%A9,RuntimeError('HTTP 503'),gif.anime2 実GIFアーカイブ
gif_anime2_0082_00010,gif_anime2,https://gif.anime2.net/wp/wp-content/uploads/2017/06/Gifsmith-b6469475-0-thumb.jpg,https://gif.anime2.net/category/%E9%A3%9F%E3%81%B9%E7%89%A9,RuntimeError('HTTP 503'),gif.anime2 実GIFアーカイブ
gif_anime2_0082_00011,gif_anime2,https://gif.anime2.net/wp/wp-content/uploads/2017/06/495f7ff5-thumb.jpg,https://gif.anime2.net/category/%E9%A3%9F%E3%81%B9%E7%89%A9,RuntimeError('HTTP 503'),gif.anime2 実GIFアーカイブ
gif_anime2_0082_00009,gif_anime2,https://gif.anime2.net/wp/wp-content/uploads/2017/07/Gifsmith-2a291e46-0-thumb.jpg,https://gif.anime2.net/category/%E9%A3%9F%E3%81%B9%E7%89%A9,RuntimeError('HTTP 503'),gif.anime2 実GIFアーカイブ
gif_anime2_0082_00012,gif_anime2,https://gif.anime2.net/wp/wp-content/uploads/2017/06/Gifsmith-549ff382-0-thumb.jpg,https://gif.anime2.net/category/%E9%A3%9F%E3%81%B9%E7%89%A9,RuntimeError('HTTP 503'),gif.anime2 実GIFアーカイブ
gif_anime2_0082_00013,gif_anime2,https://gif.anime2.net/wp/wp-content/uploads/2017/04/Gifsmith-962e3bc6-0-thumb.jpg,https://gif.anime2.net/category/%E9%A3%9F%E3%81%B9%E7%89%A9,RuntimeError('HTTP 503'),gif.anime2 実GIFアーカイブ
gif_anime2_0082_00014,gif_anime2,https://gif.anime2.net/wp/wp-content/uploads/2017/03/Gifsmith-f6aeb4f7-19-thumb.jpg,https://gif.anime2.net/category/%E9%A3%9F%E3%81%B9%E7%89%A9,RuntimeError('HTTP 503'),gif.anime2 実GIFアーカイブ
gif_anime2_0082_00015,gif_anime2,https://gif.anime2.net/wp/wp-content/uploads/2017/03/Gifsmith-48205439-0-thumb.jpg,https://gif.anime2.net/category/%E9%A3%9F%E3%81%B9%E7%89%A9,RuntimeError('HTTP 503'),gif.anime2 実GIFアーカイブ
gif_anime2_0082_00016,gif_anime2,https://gif.anime2.net/wp/wp-content/uploads/2017/03/Gifsmith-98c37d96-0-thumb.jpg,https://gif.anime2.net/category/%E9%A3%9F%E3%81%B9%E7%89%A9,RuntimeError('HTTP 503'),gif.anime2 実GIFアーカイブ
gif_anime2_0082_00018,gif_anime2,https://gif.anime2.net/wp/wp-content/uploads/2017/03/Gifsmith-5e58b09b-0-thumb.jpg,https://gif.anime2.net/category/%E9%A3%9F%E3%81%B9%E7%89%A9,RuntimeError('HTTP 503'),gif.anime2 実GIFアーカイブ
gif_anime2_0082_00017,gif_anime2,https://gif.anime2.net/wp/wp-content/uploads/2017/03/Gifsmith-0437dc9d-0-thumb.jpg,https://gif.anime2.net/category/%E9%A3%9F%E3%81%B9%E7%89%A9,RuntimeError('HTTP 503'),gif.anime2 実GIFアーカイブ
gif_anime2_0082_00019,gif_anime2,https://gif.anime2.net/wp/wp-content/uploads/2017/03/Gifsmith-176c71e1-20-thumb.jpg,https://gif.anime2.net/category/%E9%A3%9F%E3%81%B9%E7%89%A9,RuntimeError('HTTP 503'),gif.anime2 実GIFアーカイブ
gif_anime2_0082_00020,gif_anime2,https://gif.anime2.net/wp/wp-content/uploads/2017/03/Gifsmith-806e596a-0-thumb.jpg,https://gif.anime2.net/category/%E9%A3%9F%E3%81%B9%E7%89%A9,RuntimeError('HTTP 503'),gif.anime2 実GIFアーカイブ
gif_anime2_0082_00043,gif_anime2,https://gif.anime2.net/wp/wp-content/uploads/2018/07/Gifsmith-f75d0cc9-15.gif,https://gif.anime2.net/category/%E9%A3%9F%E3%81%B9%E7%89%A9,RuntimeError('HTTP 503'),gif.anime2 実GIFアーカイブ
gif_anime2_0082_00021,gif_anime2,https://gif.anime2.net/wp/wp-content/uploads/2017/03/Gifsmith-9d30c869-15-thumb.jpg,https://gif.anime2.net/category/%E9%A3%9F%E3%81%B9%E7%89%A9,RuntimeError('HTTP 503'),gif.anime2 実GIFアーカイブ
gif_anime2_0082_00045,gif_anime2,https://gif.anime2.net/wp/wp-content/uploads/2018/05/Gifsmith-7f885129-0.gif,https://gif.anime2.net/category/%E9%A3%9F%E3%81%B9%E7%89%A9,RuntimeError('HTTP 503'),gif.anime2 実GIFアーカイブ
gif_anime2_0082_00046,gif_anime2,https://gif.anime2.net/wp/wp-content/uploads/2018/02/Gifsmith-9472a8be-0.gif,https://gif.anime2.net/category/%E9%A3%9F%E3%81%B9%E7%89%A9,RuntimeError('HTTP 503'),gif.anime2 実GIFアーカイブ
gif_anime2_0082_00048,gif_anime2,https://gif.anime2.net/wp/wp-content/uploads/2018/01/Gifsmith-4da51103-0.gif,https://gif.anime2.net/category/%E9%A3%9F%E3%81%B9%E7%89%A9,RuntimeError('HTTP 503'),gif.anime2 実GIFアーカイブ
gif_anime2_0082_00049,gif_anime2,https://gif.anime2.net/wp/wp-content/uploads/2017/07/Gifsmith-2a291e46-0.gif,https://gif.anime2.net/category/%E9%A3%9F%E3%81%B9%E7%89%A9,RuntimeError('HTTP 503'),gif.anime2 実GIFアーカイブ
gif_anime2_0082_00047,gif_anime2,https://gif.anime2.net/wp/wp-content/uploads/2018/02/Gifsmith-855276b9-0.gif,https://gif.anime2.net/category/%E9%A3%9F%E3%81%B9%E7%89%A9,RuntimeError('HTTP 503'),gif.anime2 実GIFアーカイブ
gif_anime2_0082_00051,gif_anime2,https://gif.anime2.net/wp/wp-content/uploads/2017/06/495f7ff5.gif,https://gif.anime2.net/category/%E9%A3%9F%E3%81%B9%E7%89%A9,RuntimeError('HTTP 503'),gif.anime2 実GIFアーカイブ
gif_anime2_0082_00050,gif_anime2,https://gif.anime2.net/wp/wp-content/uploads/2017/06/Gifsmith-b6469475-0.gif,https://gif.anime2.net/category/%E9%A3%9F%E3%81%B9%E7%89%A9,RuntimeError('HTTP 503'),gif.anime2 実GIFアーカイブ
gif_anime2_0082_00052,gif_anime2,https://gif.anime2.net/wp/wp-content/uploads/2017/06/Gifsmith-549ff382-0.gif,https://gif.anime2.net/category/%E9%A3%9F%E3%81%B9%E7%89%A9,RuntimeError('HTTP 503'),gif.anime2 実GIFアーカイブ
gif_anime2_0082_00053,gif_anime2,https://gif.anime2.net/wp/wp-content/uploads/2017/04/Gifsmith-962e3bc6-0.gif,https://gif.anime2.net/category/%E9%A3%9F%E3%81%B9%E7%89%A9,RuntimeError('HTTP 503'),gif.anime2 実GIFアーカイブ
gif_anime2_0082_00054,gif_anime2,https://gif.anime2.net/wp/wp-content/uploads/2017/03/Gifsmith-f6aeb4f7-19.gif,https://gif.anime2.net/category/%E9%A3%9F%E3%81%B9%E7%89%A9,RuntimeError('HTTP 503'),gif.anime2 実GIFアーカイブ
gif_anime2_0082_00055,gif_anime2,https://gif.anime2.net/wp/wp-content/uploads/2017/03/Gifsmith-48205439-0.gif,https://gif.anime2.net/category/%E9%A3%9F%E3%81%B9%E7%89%A9,RuntimeError('HTTP 503'),gif.anime2 実GIFアーカイブ
gif_anime2_0082_00056,gif_anime2,https://gif.anime2.net/wp/wp-content/uploads/2017/03/Gifsmith-98c37d96-0.gif,https://gif.anime2.net/category/%E9%A3%9F%E3%81%B9%E7%89%A9,RuntimeError('HTTP 503'),gif.anime2 実GIFアーカイブ
gif_anime2_0082_00057,gif_anime2,https://gif.anime2.net/wp/wp-content/uploads/2017/03/Gifsmith-0437dc9d-0.gif,https://gif.anime2.net/category/%E9%A3%9F%E3%81%B9%E7%89%A9,RuntimeError('HTTP 503'),gif.anime2 実GIFアーカイブ
gif_anime2_0082_00058,gif_anime2,https://gif.anime2.net/wp/wp-content/uploads/2017/03/Gifsmith-5e58b09b-0.gif,https://gif.anime2.net/category/%E9%A3%9F%E3%81%B9%E7%89%A9,RuntimeError('HTTP 503'),gif.anime2 実GIFアーカイブ
gif_anime2_0082_00059,gif_anime2,https://gif.anime2.net/wp/wp-content/uploads/2017/03/Gifsmith-176c71e1-20.gif,https://gif.anime2.net/category/%E9%A3%9F%E3%81%B9%E7%89%A9,RuntimeError('HTTP 503'),gif.anime2 実GIFアーカイブ
gif_anime2_0082_00060,gif_anime2,https://gif.anime2.net/wp/wp-content/uploads/2017/03/Gifsmith-806e596a-0.gif,https://gif.anime2.net/category/%E9%A3%9F%E3%81%B9%E7%89%A9,RuntimeError('HTTP 503'),gif.anime2 実GIFアーカイブ
gif_anime2_0082_00061,gif_anime2,https://gif.anime2.net/wp/wp-content/uploads/2017/03/Gifsmith-9d30c869-15.gif,https://gif.anime2.net/category/%E9%A3%9F%E3%81%B9%E7%89%A9,RuntimeError('HTTP 503'),gif.anime2 実GIFアーカイブ
gif_anime2_0083_00001,gif_anime2,https://gif.anime2.net/wp/wp-content/uploads/2018/02/Gifsmith-9df9e441-0-thumb.jpg,https://gif.anime2.net/category/%E7%89%B9%E6%92%AE,RuntimeError('HTTP 503'),gif.anime2 実GIFアーカイブ
gif_anime2_0083_00003,gif_anime2,https://gif.anime2.net/wp/wp-content/uploads/2017/11/Gifsmith-2a7bd88d-0-thumb.jpg,https://gif.anime2.net/category/%E7%89%B9%E6%92%AE,RuntimeError('HTTP 503'),gif.anime2 実GIFアーカイブ
gif_anime2_0083_00004,gif_anime2,https://gif.anime2.net/wp/wp-content/uploads/2017/07/Gifsmith-99fb431e-0-thumb.jpg,https://gif.anime2.net/category/%E7%89%B9%E6%92%AE,RuntimeError('HTTP 503'),gif.anime2 実GIFアーカイブ
gif_anime2_0083_00005,gif_anime2,https://gif.anime2.net/wp/wp-content/uploads/2017/06/Gifsmith-647f308f-0-thumb.jpg,https://gif.anime2.net/category/%E7%89%B9%E6%92%AE,RuntimeError('HTTP 503'),gif.anime2 実GIFアーカイブ
gif_anime2_0083_00006,gif_anime2,https://gif.anime2.net/wp/wp-content/uploads/2017/06/Gifsmith-d94c7125-0-thumb.jpg,https://gif.anime2.net/category/%E7%89%B9%E6%92%AE,RuntimeError('HTTP 503'),gif.anime2 実GIFアーカイブ
gif_anime2_0083_00008,gif_anime2,https://gif.anime2.net/wp/wp-content/uploads/2017/05/Gifsmith-73b88722-0-thumb.jpg,https://gif.anime2.net/category/%E7%89%B9%E6%92%AE,RuntimeError('HTTP 503'),gif.anime2 実GIFアーカイブ
gif_anime2_0083_00007,gif_anime2,https://gif.anime2.net/wp/wp-content/uploads/2017/06/Gifsmith-6a867287-8-thumb.jpg,https://gif.anime2.net/category/%E7%89%B9%E6%92%AE,RuntimeError('HTTP 503'),gif.anime2 実GIFアーカイブ
gif_anime2_0083_00009,gif_anime2,https://gif.anime2.net/wp/wp-content/uploads/2017/04/Gifsmith-567344fc-0-thumb.jpg,https://gif.anime2.net/category/%E7%89%B9%E6%92%AE,RuntimeError('HTTP 503'),gif.anime2 実GIFアーカイブ
gif_anime2_0083_00010,gif_anime2,https://gif.anime2.net/wp/wp-content/uploads/2017/04/Gifsmith-aa5f9f24-0-thumb.jpg,https://gif.anime2.net/category/%E7%89%B9%E6%92%AE,RuntimeError('HTTP 503'),gif.anime2 実GIFアーカイブ
gif_anime2_0083_00013,gif_anime2,https://gif.anime2.net/wp/wp-content/uploads/2017/03/Gifsmith-ceb7e952-0-thumb.jpg,https://gif.anime2.net/category/%E7%89%B9%E6%92%AE,RuntimeError('HTTP 503'),gif.anime2 実GIFアーカイブ
gif_anime2_0083_00011,gif_anime2,https://gif.anime2.net/wp/wp-content/uploads/2017/03/Gifsmith-a3059fb6-0-thumb.jpg,https://gif.anime2.net/category/%E7%89%B9%E6%92%AE,RuntimeError('HTTP 503'),gif.anime2 実GIFアーカイブ
gif_anime2_0083_00012,gif_anime2,https://gif.anime2.net/wp/wp-content/uploads/2017/03/Gifsmith-74cfda05-0-thumb.jpg,https://gif.anime2.net/category/%E7%89%B9%E6%92%AE,RuntimeError('HTTP 503'),gif.anime2 実GIFアーカイブ
gif_anime2_0083_00014,gif_anime2,https://gif.anime2.net/wp/wp-content/uploads/2017/03/Gifsmith-52d8d9be-0-thumb.jpg,https://gif.anime2.net/category/%E7%89%B9%E6%92%AE,RuntimeError('HTTP 503'),gif.anime2 実GIFアーカイブ
gif_anime2_0083_00016,gif_anime2,https://gif.anime2.net/wp/wp-content/uploads/2017/02/Gifsmith-f1efda37-0-thumb.jpg,https://gif.anime2.net/category/%E7%89%B9%E6%92%AE,RuntimeError('HTTP 503'),gif.anime2 実GIFアーカイブ
gif_anime2_0083_00017,gif_anime2,https://gif.anime2.net/wp/wp-content/uploads/2016/12/Gifsmith-df6353e9-0-thumb.jpg,https://gif.anime2.net/category/%E7%89%B9%E6%92%AE,RuntimeError('HTTP 503'),gif.anime2 実GIFアーカイブ
gif_anime2_0083_00015,gif_anime2,https://gif.anime2.net/wp/wp-content/uploads/2017/02/Gifsmith-6e948e53-0-thumb.jpg,https://gif.anime2.net/category/%E7%89%B9%E6%92%AE,RuntimeError('HTTP 503'),gif.anime2 実GIFアーカイブ
gif_anime2_0083_00018,gif_anime2,https://gif.anime2.net/wp/wp-content/uploads/2016/12/Gifsmith-d79a338b-0-thumb.jpg,https://gif.anime2.net/category/%E7%89%B9%E6%92%AE,RuntimeError('HTTP 503'),gif.anime2 実GIFアーカイブ
gif_anime2_0083_00019,gif_anime2,https://gif.anime2.net/wp/wp-content/uploads/2016/12/Gifsmith-d988c7b7-0-thumb.jpg,https://gif.anime2.net/category/%E7%89%B9%E6%92%AE,RuntimeError('HTTP 503'),gif.anime2 実GIFアーカイブ
gif_anime2_0083_00020,gif_anime2,https://gif.anime2.net/wp/wp-content/uploads/2016/12/Gifsmith-0e1f45ec-0-thumb.jpg,https://gif.anime2.net/category/%E7%89%B9%E6%92%AE,RuntimeError('HTTP 503'),gif.anime2 実GIFアーカイブ
gif_anime2_0083_00021,gif_anime2,https://gif.anime2.net/wp/wp-content/uploads/2016/11/Gifsmith-8e081064-0-thumb.jpg,https://gif.anime2.net/category/%E7%89%B9%E6%92%AE,RuntimeError('HTTP 503'),gif.anime2 実GIFアーカイブ
gif_anime2_0083_00041,gif_anime2,https://gif.anime2.net/wp/wp-content/uploads/2018/02/Gifsmith-9df9e441-0.gif,https://gif.anime2.net/category/%E7%89%B9%E6%92%AE,RuntimeError('HTTP 503'),gif.anime2 実GIFアーカイブ
gif_anime2_0083_00043,gif_anime2,https://gif.anime2.net/wp/wp-content/uploads/2017/11/Gifsmith-2a7bd88d-0.gif,https://gif.anime2.net/category/%E7%89%B9%E6%92%AE,RuntimeError('HTTP 503'),gif.anime2 実GIFアーカイブ
gif_anime2_0083_00044,gif_anime2,https://gif.anime2.net/wp/wp-content/uploads/2017/07/Gifsmith-99fb431e-0.gif,https://gif.anime2.net/category/%E7%89%B9%E6%92%AE,RuntimeError('HTTP 503'),gif.anime2 実GIFアーカイブ
gif_anime2_0083_00045,gif_anime2,https://gif.anime2.net/wp/wp-content/uploads/2017/06/Gifsmith-647f308f-0.gif,https://gif.anime2.net/category/%E7%89%B9%E6%92%AE,RuntimeError('HTTP 503'),gif.anime2 実GIFアーカイブ
gif_anime2_0083_00046,gif_anime2,https://gif.anime2.net/wp/wp-content/uploads/2017/06/Gifsmith-d94c7125-0.gif,https://gif.anime2.net/category/%E7%89%B9%E6%92%AE,RuntimeError('HTTP 503'),gif.anime2 実GIFアーカイブ
gif_anime2_0083_00047,gif_anime2,https://gif.anime2.net/wp/wp-content/uploads/2017/06/Gifsmith-6a867287-8.gif,https://gif.anime2.net/category/%E7%89%B9%E6%92%AE,RuntimeError('HTTP 503'),gif.anime2 実GIFアーカイブ
gif_anime2_0083_00049,gif_anime2,https://gif.anime2.net/wp/wp-content/uploads/2017/04/Gifsmith-567344fc-0.gif,https://gif.anime2.net/category/%E7%89%B9%E6%92%AE,RuntimeError('HTTP 503'),gif.anime2 実GIFアーカイブ
gif_anime2_0083_00048,gif_anime2,https://gif.anime2.net/wp/wp-content/uploads/2017/05/Gifsmith-73b88722-0.gif,https://gif.anime2.net/category/%E7%89%B9%E6%92%AE,RuntimeError('HTTP 503'),gif.anime2 実GIFアーカイブ
gif_anime2_0083_00050,gif_anime2,https://gif.anime2.net/wp/wp-content/uploads/2017/04/Gifsmith-aa5f9f24-0.gif,https://gif.anime2.net/category/%E7%89%B9%E6%92%AE,RuntimeError('HTTP 503'),gif.anime2 実GIFアーカイブ
gif_anime2_0083_00052,gif_anime2,https://gif.anime2.net/wp/wp-content/uploads/2017/03/Gifsmith-74cfda05-0.gif,https://gif.anime2.net/category/%E7%89%B9%E6%92%AE,RuntimeError('HTTP 503'),gif.anime2 実GIFアーカイブ
gif_anime2_0083_00054,gif_anime2,https://gif.anime2.net/wp/wp-content/uploads/2017/03/Gifsmith-52d8d9be-0.gif,https://gif.anime2.net/category/%E7%89%B9%E6%92%AE,RuntimeError('HTTP 503'),gif.anime2 実GIFアーカイブ
gif_anime2_0083_00053,gif_anime2,https://gif.anime2.net/wp/wp-content/uploads/2017/03/Gifsmith-ceb7e952-0.gif,https://gif.anime2.net/category/%E7%89%B9%E6%92%AE,RuntimeError('HTTP 503'),gif.anime2 実GIFアーカイブ
gif_anime2_0083_00051,gif_anime2,https://gif.anime2.net/wp/wp-content/uploads/2017/03/Gifsmith-a3059fb6-0.gif,https://gif.anime2.net/category/%E7%89%B9%E6%92%AE,RuntimeError('HTTP 503'),gif.anime2 実GIFアーカイブ
gif_anime2_0083_00056,gif_anime2,https://gif.anime2.net/wp/wp-content/uploads/2017/02/Gifsmith-f1efda37-0.gif,https://gif.anime2.net/category/%E7%89%B9%E6%92%AE,RuntimeError('HTTP 503'),gif.anime2 実GIFアーカイブ
gif_anime2_0083_00057,gif_anime2,https://gif.anime2.net/wp/wp-content/uploads/2016/12/Gifsmith-df6353e9-0.gif,https://gif.anime2.net/category/%E7%89%B9%E6%92%AE,RuntimeError('HTTP 503'),gif.anime2 実GIFアーカイブ
gif_anime2_0083_00055,gif_anime2,https://gif.anime2.net/wp/wp-content/uploads/2017/02/Gifsmith-6e948e53-0.gif,https://gif.anime2.net/category/%E7%89%B9%E6%92%AE,RuntimeError('HTTP 503'),gif.anime2 実GIFアーカイブ
gif_anime2_0083_00058,gif_anime2,https://gif.anime2.net/wp/wp-content/uploads/2016/12/Gifsmith-d79a338b-0.gif,https://gif.anime2.net/category/%E7%89%B9%E6%92%AE,RuntimeError('HTTP 503'),gif.anime2 実GIFアーカイブ
gif_anime2_0083_00060,gif_anime2,https://gif.anime2.net/wp/wp-content/uploads/2016/12/Gifsmith-0e1f45ec-0.gif,https://gif.anime2.net/category/%E7%89%B9%E6%92%AE,RuntimeError('HTTP 503'),gif.anime2 実GIFアーカイブ
gif_anime2_0083_00059,gif_anime2,https://gif.anime2.net/wp/wp-content/uploads/2016/12/Gifsmith-d988c7b7-0.gif,https://gif.anime2.net/category/%E7%89%B9%E6%92%AE,RuntimeError('HTTP 503'),gif.anime2 実GIFアーカイブ
gif_anime2_0083_00061,gif_anime2,https://gif.anime2.net/wp/wp-content/uploads/2016/11/Gifsmith-8e081064-0.gif,https://gif.anime2.net/category/%E7%89%B9%E6%92%AE,RuntimeError('HTTP 503'),gif.anime2 実GIFアーカイブ
gif_anime2_0084_00001,gif_anime2,https://gif.anime2.net/wp/wp-content/uploads/2017/11/Gifsmith-abd92fa8-0-thumb.jpg,https://gif.anime2.net/category/cg,RuntimeError('HTTP 503'),gif.anime2 実GIFアーカイブ
gif_anime2_0084_00004,gif_anime2,https://gif.anime2.net/wp/wp-content/uploads/2017/08/Gifsmith-79aa83c3-0-thumb.jpg,https://gif.anime2.net/category/cg,RuntimeError('HTTP 503'),gif.anime2 実GIFアーカイブ
gif_anime2_0084_00003,gif_anime2,https://gif.anime2.net/wp/wp-content/uploads/2017/08/Gifsmith-a4577139-10-thumb.jpg,https://gif.anime2.net/category/cg,RuntimeError('HTTP 503'),gif.anime2 実GIFアーカイブ
gif_anime2_0084_00007,gif_anime2,https://gif.anime2.net/wp/wp-content/uploads/2017/06/Gifsmith-591f48a0-0-thumb.jpg,https://gif.anime2.net/category/cg,RuntimeError('HTTP 503'),gif.anime2 実GIFアーカイブ
gif_anime2_0084_00006,gif_anime2,https://gif.anime2.net/wp/wp-content/uploads/2017/06/Gifsmith-78738b5e-0-thumb.jpg,https://gif.anime2.net/category/cg,RuntimeError('HTTP 503'),gif.anime2 実GIFアーカイブ
gif_anime2_0084_00008,gif_anime2,https://gif.anime2.net/wp/wp-content/uploads/2017/05/Gifsmith-f81dfc70-0-thumb.jpg,https://gif.anime2.net/category/cg,RuntimeError('HTTP 503'),gif.anime2 実GIFアーカイブ
gif_anime2_0084_00009,gif_anime2,https://gif.anime2.net/wp/wp-content/uploads/2017/03/Gifsmith-38d2ebf8-12-thumb.jpg,https://gif.anime2.net/category/cg,RuntimeError('HTTP 503'),gif.anime2 実GIFアーカイブ
gif_anime2_0084_00010,gif_anime2,https://gif.anime2.net/wp/wp-content/uploads/2017/02/Gifsmith-b1a4c090-0-thumb.jpg,https://gif.anime2.net/category/cg,RuntimeError('HTTP 503'),gif.anime2 実GIFアーカイブ
gif_anime2_0084_00011,gif_anime2,https://gif.anime2.net/wp/wp-content/uploads/2017/01/Gifsmith-8e1b9d76-0-thumb.jpg,https://gif.anime2.net/category/cg,RuntimeError('HTTP 503'),gif.anime2 実GIFアーカイブ
gif_anime2_0084_00012,gif_anime2,https://gif.anime2.net/wp/wp-content/uploads/2016/11/Gifsmith-21cf06c0-9-thumb.jpg,https://gif.anime2.net/category/cg,RuntimeError('HTTP 503'),gif.anime2 実GIFアーカイブ
gif_anime2_0084_00013,gif_anime2,https://gif.anime2.net/wp/wp-content/uploads/2016/11/Gifsmith-ef07be16-0-thumb.jpg,https://gif.anime2.net/category/cg,RuntimeError('HTTP 503'),gif.anime2 実GIFアーカイブ
gif_anime2_0084_00014,gif_anime2,https://gif.anime2.net/wp/wp-content/uploads/2016/11/Gifsmith-46312216-25-thumb.jpg,https://gif.anime2.net/category/cg,RuntimeError('HTTP 503'),gif.anime2 実GIFアーカイブ
gif_anime2_0084_00015,gif_anime2,https://gif.anime2.net/wp/wp-content/uploads/2016/11/Gifsmith-f46a97d6-0-thumb.jpg,https://gif.anime2.net/category/cg,RuntimeError('HTTP 503'),gif.anime2 実GIFアーカイブ
gif_anime2_0084_00018,gif_anime2,https://gif.anime2.net/wp/wp-content/uploads/2016/09/wa8XLF7-thumb.jpg,https://gif.anime2.net/category/cg,RuntimeError('HTTP 503'),gif.anime2 実GIFアーカイブ
gif_anime2_0084_00016,gif_anime2,https://gif.anime2.net/wp/wp-content/uploads/2016/10/Gifsmith-7e95de49-0-thumb.jpg,https://gif.anime2.net/category/cg,RuntimeError('HTTP 503'),gif.anime2 実GIFアーカイブ
gif_anime2_0084_00019,gif_anime2,https://gif.anime2.net/wp/wp-content/uploads/2016/08/Gifsmith-3390645c-10-thumb.jpg,https://gif.anime2.net/category/cg,RuntimeError('HTTP 503'),gif.anime2 実GIFアーカイブ
gif_anime2_0084_00017,gif_anime2,https://gif.anime2.net/wp/wp-content/uploads/2016/10/Gifsmith-dd974ee3-0-thumb.jpg,https://gif.anime2.net/category/cg,RuntimeError('HTTP 503'),gif.anime2 実GIFアーカイブ
gif_anime2_0084_00021,gif_anime2,https://gif.anime2.net/wp/wp-content/uploads/2016/07/3d4e69a9-thumb.jpg,https://gif.anime2.net/category/cg,RuntimeError('HTTP 503'),gif.anime2 実GIFアーカイブ
gif_anime2_0084_00020,gif_anime2,https://gif.anime2.net/wp/wp-content/uploads/2016/08/b8f76ecd-thumb.jpg,https://gif.anime2.net/category/cg,RuntimeError('HTTP 503'),gif.anime2 実GIFアーカイブ
gif_anime2_0084_00044,gif_anime2,https://gif.anime2.net/wp/wp-content/uploads/2017/08/Gifsmith-79aa83c3-0.gif,https://gif.anime2.net/category/cg,RuntimeError('HTTP 503'),gif.anime2 実GIFアーカイブ
gif_anime2_0084_00046,gif_anime2,https://gif.anime2.net/wp/wp-content/uploads/2017/06/Gifsmith-78738b5e-0.gif,https://gif.anime2.net/category/cg,RuntimeError('HTTP 503'),gif.anime2 実GIFアーカイブ
gif_anime2_0084_00047,gif_anime2,https://gif.anime2.net/wp/wp-content/uploads/2017/06/Gifsmith-591f48a0-0.gif,https://gif.anime2.net/category/cg,RuntimeError('HTTP 503'),gif.anime2 実GIFアーカイブ
gif_anime2_0084_00043,gif_anime2,https://gif.anime2.net/wp/wp-content/uploads/2017/08/Gifsmith-a4577139-10.gif,https://gif.anime2.net/category/cg,RuntimeError('HTTP 503'),gif.anime2 実GIFアーカイブ
gif_anime2_0084_00048,gif_anime2,https://gif.anime2.net/wp/wp-content/uploads/2017/05/Gifsmith-f81dfc70-0.gif,https://gif.anime2.net/category/cg,RuntimeError('HTTP 503'),gif.anime2 実GIFアーカイブ
gif_anime2_0084_00050,gif_anime2,https://gif.anime2.net/wp/wp-content/uploads/2017/02/Gifsmith-b1a4c090-0.gif,https://gif.anime2.net/category/cg,RuntimeError('HTTP 503'),gif.anime2 実GIFアーカイブ
gif_anime2_0084_00052,gif_anime2,https://gif.anime2.net/wp/wp-content/uploads/2016/11/Gifsmith-21cf06c0-9.gif,https://gif.anime2.net/category/cg,RuntimeError('HTTP 503'),gif.anime2 実GIFアーカイブ
gif_anime2_0084_00056,gif_anime2,https://gif.anime2.net/wp/wp-content/uploads/2016/10/Gifsmith-7e95de49-0.gif,https://gif.anime2.net/category/cg,RuntimeError('HTTP 503'),gif.anime2 実GIFアーカイブ
gif_anime2_0084_00053,gif_anime2,https://gif.anime2.net/wp/wp-content/uploads/2016/11/Gifsmith-ef07be16-0.gif,https://gif.anime2.net/category/cg,RuntimeError('HTTP 503'),gif.anime2 実GIFアーカイブ
gif_anime2_0084_00054,gif_anime2,https://gif.anime2.net/wp/wp-content/uploads/2016/11/Gifsmith-46312216-25.gif,https://gif.anime2.net/category/cg,RuntimeError('HTTP 503'),gif.anime2 実GIFアーカイブ
gif_anime2_0084_00055,gif_anime2,https://gif.anime2.net/wp/wp-content/uploads/2016/11/Gifsmith-f46a97d6-0.gif,https://gif.anime2.net/category/cg,RuntimeError('HTTP 503'),gif.anime2 実GIFアーカイブ
gif_anime2_0084_00051,gif_anime2,https://gif.anime2.net/wp/wp-content/uploads/2017/01/Gifsmith-8e1b9d76-0.gif,https://gif.anime2.net/category/cg,RuntimeError('HTTP 503'),gif.anime2 実GIFアーカイブ
gif_anime2_0084_00049,gif_anime2,https://gif.anime2.net/wp/wp-content/uploads/2017/03/Gifsmith-38d2ebf8-12.gif,https://gif.anime2.net/category/cg,RuntimeError('HTTP 503'),gif.anime2 実GIFアーカイブ
gif_anime2_0084_00057,gif_anime2,https://gif.anime2.net/wp/wp-content/uploads/2016/10/Gifsmith-dd974ee3-0.gif,https://gif.anime2.net/category/cg,RuntimeError('HTTP 503'),gif.anime2 実GIFアーカイブ
gif_anime2_0084_00059,gif_anime2,https://gif.anime2.net/wp/wp-content/uploads/2016/08/Gifsmith-3390645c-10.gif,https://gif.anime2.net/category/cg,RuntimeError('HTTP 503'),gif.anime2 実GIFアーカイブ
gif_anime2_0084_00058,gif_anime2,https://gif.anime2.net/wp/wp-content/uploads/2016/09/wa8XLF7.gif,https://gif.anime2.net/category/cg,RuntimeError('HTTP 503'),gif.anime2 実GIFアーカイブ
gif_anime2_0084_00060,gif_anime2,https://gif.anime2.net/wp/wp-content/uploads/2016/08/b8f76ecd.gif,https://gif.anime2.net/category/cg,RuntimeError('HTTP 503'),gif.anime2 実GIFアーカイブ
gif_anime2_0084_00061,gif_anime2,https://gif.anime2.net/wp/wp-content/uploads/2016/07/3d4e69a9.gif,https://gif.anime2.net/category/cg,RuntimeError('HTTP 503'),gif.anime2 実GIFアーカイブ
gif_anime2_0085_00001,gif_anime2,https://gif.anime2.net/wp/wp-content/uploads/2017/05/Gifsmith-5f05721c-3-4-thumb.jpg,https://gif.anime2.net/category/%E7%A5%9E%E6%A5%AD,RuntimeError('HTTP 503'),gif.anime2 実GIFアーカイブ
gif_anime2_0085_00004,gif_anime2,https://gif.anime2.net/wp/wp-content/uploads/2016/06/f117602e-thumb.jpg,https://gif.anime2.net/category/%E7%A5%9E%E6%A5%AD,RuntimeError('HTTP 503'),gif.anime2 実GIFアーカイブ
gif_anime2_0085_00003,gif_anime2,https://gif.anime2.net/wp/wp-content/uploads/2016/07/56b8f9cd1563d7d945d5fcd5695cb20789421cc31461810773-thumb.jpg,https://gif.anime2.net/category/%E7%A5%9E%E6%A5%AD,RuntimeError('HTTP 503'),gif.anime2 実GIFアーカイブ
gif_anime2_0085_00005,gif_anime2,https://gif.anime2.net/wp/wp-content/uploads/2016/05/Gifsmith-3406a543-26-thumb.jpg,https://gif.anime2.net/category/%E7%A5%9E%E6%A5%AD,RuntimeError('HTTP 503'),gif.anime2 実GIFアーカイブ
gif_anime2_0085_00006,gif_anime2,https://gif.anime2.net/wp/wp-content/uploads/2016/05/Gifsmith-ebb4ddca-4-thumb.jpg,https://gif.anime2.net/category/%E7%A5%9E%E6%A5%AD,RuntimeError('HTTP 503'),gif.anime2 実GIFアーカイブ
gif_anime2_0085_00008,gif_anime2,https://gif.anime2.net/wp/wp-content/uploads/2016/04/205539662-thumb.jpg,https://gif.anime2.net/category/%E7%A5%9E%E6%A5%AD,RuntimeError('HTTP 503'),gif.anime2 実GIFアーカイブ
gif_anime2_0085_00009,gif_anime2,https://gif.anime2.net/wp/wp-content/uploads/2016/04/c04c9e11e3ad571237a70032-thumb.jpg,https://gif.anime2.net/category/%E7%A5%9E%E6%A5%AD,RuntimeError('HTTP 503'),gif.anime2 実GIFアーカイブ
gif_anime2_0085_00010,gif_anime2,https://gif.anime2.net/wp/wp-content/uploads/2016/04/90bab8d1434e802e9974a4fb-thumb.jpg,https://gif.anime2.net/category/%E7%A5%9E%E6%A5%AD,RuntimeError('HTTP 503'),gif.anime2 実GIFアーカイブ
gif_anime2_0085_00007,gif_anime2,https://gif.anime2.net/wp/wp-content/uploads/2016/05/Gifsmith-cd7b4c1e-0-thumb.jpg,https://gif.anime2.net/category/%E7%A5%9E%E6%A5%AD,RuntimeError('HTTP 503'),gif.anime2 実GIFアーカイブ
gif_anime2_0085_00011,gif_anime2,https://gif.anime2.net/wp/wp-content/uploads/2016/04/9f4a410b8b7399a4205b0505-thumb.jpg,https://gif.anime2.net/category/%E7%A5%9E%E6%A5%AD,RuntimeError('HTTP 503'),gif.anime2 実GIFアーカイブ
gif_anime2_0085_00013,gif_anime2,https://gif.anime2.net/wp/wp-content/uploads/2016/04/530x279xe20007a37445f1e474c88764-thumb.jpg,https://gif.anime2.net/category/%E7%A5%9E%E6%A5%AD,RuntimeError('HTTP 503'),gif.anime2 実GIFアーカイブ
gif_anime2_0085_00012,gif_anime2,https://gif.anime2.net/wp/wp-content/uploads/2016/04/1f71536c703ffcfff70cc829-thumb.jpg,https://gif.anime2.net/category/%E7%A5%9E%E6%A5%AD,RuntimeError('HTTP 503'),gif.anime2 実GIFアーカイブ
gif_anime2_0085_00016,gif_anime2,https://gif.anime2.net/wp/wp-content/uploads/2016/02/fca4c2d3-thumb.jpg,https://gif.anime2.net/category/%E7%A5%9E%E6%A5%AD,RuntimeError('HTTP 503'),gif.anime2 実GIFアーカイブ
gif_anime2_0085_00017,gif_anime2,https://gif.anime2.net/wp/wp-content/uploads/2016/02/7aacad9a-thumb.jpg,https://gif.anime2.net/category/%E7%A5%9E%E6%A5%AD,RuntimeError('HTTP 503'),gif.anime2 実GIFアーカイブ
gif_anime2_0085_00018,gif_anime2,https://gif.anime2.net/wp/wp-content/uploads/2016/02/1912634817-thumb.jpg,https://gif.anime2.net/category/%E7%A5%9E%E6%A5%AD,RuntimeError('HTTP 503'),gif.anime2 実GIFアーカイブ
gif_anime2_0085_00020,gif_anime2,https://gif.anime2.net/wp/wp-content/uploads/2016/02/esp-powers-like-a-boss-thumb.jpg,https://gif.anime2.net/category/%E7%A5%9E%E6%A5%AD,RuntimeError('HTTP 503'),gif.anime2 実GIFアーカイブ
gif_anime2_0085_00015,gif_anime2,https://gif.anime2.net/wp/wp-content/uploads/2016/03/4c7e7c22-thumb.jpg,https://gif.anime2.net/category/%E7%A5%9E%E6%A5%AD,RuntimeError('HTTP 503'),gif.anime2 実GIFアーカイブ
gif_anime2_0085_00021,gif_anime2,https://gif.anime2.net/wp/wp-content/uploads/2016/02/j45stmo-thumb.jpg,https://gif.anime2.net/category/%E7%A5%9E%E6%A5%AD,RuntimeError('HTTP 503'),gif.anime2 実GIFアーカイブ
gif_anime2_0085_00019,gif_anime2,https://gif.anime2.net/wp/wp-content/uploads/2016/02/260278142736f15c3fc237c6ab975524-thumb.jpg,https://gif.anime2.net/category/%E7%A5%9E%E6%A5%AD,RuntimeError('HTTP 503'),gif.anime2 実GIFアーカイブ
gif_anime2_0085_00041,gif_anime2,https://gif.anime2.net/wp/wp-content/uploads/2017/05/Gifsmith-5f05721c-3-4.gif,https://gif.anime2.net/category/%E7%A5%9E%E6%A5%AD,RuntimeError('HTTP 503'),gif.anime2 実GIFアーカイブ
gif_anime2_0085_00043,gif_anime2,https://gif.anime2.net/wp/wp-content/uploads/2016/07/56b8f9cd1563d7d945d5fcd5695cb20789421cc31461810773.gif,https://gif.anime2.net/category/%E7%A5%9E%E6%A5%AD,RuntimeError('HTTP 503'),gif.anime2 実GIFアーカイブ
gif_anime2_0085_00044,gif_anime2,https://gif.anime2.net/wp/wp-content/uploads/2016/06/f117602e.gif,https://gif.anime2.net/category/%E7%A5%9E%E6%A5%AD,RuntimeError('HTTP 503'),gif.anime2 実GIFアーカイブ
gif_anime2_0085_00045,gif_anime2,https://gif.anime2.net/wp/wp-content/uploads/2016/05/Gifsmith-3406a543-26.gif,https://gif.anime2.net/category/%E7%A5%9E%E6%A5%AD,RuntimeError('HTTP 503'),gif.anime2 実GIFアーカイブ
gif_anime2_0085_00046,gif_anime2,https://gif.anime2.net/wp/wp-content/uploads/2016/05/Gifsmith-ebb4ddca-4.gif,https://gif.anime2.net/category/%E7%A5%9E%E6%A5%AD,RuntimeError('HTTP 503'),gif.anime2 実GIFアーカイブ
gif_anime2_0085_00047,gif_anime2,https://gif.anime2.net/wp/wp-content/uploads/2016/05/Gifsmith-cd7b4c1e-0.gif,https://gif.anime2.net/category/%E7%A5%9E%E6%A5%AD,RuntimeError('HTTP 503'),gif.anime2 実GIFアーカイブ
gif_anime2_0085_00048,gif_anime2,https://gif.anime2.net/wp/wp-content/uploads/2016/04/205539662.gif,https://gif.anime2.net/category/%E7%A5%9E%E6%A5%AD,RuntimeError('HTTP 503'),gif.anime2 実GIFアーカイブ
gif_anime2_0085_00049,gif_anime2,https://gif.anime2.net/wp/wp-content/uploads/2016/04/c04c9e11e3ad571237a70032.gif,https://gif.anime2.net/category/%E7%A5%9E%E6%A5%AD,RuntimeError('HTTP 503'),gif.anime2 実GIFアーカイブ
gif_anime2_0085_00050,gif_anime2,https://gif.anime2.net/wp/wp-content/uploads/2016/04/90bab8d1434e802e9974a4fb.gif,https://gif.anime2.net/category/%E7%A5%9E%E6%A5%AD,RuntimeError('HTTP 503'),gif.anime2 実GIFアーカイブ
gif_anime2_0085_00052,gif_anime2,https://gif.anime2.net/wp/wp-content/uploads/2016/04/1f71536c703ffcfff70cc829.gif,https://gif.anime2.net/category/%E7%A5%9E%E6%A5%AD,RuntimeError('HTTP 503'),gif.anime2 実GIFアーカイブ
gif_anime2_0085_00051,gif_anime2,https://gif.anime2.net/wp/wp-content/uploads/2016/04/9f4a410b8b7399a4205b0505.gif,https://gif.anime2.net/category/%E7%A5%9E%E6%A5%AD,RuntimeError('HTTP 503'),gif.anime2 実GIFアーカイブ
gif_anime2_0085_00053,gif_anime2,https://gif.anime2.net/wp/wp-content/uploads/2016/04/530x279xe20007a37445f1e474c88764.gif,https://gif.anime2.net/category/%E7%A5%9E%E6%A5%AD,RuntimeError('HTTP 503'),gif.anime2 実GIFアーカイブ
gif_anime2_0085_00055,gif_anime2,https://gif.anime2.net/wp/wp-content/uploads/2016/03/4c7e7c22.gif,https://gif.anime2.net/category/%E7%A5%9E%E6%A5%AD,RuntimeError('HTTP 503'),gif.anime2 実GIFアーカイブ
gif_anime2_0085_00056,gif_anime2,https://gif.anime2.net/wp/wp-content/uploads/2016/02/fca4c2d3.gif,https://gif.anime2.net/category/%E7%A5%9E%E6%A5%AD,RuntimeError('HTTP 503'),gif.anime2 実GIFアーカイブ
gif_anime2_0085_00058,gif_anime2,https://gif.anime2.net/wp/wp-content/uploads/2016/02/1912634817.gif,https://gif.anime2.net/category/%E7%A5%9E%E6%A5%AD,RuntimeError('HTTP 503'),gif.anime2 実GIFアーカイブ
gif_anime2_0085_00057,gif_anime2,https://gif.anime2.net/wp/wp-content/uploads/2016/02/7aacad9a.gif,https://gif.anime2.net/category/%E7%A5%9E%E6%A5%AD,RuntimeError('HTTP 503'),gif.anime2 実GIFアーカイブ
gif_anime2_0085_00060,gif_anime2,https://gif.anime2.net/wp/wp-content/uploads/2016/02/esp-powers-like-a-boss.gif,https://gif.anime2.net/category/%E7%A5%9E%E6%A5%AD,RuntimeError('HTTP 503'),gif.anime2 実GIFアーカイブ
gif_anime2_0085_00059,gif_anime2,https://gif.anime2.net/wp/wp-content/uploads/2016/02/260278142736f15c3fc237c6ab975524.gif,https://gif.anime2.net/category/%E7%A5%9E%E6%A5%AD,RuntimeError('HTTP 503'),gif.anime2 実GIFアーカイブ
gif_anime2_0085_00061,gif_anime2,https://gif.anime2.net/wp/wp-content/uploads/2016/02/j45stmo.gif,https://gif.anime2.net/category/%E7%A5%9E%E6%A5%AD,RuntimeError('HTTP 503'),gif.anime2 実GIFアーカイブ
gif_anime2_0086_00001,gif_anime2,https://gif.anime2.net/wp/wp-content/uploads/2017/03/Gifsmith-27a8824b-9-thumb.jpg,https://gif.anime2.net/category/%E5%AE%9A%E7%95%AA,RuntimeError('HTTP 503'),gif.anime2 実GIFアーカイブ
gif_anime2_0086_00003,gif_anime2,https://gif.anime2.net/wp/wp-content/uploads/2017/02/Gifsmith-1aefd310-22-thumb.jpg,https://gif.anime2.net/category/%E5%AE%9A%E7%95%AA,RuntimeError('HTTP 503'),gif.anime2 実GIFアーカイブ
gif_anime2_0086_00004,gif_anime2,https://gif.anime2.net/wp/wp-content/uploads/2017/01/Gifsmith-f3ccb681-3-thumb.jpg,https://gif.anime2.net/category/%E5%AE%9A%E7%95%AA,RuntimeError('HTTP 503'),gif.anime2 実GIFアーカイブ
gif_anime2_0086_00005,gif_anime2,https://gif.anime2.net/wp/wp-content/uploads/2016/12/Gifsmith-05c3311a-6-thumb.jpg,https://gif.anime2.net/category/%E5%AE%9A%E7%95%AA,RuntimeError('HTTP 503'),gif.anime2 実GIFアーカイブ
gif_anime2_0086_00007,gif_anime2,https://gif.anime2.net/wp/wp-content/uploads/2016/10/Gifsmith-2210524a-0-thumb.jpg,https://gif.anime2.net/category/%E5%AE%9A%E7%95%AA,RuntimeError('HTTP 503'),gif.anime2 実GIFアーカイブ
gif_anime2_0086_00008,gif_anime2,https://gif.anime2.net/wp/wp-content/uploads/2016/10/Gifsmith-7d37f1df-5-thumb.jpg,https://gif.anime2.net/category/%E5%AE%9A%E7%95%AA,RuntimeError('HTTP 503'),gif.anime2 実GIFアーカイブ
gif_anime2_0086_00006,gif_anime2,https://gif.anime2.net/wp/wp-content/uploads/2016/12/Gifsmith-ab3ce643-27-thumb.jpg,https://gif.anime2.net/category/%E5%AE%9A%E7%95%AA,RuntimeError('HTTP 503'),gif.anime2 実GIFアーカイブ
gif_anime2_0086_00009,gif_anime2,https://gif.anime2.net/wp/wp-content/uploads/2016/09/Gifsmith-3019f422-17-thumb.jpg,https://gif.anime2.net/category/%E5%AE%9A%E7%95%AA,RuntimeError('HTTP 503'),gif.anime2 実GIFアーカイブ
gif_anime2_0086_00012,gif_anime2,https://gif.anime2.net/wp/wp-content/uploads/2016/07/8189ae55-thumb.jpg,https://gif.anime2.net/category/%E5%AE%9A%E7%95%AA,RuntimeError('HTTP 503'),gif.anime2 実GIFアーカイブ
gif_anime2_0086_00011,gif_anime2,https://gif.anime2.net/wp/wp-content/uploads/2016/08/Gifsmith-6b8d9bbb-13-thumb.jpg,https://gif.anime2.net/category/%E5%AE%9A%E7%95%AA,RuntimeError('HTTP 503'),gif.anime2 実GIFアーカイブ
gif_anime2_0086_00010,gif_anime2,https://gif.anime2.net/wp/wp-content/uploads/2016/09/Gifsmith-da804d20-25-thumb.jpg,https://gif.anime2.net/category/%E5%AE%9A%E7%95%AA,RuntimeError('HTTP 503'),gif.anime2 実GIFアーカイブ
gif_anime2_0086_00013,gif_anime2,https://gif.anime2.net/wp/wp-content/uploads/2016/07/Gifsmith-f57eb2cf-9-thumb.jpg,https://gif.anime2.net/category/%E5%AE%9A%E7%95%AA,RuntimeError('HTTP 503'),gif.anime2 実GIFアーカイブ
gif_anime2_0086_00015,gif_anime2,https://gif.anime2.net/wp/wp-content/uploads/2016/06/Gifsmith-7cfe4bd4-0-thumb.jpg,https://gif.anime2.net/category/%E5%AE%9A%E7%95%AA,RuntimeError('HTTP 503'),gif.anime2 実GIFアーカイブ
gif_anime2_0086_00016,gif_anime2,https://gif.anime2.net/wp/wp-content/uploads/2016/05/523953967-thumb.jpg,https://gif.anime2.net/category/%E5%AE%9A%E7%95%AA,RuntimeError('HTTP 503'),gif.anime2 実GIFアーカイブ
gif_anime2_0086_00017,gif_anime2,https://gif.anime2.net/wp/wp-content/uploads/2016/04/f889c4638ca774a1e78f304b-thumb.jpg,https://gif.anime2.net/category/%E5%AE%9A%E7%95%AA,RuntimeError('HTTP 503'),gif.anime2 実GIFアーカイブ
gif_anime2_0086_00019,gif_anime2,https://gif.anime2.net/wp/wp-content/uploads/2015/12/49417813-thumb.jpg,https://gif.anime2.net/category/%E5%AE%9A%E7%95%AA,RuntimeError('HTTP 503'),gif.anime2 実GIFアーカイブ
gif_anime2_0086_00018,gif_anime2,https://gif.anime2.net/wp/wp-content/uploads/2016/03/4281388579-thumb.jpg,https://gif.anime2.net/category/%E5%AE%9A%E7%95%AA,RuntimeError('HTTP 503'),gif.anime2 実GIFアーカイブ
gif_anime2_0086_00039,gif_anime2,https://gif.anime2.net/wp/wp-content/uploads/2017/03/Gifsmith-27a8824b-9.gif,https://gif.anime2.net/category/%E5%AE%9A%E7%95%AA,RuntimeError('HTTP 503'),gif.anime2 実GIFアーカイブ
gif_anime2_0086_00041,gif_anime2,https://gif.anime2.net/wp/wp-content/uploads/2017/02/Gifsmith-1aefd310-22.gif,https://gif.anime2.net/category/%E5%AE%9A%E7%95%AA,RuntimeError('HTTP 503'),gif.anime2 実GIFアーカイブ
gif_anime2_0086_00042,gif_anime2,https://gif.anime2.net/wp/wp-content/uploads/2017/01/Gifsmith-f3ccb681-3.gif,https://gif.anime2.net/category/%E5%AE%9A%E7%95%AA,RuntimeError('HTTP 503'),gif.anime2 実GIFアーカイブ
gif_anime2_0086_00044,gif_anime2,https://gif.anime2.net/wp/wp-content/uploads/2016/12/Gifsmith-ab3ce643-27.gif,https://gif.anime2.net/category/%E5%AE%9A%E7%95%AA,RuntimeError('HTTP 503'),gif.anime2 実GIFアーカイブ
gif_anime2_0086_00043,gif_anime2,https://gif.anime2.net/wp/wp-content/uploads/2016/12/Gifsmith-05c3311a-6.gif,https://gif.anime2.net/category/%E5%AE%9A%E7%95%AA,RuntimeError('HTTP 503'),gif.anime2 実GIFアーカイブ
gif_anime2_0086_00045,gif_anime2,https://gif.anime2.net/wp/wp-content/uploads/2016/10/Gifsmith-2210524a-0.gif,https://gif.anime2.net/category/%E5%AE%9A%E7%95%AA,RuntimeError('HTTP 503'),gif.anime2 実GIFアーカイブ
gif_anime2_0086_00046,gif_anime2,https://gif.anime2.net/wp/wp-content/uploads/2016/10/Gifsmith-7d37f1df-5.gif,https://gif.anime2.net/category/%E5%AE%9A%E7%95%AA,RuntimeError('HTTP 503'),gif.anime2 実GIFアーカイブ
gif_anime2_0086_00047,gif_anime2,https://gif.anime2.net/wp/wp-content/uploads/2016/09/Gifsmith-3019f422-17.gif,https://gif.anime2.net/category/%E5%AE%9A%E7%95%AA,RuntimeError('HTTP 503'),gif.anime2 実GIFアーカイブ
gif_anime2_0086_00048,gif_anime2,https://gif.anime2.net/wp/wp-content/uploads/2016/09/Gifsmith-da804d20-25.gif,https://gif.anime2.net/category/%E5%AE%9A%E7%95%AA,RuntimeError('HTTP 503'),gif.anime2 実GIFアーカイブ
gif_anime2_0086_00049,gif_anime2,https://gif.anime2.net/wp/wp-content/uploads/2016/08/Gifsmith-6b8d9bbb-13.gif,https://gif.anime2.net/category/%E5%AE%9A%E7%95%AA,RuntimeError('HTTP 503'),gif.anime2 実GIFアーカイブ
gif_anime2_0086_00050,gif_anime2,https://gif.anime2.net/wp/wp-content/uploads/2016/07/8189ae55.gif,https://gif.anime2.net/category/%E5%AE%9A%E7%95%AA,RuntimeError('HTTP 503'),gif.anime2 実GIFアーカイブ
gif_anime2_0086_00054,gif_anime2,https://gif.anime2.net/wp/wp-content/uploads/2016/05/523953967.gif,https://gif.anime2.net/category/%E5%AE%9A%E7%95%AA,RuntimeError('HTTP 503'),gif.anime2 実GIFアーカイブ
gif_anime2_0086_00053,gif_anime2,https://gif.anime2.net/wp/wp-content/uploads/2016/06/Gifsmith-7cfe4bd4-0.gif,https://gif.anime2.net/category/%E5%AE%9A%E7%95%AA,RuntimeError('HTTP 503'),gif.anime2 実GIFアーカイブ
gif_anime2_0086_00055,gif_anime2,https://gif.anime2.net/wp/wp-content/uploads/2016/04/f889c4638ca774a1e78f304b.gif,https://gif.anime2.net/category/%E5%AE%9A%E7%95%AA,RuntimeError('HTTP 503'),gif.anime2 実GIFアーカイブ
gif_anime2_0086_00056,gif_anime2,https://gif.anime2.net/wp/wp-content/uploads/2016/03/4281388579.gif,https://gif.anime2.net/category/%E5%AE%9A%E7%95%AA,RuntimeError('HTTP 503'),gif.anime2 実GIFアーカイブ
gif_anime2_0086_00051,gif_anime2,https://gif.anime2.net/wp/wp-content/uploads/2016/07/Gifsmith-f57eb2cf-9.gif,https://gif.anime2.net/category/%E5%AE%9A%E7%95%AA,RuntimeError('HTTP 503'),gif.anime2 実GIFアーカイブ
gif_anime2_0086_00057,gif_anime2,https://gif.anime2.net/wp/wp-content/uploads/2015/12/49417813.gif,https://gif.anime2.net/category/%E5%AE%9A%E7%95%AA,RuntimeError('HTTP 503'),gif.anime2 実GIFアーカイブ
gif_anime2_0087_00001,gif_anime2,https://gif.anime2.net/wp/wp-content/uploads/2018/01/Gifsmith-0e837270-0-thumb.jpg,https://gif.anime2.net/category/%E5%AE%87%E5%AE%99,RuntimeError('HTTP 503'),gif.anime2 実GIFアーカイブ
gif_anime2_0087_00004,gif_anime2,https://gif.anime2.net/wp/wp-content/uploads/2017/08/Gifsmith-603982d5-18-thumb.jpg,https://gif.anime2.net/category/%E5%AE%87%E5%AE%99,RuntimeError('HTTP 503'),gif.anime2 実GIFアーカイブ
gif_anime2_0087_00006,gif_anime2,https://gif.anime2.net/wp/wp-content/uploads/2016/09/wpid-387520main_92_80_1-334x312-thumb.jpg,https://gif.anime2.net/category/%E5%AE%87%E5%AE%99,RuntimeError('HTTP 503'),gif.anime2 実GIFアーカイブ
gif_anime2_0087_00005,gif_anime2,https://gif.anime2.net/wp/wp-content/uploads/2016/09/Gifsmith-4c834071-0-thumb.jpg,https://gif.anime2.net/category/%E5%AE%87%E5%AE%99,RuntimeError('HTTP 503'),gif.anime2 実GIFアーカイブ
gif_anime2_0087_00007,gif_anime2,https://gif.anime2.net/wp/wp-content/uploads/2016/05/Gifsmith-88fbf580-0-thumb.jpg,https://gif.anime2.net/category/%E5%AE%87%E5%AE%99,RuntimeError('HTTP 503'),gif.anime2 実GIFアーカイブ
gif_anime2_0087_00008,gif_anime2,https://gif.anime2.net/wp/wp-content/uploads/2016/05/Gifsmith-774d1bce-3-thumb.jpg,https://gif.anime2.net/category/%E5%AE%87%E5%AE%99,RuntimeError('HTTP 503'),gif.anime2 実GIFアーカイブ
gif_anime2_0087_00009,gif_anime2,https://gif.anime2.net/wp/wp-content/uploads/2016/05/Gifsmith-4579d427-0-thumb.jpg,https://gif.anime2.net/category/%E5%AE%87%E5%AE%99,RuntimeError('HTTP 503'),gif.anime2 実GIFアーカイブ
gif_anime2_0087_00010,gif_anime2,https://gif.anime2.net/wp/wp-content/uploads/2016/04/1ca82375f0f644329a2e990a-thumb.jpg,https://gif.anime2.net/category/%E5%AE%87%E5%AE%99,RuntimeError('HTTP 503'),gif.anime2 実GIFアーカイブ
gif_anime2_0087_00011,gif_anime2,https://gif.anime2.net/wp/wp-content/uploads/2016/04/8de7e7750e296aec24f684a4-thumb.jpg,https://gif.anime2.net/category/%E5%AE%87%E5%AE%99,RuntimeError('HTTP 503'),gif.anime2 実GIFアーカイブ
gif_anime2_0087_00013,gif_anime2,https://gif.anime2.net/wp/wp-content/uploads/2016/03/177209613-thumb.jpg,https://gif.anime2.net/category/%E5%AE%87%E5%AE%99,RuntimeError('HTTP 503'),gif.anime2 実GIFアーカイブ
gif_anime2_0087_00012,gif_anime2,https://gif.anime2.net/wp/wp-content/uploads/2016/03/89ff0a0e-thumb.jpg,https://gif.anime2.net/category/%E5%AE%87%E5%AE%99,RuntimeError('HTTP 503'),gif.anime2 実GIFアーカイブ
gif_anime2_0087_00014,gif_anime2,https://gif.anime2.net/wp/wp-content/uploads/2016/02/tumblr_inline_o2e9qmL5Sx1tzhl5u_500-thumb.jpg,https://gif.anime2.net/category/%E5%AE%87%E5%AE%99,RuntimeError('HTTP 503'),gif.anime2 実GIFアーカイブ
gif_anime2_0087_00015,gif_anime2,https://gif.anime2.net/wp/wp-content/uploads/2016/01/deba57b5-thumb.jpg,https://gif.anime2.net/category/%E5%AE%87%E5%AE%99,RuntimeError('HTTP 503'),gif.anime2 実GIFアーカイブ
gif_anime2_0087_00016,gif_anime2,https://gif.anime2.net/wp/wp-content/uploads/2016/01/1ySDi-thumb.jpg,https://gif.anime2.net/category/%E5%AE%87%E5%AE%99,RuntimeError('HTTP 503'),gif.anime2 実GIFアーカイブ
gif_anime2_0087_00037,gif_anime2,https://gif.anime2.net/wp/wp-content/uploads/2018/01/Gifsmith-0e837270-0.gif,https://gif.anime2.net/category/%E5%AE%87%E5%AE%99,RuntimeError('HTTP 503'),gif.anime2 実GIFアーカイブ
gif_anime2_0087_00017,gif_anime2,https://gif.anime2.net/wp/wp-content/uploads/2015/12/MeatyImperturbableCattle-thumb.jpg,https://gif.anime2.net/category/%E5%AE%87%E5%AE%99,RuntimeError('HTTP 503'),gif.anime2 実GIFアーカイブ
gif_anime2_0087_00040,gif_anime2,https://gif.anime2.net/wp/wp-content/uploads/2017/08/Gifsmith-603982d5-18.gif,https://gif.anime2.net/category/%E5%AE%87%E5%AE%99,RuntimeError('HTTP 503'),gif.anime2 実GIFアーカイブ
gif_anime2_0087_00042,gif_anime2,https://gif.anime2.net/wp/wp-content/uploads/2016/09/wpid-387520main_92_80_1-334x312.gif,https://gif.anime2.net/category/%E5%AE%87%E5%AE%99,RuntimeError('HTTP 503'),gif.anime2 実GIFアーカイブ
gif_anime2_0087_00041,gif_anime2,https://gif.anime2.net/wp/wp-content/uploads/2016/09/Gifsmith-4c834071-0.gif,https://gif.anime2.net/category/%E5%AE%87%E5%AE%99,RuntimeError('HTTP 503'),gif.anime2 実GIFアーカイブ
gif_anime2_0087_00044,gif_anime2,https://gif.anime2.net/wp/wp-content/uploads/2016/05/Gifsmith-774d1bce-3.gif,https://gif.anime2.net/category/%E5%AE%87%E5%AE%99,RuntimeError('HTTP 503'),gif.anime2 実GIFアーカイブ
gif_anime2_0087_00045,gif_anime2,https://gif.anime2.net/wp/wp-content/uploads/2016/05/Gifsmith-4579d427-0.gif,https://gif.anime2.net/category/%E5%AE%87%E5%AE%99,RuntimeError('HTTP 503'),gif.anime2 実GIFアーカイブ
gif_anime2_0087_00046,gif_anime2,https://gif.anime2.net/wp/wp-content/uploads/2016/05/Gifsmith-2e051360-0.gif,https://gif.anime2.net/category/%E5%AE%87%E5%AE%99,RuntimeError('HTTP 503'),gif.anime2 実GIFアーカイブ
gif_anime2_0087_00043,gif_anime2,https://gif.anime2.net/wp/wp-content/uploads/2016/05/Gifsmith-88fbf580-0.gif,https://gif.anime2.net/category/%E5%AE%87%E5%AE%99,RuntimeError('HTTP 503'),gif.anime2 実GIFアーカイブ
gif_anime2_0087_00047,gif_anime2,https://gif.anime2.net/wp/wp-content/uploads/2016/04/1ca82375f0f644329a2e990a.gif,https://gif.anime2.net/category/%E5%AE%87%E5%AE%99,RuntimeError('HTTP 503'),gif.anime2 実GIFアーカイブ
gif_anime2_0087_00048,gif_anime2,https://gif.anime2.net/wp/wp-content/uploads/2016/04/8de7e7750e296aec24f684a4.gif,https://gif.anime2.net/category/%E5%AE%87%E5%AE%99,RuntimeError('HTTP 503'),gif.anime2 実GIFアーカイブ
gif_anime2_0087_00049,gif_anime2,https://gif.anime2.net/wp/wp-content/uploads/2016/03/89ff0a0e.gif,https://gif.anime2.net/category/%E5%AE%87%E5%AE%99,RuntimeError('HTTP 503'),gif.anime2 実GIFアーカイブ
gif_anime2_0087_00050,gif_anime2,https://gif.anime2.net/wp/wp-content/uploads/2016/03/177209613.gif,https://gif.anime2.net/category/%E5%AE%87%E5%AE%99,RuntimeError('HTTP 503'),gif.anime2 実GIFアーカイブ
gif_anime2_0087_00052,gif_anime2,https://gif.anime2.net/wp/wp-content/uploads/2016/01/deba57b5.gif,https://gif.anime2.net/category/%E5%AE%87%E5%AE%99,RuntimeError('HTTP 503'),gif.anime2 実GIFアーカイブ
gif_anime2_0087_00053,gif_anime2,https://gif.anime2.net/wp/wp-content/uploads/2016/01/1ySDi.gif,https://gif.anime2.net/category/%E5%AE%87%E5%AE%99,RuntimeError('HTTP 503'),gif.anime2 実GIFアーカイブ
gif_anime2_0087_00051,gif_anime2,https://gif.anime2.net/wp/wp-content/uploads/2016/02/tumblr_inline_o2e9qmL5Sx1tzhl5u_500.gif,https://gif.anime2.net/category/%E5%AE%87%E5%AE%99,RuntimeError('HTTP 503'),gif.anime2 実GIFアーカイブ
gif_anime2_0087_00054,gif_anime2,https://gif.anime2.net/wp/wp-content/uploads/2015/12/MeatyImperturbableCattle.gif,https://gif.anime2.net/category/%E5%AE%87%E5%AE%99,RuntimeError('HTTP 503'),gif.anime2 実GIFアーカイブ
gif_anime2_0088_00001,gif_anime2,https://gif.anime2.net/wp/wp-content/uploads/2018/04/Gifsmith-9501bc98-0-thumb.jpg,https://gif.anime2.net/category/%E6%94%BF%E6%B2%BB,RuntimeError('HTTP 503'),gif.anime2 実GIFアーカイブ
gif_anime2_0088_00003,gif_anime2,https://gif.anime2.net/wp/wp-content/uploads/2018/04/Gifsmith-9955811e-0-thumb.jpg,https://gif.anime2.net/category/%E6%94%BF%E6%B2%BB,RuntimeError('HTTP 503'),gif.anime2 実GIFアーカイブ
gif_anime2_0088_00004,gif_anime2,https://gif.anime2.net/wp/wp-content/uploads/2018/01/Gifsmith-03202930-0-thumb.jpg,https://gif.anime2.net/category/%E6%94%BF%E6%B2%BB,RuntimeError('HTTP 503'),gif.anime2 実GIFアーカイブ
gif_anime2_0088_00005,gif_anime2,https://gif.anime2.net/wp/wp-content/uploads/2017/06/Gifsmith-7cbf11f1-0-thumb.jpg,https://gif.anime2.net/category/%E6%94%BF%E6%B2%BB,RuntimeError('HTTP 503'),gif.anime2 実GIFアーカイブ
gif_anime2_0088_00006,gif_anime2,https://gif.anime2.net/wp/wp-content/uploads/2017/01/Gifsmith-7e826e34-0-thumb.jpg,https://gif.anime2.net/category/%E6%94%BF%E6%B2%BB,RuntimeError('HTTP 503'),gif.anime2 実GIFアーカイブ
gif_anime2_0088_00007,gif_anime2,https://gif.anime2.net/wp/wp-content/uploads/2016/12/Gifsmith-dba19fcd-0-thumb.jpg,https://gif.anime2.net/category/%E6%94%BF%E6%B2%BB,RuntimeError('HTTP 503'),gif.anime2 実GIFアーカイブ
gif_anime2_0088_00008,gif_anime2,https://gif.anime2.net/wp/wp-content/uploads/2016/10/Gifsmith-b385f13c-21-thumb.jpg,https://gif.anime2.net/category/%E6%94%BF%E6%B2%BB,RuntimeError('HTTP 503'),gif.anime2 実GIFアーカイブ
gif_anime2_0088_00010,gif_anime2,https://gif.anime2.net/wp/wp-content/uploads/2016/04/191eaebb0ce817c83285d0ae-thumb.jpg,https://gif.anime2.net/category/%E6%94%BF%E6%B2%BB,RuntimeError('HTTP 503'),gif.anime2 実GIFアーカイブ
gif_anime2_0088_00009,gif_anime2,https://gif.anime2.net/wp/wp-content/uploads/2016/08/Gifsmith-b25df2ab-12-thumb.jpg,https://gif.anime2.net/category/%E6%94%BF%E6%B2%BB,RuntimeError('HTTP 503'),gif.anime2 実GIFアーカイブ
gif_anime2_0088_00012,gif_anime2,https://gif.anime2.net/wp/wp-content/uploads/2016/04/21f403d1-thumb.jpg,https://gif.anime2.net/category/%E6%94%BF%E6%B2%BB,RuntimeError('HTTP 503'),gif.anime2 実GIFアーカイブ
gif_anime2_0088_00011,gif_anime2,https://gif.anime2.net/wp/wp-content/uploads/2016/04/47fc11ea-thumb.jpg,https://gif.anime2.net/category/%E6%94%BF%E6%B2%BB,RuntimeError('HTTP 503'),gif.anime2 実GIFアーカイブ
gif_anime2_0088_00014,gif_anime2,https://gif.anime2.net/wp/wp-content/uploads/2016/02/94e06e0b9b52e4f1ba5d55d1d4bd1e24f-thumb.jpg,https://gif.anime2.net/category/%E6%94%BF%E6%B2%BB,RuntimeError('HTTP 503'),gif.anime2 実GIFアーカイブ
gif_anime2_0088_00015,gif_anime2,https://gif.anime2.net/wp/wp-content/uploads/2016/01/ac07e603-thumb.jpg,https://gif.anime2.net/category/%E6%94%BF%E6%B2%BB,RuntimeError('HTTP 503'),gif.anime2 実GIFアーカイブ
gif_anime2_0088_00013,gif_anime2,https://gif.anime2.net/wp/wp-content/uploads/2016/02/06b7dd73-thumb.jpg,https://gif.anime2.net/category/%E6%94%BF%E6%B2%BB,RuntimeError('HTTP 503'),gif.anime2 実GIFアーカイブ
gif_anime2_0088_00016,gif_anime2,https://gif.anime2.net/wp/wp-content/uploads/2016/01/58a9a7bf-thumb.jpg,https://gif.anime2.net/category/%E6%94%BF%E6%B2%BB,RuntimeError('HTTP 503'),gif.anime2 実GIFアーカイブ
gif_anime2_0088_00036,gif_anime2,https://gif.anime2.net/wp/wp-content/uploads/2018/04/Gifsmith-9501bc98-0.gif,https://gif.anime2.net/category/%E6%94%BF%E6%B2%BB,RuntimeError('HTTP 503'),gif.anime2 実GIFアーカイブ
gif_anime2_0088_00038,gif_anime2,https://gif.anime2.net/wp/wp-content/uploads/2018/04/Gifsmith-9955811e-0.gif,https://gif.anime2.net/category/%E6%94%BF%E6%B2%BB,RuntimeError('HTTP 503'),gif.anime2 実GIFアーカイブ
gif_anime2_0088_00039,gif_anime2,https://gif.anime2.net/wp/wp-content/uploads/2018/01/Gifsmith-03202930-0.gif,https://gif.anime2.net/category/%E6%94%BF%E6%B2%BB,RuntimeError('HTTP 503'),gif.anime2 実GIFアーカイブ
gif_anime2_0088_00040,gif_anime2,https://gif.anime2.net/wp/wp-content/uploads/2017/06/Gifsmith-7cbf11f1-0.gif,https://gif.anime2.net/category/%E6%94%BF%E6%B2%BB,RuntimeError('HTTP 503'),gif.anime2 実GIFアーカイブ
gif_anime2_0088_00041,gif_anime2,https://gif.anime2.net/wp/wp-content/uploads/2017/01/Gifsmith-7e826e34-0.gif,https://gif.anime2.net/category/%E6%94%BF%E6%B2%BB,RuntimeError('HTTP 503'),gif.anime2 実GIFアーカイブ
gif_anime2_0088_00042,gif_anime2,https://gif.anime2.net/wp/wp-content/uploads/2016/12/Gifsmith-dba19fcd-0.gif,https://gif.anime2.net/category/%E6%94%BF%E6%B2%BB,RuntimeError('HTTP 503'),gif.anime2 実GIFアーカイブ
gif_anime2_0088_00043,gif_anime2,https://gif.anime2.net/wp/wp-content/uploads/2016/10/Gifsmith-b385f13c-21.gif,https://gif.anime2.net/category/%E6%94%BF%E6%B2%BB,RuntimeError('HTTP 503'),gif.anime2 実GIFアーカイブ
gif_anime2_0088_00044,gif_anime2,https://gif.anime2.net/wp/wp-content/uploads/2016/08/Gifsmith-b25df2ab-12.gif,https://gif.anime2.net/category/%E6%94%BF%E6%B2%BB,RuntimeError('HTTP 503'),gif.anime2 実GIFアーカイブ
gif_anime2_0088_00045,gif_anime2,https://gif.anime2.net/wp/wp-content/uploads/2016/04/191eaebb0ce817c83285d0ae.gif,https://gif.anime2.net/category/%E6%94%BF%E6%B2%BB,RuntimeError('HTTP 503'),gif.anime2 実GIFアーカイブ
gif_anime2_0088_00047,gif_anime2,https://gif.anime2.net/wp/wp-content/uploads/2016/04/21f403d1.gif,https://gif.anime2.net/category/%E6%94%BF%E6%B2%BB,RuntimeError('HTTP 503'),gif.anime2 実GIFアーカイブ
gif_anime2_0088_00046,gif_anime2,https://gif.anime2.net/wp/wp-content/uploads/2016/04/47fc11ea.gif,https://gif.anime2.net/category/%E6%94%BF%E6%B2%BB,RuntimeError('HTTP 503'),gif.anime2 実GIFアーカイブ
gif_anime2_0088_00048,gif_anime2,https://gif.anime2.net/wp/wp-content/uploads/2016/02/06b7dd73.gif,https://gif.anime2.net/category/%E6%94%BF%E6%B2%BB,RuntimeError('HTTP 503'),gif.anime2 実GIFアーカイブ
gif_anime2_0088_00049,gif_anime2,https://gif.anime2.net/wp/wp-content/uploads/2016/02/94e06e0b9b52e4f1ba5d55d1d4bd1e24f.gif,https://gif.anime2.net/category/%E6%94%BF%E6%B2%BB,RuntimeError('HTTP 503'),gif.anime2 実GIFアーカイブ
gif_anime2_0088_00050,gif_anime2,https://gif.anime2.net/wp/wp-content/uploads/2016/01/ac07e603.gif,https://gif.anime2.net/category/%E6%94%BF%E6%B2%BB,RuntimeError('HTTP 503'),gif.anime2 実GIFアーカイブ
gif_anime2_0089_00003,gif_anime2,https://gif.anime2.net/wp/wp-content/uploads/2018/06/Gifsmith-d40b38c9-18-thumb.jpg,https://gif.anime2.net/category/%E6%9C%AA%E5%88%86%E9%A1%9E,RuntimeError('HTTP 503'),gif.anime2 実GIFアーカイブ
gif_anime2_0088_00051,gif_anime2,https://gif.anime2.net/wp/wp-content/uploads/2016/01/58a9a7bf.gif,https://gif.anime2.net/category/%E6%94%BF%E6%B2%BB,RuntimeError('HTTP 503'),gif.anime2 実GIFアーカイブ
gif_anime2_0089_00001,gif_anime2,https://gif.anime2.net/wp/wp-content/uploads/2018/09/Gifsmith-e99e93d2-3-thumb.jpg,https://gif.anime2.net/category/%E6%9C%AA%E5%88%86%E9%A1%9E,RuntimeError('HTTP 503'),gif.anime2 実GIFアーカイブ
gif_anime2_0089_00005,gif_anime2,https://gif.anime2.net/wp/wp-content/uploads/2017/12/Gifsmith-5f05721c-6-2-thumb.jpg,https://gif.anime2.net/category/%E6%9C%AA%E5%88%86%E9%A1%9E,RuntimeError('HTTP 503'),gif.anime2 実GIFアーカイブ
gif_anime2_0089_00004,gif_anime2,https://gif.anime2.net/wp/wp-content/uploads/2018/04/Gifsmith-5f05721c-3-8-thumb.jpg,https://gif.anime2.net/category/%E6%9C%AA%E5%88%86%E9%A1%9E,RuntimeError('HTTP 503'),gif.anime2 実GIFアーカイブ
gif_anime2_0089_00006,gif_anime2,https://gif.anime2.net/wp/wp-content/uploads/2017/10/Gifsmith-86c0448a-5-thumb.jpg,https://gif.anime2.net/category/%E6%9C%AA%E5%88%86%E9%A1%9E,RuntimeError('HTTP 503'),gif.anime2 実GIFアーカイブ
gif_anime2_0089_00007,gif_anime2,https://gif.anime2.net/wp/wp-content/uploads/2017/08/Gifsmith-5f05721c-4-5-thumb.jpg,https://gif.anime2.net/category/%E6%9C%AA%E5%88%86%E9%A1%9E,RuntimeError('HTTP 503'),gif.anime2 実GIFアーカイブ
gif_anime2_0089_00027,gif_anime2,https://gif.anime2.net/wp/wp-content/uploads/2018/09/Gifsmith-e99e93d2-3.gif,https://gif.anime2.net/category/%E6%9C%AA%E5%88%86%E9%A1%9E,RuntimeError('HTTP 503'),gif.anime2 実GIFアーカイブ
gif_anime2_0089_00029,gif_anime2,https://gif.anime2.net/wp/wp-content/uploads/2018/06/Gifsmith-d40b38c9-18.gif,https://gif.anime2.net/category/%E6%9C%AA%E5%88%86%E9%A1%9E,RuntimeError('HTTP 503'),gif.anime2 実GIFアーカイブ
gif_anime2_0089_00031,gif_anime2,https://gif.anime2.net/wp/wp-content/uploads/2017/12/Gifsmith-5f05721c-6-2.gif,https://gif.anime2.net/category/%E6%9C%AA%E5%88%86%E9%A1%9E,RuntimeError('HTTP 503'),gif.anime2 実GIFアーカイブ
gif_anime2_0089_00030,gif_anime2,https://gif.anime2.net/wp/wp-content/uploads/2018/04/Gifsmith-5f05721c-3-8.gif,https://gif.anime2.net/category/%E6%9C%AA%E5%88%86%E9%A1%9E,RuntimeError('HTTP 503'),gif.anime2 実GIFアーカイブ
gif_anime2_0089_00032,gif_anime2,https://gif.anime2.net/wp/wp-content/uploads/2017/10/Gifsmith-86c0448a-5.gif,https://gif.anime2.net/category/%E6%9C%AA%E5%88%86%E9%A1%9E,RuntimeError('HTTP 503'),gif.anime2 実GIFアーカイブ
gif_anime2_0089_00033,gif_anime2,https://gif.anime2.net/wp/wp-content/uploads/2017/08/Gifsmith-5f05721c-4-5.gif,https://gif.anime2.net/category/%E6%9C%AA%E5%88%86%E9%A1%9E,RuntimeError('HTTP 503'),gif.anime2 実GIFアーカイブ
gif_anime2_0091_00004,gif_anime2,https://gif.anime2.net/wp/wp-content/uploads/2018/06/Gifsmith-79f8ff91-26-thumb.jpg,https://gif.anime2.net/tag/mlb,RuntimeError('HTTP 503'),gif.anime2 実GIFアーカイブ
gif_anime2_0091_00006,gif_anime2,https://gif.anime2.net/wp/wp-content/uploads/2018/06/Gifsmith-f36e17fa-10-thumb.jpg,https://gif.anime2.net/tag/mlb,RuntimeError('HTTP 503'),gif.anime2 実GIFアーカイブ
gif_anime2_0091_00007,gif_anime2,https://gif.anime2.net/wp/wp-content/uploads/2018/06/Gifsmith-95f66448-6-thumb.jpg,https://gif.anime2.net/tag/mlb,RuntimeError('HTTP 503'),gif.anime2 実GIFアーカイブ
gif_anime2_0091_00009,gif_anime2,https://gif.anime2.net/wp/wp-content/uploads/2018/05/Gifsmith-7b89c717-13-thumb.jpg,https://gif.anime2.net/tag/mlb,RuntimeError('HTTP 503'),gif.anime2 実GIFアーカイブ
gif_anime2_0091_00008,gif_anime2,https://gif.anime2.net/wp/wp-content/uploads/2018/05/Gifsmith-da3a3558-14-thumb.jpg,https://gif.anime2.net/tag/mlb,RuntimeError('HTTP 503'),gif.anime2 実GIFアーカイブ
gif_anime2_0091_00010,gif_anime2,https://gif.anime2.net/wp/wp-content/uploads/2018/05/Gifsmith-38387b2b-0-thumb.jpg,https://gif.anime2.net/tag/mlb,RuntimeError('HTTP 503'),gif.anime2 実GIFアーカイブ
gif_anime2_0091_00011,gif_anime2,https://gif.anime2.net/wp/wp-content/uploads/2018/05/Gifsmith-54fcc446-22-thumb.jpg,https://gif.anime2.net/tag/mlb,RuntimeError('HTTP 503'),gif.anime2 実GIFアーカイブ
gif_anime2_0091_00013,gif_anime2,https://gif.anime2.net/wp/wp-content/uploads/2018/04/Gifsmith-5f05721c-11-1-thumb.jpg,https://gif.anime2.net/tag/mlb,RuntimeError('HTTP 503'),gif.anime2 実GIFアーカイブ
gif_anime2_0091_00012,gif_anime2,https://gif.anime2.net/wp/wp-content/uploads/2018/05/Gifsmith-15ba9233-15-thumb.jpg,https://gif.anime2.net/tag/mlb,RuntimeError('HTTP 503'),gif.anime2 実GIFアーカイブ
gif_anime2_0091_00014,gif_anime2,https://gif.anime2.net/wp/wp-content/uploads/2018/04/Gifsmith-5f05721c-16-thumb.jpg,https://gif.anime2.net/tag/mlb,RuntimeError('HTTP 503'),gif.anime2 実GIFアーカイブ
gif_anime2_0091_00016,gif_anime2,https://gif.anime2.net/wp/wp-content/uploads/2018/01/Gifsmith-7dca250e-0-thumb.jpg,https://gif.anime2.net/tag/mlb,RuntimeError('HTTP 503'),gif.anime2 実GIFアーカイブ
gif_anime2_0091_00015,gif_anime2,https://gif.anime2.net/wp/wp-content/uploads/2018/01/Gifsmith-09db3a4f-9-thumb.jpg,https://gif.anime2.net/tag/mlb,RuntimeError('HTTP 503'),gif.anime2 実GIFアーカイブ
gif_anime2_0091_00017,gif_anime2,https://gif.anime2.net/wp/wp-content/uploads/2017/11/Gifsmith-aa0d2411-6-thumb.jpg,https://gif.anime2.net/tag/mlb,RuntimeError('HTTP 503'),gif.anime2 実GIFアーカイブ
gif_anime2_0091_00019,gif_anime2,https://gif.anime2.net/wp/wp-content/uploads/2017/10/Gifsmith-5f05721c-5-1-thumb.jpg,https://gif.anime2.net/tag/mlb,RuntimeError('HTTP 503'),gif.anime2 実GIFアーカイブ
gif_anime2_0091_00018,gif_anime2,https://gif.anime2.net/wp/wp-content/uploads/2017/10/Gifsmith-5f05721c-9-2-thumb.jpg,https://gif.anime2.net/tag/mlb,RuntimeError('HTTP 503'),gif.anime2 実GIFアーカイブ
gif_anime2_0091_00020,gif_anime2,https://gif.anime2.net/wp/wp-content/uploads/2017/10/Gifsmith-16cf7f11-0-thumb.jpg,https://gif.anime2.net/tag/mlb,RuntimeError('HTTP 503'),gif.anime2 実GIFアーカイブ
gif_anime2_0091_00021,gif_anime2,https://gif.anime2.net/wp/wp-content/uploads/2017/09/Gifsmith-5a8cc8d9-0-thumb.jpg,https://gif.anime2.net/tag/mlb,RuntimeError('HTTP 503'),gif.anime2 実GIFアーカイブ
gif_anime2_0091_00046,gif_anime2,https://gif.anime2.net/wp/wp-content/uploads/2018/06/Gifsmith-f36e17fa-10.gif,https://gif.anime2.net/tag/mlb,RuntimeError('HTTP 503'),gif.anime2 実GIFアーカイブ
gif_anime2_0091_00044,gif_anime2,https://gif.anime2.net/wp/wp-content/uploads/2018/06/Gifsmith-79f8ff91-26.gif,https://gif.anime2.net/tag/mlb,RuntimeError('HTTP 503'),gif.anime2 実GIFアーカイブ
gif_anime2_0091_00048,gif_anime2,https://gif.anime2.net/wp/wp-content/uploads/2018/05/Gifsmith-da3a3558-14.gif,https://gif.anime2.net/tag/mlb,RuntimeError('HTTP 503'),gif.anime2 実GIFアーカイブ
gif_anime2_0091_00047,gif_anime2,https://gif.anime2.net/wp/wp-content/uploads/2018/06/Gifsmith-95f66448-6.gif,https://gif.anime2.net/tag/mlb,RuntimeError('HTTP 503'),gif.anime2 実GIFアーカイブ
gif_anime2_0091_00049,gif_anime2,https://gif.anime2.net/wp/wp-content/uploads/2018/05/Gifsmith-7b89c717-13.gif,https://gif.anime2.net/tag/mlb,RuntimeError('HTTP 503'),gif.anime2 実GIFアーカイブ
gif_anime2_0091_00050,gif_anime2,https://gif.anime2.net/wp/wp-content/uploads/2018/05/Gifsmith-38387b2b-0.gif,https://gif.anime2.net/tag/mlb,RuntimeError('HTTP 503'),gif.anime2 実GIFアーカイブ
gif_anime2_0091_00051,gif_anime2,https://gif.anime2.net/wp/wp-content/uploads/2018/05/Gifsmith-54fcc446-22.gif,https://gif.anime2.net/tag/mlb,RuntimeError('HTTP 503'),gif.anime2 実GIFアーカイブ
gif_anime2_0091_00052,gif_anime2,https://gif.anime2.net/wp/wp-content/uploads/2018/05/Gifsmith-15ba9233-15.gif,https://gif.anime2.net/tag/mlb,RuntimeError('HTTP 503'),gif.anime2 実GIFアーカイブ
gif_anime2_0091_00053,gif_anime2,https://gif.anime2.net/wp/wp-content/uploads/2018/04/Gifsmith-5f05721c-11-1.gif,https://gif.anime2.net/tag/mlb,RuntimeError('HTTP 503'),gif.anime2 実GIFアーカイブ
gif_anime2_0091_00056,gif_anime2,https://gif.anime2.net/wp/wp-content/uploads/2018/01/Gifsmith-7dca250e-0.gif,https://gif.anime2.net/tag/mlb,RuntimeError('HTTP 503'),gif.anime2 実GIFアーカイブ
gif_anime2_0091_00055,gif_anime2,https://gif.anime2.net/wp/wp-content/uploads/2018/01/Gifsmith-09db3a4f-9.gif,https://gif.anime2.net/tag/mlb,RuntimeError('HTTP 503'),gif.anime2 実GIFアーカイブ
gif_anime2_0091_00057,gif_anime2,https://gif.anime2.net/wp/wp-content/uploads/2017/11/Gifsmith-aa0d2411-6.gif,https://gif.anime2.net/tag/mlb,RuntimeError('HTTP 503'),gif.anime2 実GIFアーカイブ
gif_anime2_0091_00054,gif_anime2,https://gif.anime2.net/wp/wp-content/uploads/2018/04/Gifsmith-5f05721c-16.gif,https://gif.anime2.net/tag/mlb,RuntimeError('HTTP 503'),gif.anime2 実GIFアーカイブ
gif_anime2_0091_00059,gif_anime2,https://gif.anime2.net/wp/wp-content/uploads/2017/10/Gifsmith-5f05721c-5-1.gif,https://gif.anime2.net/tag/mlb,RuntimeError('HTTP 503'),gif.anime2 実GIFアーカイブ
gif_anime2_0091_00058,gif_anime2,https://gif.anime2.net/wp/wp-content/uploads/2017/10/Gifsmith-5f05721c-9-2.gif,https://gif.anime2.net/tag/mlb,RuntimeError('HTTP 503'),gif.anime2 実GIFアーカイブ
gif_anime2_0091_00060,gif_anime2,https://gif.anime2.net/wp/wp-content/uploads/2017/10/Gifsmith-16cf7f11-0.gif,https://gif.anime2.net/tag/mlb,RuntimeError('HTTP 503'),gif.anime2 実GIFアーカイブ
gif_anime2_0092_00004,gif_anime2,https://gif.anime2.net/wp/wp-content/uploads/2018/06/Gifsmith-127cf26b-15-thumb.jpg,https://gif.anime2.net/tag/%E3%83%90%E3%82%B9%E3%82%B1%E3%83%83%E3%83%88%E3%83%9C%E3%83%BC%E3%83%AB,RuntimeError('HTTP 503'),gif.anime2 実GIFアーカイブ
gif_anime2_0091_00061,gif_anime2,https://gif.anime2.net/wp/wp-content/uploads/2017/09/Gifsmith-5a8cc8d9-0.gif,https://gif.anime2.net/tag/mlb,RuntimeError('HTTP 503'),gif.anime2 実GIFアーカイブ
gif_anime2_0092_00005,gif_anime2,https://gif.anime2.net/wp/wp-content/uploads/2018/06/Gifsmith-8da6092f-3-thumb.jpg,https://gif.anime2.net/tag/%E3%83%90%E3%82%B9%E3%82%B1%E3%83%83%E3%83%88%E3%83%9C%E3%83%BC%E3%83%AB,RuntimeError('HTTP 503'),gif.anime2 実GIFアーカイブ
gif_anime2_0092_00006,gif_anime2,https://gif.anime2.net/wp/wp-content/uploads/2018/05/Gifsmith-ea31ff6a-9-thumb.jpg,https://gif.anime2.net/tag/%E3%83%90%E3%82%B9%E3%82%B1%E3%83%83%E3%83%88%E3%83%9C%E3%83%BC%E3%83%AB,RuntimeError('HTTP 503'),gif.anime2 実GIFアーカイブ
gif_anime2_0092_00007,gif_anime2,https://gif.anime2.net/wp/wp-content/uploads/2018/04/Gifsmith-9c71d705-0-thumb.jpg,https://gif.anime2.net/tag/%E3%83%90%E3%82%B9%E3%82%B1%E3%83%83%E3%83%88%E3%83%9C%E3%83%BC%E3%83%AB,RuntimeError('HTTP 503'),gif.anime2 実GIFアーカイブ
gif_anime2_0092_00008,gif_anime2,https://gif.anime2.net/wp/wp-content/uploads/2018/04/Gifsmith-5ff9dcb4-11-thumb.jpg,https://gif.anime2.net/tag/%E3%83%90%E3%82%B9%E3%82%B1%E3%83%83%E3%83%88%E3%83%9C%E3%83%BC%E3%83%AB,RuntimeError('HTTP 503'),gif.anime2 実GIFアーカイブ
gif_anime2_0092_00009,gif_anime2,https://gif.anime2.net/wp/wp-content/uploads/2017/12/Gifsmith-1167226f-0-thumb.jpg,https://gif.anime2.net/tag/%E3%83%90%E3%82%B9%E3%82%B1%E3%83%83%E3%83%88%E3%83%9C%E3%83%BC%E3%83%AB,RuntimeError('HTTP 503'),gif.anime2 実GIFアーカイブ
gif_anime2_0092_00011,gif_anime2,https://gif.anime2.net/wp/wp-content/uploads/2017/05/Gifsmith-ae8993f6-0-thumb.jpg,https://gif.anime2.net/tag/%E3%83%90%E3%82%B9%E3%82%B1%E3%83%83%E3%83%88%E3%83%9C%E3%83%BC%E3%83%AB,RuntimeError('HTTP 503'),gif.anime2 実GIFアーカイブ
gif_anime2_0092_00012,gif_anime2,https://gif.anime2.net/wp/wp-content/uploads/2017/04/Gifsmith-79cdf26e-0-thumb.jpg,https://gif.anime2.net/tag/%E3%83%90%E3%82%B9%E3%82%B1%E3%83%83%E3%83%88%E3%83%9C%E3%83%BC%E3%83%AB,RuntimeError('HTTP 503'),gif.anime2 実GIFアーカイブ
gif_anime2_0092_00014,gif_anime2,https://gif.anime2.net/wp/wp-content/uploads/2017/04/Gifsmith-5f05721c-24-thumb.jpg,https://gif.anime2.net/tag/%E3%83%90%E3%82%B9%E3%82%B1%E3%83%83%E3%83%88%E3%83%9C%E3%83%BC%E3%83%AB,RuntimeError('HTTP 503'),gif.anime2 実GIFアーカイブ
gif_anime2_0092_00013,gif_anime2,https://gif.anime2.net/wp/wp-content/uploads/2017/04/Gifsmith-b2a132af-5-thumb.jpg,https://gif.anime2.net/tag/%E3%83%90%E3%82%B9%E3%82%B1%E3%83%83%E3%83%88%E3%83%9C%E3%83%BC%E3%83%AB,RuntimeError('HTTP 503'),gif.anime2 実GIFアーカイブ
gif_anime2_0092_00015,gif_anime2,https://gif.anime2.net/wp/wp-content/uploads/2017/03/Gifsmith-5f4cee13-0-thumb.jpg,https://gif.anime2.net/tag/%E3%83%90%E3%82%B9%E3%82%B1%E3%83%83%E3%83%88%E3%83%9C%E3%83%BC%E3%83%AB,RuntimeError('HTTP 503'),gif.anime2 実GIFアーカイブ
gif_anime2_0092_00016,gif_anime2,https://gif.anime2.net/wp/wp-content/uploads/2017/03/Gifsmith-5f05721c-19-thumb.jpg,https://gif.anime2.net/tag/%E3%83%90%E3%82%B9%E3%82%B1%E3%83%83%E3%83%88%E3%83%9C%E3%83%BC%E3%83%AB,RuntimeError('HTTP 503'),gif.anime2 実GIFアーカイブ
gif_anime2_0092_00017,gif_anime2,https://gif.anime2.net/wp/wp-content/uploads/2017/03/Gifsmith-28ec6367-25-thumb.jpg,https://gif.anime2.net/tag/%E3%83%90%E3%82%B9%E3%82%B1%E3%83%83%E3%83%88%E3%83%9C%E3%83%BC%E3%83%AB,RuntimeError('HTTP 503'),gif.anime2 実GIFアーカイブ
gif_anime2_0092_00018,gif_anime2,https://gif.anime2.net/wp/wp-content/uploads/2017/03/Gifsmith-1fae0ef4-6-thumb.jpg,https://gif.anime2.net/tag/%E3%83%90%E3%82%B9%E3%82%B1%E3%83%83%E3%83%88%E3%83%9C%E3%83%BC%E3%83%AB,RuntimeError('HTTP 503'),gif.anime2 実GIFアーカイブ
gif_anime2_0092_00019,gif_anime2,https://gif.anime2.net/wp/wp-content/uploads/2017/02/Gifsmith-ef4563d8-3-thumb.jpg,https://gif.anime2.net/tag/%E3%83%90%E3%82%B9%E3%82%B1%E3%83%83%E3%83%88%E3%83%9C%E3%83%BC%E3%83%AB,RuntimeError('HTTP 503'),gif.anime2 実GIFアーカイブ
gif_anime2_0092_00045,gif_anime2,https://gif.anime2.net/wp/wp-content/uploads/2018/06/Gifsmith-8da6092f-3.gif,https://gif.anime2.net/tag/%E3%83%90%E3%82%B9%E3%82%B1%E3%83%83%E3%83%88%E3%83%9C%E3%83%BC%E3%83%AB,RuntimeError('HTTP 503'),gif.anime2 実GIFアーカイブ
gif_anime2_0092_00046,gif_anime2,https://gif.anime2.net/wp/wp-content/uploads/2018/05/Gifsmith-ea31ff6a-9.gif,https://gif.anime2.net/tag/%E3%83%90%E3%82%B9%E3%82%B1%E3%83%83%E3%83%88%E3%83%9C%E3%83%BC%E3%83%AB,RuntimeError('HTTP 503'),gif.anime2 実GIFアーカイブ
gif_anime2_0092_00044,gif_anime2,https://gif.anime2.net/wp/wp-content/uploads/2018/06/Gifsmith-127cf26b-15.gif,https://gif.anime2.net/tag/%E3%83%90%E3%82%B9%E3%82%B1%E3%83%83%E3%83%88%E3%83%9C%E3%83%BC%E3%83%AB,RuntimeError('HTTP 503'),gif.anime2 実GIFアーカイブ
gif_anime2_0092_00048,gif_anime2,https://gif.anime2.net/wp/wp-content/uploads/2018/04/Gifsmith-5ff9dcb4-11.gif,https://gif.anime2.net/tag/%E3%83%90%E3%82%B9%E3%82%B1%E3%83%83%E3%83%88%E3%83%9C%E3%83%BC%E3%83%AB,RuntimeError('HTTP 503'),gif.anime2 実GIFアーカイブ
gif_anime2_0092_00047,gif_anime2,https://gif.anime2.net/wp/wp-content/uploads/2018/04/Gifsmith-9c71d705-0.gif,https://gif.anime2.net/tag/%E3%83%90%E3%82%B9%E3%82%B1%E3%83%83%E3%83%88%E3%83%9C%E3%83%BC%E3%83%AB,RuntimeError('HTTP 503'),gif.anime2 実GIFアーカイブ
gif_anime2_0092_00021,gif_anime2,https://gif.anime2.net/wp/wp-content/uploads/2017/01/Gifsmith-69ecc8e1-20-thumb.jpg,https://gif.anime2.net/tag/%E3%83%90%E3%82%B9%E3%82%B1%E3%83%83%E3%83%88%E3%83%9C%E3%83%BC%E3%83%AB,RuntimeError('HTTP 503'),gif.anime2 実GIFアーカイブ
gif_anime2_0092_00020,gif_anime2,https://gif.anime2.net/wp/wp-content/uploads/2017/02/Gifsmith-9acf4e7b-2-thumb.jpg,https://gif.anime2.net/tag/%E3%83%90%E3%82%B9%E3%82%B1%E3%83%83%E3%83%88%E3%83%9C%E3%83%BC%E3%83%AB,RuntimeError('HTTP 503'),gif.anime2 実GIFアーカイブ
gif_anime2_0092_00049,gif_anime2,https://gif.anime2.net/wp/wp-content/uploads/2017/12/Gifsmith-1167226f-0.gif,https://gif.anime2.net/tag/%E3%83%90%E3%82%B9%E3%82%B1%E3%83%83%E3%83%88%E3%83%9C%E3%83%BC%E3%83%AB,RuntimeError('HTTP 503'),gif.anime2 実GIFアーカイブ
gif_anime2_0092_00051,gif_anime2,https://gif.anime2.net/wp/wp-content/uploads/2017/05/Gifsmith-ae8993f6-0.gif,https://gif.anime2.net/tag/%E3%83%90%E3%82%B9%E3%82%B1%E3%83%83%E3%83%88%E3%83%9C%E3%83%BC%E3%83%AB,RuntimeError('HTTP 503'),gif.anime2 実GIFアーカイブ
gif_anime2_0092_00053,gif_anime2,https://gif.anime2.net/wp/wp-content/uploads/2017/04/Gifsmith-b2a132af-5.gif,https://gif.anime2.net/tag/%E3%83%90%E3%82%B9%E3%82%B1%E3%83%83%E3%83%88%E3%83%9C%E3%83%BC%E3%83%AB,RuntimeError('HTTP 503'),gif.anime2 実GIFアーカイブ
gif_anime2_0092_00052,gif_anime2,https://gif.anime2.net/wp/wp-content/uploads/2017/04/Gifsmith-79cdf26e-0.gif,https://gif.anime2.net/tag/%E3%83%90%E3%82%B9%E3%82%B1%E3%83%83%E3%83%88%E3%83%9C%E3%83%BC%E3%83%AB,RuntimeError('HTTP 503'),gif.anime2 実GIFアーカイブ
gif_anime2_0092_00054,gif_anime2,https://gif.anime2.net/wp/wp-content/uploads/2017/04/Gifsmith-5f05721c-24.gif,https://gif.anime2.net/tag/%E3%83%90%E3%82%B9%E3%82%B1%E3%83%83%E3%83%88%E3%83%9C%E3%83%BC%E3%83%AB,RuntimeError('HTTP 503'),gif.anime2 実GIFアーカイブ
gif_anime2_0092_00055,gif_anime2,https://gif.anime2.net/wp/wp-content/uploads/2017/03/Gifsmith-5f4cee13-0.gif,https://gif.anime2.net/tag/%E3%83%90%E3%82%B9%E3%82%B1%E3%83%83%E3%83%88%E3%83%9C%E3%83%BC%E3%83%AB,RuntimeError('HTTP 503'),gif.anime2 実GIFアーカイブ
gif_anime2_0092_00056,gif_anime2,https://gif.anime2.net/wp/wp-content/uploads/2017/03/Gifsmith-5f05721c-19.gif,https://gif.anime2.net/tag/%E3%83%90%E3%82%B9%E3%82%B1%E3%83%83%E3%83%88%E3%83%9C%E3%83%BC%E3%83%AB,RuntimeError('HTTP 503'),gif.anime2 実GIFアーカイブ
gif_anime2_0092_00057,gif_anime2,https://gif.anime2.net/wp/wp-content/uploads/2017/03/Gifsmith-28ec6367-25.gif,https://gif.anime2.net/tag/%E3%83%90%E3%82%B9%E3%82%B1%E3%83%83%E3%83%88%E3%83%9C%E3%83%BC%E3%83%AB,RuntimeError('HTTP 503'),gif.anime2 実GIFアーカイブ
gif_anime2_0092_00058,gif_anime2,https://gif.anime2.net/wp/wp-content/uploads/2017/03/Gifsmith-1fae0ef4-6.gif,https://gif.anime2.net/tag/%E3%83%90%E3%82%B9%E3%82%B1%E3%83%83%E3%83%88%E3%83%9C%E3%83%BC%E3%83%AB,RuntimeError('HTTP 503'),gif.anime2 実GIFアーカイブ
gif_anime2_0092_00059,gif_anime2,https://gif.anime2.net/wp/wp-content/uploads/2017/02/Gifsmith-ef4563d8-3.gif,https://gif.anime2.net/tag/%E3%83%90%E3%82%B9%E3%82%B1%E3%83%83%E3%83%88%E3%83%9C%E3%83%BC%E3%83%AB,RuntimeError('HTTP 503'),gif.anime2 実GIFアーカイブ
gif_anime2_0092_00060,gif_anime2,https://gif.anime2.net/wp/wp-content/uploads/2017/02/Gifsmith-9acf4e7b-2.gif,https://gif.anime2.net/tag/%E3%83%90%E3%82%B9%E3%82%B1%E3%83%83%E3%83%88%E3%83%9C%E3%83%BC%E3%83%AB,RuntimeError('HTTP 503'),gif.anime2 実GIFアーカイブ
gif_anime2_0092_00061,gif_anime2,https://gif.anime2.net/wp/wp-content/uploads/2017/01/Gifsmith-69ecc8e1-20.gif,https://gif.anime2.net/tag/%E3%83%90%E3%82%B9%E3%82%B1%E3%83%83%E3%83%88%E3%83%9C%E3%83%BC%E3%83%AB,RuntimeError('HTTP 503'),gif.anime2 実GIFアーカイブ
gif_anime2_0093_00004,gif_anime2,https://gif.anime2.net/wp/wp-content/uploads/2017/12/Gifsmith-5f05721c-3-thumb.jpg,https://gif.anime2.net/tag/%E3%83%86%E3%83%8B%E3%82%B9,RuntimeError('HTTP 503'),gif.anime2 実GIFアーカイブ
gif_anime2_0093_00001,gif_anime2,https://gif.anime2.net/wp/wp-content/uploads/2018/07/Gifsmith-74f089b3-8-thumb.jpg,https://gif.anime2.net/tag/%E3%83%86%E3%83%8B%E3%82%B9,RuntimeError('HTTP 503'),gif.anime2 実GIFアーカイブ
gif_anime2_0093_00006,gif_anime2,https://gif.anime2.net/wp/wp-content/uploads/2017/09/Gifsmith-5f05721c-7-8-thumb.jpg,https://gif.anime2.net/tag/%E3%83%86%E3%83%8B%E3%82%B9,RuntimeError('HTTP 503'),gif.anime2 実GIFアーカイブ
gif_anime2_0093_00005,gif_anime2,https://gif.anime2.net/wp/wp-content/uploads/2017/09/Gifsmith-5f05721c-10-2-thumb.jpg,https://gif.anime2.net/tag/%E3%83%86%E3%83%8B%E3%82%B9,RuntimeError('HTTP 503'),gif.anime2 実GIFアーカイブ
gif_anime2_0093_00007,gif_anime2,https://gif.anime2.net/wp/wp-content/uploads/2017/09/Gifsmith-5f05721c-3-11-thumb.jpg,https://gif.anime2.net/tag/%E3%83%86%E3%83%8B%E3%82%B9,RuntimeError('HTTP 503'),gif.anime2 実GIFアーカイブ
gif_anime2_0093_00008,gif_anime2,https://gif.anime2.net/wp/wp-content/uploads/2017/09/Gifsmith-31ef5a83-12-thumb.jpg,https://gif.anime2.net/tag/%E3%83%86%E3%83%8B%E3%82%B9,RuntimeError('HTTP 503'),gif.anime2 実GIFアーカイブ
gif_anime2_0093_00010,gif_anime2,https://gif.anime2.net/wp/wp-content/uploads/2017/08/Gifsmith-5f05721c-3-2-thumb.jpg,https://gif.anime2.net/tag/%E3%83%86%E3%83%8B%E3%82%B9,RuntimeError('HTTP 503'),gif.anime2 実GIFアーカイブ
gif_anime2_0093_00013,gif_anime2,https://gif.anime2.net/wp/wp-content/uploads/2016/12/Gifsmith-1b692cc5-17-thumb.jpg,https://gif.anime2.net/tag/%E3%83%86%E3%83%8B%E3%82%B9,RuntimeError('HTTP 503'),gif.anime2 実GIFアーカイブ
gif_anime2_0093_00009,gif_anime2,https://gif.anime2.net/wp/wp-content/uploads/2017/08/Gifsmith-f963ccf8-3-thumb.jpg,https://gif.anime2.net/tag/%E3%83%86%E3%83%8B%E3%82%B9,RuntimeError('HTTP 503'),gif.anime2 実GIFアーカイブ
gif_anime2_0093_00011,gif_anime2,https://gif.anime2.net/wp/wp-content/uploads/2017/05/Gifsmith-603a3883-0-thumb.jpg,https://gif.anime2.net/tag/%E3%83%86%E3%83%8B%E3%82%B9,RuntimeError('HTTP 503'),gif.anime2 実GIFアーカイブ
gif_anime2_0093_00012,gif_anime2,https://gif.anime2.net/wp/wp-content/uploads/2016/12/Gifsmith-c02b3750-13-thumb.jpg,https://gif.anime2.net/tag/%E3%83%86%E3%83%8B%E3%82%B9,RuntimeError('HTTP 503'),gif.anime2 実GIFアーカイブ
gif_anime2_0093_00014,gif_anime2,https://gif.anime2.net/wp/wp-content/uploads/2016/12/Gifsmith-7082ffa9-0-thumb.jpg,https://gif.anime2.net/tag/%E3%83%86%E3%83%8B%E3%82%B9,RuntimeError('HTTP 503'),gif.anime2 実GIFアーカイブ
gif_anime2_0093_00015,gif_anime2,https://gif.anime2.net/wp/wp-content/uploads/2016/12/Gifsmith-ec5eeae8-29-thumb.jpg,https://gif.anime2.net/tag/%E3%83%86%E3%83%8B%E3%82%B9,RuntimeError('HTTP 503'),gif.anime2 実GIFアーカイブ
gif_anime2_0093_00016,gif_anime2,https://gif.anime2.net/wp/wp-content/uploads/2016/11/Gifsmith-f316a026-0-thumb.jpg,https://gif.anime2.net/tag/%E3%83%86%E3%83%8B%E3%82%B9,RuntimeError('HTTP 503'),gif.anime2 実GIFアーカイブ
gif_anime2_0093_00017,gif_anime2,https://gif.anime2.net/wp/wp-content/uploads/2016/10/Gifsmith-ada02953-0-thumb.jpg,https://gif.anime2.net/tag/%E3%83%86%E3%83%8B%E3%82%B9,RuntimeError('HTTP 503'),gif.anime2 実GIFアーカイブ
gif_anime2_0093_00019,gif_anime2,https://gif.anime2.net/wp/wp-content/uploads/2016/08/Gifsmith-5e26b6c1-7-thumb.jpg,https://gif.anime2.net/tag/%E3%83%86%E3%83%8B%E3%82%B9,RuntimeError('HTTP 503'),gif.anime2 実GIFアーカイブ
gif_anime2_0093_00018,gif_anime2,https://gif.anime2.net/wp/wp-content/uploads/2016/09/Gifsmith-dbb32231-0-thumb.jpg,https://gif.anime2.net/tag/%E3%83%86%E3%83%8B%E3%82%B9,RuntimeError('HTTP 503'),gif.anime2 実GIFアーカイブ
gif_anime2_0093_00020,gif_anime2,https://gif.anime2.net/wp/wp-content/uploads/2016/08/Gifsmith-cc587082-0-thumb.jpg,https://gif.anime2.net/tag/%E3%83%86%E3%83%8B%E3%82%B9,RuntimeError('HTTP 503'),gif.anime2 実GIFアーカイブ
gif_anime2_0093_00021,gif_anime2,https://gif.anime2.net/wp/wp-content/uploads/2016/08/Gifsmith-9ca2ed56-3-thumb.jpg,https://gif.anime2.net/tag/%E3%83%86%E3%83%8B%E3%82%B9,RuntimeError('HTTP 503'),gif.anime2 実GIFアーカイブ
gif_anime2_0093_00041,gif_anime2,https://gif.anime2.net/wp/wp-content/uploads/2018/07/Gifsmith-74f089b3-8.gif,https://gif.anime2.net/tag/%E3%83%86%E3%83%8B%E3%82%B9,RuntimeError('HTTP 503'),gif.anime2 実GIFアーカイブ
gif_anime2_0093_00044,gif_anime2,https://gif.anime2.net/wp/wp-content/uploads/2017/12/Gifsmith-5f05721c-3.gif,https://gif.anime2.net/tag/%E3%83%86%E3%83%8B%E3%82%B9,RuntimeError('HTTP 503'),gif.anime2 実GIFアーカイブ
gif_anime2_0093_00045,gif_anime2,https://gif.anime2.net/wp/wp-content/uploads/2017/09/Gifsmith-5f05721c-10-2.gif,https://gif.anime2.net/tag/%E3%83%86%E3%83%8B%E3%82%B9,RuntimeError('HTTP 503'),gif.anime2 実GIFアーカイブ
gif_anime2_0093_00046,gif_anime2,https://gif.anime2.net/wp/wp-content/uploads/2017/09/Gifsmith-5f05721c-7-8.gif,https://gif.anime2.net/tag/%E3%83%86%E3%83%8B%E3%82%B9,RuntimeError('HTTP 503'),gif.anime2 実GIFアーカイブ
gif_anime2_0093_00048,gif_anime2,https://gif.anime2.net/wp/wp-content/uploads/2017/09/Gifsmith-31ef5a83-12.gif,https://gif.anime2.net/tag/%E3%83%86%E3%83%8B%E3%82%B9,RuntimeError('HTTP 503'),gif.anime2 実GIFアーカイブ
gif_anime2_0093_00050,gif_anime2,https://gif.anime2.net/wp/wp-content/uploads/2017/08/Gifsmith-5f05721c-3-2.gif,https://gif.anime2.net/tag/%E3%83%86%E3%83%8B%E3%82%B9,RuntimeError('HTTP 503'),gif.anime2 実GIFアーカイブ
gif_anime2_0093_00049,gif_anime2,https://gif.anime2.net/wp/wp-content/uploads/2017/08/Gifsmith-f963ccf8-3.gif,https://gif.anime2.net/tag/%E3%83%86%E3%83%8B%E3%82%B9,RuntimeError('HTTP 503'),gif.anime2 実GIFアーカイブ
gif_anime2_0093_00051,gif_anime2,https://gif.anime2.net/wp/wp-content/uploads/2017/05/Gifsmith-603a3883-0.gif,https://gif.anime2.net/tag/%E3%83%86%E3%83%8B%E3%82%B9,RuntimeError('HTTP 503'),gif.anime2 実GIFアーカイブ
gif_anime2_0093_00052,gif_anime2,https://gif.anime2.net/wp/wp-content/uploads/2016/12/Gifsmith-c02b3750-13.gif,https://gif.anime2.net/tag/%E3%83%86%E3%83%8B%E3%82%B9,RuntimeError('HTTP 503'),gif.anime2 実GIFアーカイブ
gif_anime2_0093_00053,gif_anime2,https://gif.anime2.net/wp/wp-content/uploads/2016/12/Gifsmith-1b692cc5-17.gif,https://gif.anime2.net/tag/%E3%83%86%E3%83%8B%E3%82%B9,RuntimeError('HTTP 503'),gif.anime2 実GIFアーカイブ
gif_anime2_0093_00055,gif_anime2,https://gif.anime2.net/wp/wp-content/uploads/2016/12/Gifsmith-ec5eeae8-29.gif,https://gif.anime2.net/tag/%E3%83%86%E3%83%8B%E3%82%B9,RuntimeError('HTTP 503'),gif.anime2 実GIFアーカイブ
gif_anime2_0093_00054,gif_anime2,https://gif.anime2.net/wp/wp-content/uploads/2016/12/Gifsmith-7082ffa9-0.gif,https://gif.anime2.net/tag/%E3%83%86%E3%83%8B%E3%82%B9,RuntimeError('HTTP 503'),gif.anime2 実GIFアーカイブ
gif_anime2_0093_00057,gif_anime2,https://gif.anime2.net/wp/wp-content/uploads/2016/10/Gifsmith-ada02953-0.gif,https://gif.anime2.net/tag/%E3%83%86%E3%83%8B%E3%82%B9,RuntimeError('HTTP 503'),gif.anime2 実GIFアーカイブ
gif_anime2_0093_00056,gif_anime2,https://gif.anime2.net/wp/wp-content/uploads/2016/11/Gifsmith-f316a026-0.gif,https://gif.anime2.net/tag/%E3%83%86%E3%83%8B%E3%82%B9,RuntimeError('HTTP 503'),gif.anime2 実GIFアーカイブ
gif_anime2_0093_00058,gif_anime2,https://gif.anime2.net/wp/wp-content/uploads/2016/09/Gifsmith-dbb32231-0.gif,https://gif.anime2.net/tag/%E3%83%86%E3%83%8B%E3%82%B9,RuntimeError('HTTP 503'),gif.anime2 実GIFアーカイブ
gif_anime2_0093_00061,gif_anime2,https://gif.anime2.net/wp/wp-content/uploads/2016/08/Gifsmith-9ca2ed56-3.gif,https://gif.anime2.net/tag/%E3%83%86%E3%83%8B%E3%82%B9,RuntimeError('HTTP 503'),gif.anime2 実GIFアーカイブ
gif_anime2_0093_00059,gif_anime2,https://gif.anime2.net/wp/wp-content/uploads/2016/08/Gifsmith-5e26b6c1-7.gif,https://gif.anime2.net/tag/%E3%83%86%E3%83%8B%E3%82%B9,RuntimeError('HTTP 503'),gif.anime2 実GIFアーカイブ
gif_anime2_0093_00060,gif_anime2,https://gif.anime2.net/wp/wp-content/uploads/2016/08/Gifsmith-cc587082-0.gif,https://gif.anime2.net/tag/%E3%83%86%E3%83%8B%E3%82%B9,RuntimeError('HTTP 503'),gif.anime2 実GIFアーカイブ
gif_anime2_0094_00007,gif_anime2,https://gif.anime2.net/wp/wp-content/uploads/2017/09/Gifsmith-ee4fcf9a-4-thumb.jpg,https://gif.anime2.net/tag/%E3%83%9E%E3%82%B9%E3%82%B3%E3%83%83%E3%83%88,RuntimeError('HTTP 503'),gif.anime2 実GIFアーカイブ
gif_anime2_0094_00005,gif_anime2,https://gif.anime2.net/wp/wp-content/uploads/2017/11/Gifsmith-c980b4f3-0-thumb.jpg,https://gif.anime2.net/tag/%E3%83%9E%E3%82%B9%E3%82%B3%E3%83%83%E3%83%88,RuntimeError('HTTP 503'),gif.anime2 実GIFアーカイブ
gif_anime2_0094_00003,gif_anime2,https://gif.anime2.net/wp/wp-content/uploads/2018/04/Gifsmith-5f05721c-7-2-thumb.jpg,https://gif.anime2.net/tag/%E3%83%9E%E3%82%B9%E3%82%B3%E3%83%83%E3%83%88,RuntimeError('HTTP 503'),gif.anime2 実GIFアーカイブ
gif_anime2_0094_00009,gif_anime2,https://gif.anime2.net/wp/wp-content/uploads/2017/01/Gifsmith-64cb56d4-12-thumb.jpg,https://gif.anime2.net/tag/%E3%83%9E%E3%82%B9%E3%82%B3%E3%83%83%E3%83%88,RuntimeError('HTTP 503'),gif.anime2 実GIFアーカイブ
gif_anime2_0094_00008,gif_anime2,https://gif.anime2.net/wp/wp-content/uploads/2017/06/Gifsmith-599f937a-0-thumb.jpg,https://gif.anime2.net/tag/%E3%83%9E%E3%82%B9%E3%82%B3%E3%83%83%E3%83%88,RuntimeError('HTTP 503'),gif.anime2 実GIFアーカイブ
gif_anime2_0094_00010,gif_anime2,https://gif.anime2.net/wp/wp-content/uploads/2017/01/Gifsmith-d76b648c-22-thumb.jpg,https://gif.anime2.net/tag/%E3%83%9E%E3%82%B9%E3%82%B3%E3%83%83%E3%83%88,RuntimeError('HTTP 503'),gif.anime2 実GIFアーカイブ
gif_anime2_0094_00011,gif_anime2,https://gif.anime2.net/wp/wp-content/uploads/2017/01/Gifsmith-11f66679-17-thumb.jpg,https://gif.anime2.net/tag/%E3%83%9E%E3%82%B9%E3%82%B3%E3%83%83%E3%83%88,RuntimeError('HTTP 503'),gif.anime2 実GIFアーカイブ
gif_anime2_0094_00012,gif_anime2,https://gif.anime2.net/wp/wp-content/uploads/2016/11/Gifsmith-3ad11a05-4-thumb.jpg,https://gif.anime2.net/tag/%E3%83%9E%E3%82%B9%E3%82%B3%E3%83%83%E3%83%88,RuntimeError('HTTP 503'),gif.anime2 実GIFアーカイブ
gif_anime2_0094_00013,gif_anime2,https://gif.anime2.net/wp/wp-content/uploads/2016/10/Gifsmith-39ce9920-29-thumb.jpg,https://gif.anime2.net/tag/%E3%83%9E%E3%82%B9%E3%82%B3%E3%83%83%E3%83%88,RuntimeError('HTTP 503'),gif.anime2 実GIFアーカイブ
gif_anime2_0094_00014,gif_anime2,https://gif.anime2.net/wp/wp-content/uploads/2016/10/Gifsmith-48b7ae60-25-thumb.jpg,https://gif.anime2.net/tag/%E3%83%9E%E3%82%B9%E3%82%B3%E3%83%83%E3%83%88,RuntimeError('HTTP 503'),gif.anime2 実GIFアーカイブ
gif_anime2_0094_00015,gif_anime2,https://gif.anime2.net/wp/wp-content/uploads/2016/07/tumblr_o3ouwoa1q21s5e5bko1_r2_250-thumb.jpg,https://gif.anime2.net/tag/%E3%83%9E%E3%82%B9%E3%82%B3%E3%83%83%E3%83%88,RuntimeError('HTTP 503'),gif.anime2 実GIFアーカイブ
gif_anime2_0094_00018,gif_anime2,https://gif.anime2.net/wp/wp-content/uploads/2016/07/708987a8-thumb.jpg,https://gif.anime2.net/tag/%E3%83%9E%E3%82%B9%E3%82%B3%E3%83%83%E3%83%88,RuntimeError('HTTP 503'),gif.anime2 実GIFアーカイブ
gif_anime2_0094_00017,gif_anime2,https://gif.anime2.net/wp/wp-content/uploads/2016/07/c5faea81-thumb.jpg,https://gif.anime2.net/tag/%E3%83%9E%E3%82%B9%E3%82%B3%E3%83%83%E3%83%88,RuntimeError('HTTP 503'),gif.anime2 実GIFアーカイブ
gif_anime2_0094_00016,gif_anime2,https://gif.anime2.net/wp/wp-content/uploads/2016/07/5d51b0fd-thumb.jpg,https://gif.anime2.net/tag/%E3%83%9E%E3%82%B9%E3%82%B3%E3%83%83%E3%83%88,RuntimeError('HTTP 503'),gif.anime2 実GIFアーカイブ
gif_anime2_0094_00043,gif_anime2,https://gif.anime2.net/wp/wp-content/uploads/2018/04/Gifsmith-5f05721c-7-2.gif,https://gif.anime2.net/tag/%E3%83%9E%E3%82%B9%E3%82%B3%E3%83%83%E3%83%88,RuntimeError('HTTP 503'),gif.anime2 実GIFアーカイブ
gif_anime2_0094_00019,gif_anime2,https://gif.anime2.net/wp/wp-content/uploads/2016/07/3fe7fced-thumb.jpg,https://gif.anime2.net/tag/%E3%83%9E%E3%82%B9%E3%82%B3%E3%83%83%E3%83%88,RuntimeError('HTTP 503'),gif.anime2 実GIFアーカイブ
gif_anime2_0094_00021,gif_anime2,https://gif.anime2.net/wp/wp-content/uploads/2016/05/70f83723-thumb.jpg,https://gif.anime2.net/tag/%E3%83%9E%E3%82%B9%E3%82%B3%E3%83%83%E3%83%88,RuntimeError('HTTP 503'),gif.anime2 実GIFアーカイブ
gif_anime2_0094_00020,gif_anime2,https://gif.anime2.net/wp/wp-content/uploads/2016/05/8c993359a23d7496d753d46f-thumb.jpg,https://gif.anime2.net/tag/%E3%83%9E%E3%82%B9%E3%82%B3%E3%83%83%E3%83%88,RuntimeError('HTTP 503'),gif.anime2 実GIFアーカイブ
gif_anime2_0094_00049,gif_anime2,https://gif.anime2.net/wp/wp-content/uploads/2017/01/Gifsmith-64cb56d4-12.gif,https://gif.anime2.net/tag/%E3%83%9E%E3%82%B9%E3%82%B3%E3%83%83%E3%83%88,RuntimeError('HTTP 503'),gif.anime2 実GIFアーカイブ
gif_anime2_0094_00045,gif_anime2,https://gif.anime2.net/wp/wp-content/uploads/2017/11/Gifsmith-c980b4f3-0.gif,https://gif.anime2.net/tag/%E3%83%9E%E3%82%B9%E3%82%B3%E3%83%83%E3%83%88,RuntimeError('HTTP 503'),gif.anime2 実GIFアーカイブ
gif_anime2_0094_00048,gif_anime2,https://gif.anime2.net/wp/wp-content/uploads/2017/06/Gifsmith-599f937a-0.gif,https://gif.anime2.net/tag/%E3%83%9E%E3%82%B9%E3%82%B3%E3%83%83%E3%83%88,RuntimeError('HTTP 503'),gif.anime2 実GIFアーカイブ
gif_anime2_0094_00052,gif_anime2,https://gif.anime2.net/wp/wp-content/uploads/2016/11/Gifsmith-3ad11a05-4.gif,https://gif.anime2.net/tag/%E3%83%9E%E3%82%B9%E3%82%B3%E3%83%83%E3%83%88,RuntimeError('HTTP 503'),gif.anime2 実GIFアーカイブ
gif_anime2_0094_00050,gif_anime2,https://gif.anime2.net/wp/wp-content/uploads/2017/01/Gifsmith-d76b648c-22.gif,https://gif.anime2.net/tag/%E3%83%9E%E3%82%B9%E3%82%B3%E3%83%83%E3%83%88,RuntimeError('HTTP 503'),gif.anime2 実GIFアーカイブ
gif_anime2_0094_00047,gif_anime2,https://gif.anime2.net/wp/wp-content/uploads/2017/09/Gifsmith-ee4fcf9a-4.gif,https://gif.anime2.net/tag/%E3%83%9E%E3%82%B9%E3%82%B3%E3%83%83%E3%83%88,RuntimeError('HTTP 503'),gif.anime2 実GIFアーカイブ
gif_anime2_0094_00054,gif_anime2,https://gif.anime2.net/wp/wp-content/uploads/2016/10/Gifsmith-48b7ae60-25.gif,https://gif.anime2.net/tag/%E3%83%9E%E3%82%B9%E3%82%B3%E3%83%83%E3%83%88,RuntimeError('HTTP 503'),gif.anime2 実GIFアーカイブ
gif_anime2_0094_00053,gif_anime2,https://gif.anime2.net/wp/wp-content/uploads/2016/10/Gifsmith-39ce9920-29.gif,https://gif.anime2.net/tag/%E3%83%9E%E3%82%B9%E3%82%B3%E3%83%83%E3%83%88,RuntimeError('HTTP 503'),gif.anime2 実GIFアーカイブ
gif_anime2_0094_00051,gif_anime2,https://gif.anime2.net/wp/wp-content/uploads/2017/01/Gifsmith-11f66679-17.gif,https://gif.anime2.net/tag/%E3%83%9E%E3%82%B9%E3%82%B3%E3%83%83%E3%83%88,RuntimeError('HTTP 503'),gif.anime2 実GIFアーカイブ
gif_anime2_0094_00057,gif_anime2,https://gif.anime2.net/wp/wp-content/uploads/2016/07/c5faea81.gif,https://gif.anime2.net/tag/%E3%83%9E%E3%82%B9%E3%82%B3%E3%83%83%E3%83%88,RuntimeError('HTTP 503'),gif.anime2 実GIFアーカイブ
gif_anime2_0094_00056,gif_anime2,https://gif.anime2.net/wp/wp-content/uploads/2016/07/5d51b0fd.gif,https://gif.anime2.net/tag/%E3%83%9E%E3%82%B9%E3%82%B3%E3%83%83%E3%83%88,RuntimeError('HTTP 503'),gif.anime2 実GIFアーカイブ
gif_anime2_0094_00055,gif_anime2,https://gif.anime2.net/wp/wp-content/uploads/2016/07/tumblr_o3ouwoa1q21s5e5bko1_r2_250.gif,https://gif.anime2.net/tag/%E3%83%9E%E3%82%B9%E3%82%B3%E3%83%83%E3%83%88,RuntimeError('HTTP 503'),gif.anime2 実GIFアーカイブ
gif_anime2_0094_00058,gif_anime2,https://gif.anime2.net/wp/wp-content/uploads/2016/07/708987a8.gif,https://gif.anime2.net/tag/%E3%83%9E%E3%82%B9%E3%82%B3%E3%83%83%E3%83%88,RuntimeError('HTTP 503'),gif.anime2 実GIFアーカイブ
gif_anime2_0094_00060,gif_anime2,https://gif.anime2.net/wp/wp-content/uploads/2016/05/8c993359a23d7496d753d46f.gif,https://gif.anime2.net/tag/%E3%83%9E%E3%82%B9%E3%82%B3%E3%83%83%E3%83%88,RuntimeError('HTTP 503'),gif.anime2 実GIFアーカイブ
gif_anime2_0094_00059,gif_anime2,https://gif.anime2.net/wp/wp-content/uploads/2016/07/3fe7fced.gif,https://gif.anime2.net/tag/%E3%83%9E%E3%82%B9%E3%82%B3%E3%83%83%E3%83%88,RuntimeError('HTTP 503'),gif.anime2 実GIFアーカイブ
gif_anime2_0095_00003,gif_anime2,https://gif.anime2.net/wp/wp-content/uploads/2018/05/Gifsmith-4943dc0f-0-thumb.jpg,https://gif.anime2.net/tag/%E3%83%8F%E3%83%A0%E3%82%B9%E3%82%BF%E3%83%BC,RuntimeError('HTTP 503'),gif.anime2 実GIFアーカイブ
gif_anime2_0095_00001,gif_anime2,https://gif.anime2.net/wp/wp-content/uploads/2018/07/Gifsmith-156dedcb-3-thumb.jpg,https://gif.anime2.net/tag/%E3%83%8F%E3%83%A0%E3%82%B9%E3%82%BF%E3%83%BC,RuntimeError('HTTP 503'),gif.anime2 実GIFアーカイブ
gif_anime2_0094_00061,gif_anime2,https://gif.anime2.net/wp/wp-content/uploads/2016/05/70f83723.gif,https://gif.anime2.net/tag/%E3%83%9E%E3%82%B9%E3%82%B3%E3%83%83%E3%83%88,RuntimeError('HTTP 503'),gif.anime2 実GIFアーカイブ
gif_anime2_0095_00005,gif_anime2,https://gif.anime2.net/wp/wp-content/uploads/2018/01/Gifsmith-a9c0c431-0-thumb.jpg,https://gif.anime2.net/tag/%E3%83%8F%E3%83%A0%E3%82%B9%E3%82%BF%E3%83%BC,RuntimeError('HTTP 503'),gif.anime2 実GIFアーカイブ
gif_anime2_0095_00004,gif_anime2,https://gif.anime2.net/wp/wp-content/uploads/2018/02/Gifsmith-53f37792-0-thumb.jpg,https://gif.anime2.net/tag/%E3%83%8F%E3%83%A0%E3%82%B9%E3%82%BF%E3%83%BC,RuntimeError('HTTP 503'),gif.anime2 実GIFアーカイブ
gif_anime2_0095_00006,gif_anime2,https://gif.anime2.net/wp/wp-content/uploads/2017/10/Gifsmith-efe477dd-0-thumb.jpg,https://gif.anime2.net/tag/%E3%83%8F%E3%83%A0%E3%82%B9%E3%82%BF%E3%83%BC,RuntimeError('HTTP 503'),gif.anime2 実GIFアーカイブ
gif_anime2_0095_00007,gif_anime2,https://gif.anime2.net/wp/wp-content/uploads/2017/06/Gifsmith-5f05721c-9-1-thumb.jpg,https://gif.anime2.net/tag/%E3%83%8F%E3%83%A0%E3%82%B9%E3%82%BF%E3%83%BC,RuntimeError('HTTP 503'),gif.anime2 実GIFアーカイブ
gif_anime2_0095_00008,gif_anime2,https://gif.anime2.net/wp/wp-content/uploads/2017/06/Gifsmith-12a1ff62-0-thumb.jpg,https://gif.anime2.net/tag/%E3%83%8F%E3%83%A0%E3%82%B9%E3%82%BF%E3%83%BC,RuntimeError('HTTP 503'),gif.anime2 実GIFアーカイブ
gif_anime2_0095_00009,gif_anime2,https://gif.anime2.net/wp/wp-content/uploads/2017/05/Gifsmith-2d5f1be8-0-thumb.jpg,https://gif.anime2.net/tag/%E3%83%8F%E3%83%A0%E3%82%B9%E3%82%BF%E3%83%BC,RuntimeError('HTTP 503'),gif.anime2 実GIFアーカイブ
gif_anime2_0095_00010,gif_anime2,https://gif.anime2.net/wp/wp-content/uploads/2017/01/Gifsmith-6ebdc226-0-thumb.jpg,https://gif.anime2.net/tag/%E3%83%8F%E3%83%A0%E3%82%B9%E3%82%BF%E3%83%BC,RuntimeError('HTTP 503'),gif.anime2 実GIFアーカイブ
gif_anime2_0095_00012,gif_anime2,https://gif.anime2.net/wp/wp-content/uploads/2016/12/Gifsmith-d0c5be91-0-thumb.jpg,https://gif.anime2.net/tag/%E3%83%8F%E3%83%A0%E3%82%B9%E3%82%BF%E3%83%BC,RuntimeError('HTTP 503'),gif.anime2 実GIFアーカイブ
gif_anime2_0095_00011,gif_anime2,https://gif.anime2.net/wp/wp-content/uploads/2016/12/Gifsmith-45967af6-6-thumb.jpg,https://gif.anime2.net/tag/%E3%83%8F%E3%83%A0%E3%82%B9%E3%82%BF%E3%83%BC,RuntimeError('HTTP 503'),gif.anime2 実GIFアーカイブ
gif_anime2_0095_00013,gif_anime2,https://gif.anime2.net/wp/wp-content/uploads/2016/12/Gifsmith-78fbec12-9-thumb.jpg,https://gif.anime2.net/tag/%E3%83%8F%E3%83%A0%E3%82%B9%E3%82%BF%E3%83%BC,RuntimeError('HTTP 503'),gif.anime2 実GIFアーカイブ
gif_anime2_0095_00014,gif_anime2,https://gif.anime2.net/wp/wp-content/uploads/2016/09/Gifsmith-89dc594e-0-thumb.jpg,https://gif.anime2.net/tag/%E3%83%8F%E3%83%A0%E3%82%B9%E3%82%BF%E3%83%BC,RuntimeError('HTTP 503'),gif.anime2 実GIFアーカイブ
gif_anime2_0095_00016,gif_anime2,https://gif.anime2.net/wp/wp-content/uploads/2016/08/Gifsmith-e2f9854f-0-thumb.jpg,https://gif.anime2.net/tag/%E3%83%8F%E3%83%A0%E3%82%B9%E3%82%BF%E3%83%BC,RuntimeError('HTTP 503'),gif.anime2 実GIFアーカイブ
gif_anime2_0095_00015,gif_anime2,https://gif.anime2.net/wp/wp-content/uploads/2016/08/Gifsmith-27a6ffd9-0-thumb.jpg,https://gif.anime2.net/tag/%E3%83%8F%E3%83%A0%E3%82%B9%E3%82%BF%E3%83%BC,RuntimeError('HTTP 503'),gif.anime2 実GIFアーカイブ
gif_anime2_0095_00018,gif_anime2,https://gif.anime2.net/wp/wp-content/uploads/2016/07/fa373dbd-thumb.jpg,https://gif.anime2.net/tag/%E3%83%8F%E3%83%A0%E3%82%B9%E3%82%BF%E3%83%BC,RuntimeError('HTTP 503'),gif.anime2 実GIFアーカイブ
gif_anime2_0095_00019,gif_anime2,https://gif.anime2.net/wp/wp-content/uploads/2016/07/bfb954d0-thumb.jpg,https://gif.anime2.net/tag/%E3%83%8F%E3%83%A0%E3%82%B9%E3%82%BF%E3%83%BC,RuntimeError('HTTP 503'),gif.anime2 実GIFアーカイブ
gif_anime2_0095_00017,gif_anime2,https://gif.anime2.net/wp/wp-content/uploads/2016/07/020b75c3-thumb.jpg,https://gif.anime2.net/tag/%E3%83%8F%E3%83%A0%E3%82%B9%E3%82%BF%E3%83%BC,RuntimeError('HTTP 503'),gif.anime2 実GIFアーカイブ
gif_anime2_0095_00020,gif_anime2,https://gif.anime2.net/wp/wp-content/uploads/2016/07/Gifsmith-8cbcff93-0-thumb.jpg,https://gif.anime2.net/tag/%E3%83%8F%E3%83%A0%E3%82%B9%E3%82%BF%E3%83%BC,RuntimeError('HTTP 503'),gif.anime2 実GIFアーカイブ
gif_anime2_0095_00045,gif_anime2,https://gif.anime2.net/wp/wp-content/uploads/2018/01/Gifsmith-a9c0c431-0.gif,https://gif.anime2.net/tag/%E3%83%8F%E3%83%A0%E3%82%B9%E3%82%BF%E3%83%BC,RuntimeError('HTTP 503'),gif.anime2 実GIFアーカイブ
gif_anime2_0095_00043,gif_anime2,https://gif.anime2.net/wp/wp-content/uploads/2018/05/Gifsmith-4943dc0f-0.gif,https://gif.anime2.net/tag/%E3%83%8F%E3%83%A0%E3%82%B9%E3%82%BF%E3%83%BC,RuntimeError('HTTP 503'),gif.anime2 実GIFアーカイブ
gif_anime2_0095_00044,gif_anime2,https://gif.anime2.net/wp/wp-content/uploads/2018/02/Gifsmith-53f37792-0.gif,https://gif.anime2.net/tag/%E3%83%8F%E3%83%A0%E3%82%B9%E3%82%BF%E3%83%BC,RuntimeError('HTTP 503'),gif.anime2 実GIFアーカイブ
gif_anime2_0095_00047,gif_anime2,https://gif.anime2.net/wp/wp-content/uploads/2017/06/Gifsmith-5f05721c-9-1.gif,https://gif.anime2.net/tag/%E3%83%8F%E3%83%A0%E3%82%B9%E3%82%BF%E3%83%BC,RuntimeError('HTTP 503'),gif.anime2 実GIFアーカイブ
gif_anime2_0095_00046,gif_anime2,https://gif.anime2.net/wp/wp-content/uploads/2017/10/Gifsmith-efe477dd-0.gif,https://gif.anime2.net/tag/%E3%83%8F%E3%83%A0%E3%82%B9%E3%82%BF%E3%83%BC,RuntimeError('HTTP 503'),gif.anime2 実GIFアーカイブ
gif_anime2_0095_00048,gif_anime2,https://gif.anime2.net/wp/wp-content/uploads/2017/06/Gifsmith-12a1ff62-0.gif,https://gif.anime2.net/tag/%E3%83%8F%E3%83%A0%E3%82%B9%E3%82%BF%E3%83%BC,RuntimeError('HTTP 503'),gif.anime2 実GIFアーカイブ
gif_anime2_0095_00050,gif_anime2,https://gif.anime2.net/wp/wp-content/uploads/2017/01/Gifsmith-6ebdc226-0.gif,https://gif.anime2.net/tag/%E3%83%8F%E3%83%A0%E3%82%B9%E3%82%BF%E3%83%BC,RuntimeError('HTTP 503'),gif.anime2 実GIFアーカイブ
gif_anime2_0095_00051,gif_anime2,https://gif.anime2.net/wp/wp-content/uploads/2016/12/Gifsmith-45967af6-6.gif,https://gif.anime2.net/tag/%E3%83%8F%E3%83%A0%E3%82%B9%E3%82%BF%E3%83%BC,RuntimeError('HTTP 503'),gif.anime2 実GIFアーカイブ
gif_anime2_0095_00052,gif_anime2,https://gif.anime2.net/wp/wp-content/uploads/2016/12/Gifsmith-d0c5be91-0.gif,https://gif.anime2.net/tag/%E3%83%8F%E3%83%A0%E3%82%B9%E3%82%BF%E3%83%BC,RuntimeError('HTTP 503'),gif.anime2 実GIFアーカイブ
gif_anime2_0095_00049,gif_anime2,https://gif.anime2.net/wp/wp-content/uploads/2017/05/Gifsmith-2d5f1be8-0.gif,https://gif.anime2.net/tag/%E3%83%8F%E3%83%A0%E3%82%B9%E3%82%BF%E3%83%BC,RuntimeError('HTTP 503'),gif.anime2 実GIFアーカイブ
gif_anime2_0095_00055,gif_anime2,https://gif.anime2.net/wp/wp-content/uploads/2016/08/Gifsmith-27a6ffd9-0.gif,https://gif.anime2.net/tag/%E3%83%8F%E3%83%A0%E3%82%B9%E3%82%BF%E3%83%BC,RuntimeError('HTTP 503'),gif.anime2 実GIFアーカイブ
gif_anime2_0095_00054,gif_anime2,https://gif.anime2.net/wp/wp-content/uploads/2016/09/Gifsmith-89dc594e-0.gif,https://gif.anime2.net/tag/%E3%83%8F%E3%83%A0%E3%82%B9%E3%82%BF%E3%83%BC,RuntimeError('HTTP 503'),gif.anime2 実GIFアーカイブ
gif_anime2_0095_00053,gif_anime2,https://gif.anime2.net/wp/wp-content/uploads/2016/12/Gifsmith-78fbec12-9.gif,https://gif.anime2.net/tag/%E3%83%8F%E3%83%A0%E3%82%B9%E3%82%BF%E3%83%BC,RuntimeError('HTTP 503'),gif.anime2 実GIFアーカイブ
gif_anime2_0095_00056,gif_anime2,https://gif.anime2.net/wp/wp-content/uploads/2016/08/Gifsmith-e2f9854f-0.gif,https://gif.anime2.net/tag/%E3%83%8F%E3%83%A0%E3%82%B9%E3%82%BF%E3%83%BC,RuntimeError('HTTP 503'),gif.anime2 実GIFアーカイブ
gif_anime2_0095_00058,gif_anime2,https://gif.anime2.net/wp/wp-content/uploads/2016/07/fa373dbd.gif,https://gif.anime2.net/tag/%E3%83%8F%E3%83%A0%E3%82%B9%E3%82%BF%E3%83%BC,RuntimeError('HTTP 503'),gif.anime2 実GIFアーカイブ
gif_anime2_0095_00057,gif_anime2,https://gif.anime2.net/wp/wp-content/uploads/2016/07/020b75c3.gif,https://gif.anime2.net/tag/%E3%83%8F%E3%83%A0%E3%82%B9%E3%82%BF%E3%83%BC,RuntimeError('HTTP 503'),gif.anime2 実GIFアーカイブ
gif_anime2_0095_00061,gif_anime2,https://gif.anime2.net/wp/wp-content/uploads/2016/07/Gifsmith-5b5ca380-24.gif,https://gif.anime2.net/tag/%E3%83%8F%E3%83%A0%E3%82%B9%E3%82%BF%E3%83%BC,RuntimeError('HTTP 503'),gif.anime2 実GIFアーカイブ
gif_anime2_0095_00059,gif_anime2,https://gif.anime2.net/wp/wp-content/uploads/2016/07/bfb954d0.gif,https://gif.anime2.net/tag/%E3%83%8F%E3%83%A0%E3%82%B9%E3%82%BF%E3%83%BC,RuntimeError('HTTP 503'),gif.anime2 実GIFアーカイブ
gif_anime2_0095_00060,gif_anime2,https://gif.anime2.net/wp/wp-content/uploads/2016/07/Gifsmith-8cbcff93-0.gif,https://gif.anime2.net/tag/%E3%83%8F%E3%83%A0%E3%82%B9%E3%82%BF%E3%83%BC,RuntimeError('HTTP 503'),gif.anime2 実GIFアーカイブ
gif_anime2_0096_00001,gif_anime2,https://gif.anime2.net/wp/wp-content/uploads/2017/10/Gifsmith-5f05721c-3-1-thumb.jpg,https://gif.anime2.net/tag/%E7%9B%A3%E8%A6%96%E3%82%AB%E3%83%A1%E3%83%A9,RuntimeError('HTTP 503'),gif.anime2 実GIFアーカイブ
gif_anime2_0096_00003,gif_anime2,https://gif.anime2.net/wp/wp-content/uploads/2017/09/Gifsmith-54eda75e-4-thumb.jpg,https://gif.anime2.net/tag/%E7%9B%A3%E8%A6%96%E3%82%AB%E3%83%A1%E3%83%A9,RuntimeError('HTTP 503'),gif.anime2 実GIFアーカイブ
gif_anime2_0096_00005,gif_anime2,https://gif.anime2.net/wp/wp-content/uploads/2017/07/Gifsmith-869fa251-7-thumb.jpg,https://gif.anime2.net/tag/%E7%9B%A3%E8%A6%96%E3%82%AB%E3%83%A1%E3%83%A9,RuntimeError('HTTP 503'),gif.anime2 実GIFアーカイブ
gif_anime2_0096_00007,gif_anime2,https://gif.anime2.net/wp/wp-content/uploads/2017/07/Gifsmith-5f05721c-3-7-thumb.jpg,https://gif.anime2.net/tag/%E7%9B%A3%E8%A6%96%E3%82%AB%E3%83%A1%E3%83%A9,RuntimeError('HTTP 503'),gif.anime2 実GIFアーカイブ
gif_anime2_0096_00006,gif_anime2,https://gif.anime2.net/wp/wp-content/uploads/2017/07/Gifsmith-5f05721c-6-thumb.jpg,https://gif.anime2.net/tag/%E7%9B%A3%E8%A6%96%E3%82%AB%E3%83%A1%E3%83%A9,RuntimeError('HTTP 503'),gif.anime2 実GIFアーカイブ
gif_anime2_0096_00004,gif_anime2,https://gif.anime2.net/wp/wp-content/uploads/2017/09/Gifsmith-0fd76f29-0-thumb.jpg,https://gif.anime2.net/tag/%E7%9B%A3%E8%A6%96%E3%82%AB%E3%83%A1%E3%83%A9,RuntimeError('HTTP 503'),gif.anime2 実GIFアーカイブ
gif_anime2_0096_00008,gif_anime2,https://gif.anime2.net/wp/wp-content/uploads/2017/07/Gifsmith-78eb0db0-0-thumb.jpg,https://gif.anime2.net/tag/%E7%9B%A3%E8%A6%96%E3%82%AB%E3%83%A1%E3%83%A9,RuntimeError('HTTP 503'),gif.anime2 実GIFアーカイブ
gif_anime2_0096_00009,gif_anime2,https://gif.anime2.net/wp/wp-content/uploads/2017/07/Gifsmith-983a213a-0-thumb.jpg,https://gif.anime2.net/tag/%E7%9B%A3%E8%A6%96%E3%82%AB%E3%83%A1%E3%83%A9,RuntimeError('HTTP 503'),gif.anime2 実GIFアーカイブ
gif_anime2_0096_00011,gif_anime2,https://gif.anime2.net/wp/wp-content/uploads/2017/05/Gifsmith-5f05721c-16-1-thumb.jpg,https://gif.anime2.net/tag/%E7%9B%A3%E8%A6%96%E3%82%AB%E3%83%A1%E3%83%A9,RuntimeError('HTTP 503'),gif.anime2 実GIFアーカイブ
gif_anime2_0096_00012,gif_anime2,https://gif.anime2.net/wp/wp-content/uploads/2017/05/Gifsmith-5f05721c-11-thumb.jpg,https://gif.anime2.net/tag/%E7%9B%A3%E8%A6%96%E3%82%AB%E3%83%A1%E3%83%A9,RuntimeError('HTTP 503'),gif.anime2 実GIFアーカイブ
gif_anime2_0096_00010,gif_anime2,https://gif.anime2.net/wp/wp-content/uploads/2017/06/Gifsmith-d30aad08-11-thumb.jpg,https://gif.anime2.net/tag/%E7%9B%A3%E8%A6%96%E3%82%AB%E3%83%A1%E3%83%A9,RuntimeError('HTTP 503'),gif.anime2 実GIFアーカイブ
gif_anime2_0096_00013,gif_anime2,https://gif.anime2.net/wp/wp-content/uploads/2017/04/Gifsmith-5f05721c-3-5-thumb.jpg,https://gif.anime2.net/tag/%E7%9B%A3%E8%A6%96%E3%82%AB%E3%83%A1%E3%83%A9,RuntimeError('HTTP 503'),gif.anime2 実GIFアーカイブ
gif_anime2_0096_00015,gif_anime2,https://gif.anime2.net/wp/wp-content/uploads/2017/02/Gifsmith-bddd352f-3-thumb.jpg,https://gif.anime2.net/tag/%E7%9B%A3%E8%A6%96%E3%82%AB%E3%83%A1%E3%83%A9,RuntimeError('HTTP 503'),gif.anime2 実GIFアーカイブ
gif_anime2_0096_00017,gif_anime2,https://gif.anime2.net/wp/wp-content/uploads/2016/12/Gifsmith-ff2c0150-9-thumb.jpg,https://gif.anime2.net/tag/%E7%9B%A3%E8%A6%96%E3%82%AB%E3%83%A1%E3%83%A9,RuntimeError('HTTP 503'),gif.anime2 実GIFアーカイブ
gif_anime2_0096_00016,gif_anime2,https://gif.anime2.net/wp/wp-content/uploads/2016/12/Gifsmith-8855e6fc-12-thumb.jpg,https://gif.anime2.net/tag/%E7%9B%A3%E8%A6%96%E3%82%AB%E3%83%A1%E3%83%A9,RuntimeError('HTTP 503'),gif.anime2 実GIFアーカイブ
gif_anime2_0096_00018,gif_anime2,https://gif.anime2.net/wp/wp-content/uploads/2016/12/Gifsmith-a3171906-7-thumb.jpg,https://gif.anime2.net/tag/%E7%9B%A3%E8%A6%96%E3%82%AB%E3%83%A1%E3%83%A9,RuntimeError('HTTP 503'),gif.anime2 実GIFアーカイブ
gif_anime2_0096_00019,gif_anime2,https://gif.anime2.net/wp/wp-content/uploads/2016/12/Gifsmith-597b43c1-36-thumb.jpg,https://gif.anime2.net/tag/%E7%9B%A3%E8%A6%96%E3%82%AB%E3%83%A1%E3%83%A9,RuntimeError('HTTP 503'),gif.anime2 実GIFアーカイブ
gif_anime2_0096_00020,gif_anime2,https://gif.anime2.net/wp/wp-content/uploads/2016/12/Gifsmith-ee225247-10-thumb.jpg,https://gif.anime2.net/tag/%E7%9B%A3%E8%A6%96%E3%82%AB%E3%83%A1%E3%83%A9,RuntimeError('HTTP 503'),gif.anime2 実GIFアーカイブ
gif_anime2_0096_00021,gif_anime2,https://gif.anime2.net/wp/wp-content/uploads/2016/12/Gifsmith-c233fbae-9-thumb.jpg,https://gif.anime2.net/tag/%E7%9B%A3%E8%A6%96%E3%82%AB%E3%83%A1%E3%83%A9,RuntimeError('HTTP 503'),gif.anime2 実GIFアーカイブ
gif_anime2_0096_00041,gif_anime2,https://gif.anime2.net/wp/wp-content/uploads/2017/10/Gifsmith-5f05721c-3-1.gif,https://gif.anime2.net/tag/%E7%9B%A3%E8%A6%96%E3%82%AB%E3%83%A1%E3%83%A9,RuntimeError('HTTP 503'),gif.anime2 実GIFアーカイブ
gif_anime2_0096_00043,gif_anime2,https://gif.anime2.net/wp/wp-content/uploads/2017/09/Gifsmith-54eda75e-4.gif,https://gif.anime2.net/tag/%E7%9B%A3%E8%A6%96%E3%82%AB%E3%83%A1%E3%83%A9,RuntimeError('HTTP 503'),gif.anime2 実GIFアーカイブ
gif_anime2_0096_00044,gif_anime2,https://gif.anime2.net/wp/wp-content/uploads/2017/09/Gifsmith-0fd76f29-0.gif,https://gif.anime2.net/tag/%E7%9B%A3%E8%A6%96%E3%82%AB%E3%83%A1%E3%83%A9,RuntimeError('HTTP 503'),gif.anime2 実GIFアーカイブ
gif_anime2_0096_00045,gif_anime2,https://gif.anime2.net/wp/wp-content/uploads/2017/07/Gifsmith-869fa251-7.gif,https://gif.anime2.net/tag/%E7%9B%A3%E8%A6%96%E3%82%AB%E3%83%A1%E3%83%A9,RuntimeError('HTTP 503'),gif.anime2 実GIFアーカイブ
gif_anime2_0096_00047,gif_anime2,https://gif.anime2.net/wp/wp-content/uploads/2017/07/Gifsmith-5f05721c-3-7.gif,https://gif.anime2.net/tag/%E7%9B%A3%E8%A6%96%E3%82%AB%E3%83%A1%E3%83%A9,RuntimeError('HTTP 503'),gif.anime2 実GIFアーカイブ
gif_anime2_0096_00046,gif_anime2,https://gif.anime2.net/wp/wp-content/uploads/2017/07/Gifsmith-5f05721c-6.gif,https://gif.anime2.net/tag/%E7%9B%A3%E8%A6%96%E3%82%AB%E3%83%A1%E3%83%A9,RuntimeError('HTTP 503'),gif.anime2 実GIFアーカイブ
gif_anime2_0096_00048,gif_anime2,https://gif.anime2.net/wp/wp-content/uploads/2017/07/Gifsmith-78eb0db0-0.gif,https://gif.anime2.net/tag/%E7%9B%A3%E8%A6%96%E3%82%AB%E3%83%A1%E3%83%A9,RuntimeError('HTTP 503'),gif.anime2 実GIFアーカイブ
gif_anime2_0096_00049,gif_anime2,https://gif.anime2.net/wp/wp-content/uploads/2017/07/Gifsmith-983a213a-0.gif,https://gif.anime2.net/tag/%E7%9B%A3%E8%A6%96%E3%82%AB%E3%83%A1%E3%83%A9,RuntimeError('HTTP 503'),gif.anime2 実GIFアーカイブ
gif_anime2_0096_00051,gif_anime2,https://gif.anime2.net/wp/wp-content/uploads/2017/05/Gifsmith-5f05721c-16-1.gif,https://gif.anime2.net/tag/%E7%9B%A3%E8%A6%96%E3%82%AB%E3%83%A1%E3%83%A9,RuntimeError('HTTP 503'),gif.anime2 実GIFアーカイブ
gif_anime2_0096_00050,gif_anime2,https://gif.anime2.net/wp/wp-content/uploads/2017/06/Gifsmith-d30aad08-11.gif,https://gif.anime2.net/tag/%E7%9B%A3%E8%A6%96%E3%82%AB%E3%83%A1%E3%83%A9,RuntimeError('HTTP 503'),gif.anime2 実GIFアーカイブ
gif_anime2_0096_00052,gif_anime2,https://gif.anime2.net/wp/wp-content/uploads/2017/05/Gifsmith-5f05721c-11.gif,https://gif.anime2.net/tag/%E7%9B%A3%E8%A6%96%E3%82%AB%E3%83%A1%E3%83%A9,RuntimeError('HTTP 503'),gif.anime2 実GIFアーカイブ
gif_anime2_0096_00053,gif_anime2,https://gif.anime2.net/wp/wp-content/uploads/2017/04/Gifsmith-5f05721c-3-5.gif,https://gif.anime2.net/tag/%E7%9B%A3%E8%A6%96%E3%82%AB%E3%83%A1%E3%83%A9,RuntimeError('HTTP 503'),gif.anime2 実GIFアーカイブ
gif_anime2_0096_00054,gif_anime2,https://gif.anime2.net/wp/wp-content/uploads/2017/04/Gifsmith-5f05721c-15.gif,https://gif.anime2.net/tag/%E7%9B%A3%E8%A6%96%E3%82%AB%E3%83%A1%E3%83%A9,RuntimeError('HTTP 503'),gif.anime2 実GIFアーカイブ
gif_anime2_0096_00055,gif_anime2,https://gif.anime2.net/wp/wp-content/uploads/2017/02/Gifsmith-bddd352f-3.gif,https://gif.anime2.net/tag/%E7%9B%A3%E8%A6%96%E3%82%AB%E3%83%A1%E3%83%A9,RuntimeError('HTTP 503'),gif.anime2 実GIFアーカイブ
gif_anime2_0096_00056,gif_anime2,https://gif.anime2.net/wp/wp-content/uploads/2016/12/Gifsmith-8855e6fc-12.gif,https://gif.anime2.net/tag/%E7%9B%A3%E8%A6%96%E3%82%AB%E3%83%A1%E3%83%A9,RuntimeError('HTTP 503'),gif.anime2 実GIFアーカイブ
gif_anime2_0096_00057,gif_anime2,https://gif.anime2.net/wp/wp-content/uploads/2016/12/Gifsmith-ff2c0150-9.gif,https://gif.anime2.net/tag/%E7%9B%A3%E8%A6%96%E3%82%AB%E3%83%A1%E3%83%A9,RuntimeError('HTTP 503'),gif.anime2 実GIFアーカイブ
gif_anime2_0096_00058,gif_anime2,https://gif.anime2.net/wp/wp-content/uploads/2016/12/Gifsmith-a3171906-7.gif,https://gif.anime2.net/tag/%E7%9B%A3%E8%A6%96%E3%82%AB%E3%83%A1%E3%83%A9,RuntimeError('HTTP 503'),gif.anime2 実GIFアーカイブ
gif_anime2_0097_00004,gif_anime2,https://gif.anime2.net/wp/wp-content/uploads/2018/07/Gifsmith-07c81bbe-3-2-thumb.jpg,https://gif.anime2.net/tag/%E3%83%91%E3%83%AB%E3%82%AF%E3%83%BC%E3%83%AB,RuntimeError('HTTP 503'),gif.anime2 実GIFアーカイブ
gif_anime2_0096_00060,gif_anime2,https://gif.anime2.net/wp/wp-content/uploads/2016/12/Gifsmith-ee225247-10.gif,https://gif.anime2.net/tag/%E7%9B%A3%E8%A6%96%E3%82%AB%E3%83%A1%E3%83%A9,RuntimeError('HTTP 503'),gif.anime2 実GIFアーカイブ
gif_anime2_0096_00061,gif_anime2,https://gif.anime2.net/wp/wp-content/uploads/2016/12/Gifsmith-c233fbae-9.gif,https://gif.anime2.net/tag/%E7%9B%A3%E8%A6%96%E3%82%AB%E3%83%A1%E3%83%A9,RuntimeError('HTTP 503'),gif.anime2 実GIFアーカイブ
gif_anime2_0096_00059,gif_anime2,https://gif.anime2.net/wp/wp-content/uploads/2016/12/Gifsmith-597b43c1-36.gif,https://gif.anime2.net/tag/%E7%9B%A3%E8%A6%96%E3%82%AB%E3%83%A1%E3%83%A9,RuntimeError('HTTP 503'),gif.anime2 実GIFアーカイブ
gif_anime2_0097_00005,gif_anime2,https://gif.anime2.net/wp/wp-content/uploads/2018/07/Gifsmith-07c81bbe-3-1-thumb.jpg,https://gif.anime2.net/tag/%E3%83%91%E3%83%AB%E3%82%AF%E3%83%BC%E3%83%AB,RuntimeError('HTTP 503'),gif.anime2 実GIFアーカイブ
gif_anime2_0097_00008,gif_anime2,https://gif.anime2.net/wp/wp-content/uploads/2018/07/Gifsmith-09ef3691-3-3-thumb.jpg,https://gif.anime2.net/tag/%E3%83%91%E3%83%AB%E3%82%AF%E3%83%BC%E3%83%AB,RuntimeError('HTTP 503'),gif.anime2 実GIFアーカイブ
gif_anime2_0097_00009,gif_anime2,https://gif.anime2.net/wp/wp-content/uploads/2018/04/Gifsmith-5f05721c-39-thumb.jpg,https://gif.anime2.net/tag/%E3%83%91%E3%83%AB%E3%82%AF%E3%83%BC%E3%83%AB,RuntimeError('HTTP 503'),gif.anime2 実GIFアーカイブ
gif_anime2_0097_00011,gif_anime2,https://gif.anime2.net/wp/wp-content/uploads/2017/11/Gifsmith-8a29e5bd-0-thumb.jpg,https://gif.anime2.net/tag/%E3%83%91%E3%83%AB%E3%82%AF%E3%83%BC%E3%83%AB,RuntimeError('HTTP 503'),gif.anime2 実GIFアーカイブ
gif_anime2_0097_00010,gif_anime2,https://gif.anime2.net/wp/wp-content/uploads/2018/01/Gifsmith-1edf03ab-0-thumb.jpg,https://gif.anime2.net/tag/%E3%83%91%E3%83%AB%E3%82%AF%E3%83%BC%E3%83%AB,RuntimeError('HTTP 503'),gif.anime2 実GIFアーカイブ
gif_anime2_0097_00012,gif_anime2,https://gif.anime2.net/wp/wp-content/uploads/2017/08/Gifsmith-9cb4305a-0-thumb.jpg,https://gif.anime2.net/tag/%E3%83%91%E3%83%AB%E3%82%AF%E3%83%BC%E3%83%AB,RuntimeError('HTTP 503'),gif.anime2 実GIFアーカイブ
gif_anime2_0097_00016,gif_anime2,https://gif.anime2.net/wp/wp-content/uploads/2017/02/Gifsmith-3b3c3e8e-0-thumb.jpg,https://gif.anime2.net/tag/%E3%83%91%E3%83%AB%E3%82%AF%E3%83%BC%E3%83%AB,RuntimeError('HTTP 503'),gif.anime2 実GIFアーカイブ
gif_anime2_0097_00014,gif_anime2,https://gif.anime2.net/wp/wp-content/uploads/2017/04/Gifsmith-5f05721c-8-4-thumb.jpg,https://gif.anime2.net/tag/%E3%83%91%E3%83%AB%E3%82%AF%E3%83%BC%E3%83%AB,RuntimeError('HTTP 503'),gif.anime2 実GIFアーカイブ
gif_anime2_0097_00015,gif_anime2,https://gif.anime2.net/wp/wp-content/uploads/2017/02/Gifsmith-5ce09695-16-thumb.jpg,https://gif.anime2.net/tag/%E3%83%91%E3%83%AB%E3%82%AF%E3%83%BC%E3%83%AB,RuntimeError('HTTP 503'),gif.anime2 実GIFアーカイブ
gif_anime2_0097_00017,gif_anime2,https://gif.anime2.net/wp/wp-content/uploads/2017/02/Gifsmith-29b19d36-7-thumb.jpg,https://gif.anime2.net/tag/%E3%83%91%E3%83%AB%E3%82%AF%E3%83%BC%E3%83%AB,RuntimeError('HTTP 503'),gif.anime2 実GIFアーカイブ
gif_anime2_0097_00018,gif_anime2,https://gif.anime2.net/wp/wp-content/uploads/2017/01/Gifsmith-e7a37ac9-34-thumb.jpg,https://gif.anime2.net/tag/%E3%83%91%E3%83%AB%E3%82%AF%E3%83%BC%E3%83%AB,RuntimeError('HTTP 503'),gif.anime2 実GIFアーカイブ
gif_anime2_0097_00019,gif_anime2,https://gif.anime2.net/wp/wp-content/uploads/2017/01/Gifsmith-26b21440-4-thumb.jpg,https://gif.anime2.net/tag/%E3%83%91%E3%83%AB%E3%82%AF%E3%83%BC%E3%83%AB,RuntimeError('HTTP 503'),gif.anime2 実GIFアーカイブ
gif_anime2_0097_00020,gif_anime2,https://gif.anime2.net/wp/wp-content/uploads/2017/01/Gifsmith-156c6fa6-23-thumb.jpg,https://gif.anime2.net/tag/%E3%83%91%E3%83%AB%E3%82%AF%E3%83%BC%E3%83%AB,RuntimeError('HTTP 503'),gif.anime2 実GIFアーカイブ
gif_anime2_0097_00044,gif_anime2,https://gif.anime2.net/wp/wp-content/uploads/2018/07/Gifsmith-07c81bbe-3-2.gif,https://gif.anime2.net/tag/%E3%83%91%E3%83%AB%E3%82%AF%E3%83%BC%E3%83%AB,RuntimeError('HTTP 503'),gif.anime2 実GIFアーカイブ
gif_anime2_0097_00045,gif_anime2,https://gif.anime2.net/wp/wp-content/uploads/2018/07/Gifsmith-07c81bbe-3-1.gif,https://gif.anime2.net/tag/%E3%83%91%E3%83%AB%E3%82%AF%E3%83%BC%E3%83%AB,RuntimeError('HTTP 503'),gif.anime2 実GIFアーカイブ
gif_anime2_0097_00051,gif_anime2,https://gif.anime2.net/wp/wp-content/uploads/2017/11/Gifsmith-8a29e5bd-0.gif,https://gif.anime2.net/tag/%E3%83%91%E3%83%AB%E3%82%AF%E3%83%BC%E3%83%AB,RuntimeError('HTTP 503'),gif.anime2 実GIFアーカイブ
gif_anime2_0097_00050,gif_anime2,https://gif.anime2.net/wp/wp-content/uploads/2018/01/Gifsmith-1edf03ab-0.gif,https://gif.anime2.net/tag/%E3%83%91%E3%83%AB%E3%82%AF%E3%83%BC%E3%83%AB,RuntimeError('HTTP 503'),gif.anime2 実GIFアーカイブ
gif_anime2_0097_00049,gif_anime2,https://gif.anime2.net/wp/wp-content/uploads/2018/04/Gifsmith-5f05721c-39.gif,https://gif.anime2.net/tag/%E3%83%91%E3%83%AB%E3%82%AF%E3%83%BC%E3%83%AB,RuntimeError('HTTP 503'),gif.anime2 実GIFアーカイブ
gif_anime2_0097_00048,gif_anime2,https://gif.anime2.net/wp/wp-content/uploads/2018/07/Gifsmith-09ef3691-3-3.gif,https://gif.anime2.net/tag/%E3%83%91%E3%83%AB%E3%82%AF%E3%83%BC%E3%83%AB,RuntimeError('HTTP 503'),gif.anime2 実GIFアーカイブ
gif_anime2_0097_00053,gif_anime2,https://gif.anime2.net/wp/wp-content/uploads/2017/05/Gifsmith-ec0af2c7-4.gif,https://gif.anime2.net/tag/%E3%83%91%E3%83%AB%E3%82%AF%E3%83%BC%E3%83%AB,RuntimeError('HTTP 503'),gif.anime2 実GIFアーカイブ
gif_anime2_0097_00052,gif_anime2,https://gif.anime2.net/wp/wp-content/uploads/2017/08/Gifsmith-9cb4305a-0.gif,https://gif.anime2.net/tag/%E3%83%91%E3%83%AB%E3%82%AF%E3%83%BC%E3%83%AB,RuntimeError('HTTP 503'),gif.anime2 実GIFアーカイブ
gif_anime2_0097_00054,gif_anime2,https://gif.anime2.net/wp/wp-content/uploads/2017/04/Gifsmith-5f05721c-8-4.gif,https://gif.anime2.net/tag/%E3%83%91%E3%83%AB%E3%82%AF%E3%83%BC%E3%83%AB,RuntimeError('HTTP 503'),gif.anime2 実GIFアーカイブ
gif_anime2_0097_00055,gif_anime2,https://gif.anime2.net/wp/wp-content/uploads/2017/02/Gifsmith-5ce09695-16.gif,https://gif.anime2.net/tag/%E3%83%91%E3%83%AB%E3%82%AF%E3%83%BC%E3%83%AB,RuntimeError('HTTP 503'),gif.anime2 実GIFアーカイブ
gif_anime2_0097_00057,gif_anime2,https://gif.anime2.net/wp/wp-content/uploads/2017/02/Gifsmith-29b19d36-7.gif,https://gif.anime2.net/tag/%E3%83%91%E3%83%AB%E3%82%AF%E3%83%BC%E3%83%AB,RuntimeError('HTTP 503'),gif.anime2 実GIFアーカイブ
gif_anime2_0097_00056,gif_anime2,https://gif.anime2.net/wp/wp-content/uploads/2017/02/Gifsmith-3b3c3e8e-0.gif,https://gif.anime2.net/tag/%E3%83%91%E3%83%AB%E3%82%AF%E3%83%BC%E3%83%AB,RuntimeError('HTTP 503'),gif.anime2 実GIFアーカイブ
gif_anime2_0097_00060,gif_anime2,https://gif.anime2.net/wp/wp-content/uploads/2017/01/Gifsmith-156c6fa6-23.gif,https://gif.anime2.net/tag/%E3%83%91%E3%83%AB%E3%82%AF%E3%83%BC%E3%83%AB,RuntimeError('HTTP 503'),gif.anime2 実GIFアーカイブ
gif_anime2_0097_00059,gif_anime2,https://gif.anime2.net/wp/wp-content/uploads/2017/01/Gifsmith-26b21440-4.gif,https://gif.anime2.net/tag/%E3%83%91%E3%83%AB%E3%82%AF%E3%83%BC%E3%83%AB,RuntimeError('HTTP 503'),gif.anime2 実GIFアーカイブ
gif_anime2_0097_00061,gif_anime2,https://gif.anime2.net/wp/wp-content/uploads/2017/01/Gifsmith-945d41c6-24.gif,https://gif.anime2.net/tag/%E3%83%91%E3%83%AB%E3%82%AF%E3%83%BC%E3%83%AB,RuntimeError('HTTP 503'),gif.anime2 実GIFアーカイブ
gif_anime2_0097_00058,gif_anime2,https://gif.anime2.net/wp/wp-content/uploads/2017/01/Gifsmith-e7a37ac9-34.gif,https://gif.anime2.net/tag/%E3%83%91%E3%83%AB%E3%82%AF%E3%83%BC%E3%83%AB,RuntimeError('HTTP 503'),gif.anime2 実GIFアーカイブ
gif_anime2_0098_00001,gif_anime2,https://gif.anime2.net/wp/wp-content/uploads/2018/01/Gifsmith-8e87d1fe-0-thumb.jpg,https://gif.anime2.net/tag/%E9%AB%98%E6%A0%A1%E9%87%8E%E7%90%83,RuntimeError('HTTP 503'),gif.anime2 実GIFアーカイブ
gif_anime2_0098_00003,gif_anime2,https://gif.anime2.net/wp/wp-content/uploads/2017/10/Gifsmith-55d82e5e-0-thumb.jpg,https://gif.anime2.net/tag/%E9%AB%98%E6%A0%A1%E9%87%8E%E7%90%83,RuntimeError('HTTP 503'),gif.anime2 実GIFアーカイブ
gif_anime2_0098_00005,gif_anime2,https://gif.anime2.net/wp/wp-content/uploads/2016/11/Gifsmith-f4f5ad60-0-thumb.jpg,https://gif.anime2.net/tag/%E9%AB%98%E6%A0%A1%E9%87%8E%E7%90%83,RuntimeError('HTTP 503'),gif.anime2 実GIFアーカイブ
gif_anime2_0098_00004,gif_anime2,https://gif.anime2.net/wp/wp-content/uploads/2017/10/Gifsmith-cd4e2e96-6-thumb.jpg,https://gif.anime2.net/tag/%E9%AB%98%E6%A0%A1%E9%87%8E%E7%90%83,RuntimeError('HTTP 503'),gif.anime2 実GIFアーカイブ
gif_anime2_0098_00006,gif_anime2,https://gif.anime2.net/wp/wp-content/uploads/2016/11/Gifsmith-e1b8b2a9-9-thumb.jpg,https://gif.anime2.net/tag/%E9%AB%98%E6%A0%A1%E9%87%8E%E7%90%83,RuntimeError('HTTP 503'),gif.anime2 実GIFアーカイブ
gif_anime2_0098_00008,gif_anime2,https://gif.anime2.net/wp/wp-content/uploads/2016/11/Gifsmith-821f94f8-6-thumb.jpg,https://gif.anime2.net/tag/%E9%AB%98%E6%A0%A1%E9%87%8E%E7%90%83,RuntimeError('HTTP 503'),gif.anime2 実GIFアーカイブ
gif_anime2_0098_00007,gif_anime2,https://gif.anime2.net/wp/wp-content/uploads/2016/11/Gifsmith-189acc50-0-thumb.jpg,https://gif.anime2.net/tag/%E9%AB%98%E6%A0%A1%E9%87%8E%E7%90%83,RuntimeError('HTTP 503'),gif.anime2 実GIFアーカイブ
gif_anime2_0098_00010,gif_anime2,https://gif.anime2.net/wp/wp-content/uploads/2016/11/Gifsmith-168ac627-0-thumb.jpg,https://gif.anime2.net/tag/%E9%AB%98%E6%A0%A1%E9%87%8E%E7%90%83,RuntimeError('HTTP 503'),gif.anime2 実GIFアーカイブ
gif_anime2_0098_00009,gif_anime2,https://gif.anime2.net/wp/wp-content/uploads/2016/11/Gifsmith-f74f704e-0-thumb.jpg,https://gif.anime2.net/tag/%E9%AB%98%E6%A0%A1%E9%87%8E%E7%90%83,RuntimeError('HTTP 503'),gif.anime2 実GIFアーカイブ
gif_anime2_0098_00012,gif_anime2,https://gif.anime2.net/wp/wp-content/uploads/2016/10/Gifsmith-04724bd2-16-thumb.jpg,https://gif.anime2.net/tag/%E9%AB%98%E6%A0%A1%E9%87%8E%E7%90%83,RuntimeError('HTTP 503'),gif.anime2 実GIFアーカイブ
gif_anime2_0098_00013,gif_anime2,https://gif.anime2.net/wp/wp-content/uploads/2016/10/Gifsmith-7a337ab3-0-thumb.jpg,https://gif.anime2.net/tag/%E9%AB%98%E6%A0%A1%E9%87%8E%E7%90%83,RuntimeError('HTTP 503'),gif.anime2 実GIFアーカイブ
gif_anime2_0098_00011,gif_anime2,https://gif.anime2.net/wp/wp-content/uploads/2016/10/Gifsmith-e944b14b-0-thumb.jpg,https://gif.anime2.net/tag/%E9%AB%98%E6%A0%A1%E9%87%8E%E7%90%83,RuntimeError('HTTP 503'),gif.anime2 実GIFアーカイブ
gif_anime2_0098_00014,gif_anime2,https://gif.anime2.net/wp/wp-content/uploads/2016/10/Gifsmith-3225639c-0-thumb.jpg,https://gif.anime2.net/tag/%E9%AB%98%E6%A0%A1%E9%87%8E%E7%90%83,RuntimeError('HTTP 503'),gif.anime2 実GIFアーカイブ
gif_anime2_0098_00016,gif_anime2,https://gif.anime2.net/wp/wp-content/uploads/2016/10/Gifsmith-1bd7320a-8-thumb.jpg,https://gif.anime2.net/tag/%E9%AB%98%E6%A0%A1%E9%87%8E%E7%90%83,RuntimeError('HTTP 503'),gif.anime2 実GIFアーカイブ
gif_anime2_0098_00015,gif_anime2,https://gif.anime2.net/wp/wp-content/uploads/2016/10/Gifsmith-cf153e99-11-thumb.jpg,https://gif.anime2.net/tag/%E9%AB%98%E6%A0%A1%E9%87%8E%E7%90%83,RuntimeError('HTTP 503'),gif.anime2 実GIFアーカイブ
gif_anime2_0098_00017,gif_anime2,https://gif.anime2.net/wp/wp-content/uploads/2016/10/Gifsmith-cac03bd7-0-thumb.jpg,https://gif.anime2.net/tag/%E9%AB%98%E6%A0%A1%E9%87%8E%E7%90%83,RuntimeError('HTTP 503'),gif.anime2 実GIFアーカイブ
gif_anime2_0098_00018,gif_anime2,https://gif.anime2.net/wp/wp-content/uploads/2016/10/Gifsmith-3fefd7e0-5-thumb.jpg,https://gif.anime2.net/tag/%E9%AB%98%E6%A0%A1%E9%87%8E%E7%90%83,RuntimeError('HTTP 503'),gif.anime2 実GIFアーカイブ
gif_anime2_0098_00041,gif_anime2,https://gif.anime2.net/wp/wp-content/uploads/2018/01/Gifsmith-8e87d1fe-0.gif,https://gif.anime2.net/tag/%E9%AB%98%E6%A0%A1%E9%87%8E%E7%90%83,RuntimeError('HTTP 503'),gif.anime2 実GIFアーカイブ
gif_anime2_0098_00019,gif_anime2,https://gif.anime2.net/wp/wp-content/uploads/2016/10/Gifsmith-270f357e-0-thumb.jpg,https://gif.anime2.net/tag/%E9%AB%98%E6%A0%A1%E9%87%8E%E7%90%83,RuntimeError('HTTP 503'),gif.anime2 実GIFアーカイブ
gif_anime2_0098_00021,gif_anime2,https://gif.anime2.net/wp/wp-content/uploads/2016/10/Gifsmith-d25c7f6c-31-thumb.jpg,https://gif.anime2.net/tag/%E9%AB%98%E6%A0%A1%E9%87%8E%E7%90%83,RuntimeError('HTTP 503'),gif.anime2 実GIFアーカイブ
gif_anime2_0098_00020,gif_anime2,https://gif.anime2.net/wp/wp-content/uploads/2016/10/Gifsmith-7bb37b22-2-thumb.jpg,https://gif.anime2.net/tag/%E9%AB%98%E6%A0%A1%E9%87%8E%E7%90%83,RuntimeError('HTTP 503'),gif.anime2 実GIFアーカイブ
gif_anime2_0098_00043,gif_anime2,https://gif.anime2.net/wp/wp-content/uploads/2017/10/Gifsmith-55d82e5e-0.gif,https://gif.anime2.net/tag/%E9%AB%98%E6%A0%A1%E9%87%8E%E7%90%83,RuntimeError('HTTP 503'),gif.anime2 実GIFアーカイブ
gif_anime2_0098_00045,gif_anime2,https://gif.anime2.net/wp/wp-content/uploads/2016/11/Gifsmith-f4f5ad60-0.gif,https://gif.anime2.net/tag/%E9%AB%98%E6%A0%A1%E9%87%8E%E7%90%83,RuntimeError('HTTP 503'),gif.anime2 実GIFアーカイブ
gif_anime2_0098_00044,gif_anime2,https://gif.anime2.net/wp/wp-content/uploads/2017/10/Gifsmith-cd4e2e96-6.gif,https://gif.anime2.net/tag/%E9%AB%98%E6%A0%A1%E9%87%8E%E7%90%83,RuntimeError('HTTP 503'),gif.anime2 実GIFアーカイブ
gif_anime2_0098_00047,gif_anime2,https://gif.anime2.net/wp/wp-content/uploads/2016/11/Gifsmith-189acc50-0.gif,https://gif.anime2.net/tag/%E9%AB%98%E6%A0%A1%E9%87%8E%E7%90%83,RuntimeError('HTTP 503'),gif.anime2 実GIFアーカイブ
gif_anime2_0098_00049,gif_anime2,https://gif.anime2.net/wp/wp-content/uploads/2016/11/Gifsmith-f74f704e-0.gif,https://gif.anime2.net/tag/%E9%AB%98%E6%A0%A1%E9%87%8E%E7%90%83,RuntimeError('HTTP 503'),gif.anime2 実GIFアーカイブ
gif_anime2_0098_00046,gif_anime2,https://gif.anime2.net/wp/wp-content/uploads/2016/11/Gifsmith-e1b8b2a9-9.gif,https://gif.anime2.net/tag/%E9%AB%98%E6%A0%A1%E9%87%8E%E7%90%83,RuntimeError('HTTP 503'),gif.anime2 実GIFアーカイブ
gif_anime2_0098_00048,gif_anime2,https://gif.anime2.net/wp/wp-content/uploads/2016/11/Gifsmith-821f94f8-6.gif,https://gif.anime2.net/tag/%E9%AB%98%E6%A0%A1%E9%87%8E%E7%90%83,RuntimeError('HTTP 503'),gif.anime2 実GIFアーカイブ
gif_anime2_0098_00050,gif_anime2,https://gif.anime2.net/wp/wp-content/uploads/2016/11/Gifsmith-168ac627-0.gif,https://gif.anime2.net/tag/%E9%AB%98%E6%A0%A1%E9%87%8E%E7%90%83,RuntimeError('HTTP 503'),gif.anime2 実GIFアーカイブ
gif_anime2_0098_00052,gif_anime2,https://gif.anime2.net/wp/wp-content/uploads/2016/10/Gifsmith-04724bd2-16.gif,https://gif.anime2.net/tag/%E9%AB%98%E6%A0%A1%E9%87%8E%E7%90%83,RuntimeError('HTTP 503'),gif.anime2 実GIFアーカイブ
gif_anime2_0098_00053,gif_anime2,https://gif.anime2.net/wp/wp-content/uploads/2016/10/Gifsmith-7a337ab3-0.gif,https://gif.anime2.net/tag/%E9%AB%98%E6%A0%A1%E9%87%8E%E7%90%83,RuntimeError('HTTP 503'),gif.anime2 実GIFアーカイブ
gif_anime2_0098_00051,gif_anime2,https://gif.anime2.net/wp/wp-content/uploads/2016/10/Gifsmith-e944b14b-0.gif,https://gif.anime2.net/tag/%E9%AB%98%E6%A0%A1%E9%87%8E%E7%90%83,RuntimeError('HTTP 503'),gif.anime2 実GIFアーカイブ
gif_anime2_0098_00054,gif_anime2,https://gif.anime2.net/wp/wp-content/uploads/2016/10/Gifsmith-3225639c-0.gif,https://gif.anime2.net/tag/%E9%AB%98%E6%A0%A1%E9%87%8E%E7%90%83,RuntimeError('HTTP 503'),gif.anime2 実GIFアーカイブ
gif_anime2_0098_00057,gif_anime2,https://gif.anime2.net/wp/wp-content/uploads/2016/10/Gifsmith-cac03bd7-0.gif,https://gif.anime2.net/tag/%E9%AB%98%E6%A0%A1%E9%87%8E%E7%90%83,RuntimeError('HTTP 503'),gif.anime2 実GIFアーカイブ
gif_anime2_0098_00055,gif_anime2,https://gif.anime2.net/wp/wp-content/uploads/2016/10/Gifsmith-cf153e99-11.gif,https://gif.anime2.net/tag/%E9%AB%98%E6%A0%A1%E9%87%8E%E7%90%83,RuntimeError('HTTP 503'),gif.anime2 実GIFアーカイブ
gif_anime2_0098_00056,gif_anime2,https://gif.anime2.net/wp/wp-content/uploads/2016/10/Gifsmith-1bd7320a-8.gif,https://gif.anime2.net/tag/%E9%AB%98%E6%A0%A1%E9%87%8E%E7%90%83,RuntimeError('HTTP 503'),gif.anime2 実GIFアーカイブ
gif_anime2_0098_00058,gif_anime2,https://gif.anime2.net/wp/wp-content/uploads/2016/10/Gifsmith-3fefd7e0-5.gif,https://gif.anime2.net/tag/%E9%AB%98%E6%A0%A1%E9%87%8E%E7%90%83,RuntimeError('HTTP 503'),gif.anime2 実GIFアーカイブ
gif_anime2_0098_00060,gif_anime2,https://gif.anime2.net/wp/wp-content/uploads/2016/10/Gifsmith-7bb37b22-2.gif,https://gif.anime2.net/tag/%E9%AB%98%E6%A0%A1%E9%87%8E%E7%90%83,RuntimeError('HTTP 503'),gif.anime2 実GIFアーカイブ
gif_anime2_0099_00011,gif_anime2,https://gif.anime2.net/wp/wp-content/uploads/2018/07/Gifsmith-dd46a586-3-thumb.jpg,https://gif.anime2.net/tag/%E3%83%90%E3%82%A4%E3%82%AF,RuntimeError('HTTP 503'),gif.anime2 実GIFアーカイブ
gif_anime2_0099_00012,gif_anime2,https://gif.anime2.net/wp/wp-content/uploads/2018/06/Gifsmith-8c144fe4-10-thumb.jpg,https://gif.anime2.net/tag/%E3%83%90%E3%82%A4%E3%82%AF,RuntimeError('HTTP 503'),gif.anime2 実GIFアーカイブ
gif_anime2_0099_00008,gif_anime2,https://gif.anime2.net/wp/wp-content/uploads/2018/08/Gifsmith-31cf8288-3-thumb.jpg,https://gif.anime2.net/tag/%E3%83%90%E3%82%A4%E3%82%AF,RuntimeError('HTTP 503'),gif.anime2 実GIFアーカイブ
gif_anime2_0099_00014,gif_anime2,https://gif.anime2.net/wp/wp-content/uploads/2018/06/Gifsmith-d097b4b8-17-thumb.jpg,https://gif.anime2.net/tag/%E3%83%90%E3%82%A4%E3%82%AF,RuntimeError('HTTP 503'),gif.anime2 実GIFアーカイブ
gif_anime2_0099_00017,gif_anime2,https://gif.anime2.net/wp/wp-content/uploads/2018/04/Gifsmith-5f05721c-20-1-thumb.jpg,https://gif.anime2.net/tag/%E3%83%90%E3%82%A4%E3%82%AF,RuntimeError('HTTP 503'),gif.anime2 実GIFアーカイブ
gif_anime2_0099_00016,gif_anime2,https://gif.anime2.net/wp/wp-content/uploads/2018/05/Gifsmith-230b0dcb-3-thumb.jpg,https://gif.anime2.net/tag/%E3%83%90%E3%82%A4%E3%82%AF,RuntimeError('HTTP 503'),gif.anime2 実GIFアーカイブ
gif_anime2_0099_00018,gif_anime2,https://gif.anime2.net/wp/wp-content/uploads/2018/04/Gifsmith-5f05721c-3-5-thumb.jpg,https://gif.anime2.net/tag/%E3%83%90%E3%82%A4%E3%82%AF,RuntimeError('HTTP 503'),gif.anime2 実GIFアーカイブ
gif_anime2_0099_00019,gif_anime2,https://gif.anime2.net/wp/wp-content/uploads/2018/01/Gifsmith-1daf510a-0-thumb.jpg,https://gif.anime2.net/tag/%E3%83%90%E3%82%A4%E3%82%AF,RuntimeError('HTTP 503'),gif.anime2 実GIFアーカイブ
gif_anime2_0099_00020,gif_anime2,https://gif.anime2.net/wp/wp-content/uploads/2018/01/Gifsmith-5f05721c-3-10-thumb.jpg,https://gif.anime2.net/tag/%E3%83%90%E3%82%A4%E3%82%AF,RuntimeError('HTTP 503'),gif.anime2 実GIFアーカイブ
gif_anime2_0099_00021,gif_anime2,https://gif.anime2.net/wp/wp-content/uploads/2018/01/Gifsmith-5f05721c-9-1-thumb.jpg,https://gif.anime2.net/tag/%E3%83%90%E3%82%A4%E3%82%AF,RuntimeError('HTTP 503'),gif.anime2 実GIFアーカイブ
gif_anime2_0099_00048,gif_anime2,https://gif.anime2.net/wp/wp-content/uploads/2018/08/Gifsmith-31cf8288-3.gif,https://gif.anime2.net/tag/%E3%83%90%E3%82%A4%E3%82%AF,RuntimeError('HTTP 503'),gif.anime2 実GIFアーカイブ
gif_anime2_0099_00051,gif_anime2,https://gif.anime2.net/wp/wp-content/uploads/2018/07/Gifsmith-dd46a586-3.gif,https://gif.anime2.net/tag/%E3%83%90%E3%82%A4%E3%82%AF,RuntimeError('HTTP 503'),gif.anime2 実GIFアーカイブ
gif_anime2_0099_00052,gif_anime2,https://gif.anime2.net/wp/wp-content/uploads/2018/06/Gifsmith-8c144fe4-10.gif,https://gif.anime2.net/tag/%E3%83%90%E3%82%A4%E3%82%AF,RuntimeError('HTTP 503'),gif.anime2 実GIFアーカイブ
gif_anime2_0099_00054,gif_anime2,https://gif.anime2.net/wp/wp-content/uploads/2018/06/Gifsmith-d097b4b8-17.gif,https://gif.anime2.net/tag/%E3%83%90%E3%82%A4%E3%82%AF,RuntimeError('HTTP 503'),gif.anime2 実GIFアーカイブ
gif_anime2_0099_00056,gif_anime2,https://gif.anime2.net/wp/wp-content/uploads/2018/05/Gifsmith-230b0dcb-3.gif,https://gif.anime2.net/tag/%E3%83%90%E3%82%A4%E3%82%AF,RuntimeError('HTTP 503'),gif.anime2 実GIFアーカイブ
gif_anime2_0099_00057,gif_anime2,https://gif.anime2.net/wp/wp-content/uploads/2018/04/Gifsmith-5f05721c-20-1.gif,https://gif.anime2.net/tag/%E3%83%90%E3%82%A4%E3%82%AF,RuntimeError('HTTP 503'),gif.anime2 実GIFアーカイブ
gif_anime2_0099_00058,gif_anime2,https://gif.anime2.net/wp/wp-content/uploads/2018/04/Gifsmith-5f05721c-3-5.gif,https://gif.anime2.net/tag/%E3%83%90%E3%82%A4%E3%82%AF,RuntimeError('HTTP 503'),gif.anime2 実GIFアーカイブ
gif_anime2_0099_00059,gif_anime2,https://gif.anime2.net/wp/wp-content/uploads/2018/01/Gifsmith-1daf510a-0.gif,https://gif.anime2.net/tag/%E3%83%90%E3%82%A4%E3%82%AF,RuntimeError('HTTP 503'),gif.anime2 実GIFアーカイブ
gif_anime2_0099_00060,gif_anime2,https://gif.anime2.net/wp/wp-content/uploads/2018/01/Gifsmith-5f05721c-3-10.gif,https://gif.anime2.net/tag/%E3%83%90%E3%82%A4%E3%82%AF,RuntimeError('HTTP 503'),gif.anime2 実GIFアーカイブ
gif_anime2_0099_00061,gif_anime2,https://gif.anime2.net/wp/wp-content/uploads/2018/01/Gifsmith-5f05721c-9-1.gif,https://gif.anime2.net/tag/%E3%83%90%E3%82%A4%E3%82%AF,RuntimeError('HTTP 503'),gif.anime2 実GIFアーカイブ
gif_anime2_0100_00018,gif_anime2,https://gif.anime2.net/wp/wp-content/uploads/2018/05/Gifsmith-398517d2-0-thumb.jpg,https://gif.anime2.net/tag/npb,RuntimeError('HTTP 503'),gif.anime2 実GIFアーカイブ
gif_anime2_0100_00020,gif_anime2,https://gif.anime2.net/wp/wp-content/uploads/2018/05/Gifsmith-4a7562a1-0-thumb.jpg,https://gif.anime2.net/tag/npb,RuntimeError('HTTP 503'),gif.anime2 実GIFアーカイブ
gif_anime2_0100_00019,gif_anime2,https://gif.anime2.net/wp/wp-content/uploads/2018/05/Gifsmith-188e9167-12-thumb.jpg,https://gif.anime2.net/tag/npb,RuntimeError('HTTP 503'),gif.anime2 実GIFアーカイブ
gif_anime2_0100_00021,gif_anime2,https://gif.anime2.net/wp/wp-content/uploads/2018/05/Gifsmith-0c41f979-9-thumb.jpg,https://gif.anime2.net/tag/npb,RuntimeError('HTTP 503'),gif.anime2 実GIFアーカイブ
gif_anime2_0100_00058,gif_anime2,https://gif.anime2.net/wp/wp-content/uploads/2018/05/Gifsmith-398517d2-0.gif,https://gif.anime2.net/tag/npb,RuntimeError('HTTP 503'),gif.anime2 実GIFアーカイブ
gif_anime2_0100_00059,gif_anime2,https://gif.anime2.net/wp/wp-content/uploads/2018/05/Gifsmith-188e9167-12.gif,https://gif.anime2.net/tag/npb,RuntimeError('HTTP 503'),gif.anime2 実GIFアーカイブ
gif_anime2_0100_00060,gif_anime2,https://gif.anime2.net/wp/wp-content/uploads/2018/05/Gifsmith-4a7562a1-0.gif,https://gif.anime2.net/tag/npb,RuntimeError('HTTP 503'),gif.anime2 実GIFアーカイブ
gif_anime2_0100_00061,gif_anime2,https://gif.anime2.net/wp/wp-content/uploads/2018/05/Gifsmith-0c41f979-9.gif,https://gif.anime2.net/tag/npb,RuntimeError('HTTP 503'),gif.anime2 実GIFアーカイブ
gif_anime2_0101_00004,gif_anime2,https://gif.anime2.net/wp/wp-content/uploads/2018/01/Gifsmith-4a865bee-0-thumb.jpg,https://gif.anime2.net/tag/%E4%BA%AC%E3%82%A2%E3%83%8B,RuntimeError('HTTP 503'),gif.anime2 実GIFアーカイブ
gif_anime2_0101_00003,gif_anime2,https://gif.anime2.net/wp/wp-content/uploads/2018/02/Gifsmith-57f23995-0-thumb.jpg,https://gif.anime2.net/tag/%E4%BA%AC%E3%82%A2%E3%83%8B,RuntimeError('HTTP 503'),gif.anime2 実GIFアーカイブ
gif_anime2_0101_00005,gif_anime2,https://gif.anime2.net/wp/wp-content/uploads/2018/01/Gifsmith-d5d34513-0-thumb.jpg,https://gif.anime2.net/tag/%E4%BA%AC%E3%82%A2%E3%83%8B,RuntimeError('HTTP 503'),gif.anime2 実GIFアーカイブ
gif_anime2_0101_00006,gif_anime2,https://gif.anime2.net/wp/wp-content/uploads/2018/01/Gifsmith-1ea13ef0-0-thumb.jpg,https://gif.anime2.net/tag/%E4%BA%AC%E3%82%A2%E3%83%8B,RuntimeError('HTTP 503'),gif.anime2 実GIFアーカイブ
gif_anime2_0101_00007,gif_anime2,https://gif.anime2.net/wp/wp-content/uploads/2018/01/Gifsmith-9ecef129-18-thumb.jpg,https://gif.anime2.net/tag/%E4%BA%AC%E3%82%A2%E3%83%8B,RuntimeError('HTTP 503'),gif.anime2 実GIFアーカイブ
gif_anime2_0101_00008,gif_anime2,https://gif.anime2.net/wp/wp-content/uploads/2018/01/Gifsmith-72b0fc86-16-thumb.jpg,https://gif.anime2.net/tag/%E4%BA%AC%E3%82%A2%E3%83%8B,RuntimeError('HTTP 503'),gif.anime2 実GIFアーカイブ
gif_anime2_0101_00009,gif_anime2,https://gif.anime2.net/wp/wp-content/uploads/2018/01/Gifsmith-32f0b8f3-0-thumb.jpg,https://gif.anime2.net/tag/%E4%BA%AC%E3%82%A2%E3%83%8B,RuntimeError('HTTP 503'),gif.anime2 実GIFアーカイブ
gif_anime2_0101_00010,gif_anime2,https://gif.anime2.net/wp/wp-content/uploads/2017/07/Gifsmith-fb1a3c55-0-thumb.jpg,https://gif.anime2.net/tag/%E4%BA%AC%E3%82%A2%E3%83%8B,RuntimeError('HTTP 503'),gif.anime2 実GIFアーカイブ
gif_anime2_0101_00011,gif_anime2,https://gif.anime2.net/wp/wp-content/uploads/2017/04/Gifsmith-abdff1ea-0-thumb.jpg,https://gif.anime2.net/tag/%E4%BA%AC%E3%82%A2%E3%83%8B,RuntimeError('HTTP 503'),gif.anime2 実GIFアーカイブ
gif_anime2_0101_00012,gif_anime2,https://gif.anime2.net/wp/wp-content/uploads/2017/04/Gifsmith-66c9e36b-0-thumb.jpg,https://gif.anime2.net/tag/%E4%BA%AC%E3%82%A2%E3%83%8B,RuntimeError('HTTP 503'),gif.anime2 実GIFアーカイブ
gif_anime2_0101_00013,gif_anime2,https://gif.anime2.net/wp/wp-content/uploads/2017/03/Gifsmith-a7ee826e-7-thumb.jpg,https://gif.anime2.net/tag/%E4%BA%AC%E3%82%A2%E3%83%8B,RuntimeError('HTTP 503'),gif.anime2 実GIFアーカイブ
gif_anime2_0101_00014,gif_anime2,https://gif.anime2.net/wp/wp-content/uploads/2017/03/Gifsmith-4781530d-5-thumb.jpg,https://gif.anime2.net/tag/%E4%BA%AC%E3%82%A2%E3%83%8B,RuntimeError('HTTP 503'),gif.anime2 実GIFアーカイブ
gif_anime2_0101_00015,gif_anime2,https://gif.anime2.net/wp/wp-content/uploads/2016/06/Gifsmith-db755ede-0-thumb.jpg,https://gif.anime2.net/tag/%E4%BA%AC%E3%82%A2%E3%83%8B,RuntimeError('HTTP 503'),gif.anime2 実GIFアーカイブ
gif_anime2_0101_00016,gif_anime2,https://gif.anime2.net/wp/wp-content/uploads/2016/06/Gifsmith-a4adbd0c-0-thumb.jpg,https://gif.anime2.net/tag/%E4%BA%AC%E3%82%A2%E3%83%8B,RuntimeError('HTTP 503'),gif.anime2 実GIFアーカイブ
gif_anime2_0101_00017,gif_anime2,https://gif.anime2.net/wp/wp-content/uploads/2016/05/1457164053_901-thumb.jpg,https://gif.anime2.net/tag/%E4%BA%AC%E3%82%A2%E3%83%8B,RuntimeError('HTTP 503'),gif.anime2 実GIFアーカイブ
gif_anime2_0101_00018,gif_anime2,https://gif.anime2.net/wp/wp-content/uploads/2016/05/news4vip_1456423879_2002-thumb.jpg,https://gif.anime2.net/tag/%E4%BA%AC%E3%82%A2%E3%83%8B,RuntimeError('HTTP 503'),gif.anime2 実GIFアーカイブ
gif_anime2_0101_00020,gif_anime2,https://gif.anime2.net/wp/wp-content/uploads/2016/02/e8a-thumb.jpg,https://gif.anime2.net/tag/%E4%BA%AC%E3%82%A2%E3%83%8B,RuntimeError('HTTP 503'),gif.anime2 実GIFアーカイブ
gif_anime2_0101_00019,gif_anime2,https://gif.anime2.net/wp/wp-content/uploads/2016/04/c7d4495b-thumb.jpg,https://gif.anime2.net/tag/%E4%BA%AC%E3%82%A2%E3%83%8B,RuntimeError('HTTP 503'),gif.anime2 実GIFアーカイブ
gif_anime2_0101_00021,gif_anime2,https://gif.anime2.net/wp/wp-content/uploads/2016/02/4437d8c3-thumb.jpg,https://gif.anime2.net/tag/%E4%BA%AC%E3%82%A2%E3%83%8B,RuntimeError('HTTP 503'),gif.anime2 実GIFアーカイブ
gif_anime2_0101_00043,gif_anime2,https://gif.anime2.net/wp/wp-content/uploads/2018/02/Gifsmith-57f23995-0.gif,https://gif.anime2.net/tag/%E4%BA%AC%E3%82%A2%E3%83%8B,RuntimeError('HTTP 503'),gif.anime2 実GIFアーカイブ
gif_anime2_0101_00044,gif_anime2,https://gif.anime2.net/wp/wp-content/uploads/2018/01/Gifsmith-4a865bee-0.gif,https://gif.anime2.net/tag/%E4%BA%AC%E3%82%A2%E3%83%8B,RuntimeError('HTTP 503'),gif.anime2 実GIFアーカイブ
gif_anime2_0101_00046,gif_anime2,https://gif.anime2.net/wp/wp-content/uploads/2018/01/Gifsmith-1ea13ef0-0.gif,https://gif.anime2.net/tag/%E4%BA%AC%E3%82%A2%E3%83%8B,RuntimeError('HTTP 503'),gif.anime2 実GIFアーカイブ
gif_anime2_0101_00045,gif_anime2,https://gif.anime2.net/wp/wp-content/uploads/2018/01/Gifsmith-d5d34513-0.gif,https://gif.anime2.net/tag/%E4%BA%AC%E3%82%A2%E3%83%8B,RuntimeError('HTTP 503'),gif.anime2 実GIFアーカイブ
gif_anime2_0101_00047,gif_anime2,https://gif.anime2.net/wp/wp-content/uploads/2018/01/Gifsmith-9ecef129-18.gif,https://gif.anime2.net/tag/%E4%BA%AC%E3%82%A2%E3%83%8B,RuntimeError('HTTP 503'),gif.anime2 実GIFアーカイブ
gif_anime2_0101_00048,gif_anime2,https://gif.anime2.net/wp/wp-content/uploads/2018/01/Gifsmith-72b0fc86-16.gif,https://gif.anime2.net/tag/%E4%BA%AC%E3%82%A2%E3%83%8B,RuntimeError('HTTP 503'),gif.anime2 実GIFアーカイブ
gif_anime2_0101_00049,gif_anime2,https://gif.anime2.net/wp/wp-content/uploads/2018/01/Gifsmith-32f0b8f3-0.gif,https://gif.anime2.net/tag/%E4%BA%AC%E3%82%A2%E3%83%8B,RuntimeError('HTTP 503'),gif.anime2 実GIFアーカイブ
gif_anime2_0101_00050,gif_anime2,https://gif.anime2.net/wp/wp-content/uploads/2017/07/Gifsmith-fb1a3c55-0.gif,https://gif.anime2.net/tag/%E4%BA%AC%E3%82%A2%E3%83%8B,RuntimeError('HTTP 503'),gif.anime2 実GIFアーカイブ
gif_anime2_0101_00052,gif_anime2,https://gif.anime2.net/wp/wp-content/uploads/2017/04/Gifsmith-66c9e36b-0.gif,https://gif.anime2.net/tag/%E4%BA%AC%E3%82%A2%E3%83%8B,RuntimeError('HTTP 503'),gif.anime2 実GIFアーカイブ
gif_anime2_0101_00051,gif_anime2,https://gif.anime2.net/wp/wp-content/uploads/2017/04/Gifsmith-abdff1ea-0.gif,https://gif.anime2.net/tag/%E4%BA%AC%E3%82%A2%E3%83%8B,RuntimeError('HTTP 503'),gif.anime2 実GIFアーカイブ
gif_anime2_0101_00054,gif_anime2,https://gif.anime2.net/wp/wp-content/uploads/2017/03/Gifsmith-4781530d-5.gif,https://gif.anime2.net/tag/%E4%BA%AC%E3%82%A2%E3%83%8B,RuntimeError('HTTP 503'),gif.anime2 実GIFアーカイブ
gif_anime2_0101_00053,gif_anime2,https://gif.anime2.net/wp/wp-content/uploads/2017/03/Gifsmith-a7ee826e-7.gif,https://gif.anime2.net/tag/%E4%BA%AC%E3%82%A2%E3%83%8B,RuntimeError('HTTP 503'),gif.anime2 実GIFアーカイブ
gif_anime2_0101_00055,gif_anime2,https://gif.anime2.net/wp/wp-content/uploads/2016/06/Gifsmith-db755ede-0.gif,https://gif.anime2.net/tag/%E4%BA%AC%E3%82%A2%E3%83%8B,RuntimeError('HTTP 503'),gif.anime2 実GIFアーカイブ
gif_anime2_0101_00056,gif_anime2,https://gif.anime2.net/wp/wp-content/uploads/2016/06/Gifsmith-a4adbd0c-0.gif,https://gif.anime2.net/tag/%E4%BA%AC%E3%82%A2%E3%83%8B,RuntimeError('HTTP 503'),gif.anime2 実GIFアーカイブ
gif_anime2_0101_00058,gif_anime2,https://gif.anime2.net/wp/wp-content/uploads/2016/05/news4vip_1456423879_2002.gif,https://gif.anime2.net/tag/%E4%BA%AC%E3%82%A2%E3%83%8B,RuntimeError('HTTP 503'),gif.anime2 実GIFアーカイブ
gif_anime2_0101_00059,gif_anime2,https://gif.anime2.net/wp/wp-content/uploads/2016/04/c7d4495b.gif,https://gif.anime2.net/tag/%E4%BA%AC%E3%82%A2%E3%83%8B,RuntimeError('HTTP 503'),gif.anime2 実GIFアーカイブ
gif_anime2_0101_00057,gif_anime2,https://gif.anime2.net/wp/wp-content/uploads/2016/05/1457164053_901.gif,https://gif.anime2.net/tag/%E4%BA%AC%E3%82%A2%E3%83%8B,RuntimeError('HTTP 503'),gif.anime2 実GIFアーカイブ
gif_anime2_0101_00061,gif_anime2,https://gif.anime2.net/wp/wp-content/uploads/2016/02/4437d8c3.gif,https://gif.anime2.net/tag/%E4%BA%AC%E3%82%A2%E3%83%8B,RuntimeError('HTTP 503'),gif.anime2 実GIFアーカイブ
gif_anime2_0101_00060,gif_anime2,https://gif.anime2.net/wp/wp-content/uploads/2016/02/e8a.gif,https://gif.anime2.net/tag/%E4%BA%AC%E3%82%A2%E3%83%8B,RuntimeError('HTTP 503'),gif.anime2 実GIFアーカイブ
gif_anime2_0102_00006,gif_anime2,https://gif.anime2.net/wp/wp-content/uploads/2018/05/Gifsmith-c628b1ac-23-thumb.jpg,https://gif.anime2.net/tag/%E8%B5%A4%E3%81%A1%E3%82%83%E3%82%93,RuntimeError('HTTP 503'),gif.anime2 実GIFアーカイブ
gif_anime2_0102_00011,gif_anime2,https://gif.anime2.net/wp/wp-content/uploads/2018/01/Gifsmith-5f05721c-12-1-thumb.jpg,https://gif.anime2.net/tag/%E8%B5%A4%E3%81%A1%E3%82%83%E3%82%93,RuntimeError('HTTP 503'),gif.anime2 実GIFアーカイブ
gif_anime2_0102_00010,gif_anime2,https://gif.anime2.net/wp/wp-content/uploads/2018/05/Gifsmith-c7bc4084-23-thumb.jpg,https://gif.anime2.net/tag/%E8%B5%A4%E3%81%A1%E3%82%83%E3%82%93,RuntimeError('HTTP 503'),gif.anime2 実GIFアーカイブ
gif_anime2_0102_00012,gif_anime2,https://gif.anime2.net/wp/wp-content/uploads/2017/09/Gifsmith-00cba63d-8-thumb.jpg,https://gif.anime2.net/tag/%E8%B5%A4%E3%81%A1%E3%82%83%E3%82%93,RuntimeError('HTTP 503'),gif.anime2 実GIFアーカイブ
gif_anime2_0102_00014,gif_anime2,https://gif.anime2.net/wp/wp-content/uploads/2017/09/Gifsmith-7c4ab50d-3-thumb.jpg,https://gif.anime2.net/tag/%E8%B5%A4%E3%81%A1%E3%82%83%E3%82%93,RuntimeError('HTTP 503'),gif.anime2 実GIFアーカイブ
gif_anime2_0102_00013,gif_anime2,https://gif.anime2.net/wp/wp-content/uploads/2017/09/Gifsmith-5f05721c-14-1-thumb.jpg,https://gif.anime2.net/tag/%E8%B5%A4%E3%81%A1%E3%82%83%E3%82%93,RuntimeError('HTTP 503'),gif.anime2 実GIFアーカイブ
gif_anime2_0102_00015,gif_anime2,https://gif.anime2.net/wp/wp-content/uploads/2017/07/Gifsmith-5f05721c-3-11-thumb.jpg,https://gif.anime2.net/tag/%E8%B5%A4%E3%81%A1%E3%82%83%E3%82%93,RuntimeError('HTTP 503'),gif.anime2 実GIFアーカイブ
gif_anime2_0102_00017,gif_anime2,https://gif.anime2.net/wp/wp-content/uploads/2017/06/Gifsmith-5f05721c-12-1-thumb.jpg,https://gif.anime2.net/tag/%E8%B5%A4%E3%81%A1%E3%82%83%E3%82%93,RuntimeError('HTTP 503'),gif.anime2 実GIFアーカイブ
gif_anime2_0102_00016,gif_anime2,https://gif.anime2.net/wp/wp-content/uploads/2017/06/Gifsmith-5f05721c-15-thumb.jpg,https://gif.anime2.net/tag/%E8%B5%A4%E3%81%A1%E3%82%83%E3%82%93,RuntimeError('HTTP 503'),gif.anime2 実GIFアーカイブ
gif_anime2_0102_00018,gif_anime2,https://gif.anime2.net/wp/wp-content/uploads/2017/04/Gifsmith-42076bc0-0-thumb.jpg,https://gif.anime2.net/tag/%E8%B5%A4%E3%81%A1%E3%82%83%E3%82%93,RuntimeError('HTTP 503'),gif.anime2 実GIFアーカイブ
gif_anime2_0102_00019,gif_anime2,https://gif.anime2.net/wp/wp-content/uploads/2017/02/Gifsmith-d8af4642-6-thumb.jpg,https://gif.anime2.net/tag/%E8%B5%A4%E3%81%A1%E3%82%83%E3%82%93,RuntimeError('HTTP 503'),gif.anime2 実GIFアーカイブ
gif_anime2_0102_00021,gif_anime2,https://gif.anime2.net/wp/wp-content/uploads/2017/02/Gifsmith-11b10bd8-0-thumb.jpg,https://gif.anime2.net/tag/%E8%B5%A4%E3%81%A1%E3%82%83%E3%82%93,RuntimeError('HTTP 503'),gif.anime2 実GIFアーカイブ
gif_anime2_0102_00020,gif_anime2,https://gif.anime2.net/wp/wp-content/uploads/2017/02/Gifsmith-2313b836-38-thumb.jpg,https://gif.anime2.net/tag/%E8%B5%A4%E3%81%A1%E3%82%83%E3%82%93,RuntimeError('HTTP 503'),gif.anime2 実GIFアーカイブ
gif_anime2_0102_00046,gif_anime2,https://gif.anime2.net/wp/wp-content/uploads/2018/05/Gifsmith-c628b1ac-23.gif,https://gif.anime2.net/tag/%E8%B5%A4%E3%81%A1%E3%82%83%E3%82%93,RuntimeError('HTTP 503'),gif.anime2 実GIFアーカイブ
gif_anime2_0102_00050,gif_anime2,https://gif.anime2.net/wp/wp-content/uploads/2018/05/Gifsmith-c7bc4084-23.gif,https://gif.anime2.net/tag/%E8%B5%A4%E3%81%A1%E3%82%83%E3%82%93,RuntimeError('HTTP 503'),gif.anime2 実GIFアーカイブ
gif_anime2_0102_00051,gif_anime2,https://gif.anime2.net/wp/wp-content/uploads/2018/01/Gifsmith-5f05721c-12-1.gif,https://gif.anime2.net/tag/%E8%B5%A4%E3%81%A1%E3%82%83%E3%82%93,RuntimeError('HTTP 503'),gif.anime2 実GIFアーカイブ
gif_anime2_0102_00053,gif_anime2,https://gif.anime2.net/wp/wp-content/uploads/2017/09/Gifsmith-5f05721c-14-1.gif,https://gif.anime2.net/tag/%E8%B5%A4%E3%81%A1%E3%82%83%E3%82%93,RuntimeError('HTTP 503'),gif.anime2 実GIFアーカイブ
gif_anime2_0102_00052,gif_anime2,https://gif.anime2.net/wp/wp-content/uploads/2017/09/Gifsmith-00cba63d-8.gif,https://gif.anime2.net/tag/%E8%B5%A4%E3%81%A1%E3%82%83%E3%82%93,RuntimeError('HTTP 503'),gif.anime2 実GIFアーカイブ
gif_anime2_0102_00054,gif_anime2,https://gif.anime2.net/wp/wp-content/uploads/2017/09/Gifsmith-7c4ab50d-3.gif,https://gif.anime2.net/tag/%E8%B5%A4%E3%81%A1%E3%82%83%E3%82%93,RuntimeError('HTTP 503'),gif.anime2 実GIFアーカイブ
gif_anime2_0102_00055,gif_anime2,https://gif.anime2.net/wp/wp-content/uploads/2017/07/Gifsmith-5f05721c-3-11.gif,https://gif.anime2.net/tag/%E8%B5%A4%E3%81%A1%E3%82%83%E3%82%93,RuntimeError('HTTP 503'),gif.anime2 実GIFアーカイブ
gif_anime2_0102_00056,gif_anime2,https://gif.anime2.net/wp/wp-content/uploads/2017/06/Gifsmith-5f05721c-15.gif,https://gif.anime2.net/tag/%E8%B5%A4%E3%81%A1%E3%82%83%E3%82%93,RuntimeError('HTTP 503'),gif.anime2 実GIFアーカイブ
gif_anime2_0102_00057,gif_anime2,https://gif.anime2.net/wp/wp-content/uploads/2017/06/Gifsmith-5f05721c-12-1.gif,https://gif.anime2.net/tag/%E8%B5%A4%E3%81%A1%E3%82%83%E3%82%93,RuntimeError('HTTP 503'),gif.anime2 実GIFアーカイブ
gif_anime2_0102_00058,gif_anime2,https://gif.anime2.net/wp/wp-content/uploads/2017/04/Gifsmith-42076bc0-0.gif,https://gif.anime2.net/tag/%E8%B5%A4%E3%81%A1%E3%82%83%E3%82%93,RuntimeError('HTTP 503'),gif.anime2 実GIFアーカイブ
gif_anime2_0102_00061,gif_anime2,https://gif.anime2.net/wp/wp-content/uploads/2017/02/Gifsmith-11b10bd8-0.gif,https://gif.anime2.net/tag/%E8%B5%A4%E3%81%A1%E3%82%83%E3%82%93,RuntimeError('HTTP 503'),gif.anime2 実GIFアーカイブ
gif_anime2_0102_00059,gif_anime2,https://gif.anime2.net/wp/wp-content/uploads/2017/02/Gifsmith-d8af4642-6.gif,https://gif.anime2.net/tag/%E8%B5%A4%E3%81%A1%E3%82%83%E3%82%93,RuntimeError('HTTP 503'),gif.anime2 実GIFアーカイブ
gif_anime2_0103_00001,gif_anime2,https://gif.anime2.net/wp/wp-content/uploads/2017/06/Gifsmith-5f05721c-3-thumb.jpg,https://gif.anime2.net/tag/%E3%82%B8%E3%83%A3%E3%83%B3%E3%83%97,RuntimeError('HTTP 503'),gif.anime2 実GIFアーカイブ
gif_anime2_0102_00060,gif_anime2,https://gif.anime2.net/wp/wp-content/uploads/2017/02/Gifsmith-2313b836-38.gif,https://gif.anime2.net/tag/%E8%B5%A4%E3%81%A1%E3%82%83%E3%82%93,RuntimeError('HTTP 503'),gif.anime2 実GIFアーカイブ
gif_anime2_0103_00003,gif_anime2,https://gif.anime2.net/wp/wp-content/uploads/2016/12/Gifsmith-8cef7573-0-thumb.jpg,https://gif.anime2.net/tag/%E3%82%B8%E3%83%A3%E3%83%B3%E3%83%97,RuntimeError('HTTP 503'),gif.anime2 実GIFアーカイブ
gif_anime2_0103_00004,gif_anime2,https://gif.anime2.net/wp/wp-content/uploads/2016/11/Gifsmith-94864f47-0-thumb.jpg,https://gif.anime2.net/tag/%E3%82%B8%E3%83%A3%E3%83%B3%E3%83%97,RuntimeError('HTTP 503'),gif.anime2 実GIFアーカイブ
gif_anime2_0103_00005,gif_anime2,https://gif.anime2.net/wp/wp-content/uploads/2016/09/Gifsmith-88a63b2c-16-thumb.jpg,https://gif.anime2.net/tag/%E3%82%B8%E3%83%A3%E3%83%B3%E3%83%97,RuntimeError('HTTP 503'),gif.anime2 実GIFアーカイブ
gif_anime2_0103_00006,gif_anime2,https://gif.anime2.net/wp/wp-content/uploads/2016/09/Gifsmith-a8074a28-14-thumb.jpg,https://gif.anime2.net/tag/%E3%82%B8%E3%83%A3%E3%83%B3%E3%83%97,RuntimeError('HTTP 503'),gif.anime2 実GIFアーカイブ
gif_anime2_0103_00007,gif_anime2,https://gif.anime2.net/wp/wp-content/uploads/2016/09/Gifsmith-f74bfef9-14-thumb.jpg,https://gif.anime2.net/tag/%E3%82%B8%E3%83%A3%E3%83%B3%E3%83%97,RuntimeError('HTTP 503'),gif.anime2 実GIFアーカイブ
gif_anime2_0103_00008,gif_anime2,https://gif.anime2.net/wp/wp-content/uploads/2016/08/Gifsmith-49737ecc-0-thumb.jpg,https://gif.anime2.net/tag/%E3%82%B8%E3%83%A3%E3%83%B3%E3%83%97,RuntimeError('HTTP 503'),gif.anime2 実GIFアーカイブ
gif_anime2_0103_00009,gif_anime2,https://gif.anime2.net/wp/wp-content/uploads/2016/08/Gifsmith-c2f62c68-0-thumb.jpg,https://gif.anime2.net/tag/%E3%82%B8%E3%83%A3%E3%83%B3%E3%83%97,RuntimeError('HTTP 503'),gif.anime2 実GIFアーカイブ
gif_anime2_0103_00010,gif_anime2,https://gif.anime2.net/wp/wp-content/uploads/2016/08/2b4747af-thumb.jpg,https://gif.anime2.net/tag/%E3%82%B8%E3%83%A3%E3%83%B3%E3%83%97,RuntimeError('HTTP 503'),gif.anime2 実GIFアーカイブ
gif_anime2_0103_00011,gif_anime2,https://gif.anime2.net/wp/wp-content/uploads/2016/08/edad7b7c-thumb.jpg,https://gif.anime2.net/tag/%E3%82%B8%E3%83%A3%E3%83%B3%E3%83%97,RuntimeError('HTTP 503'),gif.anime2 実GIFアーカイブ
gif_anime2_0103_00012,gif_anime2,https://gif.anime2.net/wp/wp-content/uploads/2016/08/Gifsmith-778c12e8-0-thumb.jpg,https://gif.anime2.net/tag/%E3%82%B8%E3%83%A3%E3%83%B3%E3%83%97,RuntimeError('HTTP 503'),gif.anime2 実GIFアーカイブ
gif_anime2_0103_00013,gif_anime2,https://gif.anime2.net/wp/wp-content/uploads/2016/07/26f0ee00-thumb.jpg,https://gif.anime2.net/tag/%E3%82%B8%E3%83%A3%E3%83%B3%E3%83%97,RuntimeError('HTTP 503'),gif.anime2 実GIFアーカイブ
gif_anime2_0103_00014,gif_anime2,https://gif.anime2.net/wp/wp-content/uploads/2016/07/Gifsmith-ce45192f-2-thumb.jpg,https://gif.anime2.net/tag/%E3%82%B8%E3%83%A3%E3%83%B3%E3%83%97,RuntimeError('HTTP 503'),gif.anime2 実GIFアーカイブ
gif_anime2_0103_00015,gif_anime2,https://gif.anime2.net/wp/wp-content/uploads/2016/06/Gifsmith-87e1a423-22-thumb.jpg,https://gif.anime2.net/tag/%E3%82%B8%E3%83%A3%E3%83%B3%E3%83%97,RuntimeError('HTTP 503'),gif.anime2 実GIFアーカイブ
gif_anime2_0103_00016,gif_anime2,https://gif.anime2.net/wp/wp-content/uploads/2016/06/Gifsmith-8e4137b7-4-thumb.jpg,https://gif.anime2.net/tag/%E3%82%B8%E3%83%A3%E3%83%B3%E3%83%97,RuntimeError('HTTP 503'),gif.anime2 実GIFアーカイブ
gif_anime2_0103_00018,gif_anime2,https://gif.anime2.net/wp/wp-content/uploads/2016/05/Gifsmith-4c39b1f5-17-thumb.jpg,https://gif.anime2.net/tag/%E3%82%B8%E3%83%A3%E3%83%B3%E3%83%97,RuntimeError('HTTP 503'),gif.anime2 実GIFアーカイブ
gif_anime2_0103_00017,gif_anime2,https://gif.anime2.net/wp/wp-content/uploads/2016/05/Gifsmith-203e01ce-31-thumb.jpg,https://gif.anime2.net/tag/%E3%82%B8%E3%83%A3%E3%83%B3%E3%83%97,RuntimeError('HTTP 503'),gif.anime2 実GIFアーカイブ
gif_anime2_0103_00019,gif_anime2,https://gif.anime2.net/wp/wp-content/uploads/2016/05/Gifsmith-5154c7e1-13-thumb.jpg,https://gif.anime2.net/tag/%E3%82%B8%E3%83%A3%E3%83%B3%E3%83%97,RuntimeError('HTTP 503'),gif.anime2 実GIFアーカイブ
gif_anime2_0103_00020,gif_anime2,https://gif.anime2.net/wp/wp-content/uploads/2016/05/Gifsmith-1aece183-10-thumb.jpg,https://gif.anime2.net/tag/%E3%82%B8%E3%83%A3%E3%83%B3%E3%83%97,RuntimeError('HTTP 503'),gif.anime2 実GIFアーカイブ
gif_anime2_0103_00021,gif_anime2,https://gif.anime2.net/wp/wp-content/uploads/2016/05/Gifsmith-fab8d008-6-thumb.jpg,https://gif.anime2.net/tag/%E3%82%B8%E3%83%A3%E3%83%B3%E3%83%97,RuntimeError('HTTP 503'),gif.anime2 実GIFアーカイブ
gif_anime2_0103_00041,gif_anime2,https://gif.anime2.net/wp/wp-content/uploads/2017/06/Gifsmith-5f05721c-3.gif,https://gif.anime2.net/tag/%E3%82%B8%E3%83%A3%E3%83%B3%E3%83%97,RuntimeError('HTTP 503'),gif.anime2 実GIFアーカイブ
gif_anime2_0103_00044,gif_anime2,https://gif.anime2.net/wp/wp-content/uploads/2016/11/Gifsmith-94864f47-0.gif,https://gif.anime2.net/tag/%E3%82%B8%E3%83%A3%E3%83%B3%E3%83%97,RuntimeError('HTTP 503'),gif.anime2 実GIFアーカイブ
gif_anime2_0103_00043,gif_anime2,https://gif.anime2.net/wp/wp-content/uploads/2016/12/Gifsmith-8cef7573-0.gif,https://gif.anime2.net/tag/%E3%82%B8%E3%83%A3%E3%83%B3%E3%83%97,RuntimeError('HTTP 503'),gif.anime2 実GIFアーカイブ
gif_anime2_0103_00045,gif_anime2,https://gif.anime2.net/wp/wp-content/uploads/2016/09/Gifsmith-88a63b2c-16.gif,https://gif.anime2.net/tag/%E3%82%B8%E3%83%A3%E3%83%B3%E3%83%97,RuntimeError('HTTP 503'),gif.anime2 実GIFアーカイブ
gif_anime2_0103_00046,gif_anime2,https://gif.anime2.net/wp/wp-content/uploads/2016/09/Gifsmith-a8074a28-14.gif,https://gif.anime2.net/tag/%E3%82%B8%E3%83%A3%E3%83%B3%E3%83%97,RuntimeError('HTTP 503'),gif.anime2 実GIFアーカイブ
gif_anime2_0103_00047,gif_anime2,https://gif.anime2.net/wp/wp-content/uploads/2016/09/Gifsmith-f74bfef9-14.gif,https://gif.anime2.net/tag/%E3%82%B8%E3%83%A3%E3%83%B3%E3%83%97,RuntimeError('HTTP 503'),gif.anime2 実GIFアーカイブ
gif_anime2_0103_00048,gif_anime2,https://gif.anime2.net/wp/wp-content/uploads/2016/08/Gifsmith-49737ecc-0.gif,https://gif.anime2.net/tag/%E3%82%B8%E3%83%A3%E3%83%B3%E3%83%97,RuntimeError('HTTP 503'),gif.anime2 実GIFアーカイブ
gif_anime2_0103_00049,gif_anime2,https://gif.anime2.net/wp/wp-content/uploads/2016/08/Gifsmith-c2f62c68-0.gif,https://gif.anime2.net/tag/%E3%82%B8%E3%83%A3%E3%83%B3%E3%83%97,RuntimeError('HTTP 503'),gif.anime2 実GIFアーカイブ
gif_anime2_0103_00050,gif_anime2,https://gif.anime2.net/wp/wp-content/uploads/2016/08/2b4747af.gif,https://gif.anime2.net/tag/%E3%82%B8%E3%83%A3%E3%83%B3%E3%83%97,RuntimeError('HTTP 503'),gif.anime2 実GIFアーカイブ
gif_anime2_0103_00051,gif_anime2,https://gif.anime2.net/wp/wp-content/uploads/2016/08/edad7b7c.gif,https://gif.anime2.net/tag/%E3%82%B8%E3%83%A3%E3%83%B3%E3%83%97,RuntimeError('HTTP 503'),gif.anime2 実GIFアーカイブ
gif_anime2_0103_00053,gif_anime2,https://gif.anime2.net/wp/wp-content/uploads/2016/07/26f0ee00.gif,https://gif.anime2.net/tag/%E3%82%B8%E3%83%A3%E3%83%B3%E3%83%97,RuntimeError('HTTP 503'),gif.anime2 実GIFアーカイブ
gif_anime2_0103_00052,gif_anime2,https://gif.anime2.net/wp/wp-content/uploads/2016/08/Gifsmith-778c12e8-0.gif,https://gif.anime2.net/tag/%E3%82%B8%E3%83%A3%E3%83%B3%E3%83%97,RuntimeError('HTTP 503'),gif.anime2 実GIFアーカイブ
gif_anime2_0103_00055,gif_anime2,https://gif.anime2.net/wp/wp-content/uploads/2016/06/Gifsmith-87e1a423-22.gif,https://gif.anime2.net/tag/%E3%82%B8%E3%83%A3%E3%83%B3%E3%83%97,RuntimeError('HTTP 503'),gif.anime2 実GIFアーカイブ
gif_anime2_0103_00054,gif_anime2,https://gif.anime2.net/wp/wp-content/uploads/2016/07/Gifsmith-ce45192f-2.gif,https://gif.anime2.net/tag/%E3%82%B8%E3%83%A3%E3%83%B3%E3%83%97,RuntimeError('HTTP 503'),gif.anime2 実GIFアーカイブ
gif_anime2_0103_00056,gif_anime2,https://gif.anime2.net/wp/wp-content/uploads/2016/06/Gifsmith-8e4137b7-4.gif,https://gif.anime2.net/tag/%E3%82%B8%E3%83%A3%E3%83%B3%E3%83%97,RuntimeError('HTTP 503'),gif.anime2 実GIFアーカイブ
gif_anime2_0103_00058,gif_anime2,https://gif.anime2.net/wp/wp-content/uploads/2016/05/Gifsmith-4c39b1f5-17.gif,https://gif.anime2.net/tag/%E3%82%B8%E3%83%A3%E3%83%B3%E3%83%97,RuntimeError('HTTP 503'),gif.anime2 実GIFアーカイブ
gif_anime2_0103_00057,gif_anime2,https://gif.anime2.net/wp/wp-content/uploads/2016/05/Gifsmith-203e01ce-31.gif,https://gif.anime2.net/tag/%E3%82%B8%E3%83%A3%E3%83%B3%E3%83%97,RuntimeError('HTTP 503'),gif.anime2 実GIFアーカイブ
gif_anime2_0103_00060,gif_anime2,https://gif.anime2.net/wp/wp-content/uploads/2016/05/Gifsmith-1aece183-10.gif,https://gif.anime2.net/tag/%E3%82%B8%E3%83%A3%E3%83%B3%E3%83%97,RuntimeError('HTTP 503'),gif.anime2 実GIFアーカイブ
gif_anime2_0103_00059,gif_anime2,https://gif.anime2.net/wp/wp-content/uploads/2016/05/Gifsmith-5154c7e1-13.gif,https://gif.anime2.net/tag/%E3%82%B8%E3%83%A3%E3%83%B3%E3%83%97,RuntimeError('HTTP 503'),gif.anime2 実GIFアーカイブ
gif_anime2_0103_00061,gif_anime2,https://gif.anime2.net/wp/wp-content/uploads/2016/05/Gifsmith-fab8d008-6.gif,https://gif.anime2.net/tag/%E3%82%B8%E3%83%A3%E3%83%B3%E3%83%97,RuntimeError('HTTP 503'),gif.anime2 実GIFアーカイブ
gif_anime2_0104_00006,gif_anime2,https://gif.anime2.net/wp/wp-content/uploads/2018/07/Gifsmith-f2b61c64-3-thumb.jpg,https://gif.anime2.net/tag/%E3%83%80%E3%83%B3%E3%82%B9,RuntimeError('HTTP 503'),gif.anime2 実GIFアーカイブ
gif_anime2_0104_00007,gif_anime2,https://gif.anime2.net/wp/wp-content/uploads/2018/06/Gifsmith-9dec0f6d-11-thumb.jpg,https://gif.anime2.net/tag/%E3%83%80%E3%83%B3%E3%82%B9,RuntimeError('HTTP 503'),gif.anime2 実GIFアーカイブ
gif_anime2_0104_00009,gif_anime2,https://gif.anime2.net/wp/wp-content/uploads/2018/01/Gifsmith-5f05721c-4-1-thumb.jpg,https://gif.anime2.net/tag/%E3%83%80%E3%83%B3%E3%82%B9,RuntimeError('HTTP 503'),gif.anime2 実GIFアーカイブ
gif_anime2_0104_00010,gif_anime2,https://gif.anime2.net/wp/wp-content/uploads/2018/01/Gifsmith-f0a1ed69-0-thumb.jpg,https://gif.anime2.net/tag/%E3%83%80%E3%83%B3%E3%82%B9,RuntimeError('HTTP 503'),gif.anime2 実GIFアーカイブ
gif_anime2_0104_00011,gif_anime2,https://gif.anime2.net/wp/wp-content/uploads/2017/12/Gifsmith-5f05721c-4-2-thumb.jpg,https://gif.anime2.net/tag/%E3%83%80%E3%83%B3%E3%82%B9,RuntimeError('HTTP 503'),gif.anime2 実GIFアーカイブ
gif_anime2_0104_00012,gif_anime2,https://gif.anime2.net/wp/wp-content/uploads/2017/11/Gifsmith-435c2298-4-thumb.jpg,https://gif.anime2.net/tag/%E3%83%80%E3%83%B3%E3%82%B9,RuntimeError('HTTP 503'),gif.anime2 実GIFアーカイブ
gif_anime2_0104_00014,gif_anime2,https://gif.anime2.net/wp/wp-content/uploads/2017/10/Gifsmith-e1756a33-0-thumb.jpg,https://gif.anime2.net/tag/%E3%83%80%E3%83%B3%E3%82%B9,RuntimeError('HTTP 503'),gif.anime2 実GIFアーカイブ
gif_anime2_0104_00013,gif_anime2,https://gif.anime2.net/wp/wp-content/uploads/2017/10/Gifsmith-5f05721c-12-1-thumb.jpg,https://gif.anime2.net/tag/%E3%83%80%E3%83%B3%E3%82%B9,RuntimeError('HTTP 503'),gif.anime2 実GIFアーカイブ
gif_anime2_0104_00015,gif_anime2,https://gif.anime2.net/wp/wp-content/uploads/2017/10/Gifsmith-5f05721c-3-4-thumb.jpg,https://gif.anime2.net/tag/%E3%83%80%E3%83%B3%E3%82%B9,RuntimeError('HTTP 503'),gif.anime2 実GIFアーカイブ
gif_anime2_0104_00016,gif_anime2,https://gif.anime2.net/wp/wp-content/uploads/2017/10/Gifsmith-866cdd0f-8-thumb.jpg,https://gif.anime2.net/tag/%E3%83%80%E3%83%B3%E3%82%B9,RuntimeError('HTTP 503'),gif.anime2 実GIFアーカイブ
gif_anime2_0104_00017,gif_anime2,https://gif.anime2.net/wp/wp-content/uploads/2017/10/Gifsmith-dd5e8f5f-4-thumb.jpg,https://gif.anime2.net/tag/%E3%83%80%E3%83%B3%E3%82%B9,RuntimeError('HTTP 503'),gif.anime2 実GIFアーカイブ
gif_anime2_0104_00018,gif_anime2,https://gif.anime2.net/wp/wp-content/uploads/2017/09/Gifsmith-b6401426-0-thumb.jpg,https://gif.anime2.net/tag/%E3%83%80%E3%83%B3%E3%82%B9,RuntimeError('HTTP 503'),gif.anime2 実GIFアーカイブ
gif_anime2_0104_00046,gif_anime2,https://gif.anime2.net/wp/wp-content/uploads/2018/07/Gifsmith-f2b61c64-3.gif,https://gif.anime2.net/tag/%E3%83%80%E3%83%B3%E3%82%B9,RuntimeError('HTTP 503'),gif.anime2 実GIFアーカイブ
gif_anime2_0104_00021,gif_anime2,https://gif.anime2.net/wp/wp-content/uploads/2017/09/Gifsmith-5f05721c-7-thumb.jpg,https://gif.anime2.net/tag/%E3%83%80%E3%83%B3%E3%82%B9,RuntimeError('HTTP 503'),gif.anime2 実GIFアーカイブ
gif_anime2_0104_00047,gif_anime2,https://gif.anime2.net/wp/wp-content/uploads/2018/06/Gifsmith-9dec0f6d-11.gif,https://gif.anime2.net/tag/%E3%83%80%E3%83%B3%E3%82%B9,RuntimeError('HTTP 503'),gif.anime2 実GIFアーカイブ
gif_anime2_0104_00050,gif_anime2,https://gif.anime2.net/wp/wp-content/uploads/2018/01/Gifsmith-f0a1ed69-0.gif,https://gif.anime2.net/tag/%E3%83%80%E3%83%B3%E3%82%B9,RuntimeError('HTTP 503'),gif.anime2 実GIFアーカイブ
gif_anime2_0104_00049,gif_anime2,https://gif.anime2.net/wp/wp-content/uploads/2018/01/Gifsmith-5f05721c-4-1.gif,https://gif.anime2.net/tag/%E3%83%80%E3%83%B3%E3%82%B9,RuntimeError('HTTP 503'),gif.anime2 実GIFアーカイブ
gif_anime2_0104_00051,gif_anime2,https://gif.anime2.net/wp/wp-content/uploads/2017/12/Gifsmith-5f05721c-4-2.gif,https://gif.anime2.net/tag/%E3%83%80%E3%83%B3%E3%82%B9,RuntimeError('HTTP 503'),gif.anime2 実GIFアーカイブ
gif_anime2_0104_00052,gif_anime2,https://gif.anime2.net/wp/wp-content/uploads/2017/11/Gifsmith-435c2298-4.gif,https://gif.anime2.net/tag/%E3%83%80%E3%83%B3%E3%82%B9,RuntimeError('HTTP 503'),gif.anime2 実GIFアーカイブ
gif_anime2_0104_00053,gif_anime2,https://gif.anime2.net/wp/wp-content/uploads/2017/10/Gifsmith-5f05721c-12-1.gif,https://gif.anime2.net/tag/%E3%83%80%E3%83%B3%E3%82%B9,RuntimeError('HTTP 503'),gif.anime2 実GIFアーカイブ
gif_anime2_0104_00054,gif_anime2,https://gif.anime2.net/wp/wp-content/uploads/2017/10/Gifsmith-e1756a33-0.gif,https://gif.anime2.net/tag/%E3%83%80%E3%83%B3%E3%82%B9,RuntimeError('HTTP 503'),gif.anime2 実GIFアーカイブ
gif_anime2_0104_00056,gif_anime2,https://gif.anime2.net/wp/wp-content/uploads/2017/10/Gifsmith-866cdd0f-8.gif,https://gif.anime2.net/tag/%E3%83%80%E3%83%B3%E3%82%B9,RuntimeError('HTTP 503'),gif.anime2 実GIFアーカイブ
gif_anime2_0104_00055,gif_anime2,https://gif.anime2.net/wp/wp-content/uploads/2017/10/Gifsmith-5f05721c-3-4.gif,https://gif.anime2.net/tag/%E3%83%80%E3%83%B3%E3%82%B9,RuntimeError('HTTP 503'),gif.anime2 実GIFアーカイブ
gif_anime2_0104_00058,gif_anime2,https://gif.anime2.net/wp/wp-content/uploads/2017/09/Gifsmith-b6401426-0.gif,https://gif.anime2.net/tag/%E3%83%80%E3%83%B3%E3%82%B9,RuntimeError('HTTP 503'),gif.anime2 実GIFアーカイブ
gif_anime2_0104_00057,gif_anime2,https://gif.anime2.net/wp/wp-content/uploads/2017/10/Gifsmith-dd5e8f5f-4.gif,https://gif.anime2.net/tag/%E3%83%80%E3%83%B3%E3%82%B9,RuntimeError('HTTP 503'),gif.anime2 実GIFアーカイブ
gif_anime2_0104_00061,gif_anime2,https://gif.anime2.net/wp/wp-content/uploads/2017/09/Gifsmith-5f05721c-7.gif,https://gif.anime2.net/tag/%E3%83%80%E3%83%B3%E3%82%B9,RuntimeError('HTTP 503'),gif.anime2 実GIFアーカイブ
gif_anime2_0105_00003,gif_anime2,https://gif.anime2.net/wp/wp-content/uploads/2016/12/Gifsmith-8e5f507f-5-thumb.jpg,https://gif.anime2.net/tag/%E8%BB%8A,RuntimeError('HTTP 503'),gif.anime2 実GIFアーカイブ
gif_anime2_0105_00001,gif_anime2,https://gif.anime2.net/wp/wp-content/uploads/2017/01/Gifsmith-fb8eb50d-10-thumb.jpg,https://gif.anime2.net/tag/%E8%BB%8A,RuntimeError('HTTP 503'),gif.anime2 実GIFアーカイブ
gif_anime2_0105_00004,gif_anime2,https://gif.anime2.net/wp/wp-content/uploads/2016/11/Gifsmith-8adf503f-21-thumb.jpg,https://gif.anime2.net/tag/%E8%BB%8A,RuntimeError('HTTP 503'),gif.anime2 実GIFアーカイブ
gif_anime2_0105_00005,gif_anime2,https://gif.anime2.net/wp/wp-content/uploads/2016/11/Gifsmith-e5e5b08c-16-thumb.jpg,https://gif.anime2.net/tag/%E8%BB%8A,RuntimeError('HTTP 503'),gif.anime2 実GIFアーカイブ
gif_anime2_0105_00007,gif_anime2,https://gif.anime2.net/wp/wp-content/uploads/2016/11/Gifsmith-d54f379b-18-thumb.jpg,https://gif.anime2.net/tag/%E8%BB%8A,RuntimeError('HTTP 503'),gif.anime2 実GIFアーカイブ
gif_anime2_0105_00006,gif_anime2,https://gif.anime2.net/wp/wp-content/uploads/2016/11/Gifsmith-ab910427-10-thumb.jpg,https://gif.anime2.net/tag/%E8%BB%8A,RuntimeError('HTTP 503'),gif.anime2 実GIFアーカイブ
gif_anime2_0105_00008,gif_anime2,https://gif.anime2.net/wp/wp-content/uploads/2016/11/Gifsmith-23fbc7e4-15-thumb.jpg,https://gif.anime2.net/tag/%E8%BB%8A,RuntimeError('HTTP 503'),gif.anime2 実GIFアーカイブ
gif_anime2_0105_00009,gif_anime2,https://gif.anime2.net/wp/wp-content/uploads/2016/10/Gifsmith-dd1a2c5d-6-thumb.jpg,https://gif.anime2.net/tag/%E8%BB%8A,RuntimeError('HTTP 503'),gif.anime2 実GIFアーカイブ
gif_anime2_0105_00010,gif_anime2,https://gif.anime2.net/wp/wp-content/uploads/2016/08/Gifsmith-bbbcc267-0-thumb.jpg,https://gif.anime2.net/tag/%E8%BB%8A,RuntimeError('HTTP 503'),gif.anime2 実GIFアーカイブ
gif_anime2_0105_00011,gif_anime2,https://gif.anime2.net/wp/wp-content/uploads/2016/08/Gifsmith-c1e562a3-11-thumb.jpg,https://gif.anime2.net/tag/%E8%BB%8A,RuntimeError('HTTP 503'),gif.anime2 実GIFアーカイブ
gif_anime2_0105_00012,gif_anime2,https://gif.anime2.net/wp/wp-content/uploads/2016/08/Gifsmith-c1e39eb2-0-thumb.jpg,https://gif.anime2.net/tag/%E8%BB%8A,RuntimeError('HTTP 503'),gif.anime2 実GIFアーカイブ
gif_anime2_0105_00013,gif_anime2,https://gif.anime2.net/wp/wp-content/uploads/2016/08/Gifsmith-bafe22f3-0-thumb.jpg,https://gif.anime2.net/tag/%E8%BB%8A,RuntimeError('HTTP 503'),gif.anime2 実GIFアーカイブ
gif_anime2_0105_00016,gif_anime2,https://gif.anime2.net/wp/wp-content/uploads/2016/08/Gifsmith-be0b0694-2-thumb.jpg,https://gif.anime2.net/tag/%E8%BB%8A,RuntimeError('HTTP 503'),gif.anime2 実GIFアーカイブ
gif_anime2_0105_00017,gif_anime2,https://gif.anime2.net/wp/wp-content/uploads/2016/07/3fa5136c-thumb.jpg,https://gif.anime2.net/tag/%E8%BB%8A,RuntimeError('HTTP 503'),gif.anime2 実GIFアーカイブ
gif_anime2_0105_00018,gif_anime2,https://gif.anime2.net/wp/wp-content/uploads/2016/07/c497999c-thumb.jpg,https://gif.anime2.net/tag/%E8%BB%8A,RuntimeError('HTTP 503'),gif.anime2 実GIFアーカイブ
gif_anime2_0105_00020,gif_anime2,https://gif.anime2.net/wp/wp-content/uploads/2016/07/dd4fdb2b-thumb.jpg,https://gif.anime2.net/tag/%E8%BB%8A,RuntimeError('HTTP 503'),gif.anime2 実GIFアーカイブ
gif_anime2_0105_00019,gif_anime2,https://gif.anime2.net/wp/wp-content/uploads/2016/07/89ed52f6-thumb.jpg,https://gif.anime2.net/tag/%E8%BB%8A,RuntimeError('HTTP 503'),gif.anime2 実GIFアーカイブ
gif_anime2_0105_00021,gif_anime2,https://gif.anime2.net/wp/wp-content/uploads/2016/07/18121f35-thumb.jpg,https://gif.anime2.net/tag/%E8%BB%8A,RuntimeError('HTTP 503'),gif.anime2 実GIFアーカイブ
gif_anime2_0105_00041,gif_anime2,https://gif.anime2.net/wp/wp-content/uploads/2017/01/Gifsmith-fb8eb50d-10.gif,https://gif.anime2.net/tag/%E8%BB%8A,RuntimeError('HTTP 503'),gif.anime2 実GIFアーカイブ
gif_anime2_0105_00043,gif_anime2,https://gif.anime2.net/wp/wp-content/uploads/2016/12/Gifsmith-8e5f507f-5.gif,https://gif.anime2.net/tag/%E8%BB%8A,RuntimeError('HTTP 503'),gif.anime2 実GIFアーカイブ
gif_anime2_0105_00045,gif_anime2,https://gif.anime2.net/wp/wp-content/uploads/2016/11/Gifsmith-e5e5b08c-16.gif,https://gif.anime2.net/tag/%E8%BB%8A,RuntimeError('HTTP 503'),gif.anime2 実GIFアーカイブ
gif_anime2_0105_00044,gif_anime2,https://gif.anime2.net/wp/wp-content/uploads/2016/11/Gifsmith-8adf503f-21.gif,https://gif.anime2.net/tag/%E8%BB%8A,RuntimeError('HTTP 503'),gif.anime2 実GIFアーカイブ
gif_anime2_0105_00046,gif_anime2,https://gif.anime2.net/wp/wp-content/uploads/2016/11/Gifsmith-ab910427-10.gif,https://gif.anime2.net/tag/%E8%BB%8A,RuntimeError('HTTP 503'),gif.anime2 実GIFアーカイブ
gif_anime2_0105_00047,gif_anime2,https://gif.anime2.net/wp/wp-content/uploads/2016/11/Gifsmith-d54f379b-18.gif,https://gif.anime2.net/tag/%E8%BB%8A,RuntimeError('HTTP 503'),gif.anime2 実GIFアーカイブ
gif_anime2_0105_00048,gif_anime2,https://gif.anime2.net/wp/wp-content/uploads/2016/11/Gifsmith-23fbc7e4-15.gif,https://gif.anime2.net/tag/%E8%BB%8A,RuntimeError('HTTP 503'),gif.anime2 実GIFアーカイブ
gif_anime2_0105_00049,gif_anime2,https://gif.anime2.net/wp/wp-content/uploads/2016/10/Gifsmith-dd1a2c5d-6.gif,https://gif.anime2.net/tag/%E8%BB%8A,RuntimeError('HTTP 503'),gif.anime2 実GIFアーカイブ
gif_anime2_0105_00050,gif_anime2,https://gif.anime2.net/wp/wp-content/uploads/2016/08/Gifsmith-bbbcc267-0.gif,https://gif.anime2.net/tag/%E8%BB%8A,RuntimeError('HTTP 503'),gif.anime2 実GIFアーカイブ
gif_anime2_0105_00051,gif_anime2,https://gif.anime2.net/wp/wp-content/uploads/2016/08/Gifsmith-c1e562a3-11.gif,https://gif.anime2.net/tag/%E8%BB%8A,RuntimeError('HTTP 503'),gif.anime2 実GIFアーカイブ
gif_anime2_0105_00052,gif_anime2,https://gif.anime2.net/wp/wp-content/uploads/2016/08/Gifsmith-c1e39eb2-0.gif,https://gif.anime2.net/tag/%E8%BB%8A,RuntimeError('HTTP 503'),gif.anime2 実GIFアーカイブ
gif_anime2_0105_00053,gif_anime2,https://gif.anime2.net/wp/wp-content/uploads/2016/08/Gifsmith-bafe22f3-0.gif,https://gif.anime2.net/tag/%E8%BB%8A,RuntimeError('HTTP 503'),gif.anime2 実GIFアーカイブ
gif_anime2_0105_00056,gif_anime2,https://gif.anime2.net/wp/wp-content/uploads/2016/08/Gifsmith-be0b0694-2.gif,https://gif.anime2.net/tag/%E8%BB%8A,RuntimeError('HTTP 503'),gif.anime2 実GIFアーカイブ
gif_anime2_0105_00057,gif_anime2,https://gif.anime2.net/wp/wp-content/uploads/2016/07/3fa5136c.gif,https://gif.anime2.net/tag/%E8%BB%8A,RuntimeError('HTTP 503'),gif.anime2 実GIFアーカイブ
gif_anime2_0105_00058,gif_anime2,https://gif.anime2.net/wp/wp-content/uploads/2016/07/c497999c.gif,https://gif.anime2.net/tag/%E8%BB%8A,RuntimeError('HTTP 503'),gif.anime2 実GIFアーカイブ
gif_anime2_0105_00061,gif_anime2,https://gif.anime2.net/wp/wp-content/uploads/2016/07/18121f35.gif,https://gif.anime2.net/tag/%E8%BB%8A,RuntimeError('HTTP 503'),gif.anime2 実GIFアーカイブ
gif_anime2_0105_00060,gif_anime2,https://gif.anime2.net/wp/wp-content/uploads/2016/07/dd4fdb2b.gif,https://gif.anime2.net/tag/%E8%BB%8A,RuntimeError('HTTP 503'),gif.anime2 実GIFアーカイブ
gif_anime2_0106_00006,gif_anime2,https://gif.anime2.net/wp/wp-content/uploads/2018/07/Gifsmith-6da219b5-3-thumb.jpg,https://gif.anime2.net/tag/%E9%9A%8E%E6%AE%B5,RuntimeError('HTTP 503'),gif.anime2 実GIFアーカイブ
gif_anime2_0105_00059,gif_anime2,https://gif.anime2.net/wp/wp-content/uploads/2016/07/89ed52f6.gif,https://gif.anime2.net/tag/%E8%BB%8A,RuntimeError('HTTP 503'),gif.anime2 実GIFアーカイブ
gif_anime2_0106_00007,gif_anime2,https://gif.anime2.net/wp/wp-content/uploads/2018/07/Gifsmith-f2df5975-3-thumb.jpg,https://gif.anime2.net/tag/%E9%9A%8E%E6%AE%B5,RuntimeError('HTTP 503'),gif.anime2 実GIFアーカイブ
gif_anime2_0106_00009,gif_anime2,https://gif.anime2.net/wp/wp-content/uploads/2018/05/Gifsmith-393d25aa-7-thumb.jpg,https://gif.anime2.net/tag/%E9%9A%8E%E6%AE%B5,RuntimeError('HTTP 503'),gif.anime2 実GIFアーカイブ
gif_anime2_0106_00010,gif_anime2,https://gif.anime2.net/wp/wp-content/uploads/2018/04/Gifsmith-2d6cf49c-16-thumb.jpg,https://gif.anime2.net/tag/%E9%9A%8E%E6%AE%B5,RuntimeError('HTTP 503'),gif.anime2 実GIFアーカイブ
gif_anime2_0106_00012,gif_anime2,https://gif.anime2.net/wp/wp-content/uploads/2018/04/Gifsmith-5f05721c-18-1-thumb.jpg,https://gif.anime2.net/tag/%E9%9A%8E%E6%AE%B5,RuntimeError('HTTP 503'),gif.anime2 実GIFアーカイブ
gif_anime2_0106_00013,gif_anime2,https://gif.anime2.net/wp/wp-content/uploads/2017/10/Gifsmith-5f05721c-3-7-thumb.jpg,https://gif.anime2.net/tag/%E9%9A%8E%E6%AE%B5,RuntimeError('HTTP 503'),gif.anime2 実GIFアーカイブ
gif_anime2_0106_00014,gif_anime2,https://gif.anime2.net/wp/wp-content/uploads/2017/10/Gifsmith-5f05721c-20-thumb.jpg,https://gif.anime2.net/tag/%E9%9A%8E%E6%AE%B5,RuntimeError('HTTP 503'),gif.anime2 実GIFアーカイブ
gif_anime2_0106_00015,gif_anime2,https://gif.anime2.net/wp/wp-content/uploads/2017/07/Gifsmith-5f05721c-3-thumb.jpg,https://gif.anime2.net/tag/%E9%9A%8E%E6%AE%B5,RuntimeError('HTTP 503'),gif.anime2 実GIFアーカイブ
gif_anime2_0106_00017,gif_anime2,https://gif.anime2.net/wp/wp-content/uploads/2017/04/Gifsmith-5f05721c-8-6-thumb.jpg,https://gif.anime2.net/tag/%E9%9A%8E%E6%AE%B5,RuntimeError('HTTP 503'),gif.anime2 実GIFアーカイブ
gif_anime2_0106_00018,gif_anime2,https://gif.anime2.net/wp/wp-content/uploads/2017/02/Gifsmith-8fc07eba-25-thumb.jpg,https://gif.anime2.net/tag/%E9%9A%8E%E6%AE%B5,RuntimeError('HTTP 503'),gif.anime2 実GIFアーカイブ
gif_anime2_0106_00019,gif_anime2,https://gif.anime2.net/wp/wp-content/uploads/2017/02/Gifsmith-cf72fdd6-9-thumb.jpg,https://gif.anime2.net/tag/%E9%9A%8E%E6%AE%B5,RuntimeError('HTTP 503'),gif.anime2 実GIFアーカイブ
gif_anime2_0106_00021,gif_anime2,https://gif.anime2.net/wp/wp-content/uploads/2017/02/Gifsmith-6586dd49-0-thumb.jpg,https://gif.anime2.net/tag/%E9%9A%8E%E6%AE%B5,RuntimeError('HTTP 503'),gif.anime2 実GIFアーカイブ
gif_anime2_0106_00046,gif_anime2,https://gif.anime2.net/wp/wp-content/uploads/2018/07/Gifsmith-6da219b5-3.gif,https://gif.anime2.net/tag/%E9%9A%8E%E6%AE%B5,RuntimeError('HTTP 503'),gif.anime2 実GIFアーカイブ
gif_anime2_0106_00047,gif_anime2,https://gif.anime2.net/wp/wp-content/uploads/2018/07/Gifsmith-f2df5975-3.gif,https://gif.anime2.net/tag/%E9%9A%8E%E6%AE%B5,RuntimeError('HTTP 503'),gif.anime2 実GIFアーカイブ
gif_anime2_0106_00049,gif_anime2,https://gif.anime2.net/wp/wp-content/uploads/2018/05/Gifsmith-393d25aa-7.gif,https://gif.anime2.net/tag/%E9%9A%8E%E6%AE%B5,RuntimeError('HTTP 503'),gif.anime2 実GIFアーカイブ
gif_anime2_0106_00050,gif_anime2,https://gif.anime2.net/wp/wp-content/uploads/2018/04/Gifsmith-2d6cf49c-16.gif,https://gif.anime2.net/tag/%E9%9A%8E%E6%AE%B5,RuntimeError('HTTP 503'),gif.anime2 実GIFアーカイブ
gif_anime2_0106_00051,gif_anime2,https://gif.anime2.net/wp/wp-content/uploads/2018/04/Gifsmith-5f05721c-22.gif,https://gif.anime2.net/tag/%E9%9A%8E%E6%AE%B5,RuntimeError('HTTP 503'),gif.anime2 実GIFアーカイブ
gif_anime2_0106_00055,gif_anime2,https://gif.anime2.net/wp/wp-content/uploads/2017/07/Gifsmith-5f05721c-3.gif,https://gif.anime2.net/tag/%E9%9A%8E%E6%AE%B5,RuntimeError('HTTP 503'),gif.anime2 実GIFアーカイブ
gif_anime2_0106_00052,gif_anime2,https://gif.anime2.net/wp/wp-content/uploads/2018/04/Gifsmith-5f05721c-18-1.gif,https://gif.anime2.net/tag/%E9%9A%8E%E6%AE%B5,RuntimeError('HTTP 503'),gif.anime2 実GIFアーカイブ
gif_anime2_0106_00053,gif_anime2,https://gif.anime2.net/wp/wp-content/uploads/2017/10/Gifsmith-5f05721c-3-7.gif,https://gif.anime2.net/tag/%E9%9A%8E%E6%AE%B5,RuntimeError('HTTP 503'),gif.anime2 実GIFアーカイブ
gif_anime2_0106_00054,gif_anime2,https://gif.anime2.net/wp/wp-content/uploads/2017/10/Gifsmith-5f05721c-20.gif,https://gif.anime2.net/tag/%E9%9A%8E%E6%AE%B5,RuntimeError('HTTP 503'),gif.anime2 実GIFアーカイブ
gif_anime2_0106_00057,gif_anime2,https://gif.anime2.net/wp/wp-content/uploads/2017/04/Gifsmith-5f05721c-8-6.gif,https://gif.anime2.net/tag/%E9%9A%8E%E6%AE%B5,RuntimeError('HTTP 503'),gif.anime2 実GIFアーカイブ
gif_anime2_0106_00058,gif_anime2,https://gif.anime2.net/wp/wp-content/uploads/2017/02/Gifsmith-8fc07eba-25.gif,https://gif.anime2.net/tag/%E9%9A%8E%E6%AE%B5,RuntimeError('HTTP 503'),gif.anime2 実GIFアーカイブ
gif_anime2_0106_00059,gif_anime2,https://gif.anime2.net/wp/wp-content/uploads/2017/02/Gifsmith-cf72fdd6-9.gif,https://gif.anime2.net/tag/%E9%9A%8E%E6%AE%B5,RuntimeError('HTTP 503'),gif.anime2 実GIFアーカイブ
gif_anime2_0106_00061,gif_anime2,https://gif.anime2.net/wp/wp-content/uploads/2017/02/Gifsmith-6586dd49-0.gif,https://gif.anime2.net/tag/%E9%9A%8E%E6%AE%B5,RuntimeError('HTTP 503'),gif.anime2 実GIFアーカイブ
gif_anime2_0107_00003,gif_anime2,https://gif.anime2.net/wp/wp-content/uploads/2018/02/Gifsmith-5f05721c-14-thumb.jpg,https://gif.anime2.net/tag/%E7%88%86%E7%99%BA,RuntimeError('HTTP 503'),gif.anime2 実GIFアーカイブ
gif_anime2_0107_00005,gif_anime2,https://gif.anime2.net/wp/wp-content/uploads/2018/01/Gifsmith-5f05721c-2-thumb.jpg,https://gif.anime2.net/tag/%E7%88%86%E7%99%BA,RuntimeError('HTTP 503'),gif.anime2 実GIFアーカイブ
gif_anime2_0107_00004,gif_anime2,https://gif.anime2.net/wp/wp-content/uploads/2018/02/Gifsmith-5f05721c-6-1-thumb.jpg,https://gif.anime2.net/tag/%E7%88%86%E7%99%BA,RuntimeError('HTTP 503'),gif.anime2 実GIFアーカイブ
gif_anime2_0107_00008,gif_anime2,https://gif.anime2.net/wp/wp-content/uploads/2017/08/Gifsmith-5f05721c-11-thumb.jpg,https://gif.anime2.net/tag/%E7%88%86%E7%99%BA,RuntimeError('HTTP 503'),gif.anime2 実GIFアーカイブ
gif_anime2_0107_00009,gif_anime2,https://gif.anime2.net/wp/wp-content/uploads/2017/07/Gifsmith-5f05721c-14-1-thumb.jpg,https://gif.anime2.net/tag/%E7%88%86%E7%99%BA,RuntimeError('HTTP 503'),gif.anime2 実GIFアーカイブ
gif_anime2_0107_00012,gif_anime2,https://gif.anime2.net/wp/wp-content/uploads/2017/04/Gifsmith-810230fa-0-thumb.jpg,https://gif.anime2.net/tag/%E7%88%86%E7%99%BA,RuntimeError('HTTP 503'),gif.anime2 実GIFアーカイブ
gif_anime2_0107_00011,gif_anime2,https://gif.anime2.net/wp/wp-content/uploads/2017/04/Gifsmith-ac200e9e-0-thumb.jpg,https://gif.anime2.net/tag/%E7%88%86%E7%99%BA,RuntimeError('HTTP 503'),gif.anime2 実GIFアーカイブ
gif_anime2_0107_00013,gif_anime2,https://gif.anime2.net/wp/wp-content/uploads/2017/04/Gifsmith-497c9ff9-0-thumb.jpg,https://gif.anime2.net/tag/%E7%88%86%E7%99%BA,RuntimeError('HTTP 503'),gif.anime2 実GIFアーカイブ
gif_anime2_0107_00014,gif_anime2,https://gif.anime2.net/wp/wp-content/uploads/2017/03/Gifsmith-15df2401-13-thumb.jpg,https://gif.anime2.net/tag/%E7%88%86%E7%99%BA,RuntimeError('HTTP 503'),gif.anime2 実GIFアーカイブ
gif_anime2_0107_00015,gif_anime2,https://gif.anime2.net/wp/wp-content/uploads/2017/02/Gifsmith-00f66660-3-thumb.jpg,https://gif.anime2.net/tag/%E7%88%86%E7%99%BA,RuntimeError('HTTP 503'),gif.anime2 実GIFアーカイブ
gif_anime2_0107_00016,gif_anime2,https://gif.anime2.net/wp/wp-content/uploads/2017/01/Gifsmith-ac59857a-3-thumb.jpg,https://gif.anime2.net/tag/%E7%88%86%E7%99%BA,RuntimeError('HTTP 503'),gif.anime2 実GIFアーカイブ
gif_anime2_0107_00017,gif_anime2,https://gif.anime2.net/wp/wp-content/uploads/2017/01/Gifsmith-b1c01cd6-14-thumb.jpg,https://gif.anime2.net/tag/%E7%88%86%E7%99%BA,RuntimeError('HTTP 503'),gif.anime2 実GIFアーカイブ
gif_anime2_0107_00018,gif_anime2,https://gif.anime2.net/wp/wp-content/uploads/2016/12/Gifsmith-40aedf2a-0-thumb.jpg,https://gif.anime2.net/tag/%E7%88%86%E7%99%BA,RuntimeError('HTTP 503'),gif.anime2 実GIFアーカイブ
gif_anime2_0107_00019,gif_anime2,https://gif.anime2.net/wp/wp-content/uploads/2016/12/Gifsmith-9b89a499-0-thumb.jpg,https://gif.anime2.net/tag/%E7%88%86%E7%99%BA,RuntimeError('HTTP 503'),gif.anime2 実GIFアーカイブ
gif_anime2_0107_00043,gif_anime2,https://gif.anime2.net/wp/wp-content/uploads/2018/02/Gifsmith-5f05721c-14.gif,https://gif.anime2.net/tag/%E7%88%86%E7%99%BA,RuntimeError('HTTP 503'),gif.anime2 実GIFアーカイブ
gif_anime2_0107_00020,gif_anime2,https://gif.anime2.net/wp/wp-content/uploads/2016/12/Gifsmith-52386f63-7-thumb.jpg,https://gif.anime2.net/tag/%E7%88%86%E7%99%BA,RuntimeError('HTTP 503'),gif.anime2 実GIFアーカイブ
gif_anime2_0107_00021,gif_anime2,https://gif.anime2.net/wp/wp-content/uploads/2016/11/Gifsmith-e977530b-3-thumb.jpg,https://gif.anime2.net/tag/%E7%88%86%E7%99%BA,RuntimeError('HTTP 503'),gif.anime2 実GIFアーカイブ
gif_anime2_0107_00044,gif_anime2,https://gif.anime2.net/wp/wp-content/uploads/2018/02/Gifsmith-5f05721c-6-1.gif,https://gif.anime2.net/tag/%E7%88%86%E7%99%BA,RuntimeError('HTTP 503'),gif.anime2 実GIFアーカイブ
gif_anime2_0107_00045,gif_anime2,https://gif.anime2.net/wp/wp-content/uploads/2018/01/Gifsmith-5f05721c-2.gif,https://gif.anime2.net/tag/%E7%88%86%E7%99%BA,RuntimeError('HTTP 503'),gif.anime2 実GIFアーカイブ
gif_anime2_0107_00048,gif_anime2,https://gif.anime2.net/wp/wp-content/uploads/2017/08/Gifsmith-5f05721c-11.gif,https://gif.anime2.net/tag/%E7%88%86%E7%99%BA,RuntimeError('HTTP 503'),gif.anime2 実GIFアーカイブ
gif_anime2_0107_00051,gif_anime2,https://gif.anime2.net/wp/wp-content/uploads/2017/04/Gifsmith-ac200e9e-0.gif,https://gif.anime2.net/tag/%E7%88%86%E7%99%BA,RuntimeError('HTTP 503'),gif.anime2 実GIFアーカイブ
gif_anime2_0107_00049,gif_anime2,https://gif.anime2.net/wp/wp-content/uploads/2017/07/Gifsmith-5f05721c-14-1.gif,https://gif.anime2.net/tag/%E7%88%86%E7%99%BA,RuntimeError('HTTP 503'),gif.anime2 実GIFアーカイブ
gif_anime2_0107_00052,gif_anime2,https://gif.anime2.net/wp/wp-content/uploads/2017/04/Gifsmith-810230fa-0.gif,https://gif.anime2.net/tag/%E7%88%86%E7%99%BA,RuntimeError('HTTP 503'),gif.anime2 実GIFアーカイブ
gif_anime2_0107_00053,gif_anime2,https://gif.anime2.net/wp/wp-content/uploads/2017/04/Gifsmith-497c9ff9-0.gif,https://gif.anime2.net/tag/%E7%88%86%E7%99%BA,RuntimeError('HTTP 503'),gif.anime2 実GIFアーカイブ
gif_anime2_0107_00054,gif_anime2,https://gif.anime2.net/wp/wp-content/uploads/2017/03/Gifsmith-15df2401-13.gif,https://gif.anime2.net/tag/%E7%88%86%E7%99%BA,RuntimeError('HTTP 503'),gif.anime2 実GIFアーカイブ
gif_anime2_0107_00055,gif_anime2,https://gif.anime2.net/wp/wp-content/uploads/2017/02/Gifsmith-00f66660-3.gif,https://gif.anime2.net/tag/%E7%88%86%E7%99%BA,RuntimeError('HTTP 503'),gif.anime2 実GIFアーカイブ
gif_anime2_0107_00056,gif_anime2,https://gif.anime2.net/wp/wp-content/uploads/2017/01/Gifsmith-ac59857a-3.gif,https://gif.anime2.net/tag/%E7%88%86%E7%99%BA,RuntimeError('HTTP 503'),gif.anime2 実GIFアーカイブ
gif_anime2_0107_00057,gif_anime2,https://gif.anime2.net/wp/wp-content/uploads/2017/01/Gifsmith-b1c01cd6-14.gif,https://gif.anime2.net/tag/%E7%88%86%E7%99%BA,RuntimeError('HTTP 503'),gif.anime2 実GIFアーカイブ
gif_anime2_0107_00058,gif_anime2,https://gif.anime2.net/wp/wp-content/uploads/2016/12/Gifsmith-40aedf2a-0.gif,https://gif.anime2.net/tag/%E7%88%86%E7%99%BA,RuntimeError('HTTP 503'),gif.anime2 実GIFアーカイブ
gif_anime2_0107_00059,gif_anime2,https://gif.anime2.net/wp/wp-content/uploads/2016/12/Gifsmith-9b89a499-0.gif,https://gif.anime2.net/tag/%E7%88%86%E7%99%BA,RuntimeError('HTTP 503'),gif.anime2 実GIFアーカイブ
gif_anime2_0108_00001,gif_anime2,https://gif.anime2.net/wp/wp-content/uploads/2018/08/Gifsmith-8f100dc8-6-thumb.jpg,https://gif.anime2.net/tag/%E3%82%B4%E3%83%AB%E3%83%95,RuntimeError('HTTP 503'),gif.anime2 実GIFアーカイブ
gif_anime2_0107_00061,gif_anime2,https://gif.anime2.net/wp/wp-content/uploads/2016/11/Gifsmith-e977530b-3.gif,https://gif.anime2.net/tag/%E7%88%86%E7%99%BA,RuntimeError('HTTP 503'),gif.anime2 実GIFアーカイブ
gif_anime2_0107_00060,gif_anime2,https://gif.anime2.net/wp/wp-content/uploads/2016/12/Gifsmith-52386f63-7.gif,https://gif.anime2.net/tag/%E7%88%86%E7%99%BA,RuntimeError('HTTP 503'),gif.anime2 実GIFアーカイブ
gif_anime2_0108_00003,gif_anime2,https://gif.anime2.net/wp/wp-content/uploads/2018/07/Gifsmith-c513151a-3-thumb.jpg,https://gif.anime2.net/tag/%E3%82%B4%E3%83%AB%E3%83%95,RuntimeError('HTTP 503'),gif.anime2 実GIFアーカイブ
gif_anime2_0108_00004,gif_anime2,https://gif.anime2.net/wp/wp-content/uploads/2018/06/Gifsmith-b1016ffe-5-thumb.jpg,https://gif.anime2.net/tag/%E3%82%B4%E3%83%AB%E3%83%95,RuntimeError('HTTP 503'),gif.anime2 実GIFアーカイブ
gif_anime2_0108_00006,gif_anime2,https://gif.anime2.net/wp/wp-content/uploads/2018/05/Gifsmith-6acb691c-18-thumb.jpg,https://gif.anime2.net/tag/%E3%82%B4%E3%83%AB%E3%83%95,RuntimeError('HTTP 503'),gif.anime2 実GIFアーカイブ
gif_anime2_0108_00007,gif_anime2,https://gif.anime2.net/wp/wp-content/uploads/2018/04/Gifsmith-76a38d51-10-thumb.jpg,https://gif.anime2.net/tag/%E3%82%B4%E3%83%AB%E3%83%95,RuntimeError('HTTP 503'),gif.anime2 実GIFアーカイブ
gif_anime2_0108_00008,gif_anime2,https://gif.anime2.net/wp/wp-content/uploads/2018/04/Gifsmith-5f05721c-43-thumb.jpg,https://gif.anime2.net/tag/%E3%82%B4%E3%83%AB%E3%83%95,RuntimeError('HTTP 503'),gif.anime2 実GIFアーカイブ
gif_anime2_0108_00010,gif_anime2,https://gif.anime2.net/wp/wp-content/uploads/2017/12/Gifsmith-5f05721c-5-thumb.jpg,https://gif.anime2.net/tag/%E3%82%B4%E3%83%AB%E3%83%95,RuntimeError('HTTP 503'),gif.anime2 実GIFアーカイブ
gif_anime2_0108_00014,gif_anime2,https://gif.anime2.net/wp/wp-content/uploads/2017/10/Gifsmith-5f05721c-8-thumb.jpg,https://gif.anime2.net/tag/%E3%82%B4%E3%83%AB%E3%83%95,RuntimeError('HTTP 503'),gif.anime2 実GIFアーカイブ
gif_anime2_0108_00012,gif_anime2,https://gif.anime2.net/wp/wp-content/uploads/2017/10/Gifsmith-5f05721c-6-thumb.jpg,https://gif.anime2.net/tag/%E3%82%B4%E3%83%AB%E3%83%95,RuntimeError('HTTP 503'),gif.anime2 実GIFアーカイブ
gif_anime2_0108_00016,gif_anime2,https://gif.anime2.net/wp/wp-content/uploads/2017/06/Gifsmith-5f05721c-14-thumb.jpg,https://gif.anime2.net/tag/%E3%82%B4%E3%83%AB%E3%83%95,RuntimeError('HTTP 503'),gif.anime2 実GIFアーカイブ
gif_anime2_0108_00015,gif_anime2,https://gif.anime2.net/wp/wp-content/uploads/2017/06/Gifsmith-5f05721c-4-1-thumb.jpg,https://gif.anime2.net/tag/%E3%82%B4%E3%83%AB%E3%83%95,RuntimeError('HTTP 503'),gif.anime2 実GIFアーカイブ
gif_anime2_0108_00017,gif_anime2,https://gif.anime2.net/wp/wp-content/uploads/2017/04/Gifsmith-5f05721c-29-thumb.jpg,https://gif.anime2.net/tag/%E3%82%B4%E3%83%AB%E3%83%95,RuntimeError('HTTP 503'),gif.anime2 実GIFアーカイブ
gif_anime2_0108_00018,gif_anime2,https://gif.anime2.net/wp/wp-content/uploads/2017/03/Gifsmith-83852c0d-3-thumb.jpg,https://gif.anime2.net/tag/%E3%82%B4%E3%83%AB%E3%83%95,RuntimeError('HTTP 503'),gif.anime2 実GIFアーカイブ
gif_anime2_0108_00019,gif_anime2,https://gif.anime2.net/wp/wp-content/uploads/2017/02/Gifsmith-0dd1ff20-9-thumb.jpg,https://gif.anime2.net/tag/%E3%82%B4%E3%83%AB%E3%83%95,RuntimeError('HTTP 503'),gif.anime2 実GIFアーカイブ
gif_anime2_0108_00020,gif_anime2,https://gif.anime2.net/wp/wp-content/uploads/2016/12/Gifsmith-55ece877-0-thumb.jpg,https://gif.anime2.net/tag/%E3%82%B4%E3%83%AB%E3%83%95,RuntimeError('HTTP 503'),gif.anime2 実GIFアーカイブ
gif_anime2_0108_00021,gif_anime2,https://gif.anime2.net/wp/wp-content/uploads/2016/11/Gifsmith-a379d246-18-thumb.jpg,https://gif.anime2.net/tag/%E3%82%B4%E3%83%AB%E3%83%95,RuntimeError('HTTP 503'),gif.anime2 実GIFアーカイブ
gif_anime2_0108_00041,gif_anime2,https://gif.anime2.net/wp/wp-content/uploads/2018/08/Gifsmith-8f100dc8-6.gif,https://gif.anime2.net/tag/%E3%82%B4%E3%83%AB%E3%83%95,RuntimeError('HTTP 503'),gif.anime2 実GIFアーカイブ
gif_anime2_0108_00043,gif_anime2,https://gif.anime2.net/wp/wp-content/uploads/2018/07/Gifsmith-c513151a-3.gif,https://gif.anime2.net/tag/%E3%82%B4%E3%83%AB%E3%83%95,RuntimeError('HTTP 503'),gif.anime2 実GIFアーカイブ
gif_anime2_0108_00044,gif_anime2,https://gif.anime2.net/wp/wp-content/uploads/2018/06/Gifsmith-b1016ffe-5.gif,https://gif.anime2.net/tag/%E3%82%B4%E3%83%AB%E3%83%95,RuntimeError('HTTP 503'),gif.anime2 実GIFアーカイブ
gif_anime2_0108_00046,gif_anime2,https://gif.anime2.net/wp/wp-content/uploads/2018/05/Gifsmith-6acb691c-18.gif,https://gif.anime2.net/tag/%E3%82%B4%E3%83%AB%E3%83%95,RuntimeError('HTTP 503'),gif.anime2 実GIFアーカイブ
gif_anime2_0108_00048,gif_anime2,https://gif.anime2.net/wp/wp-content/uploads/2018/04/Gifsmith-5f05721c-43.gif,https://gif.anime2.net/tag/%E3%82%B4%E3%83%AB%E3%83%95,RuntimeError('HTTP 503'),gif.anime2 実GIFアーカイブ
gif_anime2_0108_00047,gif_anime2,https://gif.anime2.net/wp/wp-content/uploads/2018/04/Gifsmith-76a38d51-10.gif,https://gif.anime2.net/tag/%E3%82%B4%E3%83%AB%E3%83%95,RuntimeError('HTTP 503'),gif.anime2 実GIFアーカイブ
gif_anime2_0108_00050,gif_anime2,https://gif.anime2.net/wp/wp-content/uploads/2017/12/Gifsmith-5f05721c-5.gif,https://gif.anime2.net/tag/%E3%82%B4%E3%83%AB%E3%83%95,RuntimeError('HTTP 503'),gif.anime2 実GIFアーカイブ
gif_anime2_0108_00052,gif_anime2,https://gif.anime2.net/wp/wp-content/uploads/2017/10/Gifsmith-5f05721c-6.gif,https://gif.anime2.net/tag/%E3%82%B4%E3%83%AB%E3%83%95,RuntimeError('HTTP 503'),gif.anime2 実GIFアーカイブ
gif_anime2_0108_00055,gif_anime2,https://gif.anime2.net/wp/wp-content/uploads/2017/06/Gifsmith-5f05721c-4-1.gif,https://gif.anime2.net/tag/%E3%82%B4%E3%83%AB%E3%83%95,RuntimeError('HTTP 503'),gif.anime2 実GIFアーカイブ
gif_anime2_0108_00054,gif_anime2,https://gif.anime2.net/wp/wp-content/uploads/2017/10/Gifsmith-5f05721c-8.gif,https://gif.anime2.net/tag/%E3%82%B4%E3%83%AB%E3%83%95,RuntimeError('HTTP 503'),gif.anime2 実GIFアーカイブ
gif_anime2_0108_00056,gif_anime2,https://gif.anime2.net/wp/wp-content/uploads/2017/06/Gifsmith-5f05721c-14.gif,https://gif.anime2.net/tag/%E3%82%B4%E3%83%AB%E3%83%95,RuntimeError('HTTP 503'),gif.anime2 実GIFアーカイブ
gif_anime2_0108_00057,gif_anime2,https://gif.anime2.net/wp/wp-content/uploads/2017/04/Gifsmith-5f05721c-29.gif,https://gif.anime2.net/tag/%E3%82%B4%E3%83%AB%E3%83%95,RuntimeError('HTTP 503'),gif.anime2 実GIFアーカイブ
gif_anime2_0108_00058,gif_anime2,https://gif.anime2.net/wp/wp-content/uploads/2017/03/Gifsmith-83852c0d-3.gif,https://gif.anime2.net/tag/%E3%82%B4%E3%83%AB%E3%83%95,RuntimeError('HTTP 503'),gif.anime2 実GIFアーカイブ
gif_anime2_0108_00059,gif_anime2,https://gif.anime2.net/wp/wp-content/uploads/2017/02/Gifsmith-0dd1ff20-9.gif,https://gif.anime2.net/tag/%E3%82%B4%E3%83%AB%E3%83%95,RuntimeError('HTTP 503'),gif.anime2 実GIFアーカイブ
gif_anime2_0108_00060,gif_anime2,https://gif.anime2.net/wp/wp-content/uploads/2016/12/Gifsmith-55ece877-0.gif,https://gif.anime2.net/tag/%E3%82%B4%E3%83%AB%E3%83%95,RuntimeError('HTTP 503'),gif.anime2 実GIFアーカイブ
gif_anime2_0108_00061,gif_anime2,https://gif.anime2.net/wp/wp-content/uploads/2016/11/Gifsmith-a379d246-18.gif,https://gif.anime2.net/tag/%E3%82%B4%E3%83%AB%E3%83%95,RuntimeError('HTTP 503'),gif.anime2 実GIFアーカイブ
gif_anime2_0109_00003,gif_anime2,https://gif.anime2.net/wp/wp-content/uploads/2018/07/Gifsmith-77123fcb-4-thumb.jpg,https://gif.anime2.net/tag/%E3%81%8A%E3%81%A3%E3%81%B1%E3%81%84,RuntimeError('HTTP 503'),gif.anime2 実GIFアーカイブ
gif_anime2_0109_00007,gif_anime2,https://gif.anime2.net/wp/wp-content/uploads/2018/01/Gifsmith-cec7231e-14-thumb.jpg,https://gif.anime2.net/tag/%E3%81%8A%E3%81%A3%E3%81%B1%E3%81%84,RuntimeError('HTTP 503'),gif.anime2 実GIFアーカイブ
gif_anime2_0109_00008,gif_anime2,https://gif.anime2.net/wp/wp-content/uploads/2018/01/Gifsmith-922b36b7-0-thumb.jpg,https://gif.anime2.net/tag/%E3%81%8A%E3%81%A3%E3%81%B1%E3%81%84,RuntimeError('HTTP 503'),gif.anime2 実GIFアーカイブ
gif_anime2_0109_00009,gif_anime2,https://gif.anime2.net/wp/wp-content/uploads/2017/11/Gifsmith-be325059-0-thumb.jpg,https://gif.anime2.net/tag/%E3%81%8A%E3%81%A3%E3%81%B1%E3%81%84,RuntimeError('HTTP 503'),gif.anime2 実GIFアーカイブ
gif_anime2_0109_00010,gif_anime2,https://gif.anime2.net/wp/wp-content/uploads/2017/11/Gifsmith-faa33e25-0-thumb.jpg,https://gif.anime2.net/tag/%E3%81%8A%E3%81%A3%E3%81%B1%E3%81%84,RuntimeError('HTTP 503'),gif.anime2 実GIFアーカイブ
gif_anime2_0109_00012,gif_anime2,https://gif.anime2.net/wp/wp-content/uploads/2017/10/Gifsmith-ada0d519-0-thumb.jpg,https://gif.anime2.net/tag/%E3%81%8A%E3%81%A3%E3%81%B1%E3%81%84,RuntimeError('HTTP 503'),gif.anime2 実GIFアーカイブ
gif_anime2_0109_00011,gif_anime2,https://gif.anime2.net/wp/wp-content/uploads/2017/10/Gifsmith-5f05721c-3-6-thumb.jpg,https://gif.anime2.net/tag/%E3%81%8A%E3%81%A3%E3%81%B1%E3%81%84,RuntimeError('HTTP 503'),gif.anime2 実GIFアーカイブ
gif_anime2_0109_00014,gif_anime2,https://gif.anime2.net/wp/wp-content/uploads/2017/09/Gifsmith-5f05721c-9-1-thumb.jpg,https://gif.anime2.net/tag/%E3%81%8A%E3%81%A3%E3%81%B1%E3%81%84,RuntimeError('HTTP 503'),gif.anime2 実GIFアーカイブ
gif_anime2_0109_00015,gif_anime2,https://gif.anime2.net/wp/wp-content/uploads/2017/09/Gifsmith-5f05721c-8-thumb.jpg,https://gif.anime2.net/tag/%E3%81%8A%E3%81%A3%E3%81%B1%E3%81%84,RuntimeError('HTTP 503'),gif.anime2 実GIFアーカイブ
gif_anime2_0109_00016,gif_anime2,https://gif.anime2.net/wp/wp-content/uploads/2017/08/Gifsmith-773eab61-0-thumb.jpg,https://gif.anime2.net/tag/%E3%81%8A%E3%81%A3%E3%81%B1%E3%81%84,RuntimeError('HTTP 503'),gif.anime2 実GIFアーカイブ
gif_anime2_0109_00017,gif_anime2,https://gif.anime2.net/wp/wp-content/uploads/2017/08/Gifsmith-5f05721c-17-thumb.jpg,https://gif.anime2.net/tag/%E3%81%8A%E3%81%A3%E3%81%B1%E3%81%84,RuntimeError('HTTP 503'),gif.anime2 実GIFアーカイブ
gif_anime2_0109_00019,gif_anime2,https://gif.anime2.net/wp/wp-content/uploads/2017/06/Gifsmith-f717b2c8-0-thumb.jpg,https://gif.anime2.net/tag/%E3%81%8A%E3%81%A3%E3%81%B1%E3%81%84,RuntimeError('HTTP 503'),gif.anime2 実GIFアーカイブ
gif_anime2_0109_00020,gif_anime2,https://gif.anime2.net/wp/wp-content/uploads/2017/05/Gifsmith-39bcefc0-0-thumb.jpg,https://gif.anime2.net/tag/%E3%81%8A%E3%81%A3%E3%81%B1%E3%81%84,RuntimeError('HTTP 503'),gif.anime2 実GIFアーカイブ
gif_anime2_0109_00021,gif_anime2,https://gif.anime2.net/wp/wp-content/uploads/2017/04/Gifsmith-077d7b21-0-thumb.jpg,https://gif.anime2.net/tag/%E3%81%8A%E3%81%A3%E3%81%B1%E3%81%84,RuntimeError('HTTP 503'),gif.anime2 実GIFアーカイブ
gif_anime2_0109_00043,gif_anime2,https://gif.anime2.net/wp/wp-content/uploads/2018/07/Gifsmith-77123fcb-4.gif,https://gif.anime2.net/tag/%E3%81%8A%E3%81%A3%E3%81%B1%E3%81%84,RuntimeError('HTTP 503'),gif.anime2 実GIFアーカイブ
gif_anime2_0109_00047,gif_anime2,https://gif.anime2.net/wp/wp-content/uploads/2018/01/Gifsmith-cec7231e-14.gif,https://gif.anime2.net/tag/%E3%81%8A%E3%81%A3%E3%81%B1%E3%81%84,RuntimeError('HTTP 503'),gif.anime2 実GIFアーカイブ
gif_anime2_0109_00048,gif_anime2,https://gif.anime2.net/wp/wp-content/uploads/2018/01/Gifsmith-922b36b7-0.gif,https://gif.anime2.net/tag/%E3%81%8A%E3%81%A3%E3%81%B1%E3%81%84,RuntimeError('HTTP 503'),gif.anime2 実GIFアーカイブ
gif_anime2_0109_00050,gif_anime2,https://gif.anime2.net/wp/wp-content/uploads/2017/11/Gifsmith-faa33e25-0.gif,https://gif.anime2.net/tag/%E3%81%8A%E3%81%A3%E3%81%B1%E3%81%84,RuntimeError('HTTP 503'),gif.anime2 実GIFアーカイブ
gif_anime2_0109_00049,gif_anime2,https://gif.anime2.net/wp/wp-content/uploads/2017/11/Gifsmith-be325059-0.gif,https://gif.anime2.net/tag/%E3%81%8A%E3%81%A3%E3%81%B1%E3%81%84,RuntimeError('HTTP 503'),gif.anime2 実GIFアーカイブ
gif_anime2_0109_00052,gif_anime2,https://gif.anime2.net/wp/wp-content/uploads/2017/10/Gifsmith-ada0d519-0.gif,https://gif.anime2.net/tag/%E3%81%8A%E3%81%A3%E3%81%B1%E3%81%84,RuntimeError('HTTP 503'),gif.anime2 実GIFアーカイブ
gif_anime2_0109_00051,gif_anime2,https://gif.anime2.net/wp/wp-content/uploads/2017/10/Gifsmith-5f05721c-3-6.gif,https://gif.anime2.net/tag/%E3%81%8A%E3%81%A3%E3%81%B1%E3%81%84,RuntimeError('HTTP 503'),gif.anime2 実GIFアーカイブ
gif_anime2_0109_00054,gif_anime2,https://gif.anime2.net/wp/wp-content/uploads/2017/09/Gifsmith-5f05721c-9-1.gif,https://gif.anime2.net/tag/%E3%81%8A%E3%81%A3%E3%81%B1%E3%81%84,RuntimeError('HTTP 503'),gif.anime2 実GIFアーカイブ
gif_anime2_0109_00055,gif_anime2,https://gif.anime2.net/wp/wp-content/uploads/2017/09/Gifsmith-5f05721c-8.gif,https://gif.anime2.net/tag/%E3%81%8A%E3%81%A3%E3%81%B1%E3%81%84,RuntimeError('HTTP 503'),gif.anime2 実GIFアーカイブ
gif_anime2_0109_00056,gif_anime2,https://gif.anime2.net/wp/wp-content/uploads/2017/08/Gifsmith-773eab61-0.gif,https://gif.anime2.net/tag/%E3%81%8A%E3%81%A3%E3%81%B1%E3%81%84,RuntimeError('HTTP 503'),gif.anime2 実GIFアーカイブ
gif_anime2_0109_00059,gif_anime2,https://gif.anime2.net/wp/wp-content/uploads/2017/06/Gifsmith-f717b2c8-0.gif,https://gif.anime2.net/tag/%E3%81%8A%E3%81%A3%E3%81%B1%E3%81%84,RuntimeError('HTTP 503'),gif.anime2 実GIFアーカイブ
gif_anime2_0109_00060,gif_anime2,https://gif.anime2.net/wp/wp-content/uploads/2017/05/Gifsmith-39bcefc0-0.gif,https://gif.anime2.net/tag/%E3%81%8A%E3%81%A3%E3%81%B1%E3%81%84,RuntimeError('HTTP 503'),gif.anime2 実GIFアーカイブ
gif_anime2_0109_00061,gif_anime2,https://gif.anime2.net/wp/wp-content/uploads/2017/04/Gifsmith-077d7b21-0.gif,https://gif.anime2.net/tag/%E3%81%8A%E3%81%A3%E3%81%B1%E3%81%84,RuntimeError('HTTP 503'),gif.anime2 実GIFアーカイブ
gif_anime2_0110_00004,gif_anime2,https://gif.anime2.net/wp/wp-content/uploads/2018/08/Gifsmith-d3b52090-4-thumb.jpg,https://gif.anime2.net/tag/%E9%87%91%E7%9A%84,RuntimeError('HTTP 503'),gif.anime2 実GIFアーカイブ
gif_anime2_0110_00007,gif_anime2,https://gif.anime2.net/wp/wp-content/uploads/2018/04/Gifsmith-3f39e351-3-thumb.jpg,https://gif.anime2.net/tag/%E9%87%91%E7%9A%84,RuntimeError('HTTP 503'),gif.anime2 実GIFアーカイブ
gif_anime2_0110_00006,gif_anime2,https://gif.anime2.net/wp/wp-content/uploads/2018/05/Gifsmith-c463e40f-5-thumb.jpg,https://gif.anime2.net/tag/%E9%87%91%E7%9A%84,RuntimeError('HTTP 503'),gif.anime2 実GIFアーカイブ
gif_anime2_0110_00009,gif_anime2,https://gif.anime2.net/wp/wp-content/uploads/2018/04/Gifsmith-f78492f0-4-thumb.jpg,https://gif.anime2.net/tag/%E9%87%91%E7%9A%84,RuntimeError('HTTP 503'),gif.anime2 実GIFアーカイブ
gif_anime2_0110_00008,gif_anime2,https://gif.anime2.net/wp/wp-content/uploads/2018/04/Gifsmith-5f05721c-22-1-thumb.jpg,https://gif.anime2.net/tag/%E9%87%91%E7%9A%84,RuntimeError('HTTP 503'),gif.anime2 実GIFアーカイブ
gif_anime2_0110_00010,gif_anime2,https://gif.anime2.net/wp/wp-content/uploads/2018/03/Gifsmith-5f05721c-20-thumb.jpg,https://gif.anime2.net/tag/%E9%87%91%E7%9A%84,RuntimeError('HTTP 503'),gif.anime2 実GIFアーカイブ
gif_anime2_0110_00011,gif_anime2,https://gif.anime2.net/wp/wp-content/uploads/2018/03/Gifsmith-f67b44bb-0-thumb.jpg,https://gif.anime2.net/tag/%E9%87%91%E7%9A%84,RuntimeError('HTTP 503'),gif.anime2 実GIFアーカイブ
gif_anime2_0110_00012,gif_anime2,https://gif.anime2.net/wp/wp-content/uploads/2018/01/Gifsmith-5f05721c-7-thumb.jpg,https://gif.anime2.net/tag/%E9%87%91%E7%9A%84,RuntimeError('HTTP 503'),gif.anime2 実GIFアーカイブ
gif_anime2_0110_00013,gif_anime2,https://gif.anime2.net/wp/wp-content/uploads/2017/11/Gifsmith-5f05721c-21-thumb.jpg,https://gif.anime2.net/tag/%E9%87%91%E7%9A%84,RuntimeError('HTTP 503'),gif.anime2 実GIFアーカイブ
gif_anime2_0110_00014,gif_anime2,https://gif.anime2.net/wp/wp-content/uploads/2017/10/Gifsmith-640cb09e-0-thumb.jpg,https://gif.anime2.net/tag/%E9%87%91%E7%9A%84,RuntimeError('HTTP 503'),gif.anime2 実GIFアーカイブ
gif_anime2_0110_00015,gif_anime2,https://gif.anime2.net/wp/wp-content/uploads/2017/10/Gifsmith-274a01ad-6-thumb.jpg,https://gif.anime2.net/tag/%E9%87%91%E7%9A%84,RuntimeError('HTTP 503'),gif.anime2 実GIFアーカイブ
gif_anime2_0110_00018,gif_anime2,https://gif.anime2.net/wp/wp-content/uploads/2017/06/Gifsmith-5f05721c-2-3-thumb.jpg,https://gif.anime2.net/tag/%E9%87%91%E7%9A%84,RuntimeError('HTTP 503'),gif.anime2 実GIFアーカイブ
gif_anime2_0110_00019,gif_anime2,https://gif.anime2.net/wp/wp-content/uploads/2017/06/Gifsmith-5f05721c-7-1-thumb.jpg,https://gif.anime2.net/tag/%E9%87%91%E7%9A%84,RuntimeError('HTTP 503'),gif.anime2 実GIFアーカイブ
gif_anime2_0110_00017,gif_anime2,https://gif.anime2.net/wp/wp-content/uploads/2017/07/Gifsmith-5f05721c-21-3-thumb.jpg,https://gif.anime2.net/tag/%E9%87%91%E7%9A%84,RuntimeError('HTTP 503'),gif.anime2 実GIFアーカイブ
gif_anime2_0110_00021,gif_anime2,https://gif.anime2.net/wp/wp-content/uploads/2017/03/Gifsmith-8c80adf8-0-thumb.jpg,https://gif.anime2.net/tag/%E9%87%91%E7%9A%84,RuntimeError('HTTP 503'),gif.anime2 実GIFアーカイブ
gif_anime2_0110_00044,gif_anime2,https://gif.anime2.net/wp/wp-content/uploads/2018/08/Gifsmith-d3b52090-4.gif,https://gif.anime2.net/tag/%E9%87%91%E7%9A%84,RuntimeError('HTTP 503'),gif.anime2 実GIFアーカイブ
gif_anime2_0110_00047,gif_anime2,https://gif.anime2.net/wp/wp-content/uploads/2018/04/Gifsmith-3f39e351-3.gif,https://gif.anime2.net/tag/%E9%87%91%E7%9A%84,RuntimeError('HTTP 503'),gif.anime2 実GIFアーカイブ
gif_anime2_0110_00048,gif_anime2,https://gif.anime2.net/wp/wp-content/uploads/2018/04/Gifsmith-5f05721c-22-1.gif,https://gif.anime2.net/tag/%E9%87%91%E7%9A%84,RuntimeError('HTTP 503'),gif.anime2 実GIFアーカイブ
gif_anime2_0110_00049,gif_anime2,https://gif.anime2.net/wp/wp-content/uploads/2018/04/Gifsmith-f78492f0-4.gif,https://gif.anime2.net/tag/%E9%87%91%E7%9A%84,RuntimeError('HTTP 503'),gif.anime2 実GIFアーカイブ
gif_anime2_0110_00050,gif_anime2,https://gif.anime2.net/wp/wp-content/uploads/2018/03/Gifsmith-5f05721c-20.gif,https://gif.anime2.net/tag/%E9%87%91%E7%9A%84,RuntimeError('HTTP 503'),gif.anime2 実GIFアーカイブ
gif_anime2_0110_00051,gif_anime2,https://gif.anime2.net/wp/wp-content/uploads/2018/03/Gifsmith-f67b44bb-0.gif,https://gif.anime2.net/tag/%E9%87%91%E7%9A%84,RuntimeError('HTTP 503'),gif.anime2 実GIFアーカイブ
gif_anime2_0110_00053,gif_anime2,https://gif.anime2.net/wp/wp-content/uploads/2017/11/Gifsmith-5f05721c-21.gif,https://gif.anime2.net/tag/%E9%87%91%E7%9A%84,RuntimeError('HTTP 503'),gif.anime2 実GIFアーカイブ
gif_anime2_0110_00052,gif_anime2,https://gif.anime2.net/wp/wp-content/uploads/2018/01/Gifsmith-5f05721c-7.gif,https://gif.anime2.net/tag/%E9%87%91%E7%9A%84,RuntimeError('HTTP 503'),gif.anime2 実GIFアーカイブ
gif_anime2_0110_00054,gif_anime2,https://gif.anime2.net/wp/wp-content/uploads/2017/10/Gifsmith-640cb09e-0.gif,https://gif.anime2.net/tag/%E9%87%91%E7%9A%84,RuntimeError('HTTP 503'),gif.anime2 実GIFアーカイブ
gif_anime2_0110_00055,gif_anime2,https://gif.anime2.net/wp/wp-content/uploads/2017/10/Gifsmith-274a01ad-6.gif,https://gif.anime2.net/tag/%E9%87%91%E7%9A%84,RuntimeError('HTTP 503'),gif.anime2 実GIFアーカイブ
gif_anime2_0110_00058,gif_anime2,https://gif.anime2.net/wp/wp-content/uploads/2017/06/Gifsmith-5f05721c-2-3.gif,https://gif.anime2.net/tag/%E9%87%91%E7%9A%84,RuntimeError('HTTP 503'),gif.anime2 実GIFアーカイブ
gif_anime2_0110_00057,gif_anime2,https://gif.anime2.net/wp/wp-content/uploads/2017/07/Gifsmith-5f05721c-21-3.gif,https://gif.anime2.net/tag/%E9%87%91%E7%9A%84,RuntimeError('HTTP 503'),gif.anime2 実GIFアーカイブ
gif_anime2_0110_00059,gif_anime2,https://gif.anime2.net/wp/wp-content/uploads/2017/06/Gifsmith-5f05721c-7-1.gif,https://gif.anime2.net/tag/%E9%87%91%E7%9A%84,RuntimeError('HTTP 503'),gif.anime2 実GIFアーカイブ
gif_anime2_0110_00061,gif_anime2,https://gif.anime2.net/wp/wp-content/uploads/2017/03/Gifsmith-8c80adf8-0.gif,https://gif.anime2.net/tag/%E9%87%91%E7%9A%84,RuntimeError('HTTP 503'),gif.anime2 実GIFアーカイブ
gif_anime2_0111_00020,gif_anime2,https://gif.anime2.net/wp/wp-content/uploads/2017/06/Gifsmith-4f9c118f-0-thumb.jpg,https://gif.anime2.net/tag/%E8%B8%8A%E3%82%8B,RuntimeError('HTTP 503'),gif.anime2 実GIFアーカイブ
gif_anime2_0111_00019,gif_anime2,https://gif.anime2.net/wp/wp-content/uploads/2017/07/Gifsmith-5f05721c-7-3-thumb.jpg,https://gif.anime2.net/tag/%E8%B8%8A%E3%82%8B,RuntimeError('HTTP 503'),gif.anime2 実GIFアーカイブ
gif_anime2_0111_00018,gif_anime2,https://gif.anime2.net/wp/wp-content/uploads/2017/07/Gifsmith-3abde0f4-8-thumb.jpg,https://gif.anime2.net/tag/%E8%B8%8A%E3%82%8B,RuntimeError('HTTP 503'),gif.anime2 実GIFアーカイブ
gif_anime2_0111_00021,gif_anime2,https://gif.anime2.net/wp/wp-content/uploads/2017/05/Gifsmith-cdfc058f-4-thumb.jpg,https://gif.anime2.net/tag/%E8%B8%8A%E3%82%8B,RuntimeError('HTTP 503'),gif.anime2 実GIFアーカイブ
gif_anime2_0111_00058,gif_anime2,https://gif.anime2.net/wp/wp-content/uploads/2017/07/Gifsmith-3abde0f4-8.gif,https://gif.anime2.net/tag/%E8%B8%8A%E3%82%8B,RuntimeError('HTTP 503'),gif.anime2 実GIFアーカイブ
gif_anime2_0111_00059,gif_anime2,https://gif.anime2.net/wp/wp-content/uploads/2017/07/Gifsmith-5f05721c-7-3.gif,https://gif.anime2.net/tag/%E8%B8%8A%E3%82%8B,RuntimeError('HTTP 503'),gif.anime2 実GIFアーカイブ
gif_anime2_0111_00060,gif_anime2,https://gif.anime2.net/wp/wp-content/uploads/2017/06/Gifsmith-4f9c118f-0.gif,https://gif.anime2.net/tag/%E8%B8%8A%E3%82%8B,RuntimeError('HTTP 503'),gif.anime2 実GIFアーカイブ
gif_anime2_0111_00061,gif_anime2,https://gif.anime2.net/wp/wp-content/uploads/2017/05/Gifsmith-cdfc058f-4.gif,https://gif.anime2.net/tag/%E8%B8%8A%E3%82%8B,RuntimeError('HTTP 503'),gif.anime2 実GIFアーカイブ
gif_anime2_0112_00003,gif_anime2,https://gif.anime2.net/wp/wp-content/uploads/2016/05/Gifsmith-2a4172dc-28-thumb.jpg,https://gif.anime2.net/tag/%E5%A4%B1%E6%95%97,RuntimeError('HTTP 503'),gif.anime2 実GIFアーカイブ
gif_anime2_0112_00007,gif_anime2,https://gif.anime2.net/wp/wp-content/uploads/2016/05/Gifsmith-3b304d45-3-thumb.jpg,https://gif.anime2.net/tag/%E5%A4%B1%E6%95%97,RuntimeError('HTTP 503'),gif.anime2 実GIFアーカイブ
gif_anime2_0112_00008,gif_anime2,https://gif.anime2.net/wp/wp-content/uploads/2016/05/Gifsmith-723fcb79-35-thumb.jpg,https://gif.anime2.net/tag/%E5%A4%B1%E6%95%97,RuntimeError('HTTP 503'),gif.anime2 実GIFアーカイブ
gif_anime2_0112_00009,gif_anime2,https://gif.anime2.net/wp/wp-content/uploads/2016/05/Gifsmith-f1ca85d9-15-thumb.jpg,https://gif.anime2.net/tag/%E5%A4%B1%E6%95%97,RuntimeError('HTTP 503'),gif.anime2 実GIFアーカイブ
gif_anime2_0112_00010,gif_anime2,https://gif.anime2.net/wp/wp-content/uploads/2016/05/c366d44e-thumb.jpg,https://gif.anime2.net/tag/%E5%A4%B1%E6%95%97,RuntimeError('HTTP 503'),gif.anime2 実GIFアーカイブ
gif_anime2_0112_00011,gif_anime2,https://gif.anime2.net/wp/wp-content/uploads/2016/05/Gifsmith-b39d0cd0-18-thumb.jpg,https://gif.anime2.net/tag/%E5%A4%B1%E6%95%97,RuntimeError('HTTP 503'),gif.anime2 実GIFアーカイブ
gif_anime2_0112_00012,gif_anime2,https://gif.anime2.net/wp/wp-content/uploads/2016/04/Gifsmith-9b7cb149-2-thumb.jpg,https://gif.anime2.net/tag/%E5%A4%B1%E6%95%97,RuntimeError('HTTP 503'),gif.anime2 実GIFアーカイブ
gif_anime2_0112_00015,gif_anime2,https://gif.anime2.net/wp/wp-content/uploads/2016/04/03e4482625c8088e7a5c0c71-thumb.jpg,https://gif.anime2.net/tag/%E5%A4%B1%E6%95%97,RuntimeError('HTTP 503'),gif.anime2 実GIFアーカイブ
gif_anime2_0112_00016,gif_anime2,https://gif.anime2.net/wp/wp-content/uploads/2016/04/9bfbd9f1450f279883be2bb2-thumb.jpg,https://gif.anime2.net/tag/%E5%A4%B1%E6%95%97,RuntimeError('HTTP 503'),gif.anime2 実GIFアーカイブ
gif_anime2_0112_00013,gif_anime2,https://gif.anime2.net/wp/wp-content/uploads/2016/04/aea98243f090839bed29017e-thumb.jpg,https://gif.anime2.net/tag/%E5%A4%B1%E6%95%97,RuntimeError('HTTP 503'),gif.anime2 実GIFアーカイブ
gif_anime2_0112_00014,gif_anime2,https://gif.anime2.net/wp/wp-content/uploads/2016/04/2447902562-thumb.jpg,https://gif.anime2.net/tag/%E5%A4%B1%E6%95%97,RuntimeError('HTTP 503'),gif.anime2 実GIFアーカイブ
gif_anime2_0112_00018,gif_anime2,https://gif.anime2.net/wp/wp-content/uploads/2016/03/1245161181-thumb.jpg,https://gif.anime2.net/tag/%E5%A4%B1%E6%95%97,RuntimeError('HTTP 503'),gif.anime2 実GIFアーカイブ
gif_anime2_0112_00017,gif_anime2,https://gif.anime2.net/wp/wp-content/uploads/2016/04/396x265xa033b8ef46da543f3ace828d-thumb.jpg,https://gif.anime2.net/tag/%E5%A4%B1%E6%95%97,RuntimeError('HTTP 503'),gif.anime2 実GIFアーカイブ
gif_anime2_0112_00043,gif_anime2,https://gif.anime2.net/wp/wp-content/uploads/2016/05/Gifsmith-2a4172dc-28.gif,https://gif.anime2.net/tag/%E5%A4%B1%E6%95%97,RuntimeError('HTTP 503'),gif.anime2 実GIFアーカイブ
gif_anime2_0112_00019,gif_anime2,https://gif.anime2.net/wp/wp-content/uploads/2016/03/2250346675-thumb.jpg,https://gif.anime2.net/tag/%E5%A4%B1%E6%95%97,RuntimeError('HTTP 503'),gif.anime2 実GIFアーカイブ
gif_anime2_0112_00020,gif_anime2,https://gif.anime2.net/wp/wp-content/uploads/2016/03/b61788fe-thumb.jpg,https://gif.anime2.net/tag/%E5%A4%B1%E6%95%97,RuntimeError('HTTP 503'),gif.anime2 実GIFアーカイブ
gif_anime2_0112_00021,gif_anime2,https://gif.anime2.net/wp/wp-content/uploads/2016/03/efd789c1-thumb.jpg,https://gif.anime2.net/tag/%E5%A4%B1%E6%95%97,RuntimeError('HTTP 503'),gif.anime2 実GIFアーカイブ
gif_anime2_0112_00047,gif_anime2,https://gif.anime2.net/wp/wp-content/uploads/2016/05/Gifsmith-3b304d45-3.gif,https://gif.anime2.net/tag/%E5%A4%B1%E6%95%97,RuntimeError('HTTP 503'),gif.anime2 実GIFアーカイブ
gif_anime2_0112_00048,gif_anime2,https://gif.anime2.net/wp/wp-content/uploads/2016/05/Gifsmith-723fcb79-35.gif,https://gif.anime2.net/tag/%E5%A4%B1%E6%95%97,RuntimeError('HTTP 503'),gif.anime2 実GIFアーカイブ
gif_anime2_0112_00049,gif_anime2,https://gif.anime2.net/wp/wp-content/uploads/2016/05/Gifsmith-f1ca85d9-15.gif,https://gif.anime2.net/tag/%E5%A4%B1%E6%95%97,RuntimeError('HTTP 503'),gif.anime2 実GIFアーカイブ
gif_anime2_0112_00050,gif_anime2,https://gif.anime2.net/wp/wp-content/uploads/2016/05/c366d44e.gif,https://gif.anime2.net/tag/%E5%A4%B1%E6%95%97,RuntimeError('HTTP 503'),gif.anime2 実GIFアーカイブ
gif_anime2_0112_00051,gif_anime2,https://gif.anime2.net/wp/wp-content/uploads/2016/05/Gifsmith-b39d0cd0-18.gif,https://gif.anime2.net/tag/%E5%A4%B1%E6%95%97,RuntimeError('HTTP 503'),gif.anime2 実GIFアーカイブ
gif_anime2_0112_00053,gif_anime2,https://gif.anime2.net/wp/wp-content/uploads/2016/04/aea98243f090839bed29017e.gif,https://gif.anime2.net/tag/%E5%A4%B1%E6%95%97,RuntimeError('HTTP 503'),gif.anime2 実GIFアーカイブ
gif_anime2_0112_00054,gif_anime2,https://gif.anime2.net/wp/wp-content/uploads/2016/04/2447902562.gif,https://gif.anime2.net/tag/%E5%A4%B1%E6%95%97,RuntimeError('HTTP 503'),gif.anime2 実GIFアーカイブ
gif_anime2_0112_00052,gif_anime2,https://gif.anime2.net/wp/wp-content/uploads/2016/04/Gifsmith-9b7cb149-2.gif,https://gif.anime2.net/tag/%E5%A4%B1%E6%95%97,RuntimeError('HTTP 503'),gif.anime2 実GIFアーカイブ
gif_anime2_0112_00055,gif_anime2,https://gif.anime2.net/wp/wp-content/uploads/2016/04/03e4482625c8088e7a5c0c71.gif,https://gif.anime2.net/tag/%E5%A4%B1%E6%95%97,RuntimeError('HTTP 503'),gif.anime2 実GIFアーカイブ
gif_anime2_0112_00057,gif_anime2,https://gif.anime2.net/wp/wp-content/uploads/2016/04/396x265xa033b8ef46da543f3ace828d.gif,https://gif.anime2.net/tag/%E5%A4%B1%E6%95%97,RuntimeError('HTTP 503'),gif.anime2 実GIFアーカイブ
gif_anime2_0112_00059,gif_anime2,https://gif.anime2.net/wp/wp-content/uploads/2016/03/2250346675.gif,https://gif.anime2.net/tag/%E5%A4%B1%E6%95%97,RuntimeError('HTTP 503'),gif.anime2 実GIFアーカイブ
gif_anime2_0112_00056,gif_anime2,https://gif.anime2.net/wp/wp-content/uploads/2016/04/9bfbd9f1450f279883be2bb2.gif,https://gif.anime2.net/tag/%E5%A4%B1%E6%95%97,RuntimeError('HTTP 503'),gif.anime2 実GIFアーカイブ
gif_anime2_0112_00058,gif_anime2,https://gif.anime2.net/wp/wp-content/uploads/2016/03/1245161181.gif,https://gif.anime2.net/tag/%E5%A4%B1%E6%95%97,RuntimeError('HTTP 503'),gif.anime2 実GIFアーカイブ
gif_anime2_0112_00060,gif_anime2,https://gif.anime2.net/wp/wp-content/uploads/2016/03/b61788fe.gif,https://gif.anime2.net/tag/%E5%A4%B1%E6%95%97,RuntimeError('HTTP 503'),gif.anime2 実GIFアーカイブ
gif_anime2_0112_00061,gif_anime2,https://gif.anime2.net/wp/wp-content/uploads/2016/03/efd789c1.gif,https://gif.anime2.net/tag/%E5%A4%B1%E6%95%97,RuntimeError('HTTP 503'),gif.anime2 実GIFアーカイブ
gif_anime2_0114_00011,gif_anime2,https://gif.anime2.net/wp/wp-content/uploads/2017/09/Gifsmith-c13dd297-5-thumb.jpg,https://gif.anime2.net/tag/%E3%83%91%E3%83%B3%E3%83%81%E3%83%A9,RuntimeError('HTTP 503'),gif.anime2 実GIFアーカイブ
gif_anime2_0114_00012,gif_anime2,https://gif.anime2.net/wp/wp-content/uploads/2017/09/Gifsmith-5f05721c-3-thumb.jpg,https://gif.anime2.net/tag/%E3%83%91%E3%83%B3%E3%83%81%E3%83%A9,RuntimeError('HTTP 503'),gif.anime2 実GIFアーカイブ
gif_anime2_0114_00013,gif_anime2,https://gif.anime2.net/wp/wp-content/uploads/2017/08/Gifsmith-e8e419dc-6-thumb.jpg,https://gif.anime2.net/tag/%E3%83%91%E3%83%B3%E3%83%81%E3%83%A9,RuntimeError('HTTP 503'),gif.anime2 実GIFアーカイブ
gif_anime2_0114_00014,gif_anime2,https://gif.anime2.net/wp/wp-content/uploads/2017/08/Gifsmith-5f05721c-16-2-thumb.jpg,https://gif.anime2.net/tag/%E3%83%91%E3%83%B3%E3%83%81%E3%83%A9,RuntimeError('HTTP 503'),gif.anime2 実GIFアーカイブ
gif_anime2_0114_00015,gif_anime2,https://gif.anime2.net/wp/wp-content/uploads/2017/06/Gifsmith-25497c3f-0-thumb.jpg,https://gif.anime2.net/tag/%E3%83%91%E3%83%B3%E3%83%81%E3%83%A9,RuntimeError('HTTP 503'),gif.anime2 実GIFアーカイブ
gif_anime2_0114_00016,gif_anime2,https://gif.anime2.net/wp/wp-content/uploads/2017/06/Gifsmith-a269f03e-0-thumb.jpg,https://gif.anime2.net/tag/%E3%83%91%E3%83%B3%E3%83%81%E3%83%A9,RuntimeError('HTTP 503'),gif.anime2 実GIFアーカイブ
gif_anime2_0114_00017,gif_anime2,https://gif.anime2.net/wp/wp-content/uploads/2017/06/Gifsmith-66632430-0-thumb.jpg,https://gif.anime2.net/tag/%E3%83%91%E3%83%B3%E3%83%81%E3%83%A9,RuntimeError('HTTP 503'),gif.anime2 実GIFアーカイブ
gif_anime2_0114_00019,gif_anime2,https://gif.anime2.net/wp/wp-content/uploads/2017/06/Gifsmith-2959858d-0-thumb.jpg,https://gif.anime2.net/tag/%E3%83%91%E3%83%B3%E3%83%81%E3%83%A9,RuntimeError('HTTP 503'),gif.anime2 実GIFアーカイブ
gif_anime2_0114_00020,gif_anime2,https://gif.anime2.net/wp/wp-content/uploads/2017/06/Gifsmith-33938c07-0-thumb.jpg,https://gif.anime2.net/tag/%E3%83%91%E3%83%B3%E3%83%81%E3%83%A9,RuntimeError('HTTP 503'),gif.anime2 実GIFアーカイブ
gif_anime2_0114_00021,gif_anime2,https://gif.anime2.net/wp/wp-content/uploads/2017/06/Gifsmith-ce9e5d05-0-thumb.jpg,https://gif.anime2.net/tag/%E3%83%91%E3%83%B3%E3%83%81%E3%83%A9,RuntimeError('HTTP 503'),gif.anime2 実GIFアーカイブ
gif_anime2_0114_00051,gif_anime2,https://gif.anime2.net/wp/wp-content/uploads/2017/09/Gifsmith-c13dd297-5.gif,https://gif.anime2.net/tag/%E3%83%91%E3%83%B3%E3%83%81%E3%83%A9,RuntimeError('HTTP 503'),gif.anime2 実GIFアーカイブ
gif_anime2_0114_00053,gif_anime2,https://gif.anime2.net/wp/wp-content/uploads/2017/09/Gifsmith-5f05721c-3.gif,https://gif.anime2.net/tag/%E3%83%91%E3%83%B3%E3%83%81%E3%83%A9,RuntimeError('HTTP 503'),gif.anime2 実GIFアーカイブ
gif_anime2_0114_00052,gif_anime2,https://gif.anime2.net/wp/wp-content/uploads/2017/09/Gifsmith-577ad587-7.gif,https://gif.anime2.net/tag/%E3%83%91%E3%83%B3%E3%83%81%E3%83%A9,RuntimeError('HTTP 503'),gif.anime2 実GIFアーカイブ
gif_anime2_0114_00054,gif_anime2,https://gif.anime2.net/wp/wp-content/uploads/2017/08/Gifsmith-e8e419dc-6.gif,https://gif.anime2.net/tag/%E3%83%91%E3%83%B3%E3%83%81%E3%83%A9,RuntimeError('HTTP 503'),gif.anime2 実GIFアーカイブ
gif_anime2_0114_00056,gif_anime2,https://gif.anime2.net/wp/wp-content/uploads/2017/06/Gifsmith-25497c3f-0.gif,https://gif.anime2.net/tag/%E3%83%91%E3%83%B3%E3%83%81%E3%83%A9,RuntimeError('HTTP 503'),gif.anime2 実GIFアーカイブ
gif_anime2_0114_00057,gif_anime2,https://gif.anime2.net/wp/wp-content/uploads/2017/06/Gifsmith-a269f03e-0.gif,https://gif.anime2.net/tag/%E3%83%91%E3%83%B3%E3%83%81%E3%83%A9,RuntimeError('HTTP 503'),gif.anime2 実GIFアーカイブ
gif_anime2_0114_00055,gif_anime2,https://gif.anime2.net/wp/wp-content/uploads/2017/08/Gifsmith-5f05721c-16-2.gif,https://gif.anime2.net/tag/%E3%83%91%E3%83%B3%E3%83%81%E3%83%A9,RuntimeError('HTTP 503'),gif.anime2 実GIFアーカイブ
gif_anime2_0114_00060,gif_anime2,https://gif.anime2.net/wp/wp-content/uploads/2017/06/Gifsmith-2959858d-0.gif,https://gif.anime2.net/tag/%E3%83%91%E3%83%B3%E3%83%81%E3%83%A9,RuntimeError('HTTP 503'),gif.anime2 実GIFアーカイブ
gif_anime2_0114_00058,gif_anime2,https://gif.anime2.net/wp/wp-content/uploads/2017/06/Gifsmith-66632430-0.gif,https://gif.anime2.net/tag/%E3%83%91%E3%83%B3%E3%83%81%E3%83%A9,RuntimeError('HTTP 503'),gif.anime2 実GIFアーカイブ
gif_anime2_0114_00062,gif_anime2,https://gif.anime2.net/wp/wp-content/uploads/2017/06/Gifsmith-ce9e5d05-0.gif,https://gif.anime2.net/tag/%E3%83%91%E3%83%B3%E3%83%81%E3%83%A9,RuntimeError('HTTP 503'),gif.anime2 実GIFアーカイブ
gif_anime2_0114_00061,gif_anime2,https://gif.anime2.net/wp/wp-content/uploads/2017/06/Gifsmith-33938c07-0.gif,https://gif.anime2.net/tag/%E3%83%91%E3%83%B3%E3%83%81%E3%83%A9,RuntimeError('HTTP 503'),gif.anime2 実GIFアーカイブ
gif_anime2_0115_00005,gif_anime2,https://gif.anime2.net/wp/wp-content/uploads/2017/06/Gifsmith-5f05721c-10-6-thumb.jpg,https://gif.anime2.net/tag/%E3%83%AC%E3%83%9D%E3%83%BC%E3%82%BF%E3%83%BC,RuntimeError('HTTP 503'),gif.anime2 実GIFアーカイブ
gif_anime2_0115_00004,gif_anime2,https://gif.anime2.net/wp/wp-content/uploads/2017/07/Gifsmith-5f05721c-6-3-thumb.jpg,https://gif.anime2.net/tag/%E3%83%AC%E3%83%9D%E3%83%BC%E3%82%BF%E3%83%BC,RuntimeError('HTTP 503'),gif.anime2 実GIFアーカイブ
gif_anime2_0115_00001,gif_anime2,https://gif.anime2.net/wp/wp-content/uploads/2018/04/Gifsmith-a6d9d46f-11-thumb.jpg,https://gif.anime2.net/tag/%E3%83%AC%E3%83%9D%E3%83%BC%E3%82%BF%E3%83%BC,RuntimeError('HTTP 503'),gif.anime2 実GIFアーカイブ
gif_anime2_0115_00006,gif_anime2,https://gif.anime2.net/wp/wp-content/uploads/2017/02/Gifsmith-9960d28d-0-thumb.jpg,https://gif.anime2.net/tag/%E3%83%AC%E3%83%9D%E3%83%BC%E3%82%BF%E3%83%BC,RuntimeError('HTTP 503'),gif.anime2 実GIFアーカイブ
gif_anime2_0115_00007,gif_anime2,https://gif.anime2.net/wp/wp-content/uploads/2016/12/Gifsmith-b4098a32-18-thumb.jpg,https://gif.anime2.net/tag/%E3%83%AC%E3%83%9D%E3%83%BC%E3%82%BF%E3%83%BC,RuntimeError('HTTP 503'),gif.anime2 実GIFアーカイブ
gif_anime2_0115_00008,gif_anime2,https://gif.anime2.net/wp/wp-content/uploads/2016/12/Gifsmith-3b978aa4-12-thumb.jpg,https://gif.anime2.net/tag/%E3%83%AC%E3%83%9D%E3%83%BC%E3%82%BF%E3%83%BC,RuntimeError('HTTP 503'),gif.anime2 実GIFアーカイブ
gif_anime2_0115_00009,gif_anime2,https://gif.anime2.net/wp/wp-content/uploads/2016/12/Gifsmith-9281269a-9-thumb.jpg,https://gif.anime2.net/tag/%E3%83%AC%E3%83%9D%E3%83%BC%E3%82%BF%E3%83%BC,RuntimeError('HTTP 503'),gif.anime2 実GIFアーカイブ
gif_anime2_0115_00010,gif_anime2,https://gif.anime2.net/wp/wp-content/uploads/2016/10/Gifsmith-ea802e29-0-thumb.jpg,https://gif.anime2.net/tag/%E3%83%AC%E3%83%9D%E3%83%BC%E3%82%BF%E3%83%BC,RuntimeError('HTTP 503'),gif.anime2 実GIFアーカイブ
gif_anime2_0115_00011,gif_anime2,https://gif.anime2.net/wp/wp-content/uploads/2016/09/Gifsmith-24e00690-27-thumb.jpg,https://gif.anime2.net/tag/%E3%83%AC%E3%83%9D%E3%83%BC%E3%82%BF%E3%83%BC,RuntimeError('HTTP 503'),gif.anime2 実GIFアーカイブ
gif_anime2_0115_00012,gif_anime2,https://gif.anime2.net/wp/wp-content/uploads/2016/09/Gifsmith-4a89c597-0-thumb.jpg,https://gif.anime2.net/tag/%E3%83%AC%E3%83%9D%E3%83%BC%E3%82%BF%E3%83%BC,RuntimeError('HTTP 503'),gif.anime2 実GIFアーカイブ
gif_anime2_0115_00013,gif_anime2,https://gif.anime2.net/wp/wp-content/uploads/2016/08/Gifsmith-34478496-23-thumb.jpg,https://gif.anime2.net/tag/%E3%83%AC%E3%83%9D%E3%83%BC%E3%82%BF%E3%83%BC,RuntimeError('HTTP 503'),gif.anime2 実GIFアーカイブ
gif_anime2_0115_00014,gif_anime2,https://gif.anime2.net/wp/wp-content/uploads/2016/08/Gifsmith-c856d04c-0-thumb.jpg,https://gif.anime2.net/tag/%E3%83%AC%E3%83%9D%E3%83%BC%E3%82%BF%E3%83%BC,RuntimeError('HTTP 503'),gif.anime2 実GIFアーカイブ
gif_anime2_0115_00015,gif_anime2,https://gif.anime2.net/wp/wp-content/uploads/2016/07/19e1eb06-thumb.jpg,https://gif.anime2.net/tag/%E3%83%AC%E3%83%9D%E3%83%BC%E3%82%BF%E3%83%BC,RuntimeError('HTTP 503'),gif.anime2 実GIFアーカイブ
gif_anime2_0115_00016,gif_anime2,https://gif.anime2.net/wp/wp-content/uploads/2016/07/59ebe278-thumb.jpg,https://gif.anime2.net/tag/%E3%83%AC%E3%83%9D%E3%83%BC%E3%82%BF%E3%83%BC,RuntimeError('HTTP 503'),gif.anime2 実GIFアーカイブ
gif_anime2_0115_00017,gif_anime2,https://gif.anime2.net/wp/wp-content/uploads/2016/07/7afcca21-thumb.jpg,https://gif.anime2.net/tag/%E3%83%AC%E3%83%9D%E3%83%BC%E3%82%BF%E3%83%BC,RuntimeError('HTTP 503'),gif.anime2 実GIFアーカイブ
gif_anime2_0115_00018,gif_anime2,https://gif.anime2.net/wp/wp-content/uploads/2016/07/81d7811f-thumb.jpg,https://gif.anime2.net/tag/%E3%83%AC%E3%83%9D%E3%83%BC%E3%82%BF%E3%83%BC,RuntimeError('HTTP 503'),gif.anime2 実GIFアーカイブ
gif_anime2_0115_00020,gif_anime2,https://gif.anime2.net/wp/wp-content/uploads/2016/07/d5bad8a2-thumb.jpg,https://gif.anime2.net/tag/%E3%83%AC%E3%83%9D%E3%83%BC%E3%82%BF%E3%83%BC,RuntimeError('HTTP 503'),gif.anime2 実GIFアーカイブ
gif_anime2_0115_00019,gif_anime2,https://gif.anime2.net/wp/wp-content/uploads/2016/07/8b601a0d-thumb.jpg,https://gif.anime2.net/tag/%E3%83%AC%E3%83%9D%E3%83%BC%E3%82%BF%E3%83%BC,RuntimeError('HTTP 503'),gif.anime2 実GIFアーカイブ
gif_anime2_0115_00041,gif_anime2,https://gif.anime2.net/wp/wp-content/uploads/2018/04/Gifsmith-a6d9d46f-11.gif,https://gif.anime2.net/tag/%E3%83%AC%E3%83%9D%E3%83%BC%E3%82%BF%E3%83%BC,RuntimeError('HTTP 503'),gif.anime2 実GIFアーカイブ
gif_anime2_0115_00021,gif_anime2,https://gif.anime2.net/wp/wp-content/uploads/2016/07/718a2199-thumb.jpg,https://gif.anime2.net/tag/%E3%83%AC%E3%83%9D%E3%83%BC%E3%82%BF%E3%83%BC,RuntimeError('HTTP 503'),gif.anime2 実GIFアーカイブ
gif_anime2_0115_00046,gif_anime2,https://gif.anime2.net/wp/wp-content/uploads/2017/02/Gifsmith-9960d28d-0.gif,https://gif.anime2.net/tag/%E3%83%AC%E3%83%9D%E3%83%BC%E3%82%BF%E3%83%BC,RuntimeError('HTTP 503'),gif.anime2 実GIFアーカイブ
gif_anime2_0115_00047,gif_anime2,https://gif.anime2.net/wp/wp-content/uploads/2016/12/Gifsmith-b4098a32-18.gif,https://gif.anime2.net/tag/%E3%83%AC%E3%83%9D%E3%83%BC%E3%82%BF%E3%83%BC,RuntimeError('HTTP 503'),gif.anime2 実GIFアーカイブ
gif_anime2_0115_00044,gif_anime2,https://gif.anime2.net/wp/wp-content/uploads/2017/07/Gifsmith-5f05721c-6-3.gif,https://gif.anime2.net/tag/%E3%83%AC%E3%83%9D%E3%83%BC%E3%82%BF%E3%83%BC,RuntimeError('HTTP 503'),gif.anime2 実GIFアーカイブ
gif_anime2_0115_00045,gif_anime2,https://gif.anime2.net/wp/wp-content/uploads/2017/06/Gifsmith-5f05721c-10-6.gif,https://gif.anime2.net/tag/%E3%83%AC%E3%83%9D%E3%83%BC%E3%82%BF%E3%83%BC,RuntimeError('HTTP 503'),gif.anime2 実GIFアーカイブ
gif_anime2_0115_00048,gif_anime2,https://gif.anime2.net/wp/wp-content/uploads/2016/12/Gifsmith-3b978aa4-12.gif,https://gif.anime2.net/tag/%E3%83%AC%E3%83%9D%E3%83%BC%E3%82%BF%E3%83%BC,RuntimeError('HTTP 503'),gif.anime2 実GIFアーカイブ
gif_anime2_0115_00049,gif_anime2,https://gif.anime2.net/wp/wp-content/uploads/2016/12/Gifsmith-9281269a-9.gif,https://gif.anime2.net/tag/%E3%83%AC%E3%83%9D%E3%83%BC%E3%82%BF%E3%83%BC,RuntimeError('HTTP 503'),gif.anime2 実GIFアーカイブ
gif_anime2_0115_00051,gif_anime2,https://gif.anime2.net/wp/wp-content/uploads/2016/09/Gifsmith-24e00690-27.gif,https://gif.anime2.net/tag/%E3%83%AC%E3%83%9D%E3%83%BC%E3%82%BF%E3%83%BC,RuntimeError('HTTP 503'),gif.anime2 実GIFアーカイブ
gif_anime2_0115_00052,gif_anime2,https://gif.anime2.net/wp/wp-content/uploads/2016/09/Gifsmith-4a89c597-0.gif,https://gif.anime2.net/tag/%E3%83%AC%E3%83%9D%E3%83%BC%E3%82%BF%E3%83%BC,RuntimeError('HTTP 503'),gif.anime2 実GIFアーカイブ
gif_anime2_0115_00053,gif_anime2,https://gif.anime2.net/wp/wp-content/uploads/2016/08/Gifsmith-34478496-23.gif,https://gif.anime2.net/tag/%E3%83%AC%E3%83%9D%E3%83%BC%E3%82%BF%E3%83%BC,RuntimeError('HTTP 503'),gif.anime2 実GIFアーカイブ
gif_anime2_0115_00054,gif_anime2,https://gif.anime2.net/wp/wp-content/uploads/2016/08/Gifsmith-c856d04c-0.gif,https://gif.anime2.net/tag/%E3%83%AC%E3%83%9D%E3%83%BC%E3%82%BF%E3%83%BC,RuntimeError('HTTP 503'),gif.anime2 実GIFアーカイブ
gif_anime2_0115_00055,gif_anime2,https://gif.anime2.net/wp/wp-content/uploads/2016/07/19e1eb06.gif,https://gif.anime2.net/tag/%E3%83%AC%E3%83%9D%E3%83%BC%E3%82%BF%E3%83%BC,RuntimeError('HTTP 503'),gif.anime2 実GIFアーカイブ
gif_anime2_0115_00056,gif_anime2,https://gif.anime2.net/wp/wp-content/uploads/2016/07/59ebe278.gif,https://gif.anime2.net/tag/%E3%83%AC%E3%83%9D%E3%83%BC%E3%82%BF%E3%83%BC,RuntimeError('HTTP 503'),gif.anime2 実GIFアーカイブ
gif_anime2_0115_00057,gif_anime2,https://gif.anime2.net/wp/wp-content/uploads/2016/07/7afcca21.gif,https://gif.anime2.net/tag/%E3%83%AC%E3%83%9D%E3%83%BC%E3%82%BF%E3%83%BC,RuntimeError('HTTP 503'),gif.anime2 実GIFアーカイブ
gif_anime2_0115_00058,gif_anime2,https://gif.anime2.net/wp/wp-content/uploads/2016/07/81d7811f.gif,https://gif.anime2.net/tag/%E3%83%AC%E3%83%9D%E3%83%BC%E3%82%BF%E3%83%BC,RuntimeError('HTTP 503'),gif.anime2 実GIFアーカイブ
gif_anime2_0115_00060,gif_anime2,https://gif.anime2.net/wp/wp-content/uploads/2016/07/d5bad8a2.gif,https://gif.anime2.net/tag/%E3%83%AC%E3%83%9D%E3%83%BC%E3%82%BF%E3%83%BC,RuntimeError('HTTP 503'),gif.anime2 実GIFアーカイブ
gif_anime2_0115_00059,gif_anime2,https://gif.anime2.net/wp/wp-content/uploads/2016/07/8b601a0d.gif,https://gif.anime2.net/tag/%E3%83%AC%E3%83%9D%E3%83%BC%E3%82%BF%E3%83%BC,RuntimeError('HTTP 503'),gif.anime2 実GIFアーカイブ
gif_anime2_0116_00015,gif_anime2,https://gif.anime2.net/wp/wp-content/uploads/2018/07/Gifsmith-cd14c550-6-thumb.jpg,https://gif.anime2.net/tag/%E3%83%89%E3%83%A9%E3%83%AC%E3%82%B3,RuntimeError('HTTP 503'),gif.anime2 実GIFアーカイブ
gif_anime2_0116_00016,gif_anime2,https://gif.anime2.net/wp/wp-content/uploads/2018/07/Gifsmith-4df437f9-5-thumb.jpg,https://gif.anime2.net/tag/%E3%83%89%E3%83%A9%E3%83%AC%E3%82%B3,RuntimeError('HTTP 503'),gif.anime2 実GIFアーカイブ
gif_anime2_0115_00061,gif_anime2,https://gif.anime2.net/wp/wp-content/uploads/2016/07/718a2199.gif,https://gif.anime2.net/tag/%E3%83%AC%E3%83%9D%E3%83%BC%E3%82%BF%E3%83%BC,RuntimeError('HTTP 503'),gif.anime2 実GIFアーカイブ
gif_anime2_0116_00020,gif_anime2,https://gif.anime2.net/wp/wp-content/uploads/2018/06/Gifsmith-0c43ab1f-5-thumb.jpg,https://gif.anime2.net/tag/%E3%83%89%E3%83%A9%E3%83%AC%E3%82%B3,RuntimeError('HTTP 503'),gif.anime2 実GIFアーカイブ
gif_anime2_0116_00055,gif_anime2,https://gif.anime2.net/wp/wp-content/uploads/2018/07/Gifsmith-cd14c550-6.gif,https://gif.anime2.net/tag/%E3%83%89%E3%83%A9%E3%83%AC%E3%82%B3,RuntimeError('HTTP 503'),gif.anime2 実GIFアーカイブ
gif_anime2_0116_00060,gif_anime2,https://gif.anime2.net/wp/wp-content/uploads/2018/06/Gifsmith-0c43ab1f-5.gif,https://gif.anime2.net/tag/%E3%83%89%E3%83%A9%E3%83%AC%E3%82%B3,RuntimeError('HTTP 503'),gif.anime2 実GIFアーカイブ
gif_anime2_0116_00021,gif_anime2,https://gif.anime2.net/wp/wp-content/uploads/2018/06/Gifsmith-11bc48ec-2-thumb.jpg,https://gif.anime2.net/tag/%E3%83%89%E3%83%A9%E3%83%AC%E3%82%B3,RuntimeError('HTTP 503'),gif.anime2 実GIFアーカイブ
gif_anime2_0116_00056,gif_anime2,https://gif.anime2.net/wp/wp-content/uploads/2018/07/Gifsmith-4df437f9-5.gif,https://gif.anime2.net/tag/%E3%83%89%E3%83%A9%E3%83%AC%E3%82%B3,RuntimeError('HTTP 503'),gif.anime2 実GIFアーカイブ
gif_anime2_0116_00061,gif_anime2,https://gif.anime2.net/wp/wp-content/uploads/2018/06/Gifsmith-11bc48ec-2.gif,https://gif.anime2.net/tag/%E3%83%89%E3%83%A9%E3%83%AC%E3%82%B3,RuntimeError('HTTP 503'),gif.anime2 実GIFアーカイブ
gif_anime2_0117_00003,gif_anime2,https://gif.anime2.net/wp/wp-content/uploads/2018/07/Gifsmith-cd0f6cd5-31-thumb.jpg,https://gif.anime2.net/tag/%E3%83%81%E3%83%A3%E3%83%AC%E3%83%B3%E3%82%B8,RuntimeError('HTTP 503'),gif.anime2 実GIFアーカイブ
gif_anime2_0117_00005,gif_anime2,https://gif.anime2.net/wp/wp-content/uploads/2018/02/Gifsmith-5f05721c-12-1-thumb.jpg,https://gif.anime2.net/tag/%E3%83%81%E3%83%A3%E3%83%AC%E3%83%B3%E3%82%B8,RuntimeError('HTTP 503'),gif.anime2 実GIFアーカイブ
gif_anime2_0117_00009,gif_anime2,https://gif.anime2.net/wp/wp-content/uploads/2017/03/Gifsmith-5f05721c-8-thumb.jpg,https://gif.anime2.net/tag/%E3%83%81%E3%83%A3%E3%83%AC%E3%83%B3%E3%82%B8,RuntimeError('HTTP 503'),gif.anime2 実GIFアーカイブ
gif_anime2_0117_00013,gif_anime2,https://gif.anime2.net/wp/wp-content/uploads/2017/03/Gifsmith-ea5eca41-17-thumb.jpg,https://gif.anime2.net/tag/%E3%83%81%E3%83%A3%E3%83%AC%E3%83%B3%E3%82%B8,RuntimeError('HTTP 503'),gif.anime2 実GIFアーカイブ
gif_anime2_0117_00015,gif_anime2,https://gif.anime2.net/wp/wp-content/uploads/2017/01/Gifsmith-37608d63-0-thumb.jpg,https://gif.anime2.net/tag/%E3%83%81%E3%83%A3%E3%83%AC%E3%83%B3%E3%82%B8,RuntimeError('HTTP 503'),gif.anime2 実GIFアーカイブ
gif_anime2_0117_00016,gif_anime2,https://gif.anime2.net/wp/wp-content/uploads/2016/12/Gifsmith-c42d9c31-3-thumb.jpg,https://gif.anime2.net/tag/%E3%83%81%E3%83%A3%E3%83%AC%E3%83%B3%E3%82%B8,RuntimeError('HTTP 503'),gif.anime2 実GIFアーカイブ
gif_anime2_0117_00017,gif_anime2,https://gif.anime2.net/wp/wp-content/uploads/2016/12/Gifsmith-60eda446-26-thumb.jpg,https://gif.anime2.net/tag/%E3%83%81%E3%83%A3%E3%83%AC%E3%83%B3%E3%82%B8,RuntimeError('HTTP 503'),gif.anime2 実GIFアーカイブ
gif_anime2_0117_00018,gif_anime2,https://gif.anime2.net/wp/wp-content/uploads/2016/12/Gifsmith-205e68fd-6-thumb.jpg,https://gif.anime2.net/tag/%E3%83%81%E3%83%A3%E3%83%AC%E3%83%B3%E3%82%B8,RuntimeError('HTTP 503'),gif.anime2 実GIFアーカイブ
gif_anime2_0117_00019,gif_anime2,https://gif.anime2.net/wp/wp-content/uploads/2016/12/Gifsmith-f6e1f6b9-47-thumb.jpg,https://gif.anime2.net/tag/%E3%83%81%E3%83%A3%E3%83%AC%E3%83%B3%E3%82%B8,RuntimeError('HTTP 503'),gif.anime2 実GIFアーカイブ
gif_anime2_0117_00043,gif_anime2,https://gif.anime2.net/wp/wp-content/uploads/2018/07/Gifsmith-cd0f6cd5-31.gif,https://gif.anime2.net/tag/%E3%83%81%E3%83%A3%E3%83%AC%E3%83%B3%E3%82%B8,RuntimeError('HTTP 503'),gif.anime2 実GIFアーカイブ
gif_anime2_0117_00045,gif_anime2,https://gif.anime2.net/wp/wp-content/uploads/2018/02/Gifsmith-5f05721c-12-1.gif,https://gif.anime2.net/tag/%E3%83%81%E3%83%A3%E3%83%AC%E3%83%B3%E3%82%B8,RuntimeError('HTTP 503'),gif.anime2 実GIFアーカイブ
gif_anime2_0117_00049,gif_anime2,https://gif.anime2.net/wp/wp-content/uploads/2017/03/Gifsmith-5f05721c-8.gif,https://gif.anime2.net/tag/%E3%83%81%E3%83%A3%E3%83%AC%E3%83%B3%E3%82%B8,RuntimeError('HTTP 503'),gif.anime2 実GIFアーカイブ
gif_anime2_0117_00020,gif_anime2,https://gif.anime2.net/wp/wp-content/uploads/2016/12/Gifsmith-070f03bd-14-thumb.jpg,https://gif.anime2.net/tag/%E3%83%81%E3%83%A3%E3%83%AC%E3%83%B3%E3%82%B8,RuntimeError('HTTP 503'),gif.anime2 実GIFアーカイブ
gif_anime2_0117_00021,gif_anime2,https://gif.anime2.net/wp/wp-content/uploads/2016/12/Gifsmith-2a0a129b-10-thumb.jpg,https://gif.anime2.net/tag/%E3%83%81%E3%83%A3%E3%83%AC%E3%83%B3%E3%82%B8,RuntimeError('HTTP 503'),gif.anime2 実GIFアーカイブ
gif_anime2_0117_00053,gif_anime2,https://gif.anime2.net/wp/wp-content/uploads/2017/03/Gifsmith-ea5eca41-17.gif,https://gif.anime2.net/tag/%E3%83%81%E3%83%A3%E3%83%AC%E3%83%B3%E3%82%B8,RuntimeError('HTTP 503'),gif.anime2 実GIFアーカイブ
gif_anime2_0117_00055,gif_anime2,https://gif.anime2.net/wp/wp-content/uploads/2017/01/Gifsmith-37608d63-0.gif,https://gif.anime2.net/tag/%E3%83%81%E3%83%A3%E3%83%AC%E3%83%B3%E3%82%B8,RuntimeError('HTTP 503'),gif.anime2 実GIFアーカイブ
gif_anime2_0117_00057,gif_anime2,https://gif.anime2.net/wp/wp-content/uploads/2016/12/Gifsmith-60eda446-26.gif,https://gif.anime2.net/tag/%E3%83%81%E3%83%A3%E3%83%AC%E3%83%B3%E3%82%B8,RuntimeError('HTTP 503'),gif.anime2 実GIFアーカイブ
gif_anime2_0117_00058,gif_anime2,https://gif.anime2.net/wp/wp-content/uploads/2016/12/Gifsmith-205e68fd-6.gif,https://gif.anime2.net/tag/%E3%83%81%E3%83%A3%E3%83%AC%E3%83%B3%E3%82%B8,RuntimeError('HTTP 503'),gif.anime2 実GIFアーカイブ
gif_anime2_0117_00059,gif_anime2,https://gif.anime2.net/wp/wp-content/uploads/2016/12/Gifsmith-f6e1f6b9-47.gif,https://gif.anime2.net/tag/%E3%83%81%E3%83%A3%E3%83%AC%E3%83%B3%E3%82%B8,RuntimeError('HTTP 503'),gif.anime2 実GIFアーカイブ
gif_anime2_0117_00060,gif_anime2,https://gif.anime2.net/wp/wp-content/uploads/2016/12/Gifsmith-070f03bd-14.gif,https://gif.anime2.net/tag/%E3%83%81%E3%83%A3%E3%83%AC%E3%83%B3%E3%82%B8,RuntimeError('HTTP 503'),gif.anime2 実GIFアーカイブ
gif_anime2_0117_00061,gif_anime2,https://gif.anime2.net/wp/wp-content/uploads/2016/12/Gifsmith-2a0a129b-10.gif,https://gif.anime2.net/tag/%E3%83%81%E3%83%A3%E3%83%AC%E3%83%B3%E3%82%B8,RuntimeError('HTTP 503'),gif.anime2 実GIFアーカイブ
gif_anime2_0118_00006,gif_anime2,https://gif.anime2.net/wp/wp-content/uploads/2018/06/Gifsmith-37ddd07d-5-thumb.jpg,https://gif.anime2.net/tag/%E9%9B%BB%E8%BB%8A,RuntimeError('HTTP 503'),gif.anime2 実GIFアーカイブ
gif_anime2_0118_00009,gif_anime2,https://gif.anime2.net/wp/wp-content/uploads/2018/02/Gifsmith-de24bc85-7-thumb.jpg,https://gif.anime2.net/tag/%E9%9B%BB%E8%BB%8A,RuntimeError('HTTP 503'),gif.anime2 実GIFアーカイブ
gif_anime2_0118_00008,gif_anime2,https://gif.anime2.net/wp/wp-content/uploads/2018/04/Gifsmith-70a59bd9-33-thumb.jpg,https://gif.anime2.net/tag/%E9%9B%BB%E8%BB%8A,RuntimeError('HTTP 503'),gif.anime2 実GIFアーカイブ
gif_anime2_0118_00010,gif_anime2,https://gif.anime2.net/wp/wp-content/uploads/2017/11/Gifsmith-1bc04160-0-thumb.jpg,https://gif.anime2.net/tag/%E9%9B%BB%E8%BB%8A,RuntimeError('HTTP 503'),gif.anime2 実GIFアーカイブ
gif_anime2_0118_00011,gif_anime2,https://gif.anime2.net/wp/wp-content/uploads/2017/10/Gifsmith-c1ba5111-11-thumb.jpg,https://gif.anime2.net/tag/%E9%9B%BB%E8%BB%8A,RuntimeError('HTTP 503'),gif.anime2 実GIFアーカイブ
gif_anime2_0118_00012,gif_anime2,https://gif.anime2.net/wp/wp-content/uploads/2017/10/Gifsmith-5f05721c-7-6-thumb.jpg,https://gif.anime2.net/tag/%E9%9B%BB%E8%BB%8A,RuntimeError('HTTP 503'),gif.anime2 実GIFアーカイブ
gif_anime2_0118_00014,gif_anime2,https://gif.anime2.net/wp/wp-content/uploads/2017/09/Gifsmith-5f05721c-24-thumb.jpg,https://gif.anime2.net/tag/%E9%9B%BB%E8%BB%8A,RuntimeError('HTTP 503'),gif.anime2 実GIFアーカイブ
gif_anime2_0118_00015,gif_anime2,https://gif.anime2.net/wp/wp-content/uploads/2017/08/Gifsmith-3062adb6-10-thumb.jpg,https://gif.anime2.net/tag/%E9%9B%BB%E8%BB%8A,RuntimeError('HTTP 503'),gif.anime2 実GIFアーカイブ
gif_anime2_0118_00016,gif_anime2,https://gif.anime2.net/wp/wp-content/uploads/2017/08/Gifsmith-388ad3fb-9-thumb.jpg,https://gif.anime2.net/tag/%E9%9B%BB%E8%BB%8A,RuntimeError('HTTP 503'),gif.anime2 実GIFアーカイブ
gif_anime2_0118_00013,gif_anime2,https://gif.anime2.net/wp/wp-content/uploads/2017/09/Gifsmith-5f05721c-15-1-thumb.jpg,https://gif.anime2.net/tag/%E9%9B%BB%E8%BB%8A,RuntimeError('HTTP 503'),gif.anime2 実GIFアーカイブ
gif_anime2_0118_00017,gif_anime2,https://gif.anime2.net/wp/wp-content/uploads/2017/05/Gifsmith-a43c2e5a-0-thumb.jpg,https://gif.anime2.net/tag/%E9%9B%BB%E8%BB%8A,RuntimeError('HTTP 503'),gif.anime2 実GIFアーカイブ
gif_anime2_0118_00018,gif_anime2,https://gif.anime2.net/wp/wp-content/uploads/2017/04/Gifsmith-e196cca7-0-thumb.jpg,https://gif.anime2.net/tag/%E9%9B%BB%E8%BB%8A,RuntimeError('HTTP 503'),gif.anime2 実GIFアーカイブ
gif_anime2_0118_00019,gif_anime2,https://gif.anime2.net/wp/wp-content/uploads/2017/03/Gifsmith-95917201-0-thumb.jpg,https://gif.anime2.net/tag/%E9%9B%BB%E8%BB%8A,RuntimeError('HTTP 503'),gif.anime2 実GIFアーカイブ
gif_anime2_0118_00021,gif_anime2,https://gif.anime2.net/wp/wp-content/uploads/2017/02/Gifsmith-27304c63-19-thumb.jpg,https://gif.anime2.net/tag/%E9%9B%BB%E8%BB%8A,RuntimeError('HTTP 503'),gif.anime2 実GIFアーカイブ
gif_anime2_0118_00046,gif_anime2,https://gif.anime2.net/wp/wp-content/uploads/2018/06/Gifsmith-37ddd07d-5.gif,https://gif.anime2.net/tag/%E9%9B%BB%E8%BB%8A,RuntimeError('HTTP 503'),gif.anime2 実GIFアーカイブ
gif_anime2_0118_00048,gif_anime2,https://gif.anime2.net/wp/wp-content/uploads/2018/04/Gifsmith-70a59bd9-33.gif,https://gif.anime2.net/tag/%E9%9B%BB%E8%BB%8A,RuntimeError('HTTP 503'),gif.anime2 実GIFアーカイブ
gif_anime2_0118_00049,gif_anime2,https://gif.anime2.net/wp/wp-content/uploads/2018/02/Gifsmith-de24bc85-7.gif,https://gif.anime2.net/tag/%E9%9B%BB%E8%BB%8A,RuntimeError('HTTP 503'),gif.anime2 実GIFアーカイブ
gif_anime2_0118_00050,gif_anime2,https://gif.anime2.net/wp/wp-content/uploads/2017/11/Gifsmith-1bc04160-0.gif,https://gif.anime2.net/tag/%E9%9B%BB%E8%BB%8A,RuntimeError('HTTP 503'),gif.anime2 実GIFアーカイブ
gif_anime2_0118_00051,gif_anime2,https://gif.anime2.net/wp/wp-content/uploads/2017/10/Gifsmith-c1ba5111-11.gif,https://gif.anime2.net/tag/%E9%9B%BB%E8%BB%8A,RuntimeError('HTTP 503'),gif.anime2 実GIFアーカイブ
gif_anime2_0118_00052,gif_anime2,https://gif.anime2.net/wp/wp-content/uploads/2017/10/Gifsmith-5f05721c-7-6.gif,https://gif.anime2.net/tag/%E9%9B%BB%E8%BB%8A,RuntimeError('HTTP 503'),gif.anime2 実GIFアーカイブ
gif_anime2_0118_00053,gif_anime2,https://gif.anime2.net/wp/wp-content/uploads/2017/09/Gifsmith-5f05721c-15-1.gif,https://gif.anime2.net/tag/%E9%9B%BB%E8%BB%8A,RuntimeError('HTTP 503'),gif.anime2 実GIFアーカイブ
gif_anime2_0118_00054,gif_anime2,https://gif.anime2.net/wp/wp-content/uploads/2017/09/Gifsmith-5f05721c-24.gif,https://gif.anime2.net/tag/%E9%9B%BB%E8%BB%8A,RuntimeError('HTTP 503'),gif.anime2 実GIFアーカイブ
gif_anime2_0118_00055,gif_anime2,https://gif.anime2.net/wp/wp-content/uploads/2017/08/Gifsmith-3062adb6-10.gif,https://gif.anime2.net/tag/%E9%9B%BB%E8%BB%8A,RuntimeError('HTTP 503'),gif.anime2 実GIFアーカイブ
gif_anime2_0118_00056,gif_anime2,https://gif.anime2.net/wp/wp-content/uploads/2017/08/Gifsmith-388ad3fb-9.gif,https://gif.anime2.net/tag/%E9%9B%BB%E8%BB%8A,RuntimeError('HTTP 503'),gif.anime2 実GIFアーカイブ
gif_anime2_0118_00057,gif_anime2,https://gif.anime2.net/wp/wp-content/uploads/2017/05/Gifsmith-a43c2e5a-0.gif,https://gif.anime2.net/tag/%E9%9B%BB%E8%BB%8A,RuntimeError('HTTP 503'),gif.anime2 実GIFアーカイブ
gif_anime2_0118_00059,gif_anime2,https://gif.anime2.net/wp/wp-content/uploads/2017/03/Gifsmith-95917201-0.gif,https://gif.anime2.net/tag/%E9%9B%BB%E8%BB%8A,RuntimeError('HTTP 503'),gif.anime2 実GIFアーカイブ
gif_anime2_0118_00058,gif_anime2,https://gif.anime2.net/wp/wp-content/uploads/2017/04/Gifsmith-e196cca7-0.gif,https://gif.anime2.net/tag/%E9%9B%BB%E8%BB%8A,RuntimeError('HTTP 503'),gif.anime2 実GIFアーカイブ
gif_anime2_0118_00061,gif_anime2,https://gif.anime2.net/wp/wp-content/uploads/2017/02/Gifsmith-27304c63-19.gif,https://gif.anime2.net/tag/%E9%9B%BB%E8%BB%8A,RuntimeError('HTTP 503'),gif.anime2 実GIFアーカイブ
gif_anime2_0119_00001,gif_anime2,https://gif.anime2.net/wp/wp-content/uploads/2018/05/Gifsmith-291f9e14-22-thumb.jpg,https://gif.anime2.net/tag/%E3%83%88%E3%83%A9%E3%83%B3%E3%83%9D%E3%83%AA%E3%83%B3,RuntimeError('HTTP 503'),gif.anime2 実GIFアーカイブ
gif_anime2_0119_00003,gif_anime2,https://gif.anime2.net/wp/wp-content/uploads/2018/05/Gifsmith-5dad98bf-5-thumb.jpg,https://gif.anime2.net/tag/%E3%83%88%E3%83%A9%E3%83%B3%E3%83%9D%E3%83%AA%E3%83%B3,RuntimeError('HTTP 503'),gif.anime2 実GIFアーカイブ
gif_anime2_0119_00005,gif_anime2,https://gif.anime2.net/wp/wp-content/uploads/2017/09/Gifsmith-5f05721c-8-2-thumb.jpg,https://gif.anime2.net/tag/%E3%83%88%E3%83%A9%E3%83%B3%E3%83%9D%E3%83%AA%E3%83%B3,RuntimeError('HTTP 503'),gif.anime2 実GIFアーカイブ
gif_anime2_0119_00004,gif_anime2,https://gif.anime2.net/wp/wp-content/uploads/2018/04/Gifsmith-5f05721c-12-4-thumb.jpg,https://gif.anime2.net/tag/%E3%83%88%E3%83%A9%E3%83%B3%E3%83%9D%E3%83%AA%E3%83%B3,RuntimeError('HTTP 503'),gif.anime2 実GIFアーカイブ
gif_anime2_0119_00006,gif_anime2,https://gif.anime2.net/wp/wp-content/uploads/2017/09/Gifsmith-5f05721c-19-thumb.jpg,https://gif.anime2.net/tag/%E3%83%88%E3%83%A9%E3%83%B3%E3%83%9D%E3%83%AA%E3%83%B3,RuntimeError('HTTP 503'),gif.anime2 実GIFアーカイブ
gif_anime2_0119_00007,gif_anime2,https://gif.anime2.net/wp/wp-content/uploads/2017/03/Gifsmith-5f05721c-24-1-thumb.jpg,https://gif.anime2.net/tag/%E3%83%88%E3%83%A9%E3%83%B3%E3%83%9D%E3%83%AA%E3%83%B3,RuntimeError('HTTP 503'),gif.anime2 実GIFアーカイブ
gif_anime2_0119_00008,gif_anime2,https://gif.anime2.net/wp/wp-content/uploads/2017/01/Gifsmith-4622239e-5-thumb.jpg,https://gif.anime2.net/tag/%E3%83%88%E3%83%A9%E3%83%B3%E3%83%9D%E3%83%AA%E3%83%B3,RuntimeError('HTTP 503'),gif.anime2 実GIFアーカイブ
gif_anime2_0119_00009,gif_anime2,https://gif.anime2.net/wp/wp-content/uploads/2017/01/Gifsmith-d79a5d82-17-thumb.jpg,https://gif.anime2.net/tag/%E3%83%88%E3%83%A9%E3%83%B3%E3%83%9D%E3%83%AA%E3%83%B3,RuntimeError('HTTP 503'),gif.anime2 実GIFアーカイブ
gif_anime2_0119_00010,gif_anime2,https://gif.anime2.net/wp/wp-content/uploads/2017/01/Gifsmith-3efd6dfe-22-thumb.jpg,https://gif.anime2.net/tag/%E3%83%88%E3%83%A9%E3%83%B3%E3%83%9D%E3%83%AA%E3%83%B3,RuntimeError('HTTP 503'),gif.anime2 実GIFアーカイブ
gif_anime2_0119_00012,gif_anime2,https://gif.anime2.net/wp/wp-content/uploads/2016/11/Gifsmith-6801b139-11-thumb.jpg,https://gif.anime2.net/tag/%E3%83%88%E3%83%A9%E3%83%B3%E3%83%9D%E3%83%AA%E3%83%B3,RuntimeError('HTTP 503'),gif.anime2 実GIFアーカイブ
gif_anime2_0119_00011,gif_anime2,https://gif.anime2.net/wp/wp-content/uploads/2016/12/Gifsmith-bb8690db-12-thumb.jpg,https://gif.anime2.net/tag/%E3%83%88%E3%83%A9%E3%83%B3%E3%83%9D%E3%83%AA%E3%83%B3,RuntimeError('HTTP 503'),gif.anime2 実GIFアーカイブ
gif_anime2_0119_00013,gif_anime2,https://gif.anime2.net/wp/wp-content/uploads/2016/10/Gifsmith-814846ad-16-thumb.jpg,https://gif.anime2.net/tag/%E3%83%88%E3%83%A9%E3%83%B3%E3%83%9D%E3%83%AA%E3%83%B3,RuntimeError('HTTP 503'),gif.anime2 実GIFアーカイブ
gif_anime2_0119_00014,gif_anime2,https://gif.anime2.net/wp/wp-content/uploads/2016/09/Gifsmith-63927851-0-thumb.jpg,https://gif.anime2.net/tag/%E3%83%88%E3%83%A9%E3%83%B3%E3%83%9D%E3%83%AA%E3%83%B3,RuntimeError('HTTP 503'),gif.anime2 実GIFアーカイブ
gif_anime2_0119_00015,gif_anime2,https://gif.anime2.net/wp/wp-content/uploads/2016/09/fb276a5d-thumb.jpg,https://gif.anime2.net/tag/%E3%83%88%E3%83%A9%E3%83%B3%E3%83%9D%E3%83%AA%E3%83%B3,RuntimeError('HTTP 503'),gif.anime2 実GIFアーカイブ
gif_anime2_0119_00016,gif_anime2,https://gif.anime2.net/wp/wp-content/uploads/2016/09/Gifsmith-d103b7ba-15-thumb.jpg,https://gif.anime2.net/tag/%E3%83%88%E3%83%A9%E3%83%B3%E3%83%9D%E3%83%AA%E3%83%B3,RuntimeError('HTTP 503'),gif.anime2 実GIFアーカイブ
gif_anime2_0119_00017,gif_anime2,https://gif.anime2.net/wp/wp-content/uploads/2016/09/Gifsmith-66401506-8-thumb.jpg,https://gif.anime2.net/tag/%E3%83%88%E3%83%A9%E3%83%B3%E3%83%9D%E3%83%AA%E3%83%B3,RuntimeError('HTTP 503'),gif.anime2 実GIFアーカイブ
gif_anime2_0119_00019,gif_anime2,https://gif.anime2.net/wp/wp-content/uploads/2016/07/Gifsmith-475325f3-16-thumb.jpg,https://gif.anime2.net/tag/%E3%83%88%E3%83%A9%E3%83%B3%E3%83%9D%E3%83%AA%E3%83%B3,RuntimeError('HTTP 503'),gif.anime2 実GIFアーカイブ
gif_anime2_0119_00018,gif_anime2,https://gif.anime2.net/wp/wp-content/uploads/2016/09/Gifsmith-edb404eb-19-thumb.jpg,https://gif.anime2.net/tag/%E3%83%88%E3%83%A9%E3%83%B3%E3%83%9D%E3%83%AA%E3%83%B3,RuntimeError('HTTP 503'),gif.anime2 実GIFアーカイブ
gif_anime2_0119_00020,gif_anime2,https://gif.anime2.net/wp/wp-content/uploads/2016/06/Gifsmith-b0c5e2ca-0-thumb.jpg,https://gif.anime2.net/tag/%E3%83%88%E3%83%A9%E3%83%B3%E3%83%9D%E3%83%AA%E3%83%B3,RuntimeError('HTTP 503'),gif.anime2 実GIFアーカイブ
gif_anime2_0119_00021,gif_anime2,https://gif.anime2.net/wp/wp-content/uploads/2016/06/Gifsmith-66bffb13-12-thumb.jpg,https://gif.anime2.net/tag/%E3%83%88%E3%83%A9%E3%83%B3%E3%83%9D%E3%83%AA%E3%83%B3,RuntimeError('HTTP 503'),gif.anime2 実GIFアーカイブ
gif_anime2_0119_00041,gif_anime2,https://gif.anime2.net/wp/wp-content/uploads/2018/05/Gifsmith-291f9e14-22.gif,https://gif.anime2.net/tag/%E3%83%88%E3%83%A9%E3%83%B3%E3%83%9D%E3%83%AA%E3%83%B3,RuntimeError('HTTP 503'),gif.anime2 実GIFアーカイブ
gif_anime2_0119_00043,gif_anime2,https://gif.anime2.net/wp/wp-content/uploads/2018/05/Gifsmith-5dad98bf-5.gif,https://gif.anime2.net/tag/%E3%83%88%E3%83%A9%E3%83%B3%E3%83%9D%E3%83%AA%E3%83%B3,RuntimeError('HTTP 503'),gif.anime2 実GIFアーカイブ
gif_anime2_0119_00045,gif_anime2,https://gif.anime2.net/wp/wp-content/uploads/2017/09/Gifsmith-5f05721c-8-2.gif,https://gif.anime2.net/tag/%E3%83%88%E3%83%A9%E3%83%B3%E3%83%9D%E3%83%AA%E3%83%B3,RuntimeError('HTTP 503'),gif.anime2 実GIFアーカイブ
gif_anime2_0119_00044,gif_anime2,https://gif.anime2.net/wp/wp-content/uploads/2018/04/Gifsmith-5f05721c-12-4.gif,https://gif.anime2.net/tag/%E3%83%88%E3%83%A9%E3%83%B3%E3%83%9D%E3%83%AA%E3%83%B3,RuntimeError('HTTP 503'),gif.anime2 実GIFアーカイブ
gif_anime2_0119_00047,gif_anime2,https://gif.anime2.net/wp/wp-content/uploads/2017/03/Gifsmith-5f05721c-24-1.gif,https://gif.anime2.net/tag/%E3%83%88%E3%83%A9%E3%83%B3%E3%83%9D%E3%83%AA%E3%83%B3,RuntimeError('HTTP 503'),gif.anime2 実GIFアーカイブ
gif_anime2_0119_00046,gif_anime2,https://gif.anime2.net/wp/wp-content/uploads/2017/09/Gifsmith-5f05721c-19.gif,https://gif.anime2.net/tag/%E3%83%88%E3%83%A9%E3%83%B3%E3%83%9D%E3%83%AA%E3%83%B3,RuntimeError('HTTP 503'),gif.anime2 実GIFアーカイブ
gif_anime2_0119_00048,gif_anime2,https://gif.anime2.net/wp/wp-content/uploads/2017/01/Gifsmith-4622239e-5.gif,https://gif.anime2.net/tag/%E3%83%88%E3%83%A9%E3%83%B3%E3%83%9D%E3%83%AA%E3%83%B3,RuntimeError('HTTP 503'),gif.anime2 実GIFアーカイブ
gif_anime2_0119_00049,gif_anime2,https://gif.anime2.net/wp/wp-content/uploads/2017/01/Gifsmith-d79a5d82-17.gif,https://gif.anime2.net/tag/%E3%83%88%E3%83%A9%E3%83%B3%E3%83%9D%E3%83%AA%E3%83%B3,RuntimeError('HTTP 503'),gif.anime2 実GIFアーカイブ
gif_anime2_0119_00050,gif_anime2,https://gif.anime2.net/wp/wp-content/uploads/2017/01/Gifsmith-3efd6dfe-22.gif,https://gif.anime2.net/tag/%E3%83%88%E3%83%A9%E3%83%B3%E3%83%9D%E3%83%AA%E3%83%B3,RuntimeError('HTTP 503'),gif.anime2 実GIFアーカイブ
gif_anime2_0119_00051,gif_anime2,https://gif.anime2.net/wp/wp-content/uploads/2016/12/Gifsmith-bb8690db-12.gif,https://gif.anime2.net/tag/%E3%83%88%E3%83%A9%E3%83%B3%E3%83%9D%E3%83%AA%E3%83%B3,RuntimeError('HTTP 503'),gif.anime2 実GIFアーカイブ
gif_anime2_0119_00052,gif_anime2,https://gif.anime2.net/wp/wp-content/uploads/2016/11/Gifsmith-6801b139-11.gif,https://gif.anime2.net/tag/%E3%83%88%E3%83%A9%E3%83%B3%E3%83%9D%E3%83%AA%E3%83%B3,RuntimeError('HTTP 503'),gif.anime2 実GIFアーカイブ
gif_anime2_0119_00053,gif_anime2,https://gif.anime2.net/wp/wp-content/uploads/2016/10/Gifsmith-814846ad-16.gif,https://gif.anime2.net/tag/%E3%83%88%E3%83%A9%E3%83%B3%E3%83%9D%E3%83%AA%E3%83%B3,RuntimeError('HTTP 503'),gif.anime2 実GIFアーカイブ
gif_anime2_0119_00054,gif_anime2,https://gif.anime2.net/wp/wp-content/uploads/2016/09/Gifsmith-63927851-0.gif,https://gif.anime2.net/tag/%E3%83%88%E3%83%A9%E3%83%B3%E3%83%9D%E3%83%AA%E3%83%B3,RuntimeError('HTTP 503'),gif.anime2 実GIFアーカイブ
gif_anime2_0119_00056,gif_anime2,https://gif.anime2.net/wp/wp-content/uploads/2016/09/Gifsmith-d103b7ba-15.gif,https://gif.anime2.net/tag/%E3%83%88%E3%83%A9%E3%83%B3%E3%83%9D%E3%83%AA%E3%83%B3,RuntimeError('HTTP 503'),gif.anime2 実GIFアーカイブ
gif_anime2_0119_00055,gif_anime2,https://gif.anime2.net/wp/wp-content/uploads/2016/09/fb276a5d.gif,https://gif.anime2.net/tag/%E3%83%88%E3%83%A9%E3%83%B3%E3%83%9D%E3%83%AA%E3%83%B3,RuntimeError('HTTP 503'),gif.anime2 実GIFアーカイブ
gif_anime2_0119_00057,gif_anime2,https://gif.anime2.net/wp/wp-content/uploads/2016/09/Gifsmith-66401506-8.gif,https://gif.anime2.net/tag/%E3%83%88%E3%83%A9%E3%83%B3%E3%83%9D%E3%83%AA%E3%83%B3,RuntimeError('HTTP 503'),gif.anime2 実GIFアーカイブ
gif_anime2_0119_00059,gif_anime2,https://gif.anime2.net/wp/wp-content/uploads/2016/07/Gifsmith-475325f3-16.gif,https://gif.anime2.net/tag/%E3%83%88%E3%83%A9%E3%83%B3%E3%83%9D%E3%83%AA%E3%83%B3,RuntimeError('HTTP 503'),gif.anime2 実GIFアーカイブ
gif_anime2_0119_00060,gif_anime2,https://gif.anime2.net/wp/wp-content/uploads/2016/06/Gifsmith-b0c5e2ca-0.gif,https://gif.anime2.net/tag/%E3%83%88%E3%83%A9%E3%83%B3%E3%83%9D%E3%83%AA%E3%83%B3,RuntimeError('HTTP 503'),gif.anime2 実GIFアーカイブ
gif_anime2_0119_00058,gif_anime2,https://gif.anime2.net/wp/wp-content/uploads/2016/09/Gifsmith-edb404eb-19.gif,https://gif.anime2.net/tag/%E3%83%88%E3%83%A9%E3%83%B3%E3%83%9D%E3%83%AA%E3%83%B3,RuntimeError('HTTP 503'),gif.anime2 実GIFアーカイブ
gif_anime2_0119_00061,gif_anime2,https://gif.anime2.net/wp/wp-content/uploads/2016/06/Gifsmith-66bffb13-12.gif,https://gif.anime2.net/tag/%E3%83%88%E3%83%A9%E3%83%B3%E3%83%9D%E3%83%AA%E3%83%B3,RuntimeError('HTTP 503'),gif.anime2 実GIFアーカイブ
gif_anime2_0120_00001,gif_anime2,https://gif.anime2.net/wp/wp-content/uploads/2018/04/Gifsmith-5f05721c-18-2-thumb.jpg,https://gif.anime2.net/tag/%E9%9B%AA,RuntimeError('HTTP 503'),gif.anime2 実GIFアーカイブ
gif_anime2_0120_00003,gif_anime2,https://gif.anime2.net/wp/wp-content/uploads/2017/03/Gifsmith-572b9c06-0-thumb.jpg,https://gif.anime2.net/tag/%E9%9B%AA,RuntimeError('HTTP 503'),gif.anime2 実GIFアーカイブ
gif_anime2_0120_00005,gif_anime2,https://gif.anime2.net/wp/wp-content/uploads/2017/01/Gifsmith-bb5d5472-0-thumb.jpg,https://gif.anime2.net/tag/%E9%9B%AA,RuntimeError('HTTP 503'),gif.anime2 実GIFアーカイブ
gif_anime2_0120_00004,gif_anime2,https://gif.anime2.net/wp/wp-content/uploads/2017/02/Gifsmith-8b7acf4b-0-thumb.jpg,https://gif.anime2.net/tag/%E9%9B%AA,RuntimeError('HTTP 503'),gif.anime2 実GIFアーカイブ
gif_anime2_0120_00006,gif_anime2,https://gif.anime2.net/wp/wp-content/uploads/2016/12/Gifsmith-b7fadb36-3-thumb.jpg,https://gif.anime2.net/tag/%E9%9B%AA,RuntimeError('HTTP 503'),gif.anime2 実GIFアーカイブ
gif_anime2_0120_00007,gif_anime2,https://gif.anime2.net/wp/wp-content/uploads/2016/12/Gifsmith-47960ea0-3-thumb.jpg,https://gif.anime2.net/tag/%E9%9B%AA,RuntimeError('HTTP 503'),gif.anime2 実GIFアーカイブ
gif_anime2_0120_00008,gif_anime2,https://gif.anime2.net/wp/wp-content/uploads/2016/11/Gifsmith-e7ad3a8d-28-thumb.jpg,https://gif.anime2.net/tag/%E9%9B%AA,RuntimeError('HTTP 503'),gif.anime2 実GIFアーカイブ
gif_anime2_0120_00009,gif_anime2,https://gif.anime2.net/wp/wp-content/uploads/2016/11/Gifsmith-fec97f86-14-thumb.jpg,https://gif.anime2.net/tag/%E9%9B%AA,RuntimeError('HTTP 503'),gif.anime2 実GIFアーカイブ
gif_anime2_0120_00010,gif_anime2,https://gif.anime2.net/wp/wp-content/uploads/2016/11/Gifsmith-6c368a0c-4-thumb.jpg,https://gif.anime2.net/tag/%E9%9B%AA,RuntimeError('HTTP 503'),gif.anime2 実GIFアーカイブ
gif_anime2_0120_00011,gif_anime2,https://gif.anime2.net/wp/wp-content/uploads/2016/11/Gifsmith-26d6b592-25-thumb.jpg,https://gif.anime2.net/tag/%E9%9B%AA,RuntimeError('HTTP 503'),gif.anime2 実GIFアーカイブ
gif_anime2_0120_00012,gif_anime2,https://gif.anime2.net/wp/wp-content/uploads/2016/10/Gifsmith-ac125650-15-thumb.jpg,https://gif.anime2.net/tag/%E9%9B%AA,RuntimeError('HTTP 503'),gif.anime2 実GIFアーカイブ
gif_anime2_0120_00013,gif_anime2,https://gif.anime2.net/wp/wp-content/uploads/2016/10/Gifsmith-5ae2b87d-13-thumb.jpg,https://gif.anime2.net/tag/%E9%9B%AA,RuntimeError('HTTP 503'),gif.anime2 実GIFアーカイブ
gif_anime2_0120_00014,gif_anime2,https://gif.anime2.net/wp/wp-content/uploads/2016/10/Gifsmith-b026eed0-0-thumb.jpg,https://gif.anime2.net/tag/%E9%9B%AA,RuntimeError('HTTP 503'),gif.anime2 実GIFアーカイブ
gif_anime2_0120_00015,gif_anime2,https://gif.anime2.net/wp/wp-content/uploads/2016/10/Gifsmith-0c485c1e-0-thumb.jpg,https://gif.anime2.net/tag/%E9%9B%AA,RuntimeError('HTTP 503'),gif.anime2 実GIFアーカイブ
gif_anime2_0120_00018,gif_anime2,https://gif.anime2.net/wp/wp-content/uploads/2016/09/Gifsmith-46c7c118-7-thumb.jpg,https://gif.anime2.net/tag/%E9%9B%AA,RuntimeError('HTTP 503'),gif.anime2 実GIFアーカイブ
gif_anime2_0120_00016,gif_anime2,https://gif.anime2.net/wp/wp-content/uploads/2016/10/Gifsmith-8811d631-3-thumb.jpg,https://gif.anime2.net/tag/%E9%9B%AA,RuntimeError('HTTP 503'),gif.anime2 実GIFアーカイブ
gif_anime2_0120_00017,gif_anime2,https://gif.anime2.net/wp/wp-content/uploads/2016/09/Gifsmith-f1722d59-9-thumb.jpg,https://gif.anime2.net/tag/%E9%9B%AA,RuntimeError('HTTP 503'),gif.anime2 実GIFアーカイブ
gif_anime2_0120_00019,gif_anime2,https://gif.anime2.net/wp/wp-content/uploads/2016/09/Gifsmith-e9d2e1a8-7-thumb.jpg,https://gif.anime2.net/tag/%E9%9B%AA,RuntimeError('HTTP 503'),gif.anime2 実GIFアーカイブ
gif_anime2_0120_00020,gif_anime2,https://gif.anime2.net/wp/wp-content/uploads/2016/08/Gifsmith-732aebe5-4-thumb.jpg,https://gif.anime2.net/tag/%E9%9B%AA,RuntimeError('HTTP 503'),gif.anime2 実GIFアーカイブ
gif_anime2_0120_00021,gif_anime2,https://gif.anime2.net/wp/wp-content/uploads/2016/07/78fb7cda-thumb.jpg,https://gif.anime2.net/tag/%E9%9B%AA,RuntimeError('HTTP 503'),gif.anime2 実GIFアーカイブ
gif_anime2_0120_00041,gif_anime2,https://gif.anime2.net/wp/wp-content/uploads/2018/04/Gifsmith-5f05721c-18-2.gif,https://gif.anime2.net/tag/%E9%9B%AA,RuntimeError('HTTP 503'),gif.anime2 実GIFアーカイブ
gif_anime2_0120_00043,gif_anime2,https://gif.anime2.net/wp/wp-content/uploads/2017/03/Gifsmith-572b9c06-0.gif,https://gif.anime2.net/tag/%E9%9B%AA,RuntimeError('HTTP 503'),gif.anime2 実GIFアーカイブ
gif_anime2_0120_00044,gif_anime2,https://gif.anime2.net/wp/wp-content/uploads/2017/02/Gifsmith-8b7acf4b-0.gif,https://gif.anime2.net/tag/%E9%9B%AA,RuntimeError('HTTP 503'),gif.anime2 実GIFアーカイブ
gif_anime2_0120_00045,gif_anime2,https://gif.anime2.net/wp/wp-content/uploads/2017/01/Gifsmith-bb5d5472-0.gif,https://gif.anime2.net/tag/%E9%9B%AA,RuntimeError('HTTP 503'),gif.anime2 実GIFアーカイブ
gif_anime2_0120_00046,gif_anime2,https://gif.anime2.net/wp/wp-content/uploads/2016/12/Gifsmith-b7fadb36-3.gif,https://gif.anime2.net/tag/%E9%9B%AA,RuntimeError('HTTP 503'),gif.anime2 実GIFアーカイブ
gif_anime2_0120_00047,gif_anime2,https://gif.anime2.net/wp/wp-content/uploads/2016/12/Gifsmith-47960ea0-3.gif,https://gif.anime2.net/tag/%E9%9B%AA,RuntimeError('HTTP 503'),gif.anime2 実GIFアーカイブ
gif_anime2_0120_00048,gif_anime2,https://gif.anime2.net/wp/wp-content/uploads/2016/11/Gifsmith-e7ad3a8d-28.gif,https://gif.anime2.net/tag/%E9%9B%AA,RuntimeError('HTTP 503'),gif.anime2 実GIFアーカイブ
gif_anime2_0120_00049,gif_anime2,https://gif.anime2.net/wp/wp-content/uploads/2016/11/Gifsmith-fec97f86-14.gif,https://gif.anime2.net/tag/%E9%9B%AA,RuntimeError('HTTP 503'),gif.anime2 実GIFアーカイブ
gif_anime2_0120_00050,gif_anime2,https://gif.anime2.net/wp/wp-content/uploads/2016/11/Gifsmith-6c368a0c-4.gif,https://gif.anime2.net/tag/%E9%9B%AA,RuntimeError('HTTP 503'),gif.anime2 実GIFアーカイブ
gif_anime2_0120_00051,gif_anime2,https://gif.anime2.net/wp/wp-content/uploads/2016/11/Gifsmith-26d6b592-25.gif,https://gif.anime2.net/tag/%E9%9B%AA,RuntimeError('HTTP 503'),gif.anime2 実GIFアーカイブ
gif_anime2_0120_00052,gif_anime2,https://gif.anime2.net/wp/wp-content/uploads/2016/10/Gifsmith-ac125650-15.gif,https://gif.anime2.net/tag/%E9%9B%AA,RuntimeError('HTTP 503'),gif.anime2 実GIFアーカイブ
gif_anime2_0120_00053,gif_anime2,https://gif.anime2.net/wp/wp-content/uploads/2016/10/Gifsmith-5ae2b87d-13.gif,https://gif.anime2.net/tag/%E9%9B%AA,RuntimeError('HTTP 503'),gif.anime2 実GIFアーカイブ
gif_anime2_0120_00054,gif_anime2,https://gif.anime2.net/wp/wp-content/uploads/2016/10/Gifsmith-b026eed0-0.gif,https://gif.anime2.net/tag/%E9%9B%AA,RuntimeError('HTTP 503'),gif.anime2 実GIFアーカイブ
gif_anime2_0120_00055,gif_anime2,https://gif.anime2.net/wp/wp-content/uploads/2016/10/Gifsmith-0c485c1e-0.gif,https://gif.anime2.net/tag/%E9%9B%AA,RuntimeError('HTTP 503'),gif.anime2 実GIFアーカイブ
gif_anime2_0120_00056,gif_anime2,https://gif.anime2.net/wp/wp-content/uploads/2016/10/Gifsmith-8811d631-3.gif,https://gif.anime2.net/tag/%E9%9B%AA,RuntimeError('HTTP 503'),gif.anime2 実GIFアーカイブ
gif_anime2_0120_00057,gif_anime2,https://gif.anime2.net/wp/wp-content/uploads/2016/09/Gifsmith-f1722d59-9.gif,https://gif.anime2.net/tag/%E9%9B%AA,RuntimeError('HTTP 503'),gif.anime2 実GIFアーカイブ
gif_anime2_0120_00058,gif_anime2,https://gif.anime2.net/wp/wp-content/uploads/2016/09/Gifsmith-46c7c118-7.gif,https://gif.anime2.net/tag/%E9%9B%AA,RuntimeError('HTTP 503'),gif.anime2 実GIFアーカイブ
gif_anime2_0120_00059,gif_anime2,https://gif.anime2.net/wp/wp-content/uploads/2016/09/Gifsmith-e9d2e1a8-7.gif,https://gif.anime2.net/tag/%E9%9B%AA,RuntimeError('HTTP 503'),gif.anime2 実GIFアーカイブ
gif_anime2_0120_00060,gif_anime2,https://gif.anime2.net/wp/wp-content/uploads/2016/08/Gifsmith-732aebe5-4.gif,https://gif.anime2.net/tag/%E9%9B%AA,RuntimeError('HTTP 503'),gif.anime2 実GIFアーカイブ
gif_anime2_0120_00061,gif_anime2,https://gif.anime2.net/wp/wp-content/uploads/2016/07/78fb7cda.gif,https://gif.anime2.net/tag/%E9%9B%AA,RuntimeError('HTTP 503'),gif.anime2 実GIFアーカイブ
gif_anime2_0121_00004,gif_anime2,https://gif.anime2.net/wp/wp-content/uploads/2018/07/Gifsmith-327bedbd-3-thumb.jpg,https://gif.anime2.net/tag/%E6%BB%91%E3%82%8A%E5%8F%B0,RuntimeError('HTTP 503'),gif.anime2 実GIFアーカイブ
gif_anime2_0121_00006,gif_anime2,https://gif.anime2.net/wp/wp-content/uploads/2018/04/Gifsmith-5f05721c-7-8-thumb.jpg,https://gif.anime2.net/tag/%E6%BB%91%E3%82%8A%E5%8F%B0,RuntimeError('HTTP 503'),gif.anime2 実GIFアーカイブ
gif_anime2_0121_00007,gif_anime2,https://gif.anime2.net/wp/wp-content/uploads/2017/12/Gifsmith-c2a9065e-0-thumb.jpg,https://gif.anime2.net/tag/%E6%BB%91%E3%82%8A%E5%8F%B0,RuntimeError('HTTP 503'),gif.anime2 実GIFアーカイブ
gif_anime2_0121_00008,gif_anime2,https://gif.anime2.net/wp/wp-content/uploads/2017/11/Gifsmith-5f05721c-7-1-thumb.jpg,https://gif.anime2.net/tag/%E6%BB%91%E3%82%8A%E5%8F%B0,RuntimeError('HTTP 503'),gif.anime2 実GIFアーカイブ
gif_anime2_0121_00009,gif_anime2,https://gif.anime2.net/wp/wp-content/uploads/2017/10/Gifsmith-f78492f0-6-thumb.jpg,https://gif.anime2.net/tag/%E6%BB%91%E3%82%8A%E5%8F%B0,RuntimeError('HTTP 503'),gif.anime2 実GIFアーカイブ
gif_anime2_0121_00010,gif_anime2,https://gif.anime2.net/wp/wp-content/uploads/2017/08/Gifsmith-5f05721c-3-9-thumb.jpg,https://gif.anime2.net/tag/%E6%BB%91%E3%82%8A%E5%8F%B0,RuntimeError('HTTP 503'),gif.anime2 実GIFアーカイブ
gif_anime2_0121_00011,gif_anime2,https://gif.anime2.net/wp/wp-content/uploads/2017/08/Gifsmith-5f05721c-19-thumb.jpg,https://gif.anime2.net/tag/%E6%BB%91%E3%82%8A%E5%8F%B0,RuntimeError('HTTP 503'),gif.anime2 実GIFアーカイブ
gif_anime2_0121_00014,gif_anime2,https://gif.anime2.net/wp/wp-content/uploads/2017/03/Gifsmith-5f05721c-18-thumb.jpg,https://gif.anime2.net/tag/%E6%BB%91%E3%82%8A%E5%8F%B0,RuntimeError('HTTP 503'),gif.anime2 実GIFアーカイブ
gif_anime2_0121_00016,gif_anime2,https://gif.anime2.net/wp/wp-content/uploads/2017/02/Gifsmith-d0fbace2-13-thumb.jpg,https://gif.anime2.net/tag/%E6%BB%91%E3%82%8A%E5%8F%B0,RuntimeError('HTTP 503'),gif.anime2 実GIFアーカイブ
gif_anime2_0121_00015,gif_anime2,https://gif.anime2.net/wp/wp-content/uploads/2017/02/Gifsmith-63b41eab-22-thumb.jpg,https://gif.anime2.net/tag/%E6%BB%91%E3%82%8A%E5%8F%B0,RuntimeError('HTTP 503'),gif.anime2 実GIFアーカイブ
gif_anime2_0121_00018,gif_anime2,https://gif.anime2.net/wp/wp-content/uploads/2016/11/f8ca8fc4-thumb.jpg,https://gif.anime2.net/tag/%E6%BB%91%E3%82%8A%E5%8F%B0,RuntimeError('HTTP 503'),gif.anime2 実GIFアーカイブ
gif_anime2_0121_00020,gif_anime2,https://gif.anime2.net/wp/wp-content/uploads/2016/10/Gifsmith-15e100fb-15-thumb.jpg,https://gif.anime2.net/tag/%E6%BB%91%E3%82%8A%E5%8F%B0,RuntimeError('HTTP 503'),gif.anime2 実GIFアーカイブ
gif_anime2_0121_00019,gif_anime2,https://gif.anime2.net/wp/wp-content/uploads/2016/11/Gifsmith-16ca08f4-13-thumb.jpg,https://gif.anime2.net/tag/%E6%BB%91%E3%82%8A%E5%8F%B0,RuntimeError('HTTP 503'),gif.anime2 実GIFアーカイブ
gif_anime2_0121_00021,gif_anime2,https://gif.anime2.net/wp/wp-content/uploads/2016/10/Gifsmith-3d15892d-0-thumb.jpg,https://gif.anime2.net/tag/%E6%BB%91%E3%82%8A%E5%8F%B0,RuntimeError('HTTP 503'),gif.anime2 実GIFアーカイブ
gif_anime2_0121_00044,gif_anime2,https://gif.anime2.net/wp/wp-content/uploads/2018/07/Gifsmith-327bedbd-3.gif,https://gif.anime2.net/tag/%E6%BB%91%E3%82%8A%E5%8F%B0,RuntimeError('HTTP 503'),gif.anime2 実GIFアーカイブ
gif_anime2_0121_00046,gif_anime2,https://gif.anime2.net/wp/wp-content/uploads/2018/04/Gifsmith-5f05721c-7-8.gif,https://gif.anime2.net/tag/%E6%BB%91%E3%82%8A%E5%8F%B0,RuntimeError('HTTP 503'),gif.anime2 実GIFアーカイブ
gif_anime2_0121_00047,gif_anime2,https://gif.anime2.net/wp/wp-content/uploads/2017/12/Gifsmith-c2a9065e-0.gif,https://gif.anime2.net/tag/%E6%BB%91%E3%82%8A%E5%8F%B0,RuntimeError('HTTP 503'),gif.anime2 実GIFアーカイブ
gif_anime2_0121_00048,gif_anime2,https://gif.anime2.net/wp/wp-content/uploads/2017/11/Gifsmith-5f05721c-7-1.gif,https://gif.anime2.net/tag/%E6%BB%91%E3%82%8A%E5%8F%B0,RuntimeError('HTTP 503'),gif.anime2 実GIFアーカイブ
gif_anime2_0121_00049,gif_anime2,https://gif.anime2.net/wp/wp-content/uploads/2017/10/Gifsmith-f78492f0-6.gif,https://gif.anime2.net/tag/%E6%BB%91%E3%82%8A%E5%8F%B0,RuntimeError('HTTP 503'),gif.anime2 実GIFアーカイブ
gif_anime2_0121_00050,gif_anime2,https://gif.anime2.net/wp/wp-content/uploads/2017/08/Gifsmith-5f05721c-3-9.gif,https://gif.anime2.net/tag/%E6%BB%91%E3%82%8A%E5%8F%B0,RuntimeError('HTTP 503'),gif.anime2 実GIFアーカイブ
gif_anime2_0121_00051,gif_anime2,https://gif.anime2.net/wp/wp-content/uploads/2017/08/Gifsmith-5f05721c-19.gif,https://gif.anime2.net/tag/%E6%BB%91%E3%82%8A%E5%8F%B0,RuntimeError('HTTP 503'),gif.anime2 実GIFアーカイブ
gif_anime2_0121_00054,gif_anime2,https://gif.anime2.net/wp/wp-content/uploads/2017/03/Gifsmith-5f05721c-18.gif,https://gif.anime2.net/tag/%E6%BB%91%E3%82%8A%E5%8F%B0,RuntimeError('HTTP 503'),gif.anime2 実GIFアーカイブ
gif_anime2_0121_00055,gif_anime2,https://gif.anime2.net/wp/wp-content/uploads/2017/02/Gifsmith-63b41eab-22.gif,https://gif.anime2.net/tag/%E6%BB%91%E3%82%8A%E5%8F%B0,RuntimeError('HTTP 503'),gif.anime2 実GIFアーカイブ
gif_anime2_0121_00056,gif_anime2,https://gif.anime2.net/wp/wp-content/uploads/2017/02/Gifsmith-d0fbace2-13.gif,https://gif.anime2.net/tag/%E6%BB%91%E3%82%8A%E5%8F%B0,RuntimeError('HTTP 503'),gif.anime2 実GIFアーカイブ
gif_anime2_0121_00058,gif_anime2,https://gif.anime2.net/wp/wp-content/uploads/2016/11/f8ca8fc4.gif,https://gif.anime2.net/tag/%E6%BB%91%E3%82%8A%E5%8F%B0,RuntimeError('HTTP 503'),gif.anime2 実GIFアーカイブ
gif_anime2_0121_00059,gif_anime2,https://gif.anime2.net/wp/wp-content/uploads/2016/11/Gifsmith-16ca08f4-13.gif,https://gif.anime2.net/tag/%E6%BB%91%E3%82%8A%E5%8F%B0,RuntimeError('HTTP 503'),gif.anime2 実GIFアーカイブ
gif_anime2_0121_00060,gif_anime2,https://gif.anime2.net/wp/wp-content/uploads/2016/10/Gifsmith-15e100fb-15.gif,https://gif.anime2.net/tag/%E6%BB%91%E3%82%8A%E5%8F%B0,RuntimeError('HTTP 503'),gif.anime2 実GIFアーカイブ
gif_anime2_0121_00061,gif_anime2,https://gif.anime2.net/wp/wp-content/uploads/2016/10/Gifsmith-3d15892d-0.gif,https://gif.anime2.net/tag/%E6%BB%91%E3%82%8A%E5%8F%B0,RuntimeError('HTTP 503'),gif.anime2 実GIFアーカイブ
gif_anime2_0122_00006,gif_anime2,https://gif.anime2.net/wp/wp-content/uploads/2018/01/Gifsmith-dace8772-0-thumb.jpg,https://gif.anime2.net/tag/%E5%A5%B3%E5%AD%90%E3%82%A2%E3%83%8A,RuntimeError('HTTP 503'),gif.anime2 実GIFアーカイブ
gif_anime2_0122_00007,gif_anime2,https://gif.anime2.net/wp/wp-content/uploads/2017/11/Gifsmith-2c5bdf7c-0-thumb.jpg,https://gif.anime2.net/tag/%E5%A5%B3%E5%AD%90%E3%82%A2%E3%83%8A,RuntimeError('HTTP 503'),gif.anime2 実GIFアーカイブ
gif_anime2_0122_00010,gif_anime2,https://gif.anime2.net/wp/wp-content/uploads/2017/11/Gifsmith-463d4562-5-thumb.jpg,https://gif.anime2.net/tag/%E5%A5%B3%E5%AD%90%E3%82%A2%E3%83%8A,RuntimeError('HTTP 503'),gif.anime2 実GIFアーカイブ
gif_anime2_0122_00012,gif_anime2,https://gif.anime2.net/wp/wp-content/uploads/2017/11/Gifsmith-dbf596a9-0-thumb.jpg,https://gif.anime2.net/tag/%E5%A5%B3%E5%AD%90%E3%82%A2%E3%83%8A,RuntimeError('HTTP 503'),gif.anime2 実GIFアーカイブ
gif_anime2_0122_00009,gif_anime2,https://gif.anime2.net/wp/wp-content/uploads/2017/11/Gifsmith-e585cea0-8-thumb.jpg,https://gif.anime2.net/tag/%E5%A5%B3%E5%AD%90%E3%82%A2%E3%83%8A,RuntimeError('HTTP 503'),gif.anime2 実GIFアーカイブ
gif_anime2_0122_00015,gif_anime2,https://gif.anime2.net/wp/wp-content/uploads/2017/11/Gifsmith-035c8093-0-thumb.jpg,https://gif.anime2.net/tag/%E5%A5%B3%E5%AD%90%E3%82%A2%E3%83%8A,RuntimeError('HTTP 503'),gif.anime2 実GIFアーカイブ
gif_anime2_0122_00017,gif_anime2,https://gif.anime2.net/wp/wp-content/uploads/2017/11/Gifsmith-4390045c-0-thumb.jpg,https://gif.anime2.net/tag/%E5%A5%B3%E5%AD%90%E3%82%A2%E3%83%8A,RuntimeError('HTTP 503'),gif.anime2 実GIFアーカイブ
gif_anime2_0122_00018,gif_anime2,https://gif.anime2.net/wp/wp-content/uploads/2017/11/Gifsmith-bfc082af-5-thumb.jpg,https://gif.anime2.net/tag/%E5%A5%B3%E5%AD%90%E3%82%A2%E3%83%8A,RuntimeError('HTTP 503'),gif.anime2 実GIFアーカイブ
gif_anime2_0122_00019,gif_anime2,https://gif.anime2.net/wp/wp-content/uploads/2017/11/Gifsmith-9a947288-0-thumb.jpg,https://gif.anime2.net/tag/%E5%A5%B3%E5%AD%90%E3%82%A2%E3%83%8A,RuntimeError('HTTP 503'),gif.anime2 実GIFアーカイブ
gif_anime2_0122_00020,gif_anime2,https://gif.anime2.net/wp/wp-content/uploads/2017/10/Gifsmith-5f05721c-9-1-thumb.jpg,https://gif.anime2.net/tag/%E5%A5%B3%E5%AD%90%E3%82%A2%E3%83%8A,RuntimeError('HTTP 503'),gif.anime2 実GIFアーカイブ
gif_anime2_0122_00021,gif_anime2,https://gif.anime2.net/wp/wp-content/uploads/2017/09/Gifsmith-5f05721c-3-7-thumb.jpg,https://gif.anime2.net/tag/%E5%A5%B3%E5%AD%90%E3%82%A2%E3%83%8A,RuntimeError('HTTP 503'),gif.anime2 実GIFアーカイブ
gif_anime2_0122_00046,gif_anime2,https://gif.anime2.net/wp/wp-content/uploads/2018/01/Gifsmith-dace8772-0.gif,https://gif.anime2.net/tag/%E5%A5%B3%E5%AD%90%E3%82%A2%E3%83%8A,RuntimeError('HTTP 503'),gif.anime2 実GIFアーカイブ
gif_anime2_0122_00047,gif_anime2,https://gif.anime2.net/wp/wp-content/uploads/2017/11/Gifsmith-2c5bdf7c-0.gif,https://gif.anime2.net/tag/%E5%A5%B3%E5%AD%90%E3%82%A2%E3%83%8A,RuntimeError('HTTP 503'),gif.anime2 実GIFアーカイブ
gif_anime2_0122_00049,gif_anime2,https://gif.anime2.net/wp/wp-content/uploads/2017/11/Gifsmith-e585cea0-8.gif,https://gif.anime2.net/tag/%E5%A5%B3%E5%AD%90%E3%82%A2%E3%83%8A,RuntimeError('HTTP 503'),gif.anime2 実GIFアーカイブ
gif_anime2_0122_00050,gif_anime2,https://gif.anime2.net/wp/wp-content/uploads/2017/11/Gifsmith-463d4562-5.gif,https://gif.anime2.net/tag/%E5%A5%B3%E5%AD%90%E3%82%A2%E3%83%8A,RuntimeError('HTTP 503'),gif.anime2 実GIFアーカイブ
gif_anime2_0122_00052,gif_anime2,https://gif.anime2.net/wp/wp-content/uploads/2017/11/Gifsmith-dbf596a9-0.gif,https://gif.anime2.net/tag/%E5%A5%B3%E5%AD%90%E3%82%A2%E3%83%8A,RuntimeError('HTTP 503'),gif.anime2 実GIFアーカイブ
gif_anime2_0122_00057,gif_anime2,https://gif.anime2.net/wp/wp-content/uploads/2017/11/Gifsmith-4390045c-0.gif,https://gif.anime2.net/tag/%E5%A5%B3%E5%AD%90%E3%82%A2%E3%83%8A,RuntimeError('HTTP 503'),gif.anime2 実GIFアーカイブ
gif_anime2_0122_00055,gif_anime2,https://gif.anime2.net/wp/wp-content/uploads/2017/11/Gifsmith-035c8093-0.gif,https://gif.anime2.net/tag/%E5%A5%B3%E5%AD%90%E3%82%A2%E3%83%8A,RuntimeError('HTTP 503'),gif.anime2 実GIFアーカイブ
gif_anime2_0122_00058,gif_anime2,https://gif.anime2.net/wp/wp-content/uploads/2017/11/Gifsmith-bfc082af-5.gif,https://gif.anime2.net/tag/%E5%A5%B3%E5%AD%90%E3%82%A2%E3%83%8A,RuntimeError('HTTP 503'),gif.anime2 実GIFアーカイブ
gif_anime2_0122_00059,gif_anime2,https://gif.anime2.net/wp/wp-content/uploads/2017/11/Gifsmith-9a947288-0.gif,https://gif.anime2.net/tag/%E5%A5%B3%E5%AD%90%E3%82%A2%E3%83%8A,RuntimeError('HTTP 503'),gif.anime2 実GIFアーカイブ
gif_anime2_0122_00060,gif_anime2,https://gif.anime2.net/wp/wp-content/uploads/2017/10/Gifsmith-5f05721c-9-1.gif,https://gif.anime2.net/tag/%E5%A5%B3%E5%AD%90%E3%82%A2%E3%83%8A,RuntimeError('HTTP 503'),gif.anime2 実GIFアーカイブ
gif_anime2_0122_00061,gif_anime2,https://gif.anime2.net/wp/wp-content/uploads/2017/09/Gifsmith-5f05721c-3-7.gif,https://gif.anime2.net/tag/%E5%A5%B3%E5%AD%90%E3%82%A2%E3%83%8A,RuntimeError('HTTP 503'),gif.anime2 実GIFアーカイブ
gif_anime2_0123_00011,gif_anime2,https://gif.anime2.net/wp/wp-content/uploads/2018/04/Gifsmith-5f05721c-7-5-thumb.jpg,https://gif.anime2.net/tag/%E3%82%B9%E3%82%B1%E3%83%BC%E3%83%88%E3%83%9C%E3%83%BC%E3%83%89,RuntimeError('HTTP 503'),gif.anime2 実GIFアーカイブ
gif_anime2_0123_00010,gif_anime2,https://gif.anime2.net/wp/wp-content/uploads/2018/04/Gifsmith-5f05721c-23-1-thumb.jpg,https://gif.anime2.net/tag/%E3%82%B9%E3%82%B1%E3%83%BC%E3%83%88%E3%83%9C%E3%83%BC%E3%83%89,RuntimeError('HTTP 503'),gif.anime2 実GIFアーカイブ
gif_anime2_0123_00013,gif_anime2,https://gif.anime2.net/wp/wp-content/uploads/2018/03/Gifsmith-5f05721c-11-5-thumb.jpg,https://gif.anime2.net/tag/%E3%82%B9%E3%82%B1%E3%83%BC%E3%83%88%E3%83%9C%E3%83%BC%E3%83%89,RuntimeError('HTTP 503'),gif.anime2 実GIFアーカイブ
gif_anime2_0123_00012,gif_anime2,https://gif.anime2.net/wp/wp-content/uploads/2018/03/Gifsmith-5f05721c-16-1-thumb.jpg,https://gif.anime2.net/tag/%E3%82%B9%E3%82%B1%E3%83%BC%E3%83%88%E3%83%9C%E3%83%BC%E3%83%89,RuntimeError('HTTP 503'),gif.anime2 実GIFアーカイブ
gif_anime2_0123_00014,gif_anime2,https://gif.anime2.net/wp/wp-content/uploads/2018/03/Gifsmith-f78492f0-5-thumb.jpg,https://gif.anime2.net/tag/%E3%82%B9%E3%82%B1%E3%83%BC%E3%83%88%E3%83%9C%E3%83%BC%E3%83%89,RuntimeError('HTTP 503'),gif.anime2 実GIFアーカイブ
gif_anime2_0123_00015,gif_anime2,https://gif.anime2.net/wp/wp-content/uploads/2018/03/Gifsmith-5f05721c-11-2-thumb.jpg,https://gif.anime2.net/tag/%E3%82%B9%E3%82%B1%E3%83%BC%E3%83%88%E3%83%9C%E3%83%BC%E3%83%89,RuntimeError('HTTP 503'),gif.anime2 実GIFアーカイブ
gif_anime2_0123_00018,gif_anime2,https://gif.anime2.net/wp/wp-content/uploads/2018/02/Gifsmith-5f05721c-19-thumb.jpg,https://gif.anime2.net/tag/%E3%82%B9%E3%82%B1%E3%83%BC%E3%83%88%E3%83%9C%E3%83%BC%E3%83%89,RuntimeError('HTTP 503'),gif.anime2 実GIFアーカイブ
gif_anime2_0123_00019,gif_anime2,https://gif.anime2.net/wp/wp-content/uploads/2017/08/Gifsmith-e7561efc-0-thumb.jpg,https://gif.anime2.net/tag/%E3%82%B9%E3%82%B1%E3%83%BC%E3%83%88%E3%83%9C%E3%83%BC%E3%83%89,RuntimeError('HTTP 503'),gif.anime2 実GIFアーカイブ
gif_anime2_0123_00020,gif_anime2,https://gif.anime2.net/wp/wp-content/uploads/2017/08/Gifsmith-57d9ee30-0-thumb.jpg,https://gif.anime2.net/tag/%E3%82%B9%E3%82%B1%E3%83%BC%E3%83%88%E3%83%9C%E3%83%BC%E3%83%89,RuntimeError('HTTP 503'),gif.anime2 実GIFアーカイブ
gif_anime2_0123_00021,gif_anime2,https://gif.anime2.net/wp/wp-content/uploads/2017/08/Gifsmith-5f05721c-13-thumb.jpg,https://gif.anime2.net/tag/%E3%82%B9%E3%82%B1%E3%83%BC%E3%83%88%E3%83%9C%E3%83%BC%E3%83%89,RuntimeError('HTTP 503'),gif.anime2 実GIFアーカイブ
gif_anime2_0123_00050,gif_anime2,https://gif.anime2.net/wp/wp-content/uploads/2018/04/Gifsmith-5f05721c-23-1.gif,https://gif.anime2.net/tag/%E3%82%B9%E3%82%B1%E3%83%BC%E3%83%88%E3%83%9C%E3%83%BC%E3%83%89,RuntimeError('HTTP 503'),gif.anime2 実GIFアーカイブ
gif_anime2_0123_00051,gif_anime2,https://gif.anime2.net/wp/wp-content/uploads/2018/04/Gifsmith-5f05721c-7-5.gif,https://gif.anime2.net/tag/%E3%82%B9%E3%82%B1%E3%83%BC%E3%83%88%E3%83%9C%E3%83%BC%E3%83%89,RuntimeError('HTTP 503'),gif.anime2 実GIFアーカイブ
gif_anime2_0123_00053,gif_anime2,https://gif.anime2.net/wp/wp-content/uploads/2018/03/Gifsmith-5f05721c-11-5.gif,https://gif.anime2.net/tag/%E3%82%B9%E3%82%B1%E3%83%BC%E3%83%88%E3%83%9C%E3%83%BC%E3%83%89,RuntimeError('HTTP 503'),gif.anime2 実GIFアーカイブ
gif_anime2_0123_00052,gif_anime2,https://gif.anime2.net/wp/wp-content/uploads/2018/03/Gifsmith-5f05721c-16-1.gif,https://gif.anime2.net/tag/%E3%82%B9%E3%82%B1%E3%83%BC%E3%83%88%E3%83%9C%E3%83%BC%E3%83%89,RuntimeError('HTTP 503'),gif.anime2 実GIFアーカイブ
gif_anime2_0123_00054,gif_anime2,https://gif.anime2.net/wp/wp-content/uploads/2018/03/Gifsmith-f78492f0-5.gif,https://gif.anime2.net/tag/%E3%82%B9%E3%82%B1%E3%83%BC%E3%83%88%E3%83%9C%E3%83%BC%E3%83%89,RuntimeError('HTTP 503'),gif.anime2 実GIFアーカイブ
gif_anime2_0123_00055,gif_anime2,https://gif.anime2.net/wp/wp-content/uploads/2018/03/Gifsmith-5f05721c-11-2.gif,https://gif.anime2.net/tag/%E3%82%B9%E3%82%B1%E3%83%BC%E3%83%88%E3%83%9C%E3%83%BC%E3%83%89,RuntimeError('HTTP 503'),gif.anime2 実GIFアーカイブ
gif_anime2_0123_00058,gif_anime2,https://gif.anime2.net/wp/wp-content/uploads/2018/02/Gifsmith-5f05721c-19.gif,https://gif.anime2.net/tag/%E3%82%B9%E3%82%B1%E3%83%BC%E3%83%88%E3%83%9C%E3%83%BC%E3%83%89,RuntimeError('HTTP 503'),gif.anime2 実GIFアーカイブ
gif_anime2_0123_00059,gif_anime2,https://gif.anime2.net/wp/wp-content/uploads/2017/08/Gifsmith-e7561efc-0.gif,https://gif.anime2.net/tag/%E3%82%B9%E3%82%B1%E3%83%BC%E3%83%88%E3%83%9C%E3%83%BC%E3%83%89,RuntimeError('HTTP 503'),gif.anime2 実GIFアーカイブ
gif_anime2_0123_00060,gif_anime2,https://gif.anime2.net/wp/wp-content/uploads/2017/08/Gifsmith-57d9ee30-0.gif,https://gif.anime2.net/tag/%E3%82%B9%E3%82%B1%E3%83%BC%E3%83%88%E3%83%9C%E3%83%BC%E3%83%89,RuntimeError('HTTP 503'),gif.anime2 実GIFアーカイブ
gif_anime2_0123_00061,gif_anime2,https://gif.anime2.net/wp/wp-content/uploads/2017/08/Gifsmith-5f05721c-13.gif,https://gif.anime2.net/tag/%E3%82%B9%E3%82%B1%E3%83%BC%E3%83%88%E3%83%9C%E3%83%BC%E3%83%89,RuntimeError('HTTP 503'),gif.anime2 実GIFアーカイブ
gif_anime2_0124_00004,gif_anime2,https://gif.anime2.net/wp/wp-content/uploads/2018/07/Gifsmith-aa34d9c1-5-thumb.jpg,https://gif.anime2.net/tag/%E6%A4%85%E5%AD%90,RuntimeError('HTTP 503'),gif.anime2 実GIFアーカイブ
gif_anime2_0124_00003,gif_anime2,https://gif.anime2.net/wp/wp-content/uploads/2018/07/Gifsmith-f2df5975-9-thumb.jpg,https://gif.anime2.net/tag/%E6%A4%85%E5%AD%90,RuntimeError('HTTP 503'),gif.anime2 実GIFアーカイブ
gif_anime2_0124_00006,gif_anime2,https://gif.anime2.net/wp/wp-content/uploads/2017/09/Gifsmith-5f05721c-12-2-thumb.jpg,https://gif.anime2.net/tag/%E6%A4%85%E5%AD%90,RuntimeError('HTTP 503'),gif.anime2 実GIFアーカイブ
gif_anime2_0124_00005,gif_anime2,https://gif.anime2.net/wp/wp-content/uploads/2018/05/Gifsmith-9dbe831c-12-thumb.jpg,https://gif.anime2.net/tag/%E6%A4%85%E5%AD%90,RuntimeError('HTTP 503'),gif.anime2 実GIFアーカイブ
gif_anime2_0124_00008,gif_anime2,https://gif.anime2.net/wp/wp-content/uploads/2017/02/Gifsmith-42abf84a-0-thumb.jpg,https://gif.anime2.net/tag/%E6%A4%85%E5%AD%90,RuntimeError('HTTP 503'),gif.anime2 実GIFアーカイブ
gif_anime2_0124_00009,gif_anime2,https://gif.anime2.net/wp/wp-content/uploads/2017/02/Gifsmith-12f19b8c-12-thumb.jpg,https://gif.anime2.net/tag/%E6%A4%85%E5%AD%90,RuntimeError('HTTP 503'),gif.anime2 実GIFアーカイブ
gif_anime2_0124_00010,gif_anime2,https://gif.anime2.net/wp/wp-content/uploads/2017/01/Gifsmith-b739028a-30-thumb.jpg,https://gif.anime2.net/tag/%E6%A4%85%E5%AD%90,RuntimeError('HTTP 503'),gif.anime2 実GIFアーカイブ
gif_anime2_0124_00011,gif_anime2,https://gif.anime2.net/wp/wp-content/uploads/2017/01/Gifsmith-268d1f18-21-thumb.jpg,https://gif.anime2.net/tag/%E6%A4%85%E5%AD%90,RuntimeError('HTTP 503'),gif.anime2 実GIFアーカイブ
gif_anime2_0124_00012,gif_anime2,https://gif.anime2.net/wp/wp-content/uploads/2017/01/Gifsmith-09789dcb-26-thumb.jpg,https://gif.anime2.net/tag/%E6%A4%85%E5%AD%90,RuntimeError('HTTP 503'),gif.anime2 実GIFアーカイブ
gif_anime2_0124_00013,gif_anime2,https://gif.anime2.net/wp/wp-content/uploads/2016/11/Gifsmith-c6f37871-23-thumb.jpg,https://gif.anime2.net/tag/%E6%A4%85%E5%AD%90,RuntimeError('HTTP 503'),gif.anime2 実GIFアーカイブ
gif_anime2_0124_00015,gif_anime2,https://gif.anime2.net/wp/wp-content/uploads/2016/10/Gifsmith-adcb24b3-2-thumb.jpg,https://gif.anime2.net/tag/%E6%A4%85%E5%AD%90,RuntimeError('HTTP 503'),gif.anime2 実GIFアーカイブ
gif_anime2_0124_00016,gif_anime2,https://gif.anime2.net/wp/wp-content/uploads/2016/10/Gifsmith-1354b75a-0-thumb.jpg,https://gif.anime2.net/tag/%E6%A4%85%E5%AD%90,RuntimeError('HTTP 503'),gif.anime2 実GIFアーカイブ
gif_anime2_0124_00014,gif_anime2,https://gif.anime2.net/wp/wp-content/uploads/2016/11/Gifsmith-e30ba072-19-thumb.jpg,https://gif.anime2.net/tag/%E6%A4%85%E5%AD%90,RuntimeError('HTTP 503'),gif.anime2 実GIFアーカイブ
gif_anime2_0124_00017,gif_anime2,https://gif.anime2.net/wp/wp-content/uploads/2016/10/Gifsmith-c08e4955-4-thumb.jpg,https://gif.anime2.net/tag/%E6%A4%85%E5%AD%90,RuntimeError('HTTP 503'),gif.anime2 実GIFアーカイブ
gif_anime2_0124_00018,gif_anime2,https://gif.anime2.net/wp/wp-content/uploads/2016/09/Gifsmith-fd2a4ed0-13-thumb.jpg,https://gif.anime2.net/tag/%E6%A4%85%E5%AD%90,RuntimeError('HTTP 503'),gif.anime2 実GIFアーカイブ
gif_anime2_0124_00019,gif_anime2,https://gif.anime2.net/wp/wp-content/uploads/2016/09/Gifsmith-f6cf840a-5-thumb.jpg,https://gif.anime2.net/tag/%E6%A4%85%E5%AD%90,RuntimeError('HTTP 503'),gif.anime2 実GIFアーカイブ
gif_anime2_0124_00021,gif_anime2,https://gif.anime2.net/wp/wp-content/uploads/2016/09/9cf15acc-thumb.jpg,https://gif.anime2.net/tag/%E6%A4%85%E5%AD%90,RuntimeError('HTTP 503'),gif.anime2 実GIFアーカイブ
gif_anime2_0124_00020,gif_anime2,https://gif.anime2.net/wp/wp-content/uploads/2016/09/Gifsmith-69ffe798-2-thumb.jpg,https://gif.anime2.net/tag/%E6%A4%85%E5%AD%90,RuntimeError('HTTP 503'),gif.anime2 実GIFアーカイブ
gif_anime2_0124_00043,gif_anime2,https://gif.anime2.net/wp/wp-content/uploads/2018/07/Gifsmith-f2df5975-9.gif,https://gif.anime2.net/tag/%E6%A4%85%E5%AD%90,RuntimeError('HTTP 503'),gif.anime2 実GIFアーカイブ
gif_anime2_0124_00044,gif_anime2,https://gif.anime2.net/wp/wp-content/uploads/2018/07/Gifsmith-aa34d9c1-5.gif,https://gif.anime2.net/tag/%E6%A4%85%E5%AD%90,RuntimeError('HTTP 503'),gif.anime2 実GIFアーカイブ
gif_anime2_0124_00045,gif_anime2,https://gif.anime2.net/wp/wp-content/uploads/2018/05/Gifsmith-9dbe831c-12.gif,https://gif.anime2.net/tag/%E6%A4%85%E5%AD%90,RuntimeError('HTTP 503'),gif.anime2 実GIFアーカイブ
gif_anime2_0124_00046,gif_anime2,https://gif.anime2.net/wp/wp-content/uploads/2017/09/Gifsmith-5f05721c-12-2.gif,https://gif.anime2.net/tag/%E6%A4%85%E5%AD%90,RuntimeError('HTTP 503'),gif.anime2 実GIFアーカイブ
gif_anime2_0124_00048,gif_anime2,https://gif.anime2.net/wp/wp-content/uploads/2017/02/Gifsmith-42abf84a-0.gif,https://gif.anime2.net/tag/%E6%A4%85%E5%AD%90,RuntimeError('HTTP 503'),gif.anime2 実GIFアーカイブ
gif_anime2_0124_00049,gif_anime2,https://gif.anime2.net/wp/wp-content/uploads/2017/02/Gifsmith-12f19b8c-12.gif,https://gif.anime2.net/tag/%E6%A4%85%E5%AD%90,RuntimeError('HTTP 503'),gif.anime2 実GIFアーカイブ
gif_anime2_0124_00050,gif_anime2,https://gif.anime2.net/wp/wp-content/uploads/2017/01/Gifsmith-b739028a-30.gif,https://gif.anime2.net/tag/%E6%A4%85%E5%AD%90,RuntimeError('HTTP 503'),gif.anime2 実GIFアーカイブ
gif_anime2_0124_00051,gif_anime2,https://gif.anime2.net/wp/wp-content/uploads/2017/01/Gifsmith-268d1f18-21.gif,https://gif.anime2.net/tag/%E6%A4%85%E5%AD%90,RuntimeError('HTTP 503'),gif.anime2 実GIFアーカイブ
gif_anime2_0124_00052,gif_anime2,https://gif.anime2.net/wp/wp-content/uploads/2017/01/Gifsmith-09789dcb-26.gif,https://gif.anime2.net/tag/%E6%A4%85%E5%AD%90,RuntimeError('HTTP 503'),gif.anime2 実GIFアーカイブ
gif_anime2_0124_00053,gif_anime2,https://gif.anime2.net/wp/wp-content/uploads/2016/11/Gifsmith-c6f37871-23.gif,https://gif.anime2.net/tag/%E6%A4%85%E5%AD%90,RuntimeError('HTTP 503'),gif.anime2 実GIFアーカイブ
gif_anime2_0124_00054,gif_anime2,https://gif.anime2.net/wp/wp-content/uploads/2016/11/Gifsmith-e30ba072-19.gif,https://gif.anime2.net/tag/%E6%A4%85%E5%AD%90,RuntimeError('HTTP 503'),gif.anime2 実GIFアーカイブ
gif_anime2_0124_00055,gif_anime2,https://gif.anime2.net/wp/wp-content/uploads/2016/10/Gifsmith-adcb24b3-2.gif,https://gif.anime2.net/tag/%E6%A4%85%E5%AD%90,RuntimeError('HTTP 503'),gif.anime2 実GIFアーカイブ
gif_anime2_0124_00056,gif_anime2,https://gif.anime2.net/wp/wp-content/uploads/2016/10/Gifsmith-1354b75a-0.gif,https://gif.anime2.net/tag/%E6%A4%85%E5%AD%90,RuntimeError('HTTP 503'),gif.anime2 実GIFアーカイブ
gif_anime2_0124_00057,gif_anime2,https://gif.anime2.net/wp/wp-content/uploads/2016/10/Gifsmith-c08e4955-4.gif,https://gif.anime2.net/tag/%E6%A4%85%E5%AD%90,RuntimeError('HTTP 503'),gif.anime2 実GIFアーカイブ
gif_anime2_0124_00058,gif_anime2,https://gif.anime2.net/wp/wp-content/uploads/2016/09/Gifsmith-fd2a4ed0-13.gif,https://gif.anime2.net/tag/%E6%A4%85%E5%AD%90,RuntimeError('HTTP 503'),gif.anime2 実GIFアーカイブ
gif_anime2_0124_00059,gif_anime2,https://gif.anime2.net/wp/wp-content/uploads/2016/09/Gifsmith-f6cf840a-5.gif,https://gif.anime2.net/tag/%E6%A4%85%E5%AD%90,RuntimeError('HTTP 503'),gif.anime2 実GIFアーカイブ
gif_anime2_0124_00061,gif_anime2,https://gif.anime2.net/wp/wp-content/uploads/2016/09/9cf15acc.gif,https://gif.anime2.net/tag/%E6%A4%85%E5%AD%90,RuntimeError('HTTP 503'),gif.anime2 実GIFアーカイブ
gif_anime2_0124_00060,gif_anime2,https://gif.anime2.net/wp/wp-content/uploads/2016/09/Gifsmith-69ffe798-2.gif,https://gif.anime2.net/tag/%E6%A4%85%E5%AD%90,RuntimeError('HTTP 503'),gif.anime2 実GIFアーカイブ
gif_anime2_0125_00003,gif_anime2,https://gif.anime2.net/wp/wp-content/uploads/2017/11/Gifsmith-5f05721c-6-2-thumb.jpg,https://gif.anime2.net/tag/%E3%83%91%E3%83%B3%E3%83%80,RuntimeError('HTTP 503'),gif.anime2 実GIFアーカイブ
gif_anime2_0125_00004,gif_anime2,https://gif.anime2.net/wp/wp-content/uploads/2017/11/Gifsmith-5f05721c-3-3-thumb.jpg,https://gif.anime2.net/tag/%E3%83%91%E3%83%B3%E3%83%80,RuntimeError('HTTP 503'),gif.anime2 実GIFアーカイブ
gif_anime2_0125_00007,gif_anime2,https://gif.anime2.net/wp/wp-content/uploads/2017/11/Gifsmith-5f05721c-3-2-thumb.jpg,https://gif.anime2.net/tag/%E3%83%91%E3%83%B3%E3%83%80,RuntimeError('HTTP 503'),gif.anime2 実GIFアーカイブ
gif_anime2_0125_00005,gif_anime2,https://gif.anime2.net/wp/wp-content/uploads/2017/11/Gifsmith-5f05721c-11-2-thumb.jpg,https://gif.anime2.net/tag/%E3%83%91%E3%83%B3%E3%83%80,RuntimeError('HTTP 503'),gif.anime2 実GIFアーカイブ
gif_anime2_0125_00009,gif_anime2,https://gif.anime2.net/wp/wp-content/uploads/2017/11/Gifsmith-5f05721c-19-thumb.jpg,https://gif.anime2.net/tag/%E3%83%91%E3%83%B3%E3%83%80,RuntimeError('HTTP 503'),gif.anime2 実GIFアーカイブ
gif_anime2_0125_00008,gif_anime2,https://gif.anime2.net/wp/wp-content/uploads/2017/11/Gifsmith-5f05721c-23-thumb.jpg,https://gif.anime2.net/tag/%E3%83%91%E3%83%B3%E3%83%80,RuntimeError('HTTP 503'),gif.anime2 実GIFアーカイブ
gif_anime2_0125_00010,gif_anime2,https://gif.anime2.net/wp/wp-content/uploads/2017/11/Gifsmith-5f05721c-15-thumb.jpg,https://gif.anime2.net/tag/%E3%83%91%E3%83%B3%E3%83%80,RuntimeError('HTTP 503'),gif.anime2 実GIFアーカイブ
gif_anime2_0125_00011,gif_anime2,https://gif.anime2.net/wp/wp-content/uploads/2017/11/Gifsmith-5f05721c-11-1-thumb.jpg,https://gif.anime2.net/tag/%E3%83%91%E3%83%B3%E3%83%80,RuntimeError('HTTP 503'),gif.anime2 実GIFアーカイブ
gif_anime2_0125_00012,gif_anime2,https://gif.anime2.net/wp/wp-content/uploads/2017/11/Gifsmith-5f05721c-6-1-thumb.jpg,https://gif.anime2.net/tag/%E3%83%91%E3%83%B3%E3%83%80,RuntimeError('HTTP 503'),gif.anime2 実GIFアーカイブ
gif_anime2_0125_00013,gif_anime2,https://gif.anime2.net/wp/wp-content/uploads/2017/11/Gifsmith-5f05721c-2-thumb.jpg,https://gif.anime2.net/tag/%E3%83%91%E3%83%B3%E3%83%80,RuntimeError('HTTP 503'),gif.anime2 実GIFアーカイブ
gif_anime2_0125_00014,gif_anime2,https://gif.anime2.net/wp/wp-content/uploads/2017/11/Gifsmith-63526799-0-thumb.jpg,https://gif.anime2.net/tag/%E3%83%91%E3%83%B3%E3%83%80,RuntimeError('HTTP 503'),gif.anime2 実GIFアーカイブ
gif_anime2_0125_00015,gif_anime2,https://gif.anime2.net/wp/wp-content/uploads/2017/09/Gifsmith-35f11f73-0-thumb.jpg,https://gif.anime2.net/tag/%E3%83%91%E3%83%B3%E3%83%80,RuntimeError('HTTP 503'),gif.anime2 実GIFアーカイブ
gif_anime2_0125_00016,gif_anime2,https://gif.anime2.net/wp/wp-content/uploads/2017/09/Gifsmith-3427e2a9-0-thumb.jpg,https://gif.anime2.net/tag/%E3%83%91%E3%83%B3%E3%83%80,RuntimeError('HTTP 503'),gif.anime2 実GIFアーカイブ
gif_anime2_0125_00017,gif_anime2,https://gif.anime2.net/wp/wp-content/uploads/2017/09/Gifsmith-681245ff-0-thumb.jpg,https://gif.anime2.net/tag/%E3%83%91%E3%83%B3%E3%83%80,RuntimeError('HTTP 503'),gif.anime2 実GIFアーカイブ
gif_anime2_0125_00019,gif_anime2,https://gif.anime2.net/wp/wp-content/uploads/2017/04/Gifsmith-1ae8de1f-7-thumb.jpg,https://gif.anime2.net/tag/%E3%83%91%E3%83%B3%E3%83%80,RuntimeError('HTTP 503'),gif.anime2 実GIFアーカイブ
gif_anime2_0125_00020,gif_anime2,https://gif.anime2.net/wp/wp-content/uploads/2017/04/Gifsmith-91e0c723-0-thumb.jpg,https://gif.anime2.net/tag/%E3%83%91%E3%83%B3%E3%83%80,RuntimeError('HTTP 503'),gif.anime2 実GIFアーカイブ
gif_anime2_0125_00043,gif_anime2,https://gif.anime2.net/wp/wp-content/uploads/2017/11/Gifsmith-5f05721c-6-2.gif,https://gif.anime2.net/tag/%E3%83%91%E3%83%B3%E3%83%80,RuntimeError('HTTP 503'),gif.anime2 実GIFアーカイブ
gif_anime2_0125_00021,gif_anime2,https://gif.anime2.net/wp/wp-content/uploads/2017/04/Gifsmith-5f05721c-16-2-thumb.jpg,https://gif.anime2.net/tag/%E3%83%91%E3%83%B3%E3%83%80,RuntimeError('HTTP 503'),gif.anime2 実GIFアーカイブ
gif_anime2_0125_00044,gif_anime2,https://gif.anime2.net/wp/wp-content/uploads/2017/11/Gifsmith-5f05721c-3-3.gif,https://gif.anime2.net/tag/%E3%83%91%E3%83%B3%E3%83%80,RuntimeError('HTTP 503'),gif.anime2 実GIFアーカイブ
gif_anime2_0125_00045,gif_anime2,https://gif.anime2.net/wp/wp-content/uploads/2017/11/Gifsmith-5f05721c-11-2.gif,https://gif.anime2.net/tag/%E3%83%91%E3%83%B3%E3%83%80,RuntimeError('HTTP 503'),gif.anime2 実GIFアーカイブ
gif_anime2_0125_00047,gif_anime2,https://gif.anime2.net/wp/wp-content/uploads/2017/11/Gifsmith-5f05721c-3-2.gif,https://gif.anime2.net/tag/%E3%83%91%E3%83%B3%E3%83%80,RuntimeError('HTTP 503'),gif.anime2 実GIFアーカイブ
gif_anime2_0125_00049,gif_anime2,https://gif.anime2.net/wp/wp-content/uploads/2017/11/Gifsmith-5f05721c-19.gif,https://gif.anime2.net/tag/%E3%83%91%E3%83%B3%E3%83%80,RuntimeError('HTTP 503'),gif.anime2 実GIFアーカイブ
gif_anime2_0125_00048,gif_anime2,https://gif.anime2.net/wp/wp-content/uploads/2017/11/Gifsmith-5f05721c-23.gif,https://gif.anime2.net/tag/%E3%83%91%E3%83%B3%E3%83%80,RuntimeError('HTTP 503'),gif.anime2 実GIFアーカイブ
gif_anime2_0125_00051,gif_anime2,https://gif.anime2.net/wp/wp-content/uploads/2017/11/Gifsmith-5f05721c-11-1.gif,https://gif.anime2.net/tag/%E3%83%91%E3%83%B3%E3%83%80,RuntimeError('HTTP 503'),gif.anime2 実GIFアーカイブ
gif_anime2_0125_00050,gif_anime2,https://gif.anime2.net/wp/wp-content/uploads/2017/11/Gifsmith-5f05721c-15.gif,https://gif.anime2.net/tag/%E3%83%91%E3%83%B3%E3%83%80,RuntimeError('HTTP 503'),gif.anime2 実GIFアーカイブ
gif_anime2_0125_00052,gif_anime2,https://gif.anime2.net/wp/wp-content/uploads/2017/11/Gifsmith-5f05721c-6-1.gif,https://gif.anime2.net/tag/%E3%83%91%E3%83%B3%E3%83%80,RuntimeError('HTTP 503'),gif.anime2 実GIFアーカイブ
gif_anime2_0125_00053,gif_anime2,https://gif.anime2.net/wp/wp-content/uploads/2017/11/Gifsmith-5f05721c-2.gif,https://gif.anime2.net/tag/%E3%83%91%E3%83%B3%E3%83%80,RuntimeError('HTTP 503'),gif.anime2 実GIFアーカイブ
gif_anime2_0125_00054,gif_anime2,https://gif.anime2.net/wp/wp-content/uploads/2017/11/Gifsmith-63526799-0.gif,https://gif.anime2.net/tag/%E3%83%91%E3%83%B3%E3%83%80,RuntimeError('HTTP 503'),gif.anime2 実GIFアーカイブ
gif_anime2_0125_00055,gif_anime2,https://gif.anime2.net/wp/wp-content/uploads/2017/09/Gifsmith-35f11f73-0.gif,https://gif.anime2.net/tag/%E3%83%91%E3%83%B3%E3%83%80,RuntimeError('HTTP 503'),gif.anime2 実GIFアーカイブ
gif_anime2_0125_00057,gif_anime2,https://gif.anime2.net/wp/wp-content/uploads/2017/09/Gifsmith-681245ff-0.gif,https://gif.anime2.net/tag/%E3%83%91%E3%83%B3%E3%83%80,RuntimeError('HTTP 503'),gif.anime2 実GIFアーカイブ
gif_anime2_0125_00056,gif_anime2,https://gif.anime2.net/wp/wp-content/uploads/2017/09/Gifsmith-3427e2a9-0.gif,https://gif.anime2.net/tag/%E3%83%91%E3%83%B3%E3%83%80,RuntimeError('HTTP 503'),gif.anime2 実GIFアーカイブ
gif_anime2_0125_00058,gif_anime2,https://gif.anime2.net/wp/wp-content/uploads/2017/05/Gifsmith-ab6e6d92-0.gif,https://gif.anime2.net/tag/%E3%83%91%E3%83%B3%E3%83%80,RuntimeError('HTTP 503'),gif.anime2 実GIFアーカイブ
gif_anime2_0125_00059,gif_anime2,https://gif.anime2.net/wp/wp-content/uploads/2017/04/Gifsmith-1ae8de1f-7.gif,https://gif.anime2.net/tag/%E3%83%91%E3%83%B3%E3%83%80,RuntimeError('HTTP 503'),gif.anime2 実GIFアーカイブ
gif_anime2_0125_00060,gif_anime2,https://gif.anime2.net/wp/wp-content/uploads/2017/04/Gifsmith-91e0c723-0.gif,https://gif.anime2.net/tag/%E3%83%91%E3%83%B3%E3%83%80,RuntimeError('HTTP 503'),gif.anime2 実GIFアーカイブ
gif_anime2_0125_00061,gif_anime2,https://gif.anime2.net/wp/wp-content/uploads/2017/04/Gifsmith-5f05721c-16-2.gif,https://gif.anime2.net/tag/%E3%83%91%E3%83%B3%E3%83%80,RuntimeError('HTTP 503'),gif.anime2 実GIFアーカイブ
gif_anime2_0126_00001,gif_anime2,https://gif.anime2.net/wp/wp-content/uploads/2018/04/Gifsmith-5f05721c-26-1-thumb.jpg,https://gif.anime2.net/tag/%E3%82%BD%E3%83%95%E3%82%A1,RuntimeError('HTTP 503'),gif.anime2 実GIFアーカイブ
gif_anime2_0126_00003,gif_anime2,https://gif.anime2.net/wp/wp-content/uploads/2018/03/Gifsmith-41156f0a-0-thumb.jpg,https://gif.anime2.net/tag/%E3%82%BD%E3%83%95%E3%82%A1,RuntimeError('HTTP 503'),gif.anime2 実GIFアーカイブ
gif_anime2_0126_00004,gif_anime2,https://gif.anime2.net/wp/wp-content/uploads/2018/01/Gifsmith-916df966-0-thumb.jpg,https://gif.anime2.net/tag/%E3%82%BD%E3%83%95%E3%82%A1,RuntimeError('HTTP 503'),gif.anime2 実GIFアーカイブ
gif_anime2_0126_00005,gif_anime2,https://gif.anime2.net/wp/wp-content/uploads/2018/01/Gifsmith-5c6daa55-0-thumb.jpg,https://gif.anime2.net/tag/%E3%82%BD%E3%83%95%E3%82%A1,RuntimeError('HTTP 503'),gif.anime2 実GIFアーカイブ
gif_anime2_0126_00006,gif_anime2,https://gif.anime2.net/wp/wp-content/uploads/2017/12/Gifsmith-5f05721c-17-thumb.jpg,https://gif.anime2.net/tag/%E3%82%BD%E3%83%95%E3%82%A1,RuntimeError('HTTP 503'),gif.anime2 実GIFアーカイブ
gif_anime2_0126_00009,gif_anime2,https://gif.anime2.net/wp/wp-content/uploads/2017/11/Gifsmith-3447c06b-6-thumb.jpg,https://gif.anime2.net/tag/%E3%82%BD%E3%83%95%E3%82%A1,RuntimeError('HTTP 503'),gif.anime2 実GIFアーカイブ
gif_anime2_0126_00007,gif_anime2,https://gif.anime2.net/wp/wp-content/uploads/2017/12/Gifsmith-5e0b5c8e-0-thumb.jpg,https://gif.anime2.net/tag/%E3%82%BD%E3%83%95%E3%82%A1,RuntimeError('HTTP 503'),gif.anime2 実GIFアーカイブ
gif_anime2_0126_00010,gif_anime2,https://gif.anime2.net/wp/wp-content/uploads/2017/10/Gifsmith-5f05721c-13-thumb.jpg,https://gif.anime2.net/tag/%E3%82%BD%E3%83%95%E3%82%A1,RuntimeError('HTTP 503'),gif.anime2 実GIFアーカイブ
gif_anime2_0126_00011,gif_anime2,https://gif.anime2.net/wp/wp-content/uploads/2017/09/Gifsmith-5f05721c-11-1-thumb.jpg,https://gif.anime2.net/tag/%E3%82%BD%E3%83%95%E3%82%A1,RuntimeError('HTTP 503'),gif.anime2 実GIFアーカイブ
gif_anime2_0126_00013,gif_anime2,https://gif.anime2.net/wp/wp-content/uploads/2017/06/Gifsmith-5f05721c-3-12-thumb.jpg,https://gif.anime2.net/tag/%E3%82%BD%E3%83%95%E3%82%A1,RuntimeError('HTTP 503'),gif.anime2 実GIFアーカイブ
gif_anime2_0126_00014,gif_anime2,https://gif.anime2.net/wp/wp-content/uploads/2017/06/Gifsmith-5f05721c-4-2-thumb.jpg,https://gif.anime2.net/tag/%E3%82%BD%E3%83%95%E3%82%A1,RuntimeError('HTTP 503'),gif.anime2 実GIFアーカイブ
gif_anime2_0126_00015,gif_anime2,https://gif.anime2.net/wp/wp-content/uploads/2017/04/Gifsmith-5f05721c-5-thumb.jpg,https://gif.anime2.net/tag/%E3%82%BD%E3%83%95%E3%82%A1,RuntimeError('HTTP 503'),gif.anime2 実GIFアーカイブ
gif_anime2_0126_00016,gif_anime2,https://gif.anime2.net/wp/wp-content/uploads/2017/03/Gifsmith-5f05721c-19-1-thumb.jpg,https://gif.anime2.net/tag/%E3%82%BD%E3%83%95%E3%82%A1,RuntimeError('HTTP 503'),gif.anime2 実GIFアーカイブ
gif_anime2_0126_00018,gif_anime2,https://gif.anime2.net/wp/wp-content/uploads/2017/01/Gifsmith-fbc892ce-0-thumb.jpg,https://gif.anime2.net/tag/%E3%82%BD%E3%83%95%E3%82%A1,RuntimeError('HTTP 503'),gif.anime2 実GIFアーカイブ
gif_anime2_0126_00019,gif_anime2,https://gif.anime2.net/wp/wp-content/uploads/2017/01/Gifsmith-0201b797-10-thumb.jpg,https://gif.anime2.net/tag/%E3%82%BD%E3%83%95%E3%82%A1,RuntimeError('HTTP 503'),gif.anime2 実GIFアーカイブ
gif_anime2_0126_00020,gif_anime2,https://gif.anime2.net/wp/wp-content/uploads/2016/12/Gifsmith-9ba731b6-53-thumb.jpg,https://gif.anime2.net/tag/%E3%82%BD%E3%83%95%E3%82%A1,RuntimeError('HTTP 503'),gif.anime2 実GIFアーカイブ
gif_anime2_0126_00021,gif_anime2,https://gif.anime2.net/wp/wp-content/uploads/2016/12/Gifsmith-d8deaa88-40-thumb.jpg,https://gif.anime2.net/tag/%E3%82%BD%E3%83%95%E3%82%A1,RuntimeError('HTTP 503'),gif.anime2 実GIFアーカイブ
gif_anime2_0126_00041,gif_anime2,https://gif.anime2.net/wp/wp-content/uploads/2018/04/Gifsmith-5f05721c-26-1.gif,https://gif.anime2.net/tag/%E3%82%BD%E3%83%95%E3%82%A1,RuntimeError('HTTP 503'),gif.anime2 実GIFアーカイブ
gif_anime2_0126_00045,gif_anime2,https://gif.anime2.net/wp/wp-content/uploads/2018/01/Gifsmith-5c6daa55-0.gif,https://gif.anime2.net/tag/%E3%82%BD%E3%83%95%E3%82%A1,RuntimeError('HTTP 503'),gif.anime2 実GIFアーカイブ
gif_anime2_0126_00044,gif_anime2,https://gif.anime2.net/wp/wp-content/uploads/2018/01/Gifsmith-916df966-0.gif,https://gif.anime2.net/tag/%E3%82%BD%E3%83%95%E3%82%A1,RuntimeError('HTTP 503'),gif.anime2 実GIFアーカイブ
gif_anime2_0126_00043,gif_anime2,https://gif.anime2.net/wp/wp-content/uploads/2018/03/Gifsmith-41156f0a-0.gif,https://gif.anime2.net/tag/%E3%82%BD%E3%83%95%E3%82%A1,RuntimeError('HTTP 503'),gif.anime2 実GIFアーカイブ
gif_anime2_0126_00046,gif_anime2,https://gif.anime2.net/wp/wp-content/uploads/2017/12/Gifsmith-5f05721c-17.gif,https://gif.anime2.net/tag/%E3%82%BD%E3%83%95%E3%82%A1,RuntimeError('HTTP 503'),gif.anime2 実GIFアーカイブ
gif_anime2_0126_00047,gif_anime2,https://gif.anime2.net/wp/wp-content/uploads/2017/12/Gifsmith-5e0b5c8e-0.gif,https://gif.anime2.net/tag/%E3%82%BD%E3%83%95%E3%82%A1,RuntimeError('HTTP 503'),gif.anime2 実GIFアーカイブ
gif_anime2_0126_00049,gif_anime2,https://gif.anime2.net/wp/wp-content/uploads/2017/11/Gifsmith-3447c06b-6.gif,https://gif.anime2.net/tag/%E3%82%BD%E3%83%95%E3%82%A1,RuntimeError('HTTP 503'),gif.anime2 実GIFアーカイブ
gif_anime2_0126_00050,gif_anime2,https://gif.anime2.net/wp/wp-content/uploads/2017/10/Gifsmith-5f05721c-13.gif,https://gif.anime2.net/tag/%E3%82%BD%E3%83%95%E3%82%A1,RuntimeError('HTTP 503'),gif.anime2 実GIFアーカイブ
gif_anime2_0126_00051,gif_anime2,https://gif.anime2.net/wp/wp-content/uploads/2017/09/Gifsmith-5f05721c-11-1.gif,https://gif.anime2.net/tag/%E3%82%BD%E3%83%95%E3%82%A1,RuntimeError('HTTP 503'),gif.anime2 実GIFアーカイブ
gif_anime2_0126_00053,gif_anime2,https://gif.anime2.net/wp/wp-content/uploads/2017/06/Gifsmith-5f05721c-3-12.gif,https://gif.anime2.net/tag/%E3%82%BD%E3%83%95%E3%82%A1,RuntimeError('HTTP 503'),gif.anime2 実GIFアーカイブ
gif_anime2_0126_00054,gif_anime2,https://gif.anime2.net/wp/wp-content/uploads/2017/06/Gifsmith-5f05721c-4-2.gif,https://gif.anime2.net/tag/%E3%82%BD%E3%83%95%E3%82%A1,RuntimeError('HTTP 503'),gif.anime2 実GIFアーカイブ
gif_anime2_0126_00056,gif_anime2,https://gif.anime2.net/wp/wp-content/uploads/2017/03/Gifsmith-5f05721c-19-1.gif,https://gif.anime2.net/tag/%E3%82%BD%E3%83%95%E3%82%A1,RuntimeError('HTTP 503'),gif.anime2 実GIFアーカイブ
gif_anime2_0126_00055,gif_anime2,https://gif.anime2.net/wp/wp-content/uploads/2017/04/Gifsmith-5f05721c-5.gif,https://gif.anime2.net/tag/%E3%82%BD%E3%83%95%E3%82%A1,RuntimeError('HTTP 503'),gif.anime2 実GIFアーカイブ
gif_anime2_0126_00059,gif_anime2,https://gif.anime2.net/wp/wp-content/uploads/2017/01/Gifsmith-0201b797-10.gif,https://gif.anime2.net/tag/%E3%82%BD%E3%83%95%E3%82%A1,RuntimeError('HTTP 503'),gif.anime2 実GIFアーカイブ
gif_anime2_0126_00058,gif_anime2,https://gif.anime2.net/wp/wp-content/uploads/2017/01/Gifsmith-fbc892ce-0.gif,https://gif.anime2.net/tag/%E3%82%BD%E3%83%95%E3%82%A1,RuntimeError('HTTP 503'),gif.anime2 実GIFアーカイブ
gif_anime2_0126_00060,gif_anime2,https://gif.anime2.net/wp/wp-content/uploads/2016/12/Gifsmith-9ba731b6-53.gif,https://gif.anime2.net/tag/%E3%82%BD%E3%83%95%E3%82%A1,RuntimeError('HTTP 503'),gif.anime2 実GIFアーカイブ
gif_anime2_0127_00006,gif_anime2,https://gif.anime2.net/wp/wp-content/uploads/2018/05/Gifsmith-74ee67f3-21-thumb.jpg,https://gif.anime2.net/tag/%E3%83%97%E3%83%BC%E3%83%AB,RuntimeError('HTTP 503'),gif.anime2 実GIFアーカイブ
gif_anime2_0127_00005,gif_anime2,https://gif.anime2.net/wp/wp-content/uploads/2018/06/Gifsmith-2200a058-0-thumb.jpg,https://gif.anime2.net/tag/%E3%83%97%E3%83%BC%E3%83%AB,RuntimeError('HTTP 503'),gif.anime2 実GIFアーカイブ
gif_anime2_0127_00004,gif_anime2,https://gif.anime2.net/wp/wp-content/uploads/2018/07/Gifsmith-5d4c122e-3-thumb.jpg,https://gif.anime2.net/tag/%E3%83%97%E3%83%BC%E3%83%AB,RuntimeError('HTTP 503'),gif.anime2 実GIFアーカイブ
gif_anime2_0127_00008,gif_anime2,https://gif.anime2.net/wp/wp-content/uploads/2018/04/Gifsmith-5f05721c-20-2-thumb.jpg,https://gif.anime2.net/tag/%E3%83%97%E3%83%BC%E3%83%AB,RuntimeError('HTTP 503'),gif.anime2 実GIFアーカイブ
gif_anime2_0127_00009,gif_anime2,https://gif.anime2.net/wp/wp-content/uploads/2018/04/Gifsmith-5f05721c-19-1-thumb.jpg,https://gif.anime2.net/tag/%E3%83%97%E3%83%BC%E3%83%AB,RuntimeError('HTTP 503'),gif.anime2 実GIFアーカイブ
gif_anime2_0127_00010,gif_anime2,https://gif.anime2.net/wp/wp-content/uploads/2018/03/Gifsmith-5f05721c-11-8-thumb.jpg,https://gif.anime2.net/tag/%E3%83%97%E3%83%BC%E3%83%AB,RuntimeError('HTTP 503'),gif.anime2 実GIFアーカイブ
gif_anime2_0127_00011,gif_anime2,https://gif.anime2.net/wp/wp-content/uploads/2018/03/Gifsmith-5f05721c-2-thumb.jpg,https://gif.anime2.net/tag/%E3%83%97%E3%83%BC%E3%83%AB,RuntimeError('HTTP 503'),gif.anime2 実GIFアーカイブ
gif_anime2_0127_00012,gif_anime2,https://gif.anime2.net/wp/wp-content/uploads/2018/02/Gifsmith-028b604d-3-thumb.jpg,https://gif.anime2.net/tag/%E3%83%97%E3%83%BC%E3%83%AB,RuntimeError('HTTP 503'),gif.anime2 実GIFアーカイブ
gif_anime2_0127_00014,gif_anime2,https://gif.anime2.net/wp/wp-content/uploads/2018/02/Gifsmith-5f05721c-26-thumb.jpg,https://gif.anime2.net/tag/%E3%83%97%E3%83%BC%E3%83%AB,RuntimeError('HTTP 503'),gif.anime2 実GIFアーカイブ
gif_anime2_0127_00015,gif_anime2,https://gif.anime2.net/wp/wp-content/uploads/2017/10/Gifsmith-5f05721c-11-1-thumb.jpg,https://gif.anime2.net/tag/%E3%83%97%E3%83%BC%E3%83%AB,RuntimeError('HTTP 503'),gif.anime2 実GIFアーカイブ
gif_anime2_0127_00018,gif_anime2,https://gif.anime2.net/wp/wp-content/uploads/2017/08/Gifsmith-5f05721c-18-thumb.jpg,https://gif.anime2.net/tag/%E3%83%97%E3%83%BC%E3%83%AB,RuntimeError('HTTP 503'),gif.anime2 実GIFアーカイブ
gif_anime2_0127_00019,gif_anime2,https://gif.anime2.net/wp/wp-content/uploads/2017/07/Gifsmith-5f05721c-22-1-thumb.jpg,https://gif.anime2.net/tag/%E3%83%97%E3%83%BC%E3%83%AB,RuntimeError('HTTP 503'),gif.anime2 実GIFアーカイブ
gif_anime2_0127_00020,gif_anime2,https://gif.anime2.net/wp/wp-content/uploads/2017/07/Gifsmith-5f05721c-18-thumb.jpg,https://gif.anime2.net/tag/%E3%83%97%E3%83%BC%E3%83%AB,RuntimeError('HTTP 503'),gif.anime2 実GIFアーカイブ
gif_anime2_0127_00021,gif_anime2,https://gif.anime2.net/wp/wp-content/uploads/2017/07/Gifsmith-5f05721c-14-thumb.jpg,https://gif.anime2.net/tag/%E3%83%97%E3%83%BC%E3%83%AB,RuntimeError('HTTP 503'),gif.anime2 実GIFアーカイブ
gif_anime2_0127_00045,gif_anime2,https://gif.anime2.net/wp/wp-content/uploads/2018/06/Gifsmith-2200a058-0.gif,https://gif.anime2.net/tag/%E3%83%97%E3%83%BC%E3%83%AB,RuntimeError('HTTP 503'),gif.anime2 実GIFアーカイブ
gif_anime2_0127_00044,gif_anime2,https://gif.anime2.net/wp/wp-content/uploads/2018/07/Gifsmith-5d4c122e-3.gif,https://gif.anime2.net/tag/%E3%83%97%E3%83%BC%E3%83%AB,RuntimeError('HTTP 503'),gif.anime2 実GIFアーカイブ
gif_anime2_0127_00049,gif_anime2,https://gif.anime2.net/wp/wp-content/uploads/2018/04/Gifsmith-5f05721c-19-1.gif,https://gif.anime2.net/tag/%E3%83%97%E3%83%BC%E3%83%AB,RuntimeError('HTTP 503'),gif.anime2 実GIFアーカイブ
gif_anime2_0127_00046,gif_anime2,https://gif.anime2.net/wp/wp-content/uploads/2018/05/Gifsmith-74ee67f3-21.gif,https://gif.anime2.net/tag/%E3%83%97%E3%83%BC%E3%83%AB,RuntimeError('HTTP 503'),gif.anime2 実GIFアーカイブ
gif_anime2_0127_00048,gif_anime2,https://gif.anime2.net/wp/wp-content/uploads/2018/04/Gifsmith-5f05721c-20-2.gif,https://gif.anime2.net/tag/%E3%83%97%E3%83%BC%E3%83%AB,RuntimeError('HTTP 503'),gif.anime2 実GIFアーカイブ
gif_anime2_0127_00050,gif_anime2,https://gif.anime2.net/wp/wp-content/uploads/2018/03/Gifsmith-5f05721c-11-8.gif,https://gif.anime2.net/tag/%E3%83%97%E3%83%BC%E3%83%AB,RuntimeError('HTTP 503'),gif.anime2 実GIFアーカイブ
gif_anime2_0127_00051,gif_anime2,https://gif.anime2.net/wp/wp-content/uploads/2018/03/Gifsmith-5f05721c-2.gif,https://gif.anime2.net/tag/%E3%83%97%E3%83%BC%E3%83%AB,RuntimeError('HTTP 503'),gif.anime2 実GIFアーカイブ
gif_anime2_0127_00052,gif_anime2,https://gif.anime2.net/wp/wp-content/uploads/2018/02/Gifsmith-028b604d-3.gif,https://gif.anime2.net/tag/%E3%83%97%E3%83%BC%E3%83%AB,RuntimeError('HTTP 503'),gif.anime2 実GIFアーカイブ
gif_anime2_0127_00054,gif_anime2,https://gif.anime2.net/wp/wp-content/uploads/2018/02/Gifsmith-5f05721c-26.gif,https://gif.anime2.net/tag/%E3%83%97%E3%83%BC%E3%83%AB,RuntimeError('HTTP 503'),gif.anime2 実GIFアーカイブ
gif_anime2_0127_00058,gif_anime2,https://gif.anime2.net/wp/wp-content/uploads/2017/08/Gifsmith-5f05721c-18.gif,https://gif.anime2.net/tag/%E3%83%97%E3%83%BC%E3%83%AB,RuntimeError('HTTP 503'),gif.anime2 実GIFアーカイブ
gif_anime2_0127_00059,gif_anime2,https://gif.anime2.net/wp/wp-content/uploads/2017/07/Gifsmith-5f05721c-22-1.gif,https://gif.anime2.net/tag/%E3%83%97%E3%83%BC%E3%83%AB,RuntimeError('HTTP 503'),gif.anime2 実GIFアーカイブ
gif_anime2_0127_00060,gif_anime2,https://gif.anime2.net/wp/wp-content/uploads/2017/07/Gifsmith-5f05721c-18.gif,https://gif.anime2.net/tag/%E3%83%97%E3%83%BC%E3%83%AB,RuntimeError('HTTP 503'),gif.anime2 実GIFアーカイブ
gif_anime2_0127_00061,gif_anime2,https://gif.anime2.net/wp/wp-content/uploads/2017/07/Gifsmith-5f05721c-14.gif,https://gif.anime2.net/tag/%E3%83%97%E3%83%BC%E3%83%AB,RuntimeError('HTTP 503'),gif.anime2 実GIFアーカイブ
gif_anime2_0128_00003,gif_anime2,https://gif.anime2.net/wp/wp-content/uploads/2017/04/Gifsmith-5f05721c-4-thumb.jpg,https://gif.anime2.net/tag/%E3%82%AF%E3%83%AA%E3%82%B9%E3%83%9E%E3%82%B9,RuntimeError('HTTP 503'),gif.anime2 実GIFアーカイブ
gif_anime2_0128_00004,gif_anime2,https://gif.anime2.net/wp/wp-content/uploads/2016/12/Gifsmith-d3d27d3c-53-thumb.jpg,https://gif.anime2.net/tag/%E3%82%AF%E3%83%AA%E3%82%B9%E3%83%9E%E3%82%B9,RuntimeError('HTTP 503'),gif.anime2 実GIFアーカイブ
gif_anime2_0128_00006,gif_anime2,https://gif.anime2.net/wp/wp-content/uploads/2016/12/Gifsmith-58c427c5-45-thumb.jpg,https://gif.anime2.net/tag/%E3%82%AF%E3%83%AA%E3%82%B9%E3%83%9E%E3%82%B9,RuntimeError('HTTP 503'),gif.anime2 実GIFアーカイブ
gif_anime2_0128_00005,gif_anime2,https://gif.anime2.net/wp/wp-content/uploads/2016/12/Gifsmith-6db1a96b-48-thumb.jpg,https://gif.anime2.net/tag/%E3%82%AF%E3%83%AA%E3%82%B9%E3%83%9E%E3%82%B9,RuntimeError('HTTP 503'),gif.anime2 実GIFアーカイブ
gif_anime2_0128_00007,gif_anime2,https://gif.anime2.net/wp/wp-content/uploads/2016/12/Gifsmith-2765684e-42-thumb.jpg,https://gif.anime2.net/tag/%E3%82%AF%E3%83%AA%E3%82%B9%E3%83%9E%E3%82%B9,RuntimeError('HTTP 503'),gif.anime2 実GIFアーカイブ
gif_anime2_0128_00008,gif_anime2,https://gif.anime2.net/wp/wp-content/uploads/2016/12/Gifsmith-be1809a8-39-thumb.jpg,https://gif.anime2.net/tag/%E3%82%AF%E3%83%AA%E3%82%B9%E3%83%9E%E3%82%B9,RuntimeError('HTTP 503'),gif.anime2 実GIFアーカイブ
gif_anime2_0128_00009,gif_anime2,https://gif.anime2.net/wp/wp-content/uploads/2016/12/Gifsmith-bed40887-36-thumb.jpg,https://gif.anime2.net/tag/%E3%82%AF%E3%83%AA%E3%82%B9%E3%83%9E%E3%82%B9,RuntimeError('HTTP 503'),gif.anime2 実GIFアーカイブ
gif_anime2_0128_00010,gif_anime2,https://gif.anime2.net/wp/wp-content/uploads/2016/12/Gifsmith-079e38cf-33-thumb.jpg,https://gif.anime2.net/tag/%E3%82%AF%E3%83%AA%E3%82%B9%E3%83%9E%E3%82%B9,RuntimeError('HTTP 503'),gif.anime2 実GIFアーカイブ
gif_anime2_0128_00011,gif_anime2,https://gif.anime2.net/wp/wp-content/uploads/2016/12/Gifsmith-2d37194d-29-thumb.jpg,https://gif.anime2.net/tag/%E3%82%AF%E3%83%AA%E3%82%B9%E3%83%9E%E3%82%B9,RuntimeError('HTTP 503'),gif.anime2 実GIFアーカイブ
gif_anime2_0128_00013,gif_anime2,https://gif.anime2.net/wp/wp-content/uploads/2016/12/Gifsmith-09932738-23-thumb.jpg,https://gif.anime2.net/tag/%E3%82%AF%E3%83%AA%E3%82%B9%E3%83%9E%E3%82%B9,RuntimeError('HTTP 503'),gif.anime2 実GIFアーカイブ
gif_anime2_0128_00014,gif_anime2,https://gif.anime2.net/wp/wp-content/uploads/2016/12/Gifsmith-1d0635b7-20-thumb.jpg,https://gif.anime2.net/tag/%E3%82%AF%E3%83%AA%E3%82%B9%E3%83%9E%E3%82%B9,RuntimeError('HTTP 503'),gif.anime2 実GIFアーカイブ
gif_anime2_0128_00015,gif_anime2,https://gif.anime2.net/wp/wp-content/uploads/2016/12/Gifsmith-e33a43ff-17-thumb.jpg,https://gif.anime2.net/tag/%E3%82%AF%E3%83%AA%E3%82%B9%E3%83%9E%E3%82%B9,RuntimeError('HTTP 503'),gif.anime2 実GIFアーカイブ
gif_anime2_0128_00016,gif_anime2,https://gif.anime2.net/wp/wp-content/uploads/2016/12/Gifsmith-a4ca9a18-15-thumb.jpg,https://gif.anime2.net/tag/%E3%82%AF%E3%83%AA%E3%82%B9%E3%83%9E%E3%82%B9,RuntimeError('HTTP 503'),gif.anime2 実GIFアーカイブ
gif_anime2_0128_00020,gif_anime2,https://gif.anime2.net/wp/wp-content/uploads/2016/12/Gifsmith-8b554de3-3-thumb.jpg,https://gif.anime2.net/tag/%E3%82%AF%E3%83%AA%E3%82%B9%E3%83%9E%E3%82%B9,RuntimeError('HTTP 503'),gif.anime2 実GIFアーカイブ
gif_anime2_0128_00017,gif_anime2,https://gif.anime2.net/wp/wp-content/uploads/2016/12/Gifsmith-a971dc2a-12-thumb.jpg,https://gif.anime2.net/tag/%E3%82%AF%E3%83%AA%E3%82%B9%E3%83%9E%E3%82%B9,RuntimeError('HTTP 503'),gif.anime2 実GIFアーカイブ
gif_anime2_0128_00021,gif_anime2,https://gif.anime2.net/wp/wp-content/uploads/2016/12/Gifsmith-ad30ba5f-23-thumb.jpg,https://gif.anime2.net/tag/%E3%82%AF%E3%83%AA%E3%82%B9%E3%83%9E%E3%82%B9,RuntimeError('HTTP 503'),gif.anime2 実GIFアーカイブ
gif_anime2_0128_00018,gif_anime2,https://gif.anime2.net/wp/wp-content/uploads/2016/12/Gifsmith-31c029ce-9-thumb.jpg,https://gif.anime2.net/tag/%E3%82%AF%E3%83%AA%E3%82%B9%E3%83%9E%E3%82%B9,RuntimeError('HTTP 503'),gif.anime2 実GIFアーカイブ
gif_anime2_0128_00044,gif_anime2,https://gif.anime2.net/wp/wp-content/uploads/2016/12/Gifsmith-d3d27d3c-53.gif,https://gif.anime2.net/tag/%E3%82%AF%E3%83%AA%E3%82%B9%E3%83%9E%E3%82%B9,RuntimeError('HTTP 503'),gif.anime2 実GIFアーカイブ
gif_anime2_0128_00045,gif_anime2,https://gif.anime2.net/wp/wp-content/uploads/2016/12/Gifsmith-6db1a96b-48.gif,https://gif.anime2.net/tag/%E3%82%AF%E3%83%AA%E3%82%B9%E3%83%9E%E3%82%B9,RuntimeError('HTTP 503'),gif.anime2 実GIFアーカイブ
gif_anime2_0128_00043,gif_anime2,https://gif.anime2.net/wp/wp-content/uploads/2017/04/Gifsmith-5f05721c-4.gif,https://gif.anime2.net/tag/%E3%82%AF%E3%83%AA%E3%82%B9%E3%83%9E%E3%82%B9,RuntimeError('HTTP 503'),gif.anime2 実GIFアーカイブ
gif_anime2_0128_00047,gif_anime2,https://gif.anime2.net/wp/wp-content/uploads/2016/12/Gifsmith-2765684e-42.gif,https://gif.anime2.net/tag/%E3%82%AF%E3%83%AA%E3%82%B9%E3%83%9E%E3%82%B9,RuntimeError('HTTP 503'),gif.anime2 実GIFアーカイブ
gif_anime2_0128_00046,gif_anime2,https://gif.anime2.net/wp/wp-content/uploads/2016/12/Gifsmith-58c427c5-45.gif,https://gif.anime2.net/tag/%E3%82%AF%E3%83%AA%E3%82%B9%E3%83%9E%E3%82%B9,RuntimeError('HTTP 503'),gif.anime2 実GIFアーカイブ
gif_anime2_0128_00048,gif_anime2,https://gif.anime2.net/wp/wp-content/uploads/2016/12/Gifsmith-be1809a8-39.gif,https://gif.anime2.net/tag/%E3%82%AF%E3%83%AA%E3%82%B9%E3%83%9E%E3%82%B9,RuntimeError('HTTP 503'),gif.anime2 実GIFアーカイブ
gif_anime2_0128_00049,gif_anime2,https://gif.anime2.net/wp/wp-content/uploads/2016/12/Gifsmith-bed40887-36.gif,https://gif.anime2.net/tag/%E3%82%AF%E3%83%AA%E3%82%B9%E3%83%9E%E3%82%B9,RuntimeError('HTTP 503'),gif.anime2 実GIFアーカイブ
gif_anime2_0128_00050,gif_anime2,https://gif.anime2.net/wp/wp-content/uploads/2016/12/Gifsmith-079e38cf-33.gif,https://gif.anime2.net/tag/%E3%82%AF%E3%83%AA%E3%82%B9%E3%83%9E%E3%82%B9,RuntimeError('HTTP 503'),gif.anime2 実GIFアーカイブ
gif_anime2_0128_00051,gif_anime2,https://gif.anime2.net/wp/wp-content/uploads/2016/12/Gifsmith-2d37194d-29.gif,https://gif.anime2.net/tag/%E3%82%AF%E3%83%AA%E3%82%B9%E3%83%9E%E3%82%B9,RuntimeError('HTTP 503'),gif.anime2 実GIFアーカイブ
gif_anime2_0128_00052,gif_anime2,https://gif.anime2.net/wp/wp-content/uploads/2016/12/Gifsmith-fd87d077-26.gif,https://gif.anime2.net/tag/%E3%82%AF%E3%83%AA%E3%82%B9%E3%83%9E%E3%82%B9,RuntimeError('HTTP 503'),gif.anime2 実GIFアーカイブ
gif_anime2_0128_00053,gif_anime2,https://gif.anime2.net/wp/wp-content/uploads/2016/12/Gifsmith-09932738-23.gif,https://gif.anime2.net/tag/%E3%82%AF%E3%83%AA%E3%82%B9%E3%83%9E%E3%82%B9,RuntimeError('HTTP 503'),gif.anime2 実GIFアーカイブ
gif_anime2_0128_00054,gif_anime2,https://gif.anime2.net/wp/wp-content/uploads/2016/12/Gifsmith-1d0635b7-20.gif,https://gif.anime2.net/tag/%E3%82%AF%E3%83%AA%E3%82%B9%E3%83%9E%E3%82%B9,RuntimeError('HTTP 503'),gif.anime2 実GIFアーカイブ
gif_anime2_0128_00055,gif_anime2,https://gif.anime2.net/wp/wp-content/uploads/2016/12/Gifsmith-e33a43ff-17.gif,https://gif.anime2.net/tag/%E3%82%AF%E3%83%AA%E3%82%B9%E3%83%9E%E3%82%B9,RuntimeError('HTTP 503'),gif.anime2 実GIFアーカイブ
gif_anime2_0128_00056,gif_anime2,https://gif.anime2.net/wp/wp-content/uploads/2016/12/Gifsmith-a4ca9a18-15.gif,https://gif.anime2.net/tag/%E3%82%AF%E3%83%AA%E3%82%B9%E3%83%9E%E3%82%B9,RuntimeError('HTTP 503'),gif.anime2 実GIFアーカイブ
gif_anime2_0128_00057,gif_anime2,https://gif.anime2.net/wp/wp-content/uploads/2016/12/Gifsmith-a971dc2a-12.gif,https://gif.anime2.net/tag/%E3%82%AF%E3%83%AA%E3%82%B9%E3%83%9E%E3%82%B9,RuntimeError('HTTP 503'),gif.anime2 実GIFアーカイブ
gif_anime2_0128_00058,gif_anime2,https://gif.anime2.net/wp/wp-content/uploads/2016/12/Gifsmith-31c029ce-9.gif,https://gif.anime2.net/tag/%E3%82%AF%E3%83%AA%E3%82%B9%E3%83%9E%E3%82%B9,RuntimeError('HTTP 503'),gif.anime2 実GIFアーカイブ
gif_anime2_0128_00061,gif_anime2,https://gif.anime2.net/wp/wp-content/uploads/2016/12/Gifsmith-ad30ba5f-23.gif,https://gif.anime2.net/tag/%E3%82%AF%E3%83%AA%E3%82%B9%E3%83%9E%E3%82%B9,RuntimeError('HTTP 503'),gif.anime2 実GIFアーカイブ
gif_anime2_0129_00001,gif_anime2,https://gif.anime2.net/wp/wp-content/uploads/2018/05/Gifsmith-d7d55a8d-0-thumb.jpg,https://gif.anime2.net/tag/%E3%81%86%E3%81%95%E3%81%8E,RuntimeError('HTTP 503'),gif.anime2 実GIFアーカイブ
gif_anime2_0128_00060,gif_anime2,https://gif.anime2.net/wp/wp-content/uploads/2016/12/Gifsmith-8b554de3-3.gif,https://gif.anime2.net/tag/%E3%82%AF%E3%83%AA%E3%82%B9%E3%83%9E%E3%82%B9,RuntimeError('HTTP 503'),gif.anime2 実GIFアーカイブ
gif_anime2_0129_00003,gif_anime2,https://gif.anime2.net/wp/wp-content/uploads/2018/05/3b0ccf90-thumb.jpg,https://gif.anime2.net/tag/%E3%81%86%E3%81%95%E3%81%8E,RuntimeError('HTTP 503'),gif.anime2 実GIFアーカイブ
gif_anime2_0129_00006,gif_anime2,https://gif.anime2.net/wp/wp-content/uploads/2017/11/Gifsmith-460eae85-0-thumb.jpg,https://gif.anime2.net/tag/%E3%81%86%E3%81%95%E3%81%8E,RuntimeError('HTTP 503'),gif.anime2 実GIFアーカイブ
gif_anime2_0129_00005,gif_anime2,https://gif.anime2.net/wp/wp-content/uploads/2018/01/Gifsmith-de10a668-0-thumb.jpg,https://gif.anime2.net/tag/%E3%81%86%E3%81%95%E3%81%8E,RuntimeError('HTTP 503'),gif.anime2 実GIFアーカイブ
gif_anime2_0129_00004,gif_anime2,https://gif.anime2.net/wp/wp-content/uploads/2018/04/Gifsmith-3206d3a1-22-thumb.jpg,https://gif.anime2.net/tag/%E3%81%86%E3%81%95%E3%81%8E,RuntimeError('HTTP 503'),gif.anime2 実GIFアーカイブ
gif_anime2_0129_00007,gif_anime2,https://gif.anime2.net/wp/wp-content/uploads/2017/11/Gifsmith-bda09e78-0-thumb.jpg,https://gif.anime2.net/tag/%E3%81%86%E3%81%95%E3%81%8E,RuntimeError('HTTP 503'),gif.anime2 実GIFアーカイブ
gif_anime2_0129_00008,gif_anime2,https://gif.anime2.net/wp/wp-content/uploads/2017/11/Gifsmith-23c6ddfc-0-thumb.jpg,https://gif.anime2.net/tag/%E3%81%86%E3%81%95%E3%81%8E,RuntimeError('HTTP 503'),gif.anime2 実GIFアーカイブ
gif_anime2_0129_00009,gif_anime2,https://gif.anime2.net/wp/wp-content/uploads/2017/10/Gifsmith-e9099cea-0-thumb.jpg,https://gif.anime2.net/tag/%E3%81%86%E3%81%95%E3%81%8E,RuntimeError('HTTP 503'),gif.anime2 実GIFアーカイブ
gif_anime2_0129_00010,gif_anime2,https://gif.anime2.net/wp/wp-content/uploads/2017/09/Gifsmith-5f05721c-3-5-thumb.jpg,https://gif.anime2.net/tag/%E3%81%86%E3%81%95%E3%81%8E,RuntimeError('HTTP 503'),gif.anime2 実GIFアーカイブ
gif_anime2_0129_00012,gif_anime2,https://gif.anime2.net/wp/wp-content/uploads/2017/07/Gifsmith-5f05721c-7-6-thumb.jpg,https://gif.anime2.net/tag/%E3%81%86%E3%81%95%E3%81%8E,RuntimeError('HTTP 503'),gif.anime2 実GIFアーカイブ
gif_anime2_0129_00013,gif_anime2,https://gif.anime2.net/wp/wp-content/uploads/2017/04/Gifsmith-691da691-0-thumb.jpg,https://gif.anime2.net/tag/%E3%81%86%E3%81%95%E3%81%8E,RuntimeError('HTTP 503'),gif.anime2 実GIFアーカイブ
gif_anime2_0129_00015,gif_anime2,https://gif.anime2.net/wp/wp-content/uploads/2017/03/Gifsmith-ddea7c3a-0-thumb.jpg,https://gif.anime2.net/tag/%E3%81%86%E3%81%95%E3%81%8E,RuntimeError('HTTP 503'),gif.anime2 実GIFアーカイブ
gif_anime2_0129_00016,gif_anime2,https://gif.anime2.net/wp/wp-content/uploads/2017/01/Gifsmith-f01739ba-0-thumb.jpg,https://gif.anime2.net/tag/%E3%81%86%E3%81%95%E3%81%8E,RuntimeError('HTTP 503'),gif.anime2 実GIFアーカイブ
gif_anime2_0129_00019,gif_anime2,https://gif.anime2.net/wp/wp-content/uploads/2016/10/Gifsmith-a3d58e1e-0-thumb.jpg,https://gif.anime2.net/tag/%E3%81%86%E3%81%95%E3%81%8E,RuntimeError('HTTP 503'),gif.anime2 実GIFアーカイブ
gif_anime2_0129_00018,gif_anime2,https://gif.anime2.net/wp/wp-content/uploads/2016/12/Gifsmith-cadd4796-0-thumb.jpg,https://gif.anime2.net/tag/%E3%81%86%E3%81%95%E3%81%8E,RuntimeError('HTTP 503'),gif.anime2 実GIFアーカイブ
gif_anime2_0129_00017,gif_anime2,https://gif.anime2.net/wp/wp-content/uploads/2016/12/Gifsmith-3855262d-4-thumb.jpg,https://gif.anime2.net/tag/%E3%81%86%E3%81%95%E3%81%8E,RuntimeError('HTTP 503'),gif.anime2 実GIFアーカイブ
gif_anime2_0129_00021,gif_anime2,https://gif.anime2.net/wp/wp-content/uploads/2016/10/Gifsmith-a055bba5-0-thumb.jpg,https://gif.anime2.net/tag/%E3%81%86%E3%81%95%E3%81%8E,RuntimeError('HTTP 503'),gif.anime2 実GIFアーカイブ
gif_anime2_0129_00020,gif_anime2,https://gif.anime2.net/wp/wp-content/uploads/2016/10/Gifsmith-73657257-0-thumb.jpg,https://gif.anime2.net/tag/%E3%81%86%E3%81%95%E3%81%8E,RuntimeError('HTTP 503'),gif.anime2 実GIFアーカイブ
gif_anime2_0129_00044,gif_anime2,https://gif.anime2.net/wp/wp-content/uploads/2018/04/Gifsmith-3206d3a1-22.gif,https://gif.anime2.net/tag/%E3%81%86%E3%81%95%E3%81%8E,RuntimeError('HTTP 503'),gif.anime2 実GIFアーカイブ
gif_anime2_0129_00043,gif_anime2,https://gif.anime2.net/wp/wp-content/uploads/2018/05/3b0ccf90.gif,https://gif.anime2.net/tag/%E3%81%86%E3%81%95%E3%81%8E,RuntimeError('HTTP 503'),gif.anime2 実GIFアーカイブ
gif_anime2_0129_00041,gif_anime2,https://gif.anime2.net/wp/wp-content/uploads/2018/05/Gifsmith-d7d55a8d-0.gif,https://gif.anime2.net/tag/%E3%81%86%E3%81%95%E3%81%8E,RuntimeError('HTTP 503'),gif.anime2 実GIFアーカイブ
gif_anime2_0129_00045,gif_anime2,https://gif.anime2.net/wp/wp-content/uploads/2018/01/Gifsmith-de10a668-0.gif,https://gif.anime2.net/tag/%E3%81%86%E3%81%95%E3%81%8E,RuntimeError('HTTP 503'),gif.anime2 実GIFアーカイブ
gif_anime2_0129_00046,gif_anime2,https://gif.anime2.net/wp/wp-content/uploads/2017/11/Gifsmith-460eae85-0.gif,https://gif.anime2.net/tag/%E3%81%86%E3%81%95%E3%81%8E,RuntimeError('HTTP 503'),gif.anime2 実GIFアーカイブ
gif_anime2_0129_00047,gif_anime2,https://gif.anime2.net/wp/wp-content/uploads/2017/11/Gifsmith-bda09e78-0.gif,https://gif.anime2.net/tag/%E3%81%86%E3%81%95%E3%81%8E,RuntimeError('HTTP 503'),gif.anime2 実GIFアーカイブ
gif_anime2_0129_00048,gif_anime2,https://gif.anime2.net/wp/wp-content/uploads/2017/11/Gifsmith-23c6ddfc-0.gif,https://gif.anime2.net/tag/%E3%81%86%E3%81%95%E3%81%8E,RuntimeError('HTTP 503'),gif.anime2 実GIFアーカイブ
gif_anime2_0129_00050,gif_anime2,https://gif.anime2.net/wp/wp-content/uploads/2017/09/Gifsmith-5f05721c-3-5.gif,https://gif.anime2.net/tag/%E3%81%86%E3%81%95%E3%81%8E,RuntimeError('HTTP 503'),gif.anime2 実GIFアーカイブ
gif_anime2_0129_00052,gif_anime2,https://gif.anime2.net/wp/wp-content/uploads/2017/07/Gifsmith-5f05721c-7-6.gif,https://gif.anime2.net/tag/%E3%81%86%E3%81%95%E3%81%8E,RuntimeError('HTTP 503'),gif.anime2 実GIFアーカイブ
gif_anime2_0129_00053,gif_anime2,https://gif.anime2.net/wp/wp-content/uploads/2017/04/Gifsmith-691da691-0.gif,https://gif.anime2.net/tag/%E3%81%86%E3%81%95%E3%81%8E,RuntimeError('HTTP 503'),gif.anime2 実GIFアーカイブ
gif_anime2_0129_00054,gif_anime2,https://gif.anime2.net/wp/wp-content/uploads/2017/04/Gifsmith-5f05721c-16-4.gif,https://gif.anime2.net/tag/%E3%81%86%E3%81%95%E3%81%8E,RuntimeError('HTTP 503'),gif.anime2 実GIFアーカイブ
gif_anime2_0129_00055,gif_anime2,https://gif.anime2.net/wp/wp-content/uploads/2017/03/Gifsmith-ddea7c3a-0.gif,https://gif.anime2.net/tag/%E3%81%86%E3%81%95%E3%81%8E,RuntimeError('HTTP 503'),gif.anime2 実GIFアーカイブ
gif_anime2_0129_00057,gif_anime2,https://gif.anime2.net/wp/wp-content/uploads/2016/12/Gifsmith-3855262d-4.gif,https://gif.anime2.net/tag/%E3%81%86%E3%81%95%E3%81%8E,RuntimeError('HTTP 503'),gif.anime2 実GIFアーカイブ
gif_anime2_0129_00056,gif_anime2,https://gif.anime2.net/wp/wp-content/uploads/2017/01/Gifsmith-f01739ba-0.gif,https://gif.anime2.net/tag/%E3%81%86%E3%81%95%E3%81%8E,RuntimeError('HTTP 503'),gif.anime2 実GIFアーカイブ
gif_anime2_0129_00059,gif_anime2,https://gif.anime2.net/wp/wp-content/uploads/2016/10/Gifsmith-a3d58e1e-0.gif,https://gif.anime2.net/tag/%E3%81%86%E3%81%95%E3%81%8E,RuntimeError('HTTP 503'),gif.anime2 実GIFアーカイブ
gif_anime2_0129_00058,gif_anime2,https://gif.anime2.net/wp/wp-content/uploads/2016/12/Gifsmith-cadd4796-0.gif,https://gif.anime2.net/tag/%E3%81%86%E3%81%95%E3%81%8E,RuntimeError('HTTP 503'),gif.anime2 実GIFアーカイブ
gif_anime2_0129_00060,gif_anime2,https://gif.anime2.net/wp/wp-content/uploads/2016/10/Gifsmith-73657257-0.gif,https://gif.anime2.net/tag/%E3%81%86%E3%81%95%E3%81%8E,RuntimeError('HTTP 503'),gif.anime2 実GIFアーカイブ
gif_anime2_0130_00003,gif_anime2,https://gif.anime2.net/wp/wp-content/uploads/2018/07/Gifsmith-66da77b2-3-thumb.jpg,https://gif.anime2.net/tag/%E3%83%AB%E3%83%BC%E3%83%A0%E3%83%A9%E3%83%B3%E3%83%8A%E3%83%BC,RuntimeError('HTTP 503'),gif.anime2 実GIFアーカイブ
gif_anime2_0129_00061,gif_anime2,https://gif.anime2.net/wp/wp-content/uploads/2016/10/Gifsmith-a055bba5-0.gif,https://gif.anime2.net/tag/%E3%81%86%E3%81%95%E3%81%8E,RuntimeError('HTTP 503'),gif.anime2 実GIFアーカイブ
gif_anime2_0130_00004,gif_anime2,https://gif.anime2.net/wp/wp-content/uploads/2018/06/Gifsmith-d090b8b0-3-thumb.jpg,https://gif.anime2.net/tag/%E3%83%AB%E3%83%BC%E3%83%A0%E3%83%A9%E3%83%B3%E3%83%8A%E3%83%BC,RuntimeError('HTTP 503'),gif.anime2 実GIFアーカイブ
gif_anime2_0130_00006,gif_anime2,https://gif.anime2.net/wp/wp-content/uploads/2017/10/Gifsmith-e647af3e-0-thumb.jpg,https://gif.anime2.net/tag/%E3%83%AB%E3%83%BC%E3%83%A0%E3%83%A9%E3%83%B3%E3%83%8A%E3%83%BC,RuntimeError('HTTP 503'),gif.anime2 実GIFアーカイブ
gif_anime2_0130_00005,gif_anime2,https://gif.anime2.net/wp/wp-content/uploads/2017/12/Gifsmith-5f05721c-9-thumb.jpg,https://gif.anime2.net/tag/%E3%83%AB%E3%83%BC%E3%83%A0%E3%83%A9%E3%83%B3%E3%83%8A%E3%83%BC,RuntimeError('HTTP 503'),gif.anime2 実GIFアーカイブ
gif_anime2_0130_00007,gif_anime2,https://gif.anime2.net/wp/wp-content/uploads/2017/07/Gifsmith-5f05721c-11-1-thumb.jpg,https://gif.anime2.net/tag/%E3%83%AB%E3%83%BC%E3%83%A0%E3%83%A9%E3%83%B3%E3%83%8A%E3%83%BC,RuntimeError('HTTP 503'),gif.anime2 実GIFアーカイブ
gif_anime2_0130_00008,gif_anime2,https://gif.anime2.net/wp/wp-content/uploads/2017/05/Gifsmith-f78492f0-3-1-thumb.jpg,https://gif.anime2.net/tag/%E3%83%AB%E3%83%BC%E3%83%A0%E3%83%A9%E3%83%B3%E3%83%8A%E3%83%BC,RuntimeError('HTTP 503'),gif.anime2 実GIFアーカイブ
gif_anime2_0130_00009,gif_anime2,https://gif.anime2.net/wp/wp-content/uploads/2017/05/Gifsmith-068ae405-9-thumb.jpg,https://gif.anime2.net/tag/%E3%83%AB%E3%83%BC%E3%83%A0%E3%83%A9%E3%83%B3%E3%83%8A%E3%83%BC,RuntimeError('HTTP 503'),gif.anime2 実GIFアーカイブ
gif_anime2_0130_00010,gif_anime2,https://gif.anime2.net/wp/wp-content/uploads/2017/02/Gifsmith-e6cece6f-16-thumb.jpg,https://gif.anime2.net/tag/%E3%83%AB%E3%83%BC%E3%83%A0%E3%83%A9%E3%83%B3%E3%83%8A%E3%83%BC,RuntimeError('HTTP 503'),gif.anime2 実GIFアーカイブ
gif_anime2_0130_00012,gif_anime2,https://gif.anime2.net/wp/wp-content/uploads/2017/02/Gifsmith-18fc5e0c-6-thumb.jpg,https://gif.anime2.net/tag/%E3%83%AB%E3%83%BC%E3%83%A0%E3%83%A9%E3%83%B3%E3%83%8A%E3%83%BC,RuntimeError('HTTP 503'),gif.anime2 実GIFアーカイブ
gif_anime2_0130_00011,gif_anime2,https://gif.anime2.net/wp/wp-content/uploads/2017/02/Gifsmith-d92fcc17-6-thumb.jpg,https://gif.anime2.net/tag/%E3%83%AB%E3%83%BC%E3%83%A0%E3%83%A9%E3%83%B3%E3%83%8A%E3%83%BC,RuntimeError('HTTP 503'),gif.anime2 実GIFアーカイブ
gif_anime2_0130_00014,gif_anime2,https://gif.anime2.net/wp/wp-content/uploads/2017/01/Gifsmith-45a5cd4f-18-thumb.jpg,https://gif.anime2.net/tag/%E3%83%AB%E3%83%BC%E3%83%A0%E3%83%A9%E3%83%B3%E3%83%8A%E3%83%BC,RuntimeError('HTTP 503'),gif.anime2 実GIFアーカイブ
gif_anime2_0130_00015,gif_anime2,https://gif.anime2.net/wp/wp-content/uploads/2016/12/Gifsmith-45d52196-29-thumb.jpg,https://gif.anime2.net/tag/%E3%83%AB%E3%83%BC%E3%83%A0%E3%83%A9%E3%83%B3%E3%83%8A%E3%83%BC,RuntimeError('HTTP 503'),gif.anime2 実GIFアーカイブ
gif_anime2_0130_00016,gif_anime2,https://gif.anime2.net/wp/wp-content/uploads/2016/12/Gifsmith-81b9b3f1-0-thumb.jpg,https://gif.anime2.net/tag/%E3%83%AB%E3%83%BC%E3%83%A0%E3%83%A9%E3%83%B3%E3%83%8A%E3%83%BC,RuntimeError('HTTP 503'),gif.anime2 実GIFアーカイブ
gif_anime2_0130_00017,gif_anime2,https://gif.anime2.net/wp/wp-content/uploads/2016/12/Gifsmith-6ac69a6f-16-thumb.jpg,https://gif.anime2.net/tag/%E3%83%AB%E3%83%BC%E3%83%A0%E3%83%A9%E3%83%B3%E3%83%8A%E3%83%BC,RuntimeError('HTTP 503'),gif.anime2 実GIFアーカイブ
gif_anime2_0130_00018,gif_anime2,https://gif.anime2.net/wp/wp-content/uploads/2016/12/Gifsmith-75b6d2f0-0-thumb.jpg,https://gif.anime2.net/tag/%E3%83%AB%E3%83%BC%E3%83%A0%E3%83%A9%E3%83%B3%E3%83%8A%E3%83%BC,RuntimeError('HTTP 503'),gif.anime2 実GIFアーカイブ
gif_anime2_0130_00020,gif_anime2,https://gif.anime2.net/wp/wp-content/uploads/2016/11/Gifsmith-289ef822-6-thumb.jpg,https://gif.anime2.net/tag/%E3%83%AB%E3%83%BC%E3%83%A0%E3%83%A9%E3%83%B3%E3%83%8A%E3%83%BC,RuntimeError('HTTP 503'),gif.anime2 実GIFアーカイブ
gif_anime2_0130_00021,gif_anime2,https://gif.anime2.net/wp/wp-content/uploads/2016/11/Gifsmith-aa22e496-0-thumb.jpg,https://gif.anime2.net/tag/%E3%83%AB%E3%83%BC%E3%83%A0%E3%83%A9%E3%83%B3%E3%83%8A%E3%83%BC,RuntimeError('HTTP 503'),gif.anime2 実GIFアーカイブ
gif_anime2_0130_00043,gif_anime2,https://gif.anime2.net/wp/wp-content/uploads/2018/07/Gifsmith-66da77b2-3.gif,https://gif.anime2.net/tag/%E3%83%AB%E3%83%BC%E3%83%A0%E3%83%A9%E3%83%B3%E3%83%8A%E3%83%BC,RuntimeError('HTTP 503'),gif.anime2 実GIFアーカイブ
gif_anime2_0130_00044,gif_anime2,https://gif.anime2.net/wp/wp-content/uploads/2018/06/Gifsmith-d090b8b0-3.gif,https://gif.anime2.net/tag/%E3%83%AB%E3%83%BC%E3%83%A0%E3%83%A9%E3%83%B3%E3%83%8A%E3%83%BC,RuntimeError('HTTP 503'),gif.anime2 実GIFアーカイブ
gif_anime2_0130_00045,gif_anime2,https://gif.anime2.net/wp/wp-content/uploads/2017/12/Gifsmith-5f05721c-9.gif,https://gif.anime2.net/tag/%E3%83%AB%E3%83%BC%E3%83%A0%E3%83%A9%E3%83%B3%E3%83%8A%E3%83%BC,RuntimeError('HTTP 503'),gif.anime2 実GIFアーカイブ
gif_anime2_0130_00046,gif_anime2,https://gif.anime2.net/wp/wp-content/uploads/2017/10/Gifsmith-e647af3e-0.gif,https://gif.anime2.net/tag/%E3%83%AB%E3%83%BC%E3%83%A0%E3%83%A9%E3%83%B3%E3%83%8A%E3%83%BC,RuntimeError('HTTP 503'),gif.anime2 実GIFアーカイブ
gif_anime2_0130_00047,gif_anime2,https://gif.anime2.net/wp/wp-content/uploads/2017/07/Gifsmith-5f05721c-11-1.gif,https://gif.anime2.net/tag/%E3%83%AB%E3%83%BC%E3%83%A0%E3%83%A9%E3%83%B3%E3%83%8A%E3%83%BC,RuntimeError('HTTP 503'),gif.anime2 実GIFアーカイブ
gif_anime2_0130_00048,gif_anime2,https://gif.anime2.net/wp/wp-content/uploads/2017/05/Gifsmith-f78492f0-3-1.gif,https://gif.anime2.net/tag/%E3%83%AB%E3%83%BC%E3%83%A0%E3%83%A9%E3%83%B3%E3%83%8A%E3%83%BC,RuntimeError('HTTP 503'),gif.anime2 実GIFアーカイブ
gif_anime2_0130_00050,gif_anime2,https://gif.anime2.net/wp/wp-content/uploads/2017/02/Gifsmith-e6cece6f-16.gif,https://gif.anime2.net/tag/%E3%83%AB%E3%83%BC%E3%83%A0%E3%83%A9%E3%83%B3%E3%83%8A%E3%83%BC,RuntimeError('HTTP 503'),gif.anime2 実GIFアーカイブ
gif_anime2_0130_00051,gif_anime2,https://gif.anime2.net/wp/wp-content/uploads/2017/02/Gifsmith-d92fcc17-6.gif,https://gif.anime2.net/tag/%E3%83%AB%E3%83%BC%E3%83%A0%E3%83%A9%E3%83%B3%E3%83%8A%E3%83%BC,RuntimeError('HTTP 503'),gif.anime2 実GIFアーカイブ
gif_anime2_0130_00049,gif_anime2,https://gif.anime2.net/wp/wp-content/uploads/2017/05/Gifsmith-068ae405-9.gif,https://gif.anime2.net/tag/%E3%83%AB%E3%83%BC%E3%83%A0%E3%83%A9%E3%83%B3%E3%83%8A%E3%83%BC,RuntimeError('HTTP 503'),gif.anime2 実GIFアーカイブ
gif_anime2_0130_00054,gif_anime2,https://gif.anime2.net/wp/wp-content/uploads/2017/01/Gifsmith-45a5cd4f-18.gif,https://gif.anime2.net/tag/%E3%83%AB%E3%83%BC%E3%83%A0%E3%83%A9%E3%83%B3%E3%83%8A%E3%83%BC,RuntimeError('HTTP 503'),gif.anime2 実GIFアーカイブ
gif_anime2_0130_00052,gif_anime2,https://gif.anime2.net/wp/wp-content/uploads/2017/02/Gifsmith-18fc5e0c-6.gif,https://gif.anime2.net/tag/%E3%83%AB%E3%83%BC%E3%83%A0%E3%83%A9%E3%83%B3%E3%83%8A%E3%83%BC,RuntimeError('HTTP 503'),gif.anime2 実GIFアーカイブ
gif_anime2_0130_00055,gif_anime2,https://gif.anime2.net/wp/wp-content/uploads/2016/12/Gifsmith-45d52196-29.gif,https://gif.anime2.net/tag/%E3%83%AB%E3%83%BC%E3%83%A0%E3%83%A9%E3%83%B3%E3%83%8A%E3%83%BC,RuntimeError('HTTP 503'),gif.anime2 実GIFアーカイブ
gif_anime2_0130_00056,gif_anime2,https://gif.anime2.net/wp/wp-content/uploads/2016/12/Gifsmith-81b9b3f1-0.gif,https://gif.anime2.net/tag/%E3%83%AB%E3%83%BC%E3%83%A0%E3%83%A9%E3%83%B3%E3%83%8A%E3%83%BC,RuntimeError('HTTP 503'),gif.anime2 実GIFアーカイブ
gif_anime2_0130_00057,gif_anime2,https://gif.anime2.net/wp/wp-content/uploads/2016/12/Gifsmith-6ac69a6f-16.gif,https://gif.anime2.net/tag/%E3%83%AB%E3%83%BC%E3%83%A0%E3%83%A9%E3%83%B3%E3%83%8A%E3%83%BC,RuntimeError('HTTP 503'),gif.anime2 実GIFアーカイブ
gif_anime2_0130_00058,gif_anime2,https://gif.anime2.net/wp/wp-content/uploads/2016/12/Gifsmith-75b6d2f0-0.gif,https://gif.anime2.net/tag/%E3%83%AB%E3%83%BC%E3%83%A0%E3%83%A9%E3%83%B3%E3%83%8A%E3%83%BC,RuntimeError('HTTP 503'),gif.anime2 実GIFアーカイブ
gif_anime2_0130_00059,gif_anime2,https://gif.anime2.net/wp/wp-content/uploads/2016/11/Gifsmith-5d071612-12.gif,https://gif.anime2.net/tag/%E3%83%AB%E3%83%BC%E3%83%A0%E3%83%A9%E3%83%B3%E3%83%8A%E3%83%BC,RuntimeError('HTTP 503'),gif.anime2 実GIFアーカイブ
gif_anime2_0130_00060,gif_anime2,https://gif.anime2.net/wp/wp-content/uploads/2016/11/Gifsmith-289ef822-6.gif,https://gif.anime2.net/tag/%E3%83%AB%E3%83%BC%E3%83%A0%E3%83%A9%E3%83%B3%E3%83%8A%E3%83%BC,RuntimeError('HTTP 503'),gif.anime2 実GIFアーカイブ
gif_anime2_0130_00061,gif_anime2,https://gif.anime2.net/wp/wp-content/uploads/2016/11/Gifsmith-aa22e496-0.gif,https://gif.anime2.net/tag/%E3%83%AB%E3%83%BC%E3%83%A0%E3%83%A9%E3%83%B3%E3%83%8A%E3%83%BC,RuntimeError('HTTP 503'),gif.anime2 実GIFアーカイブ
gif_anime2_0131_00006,gif_anime2,https://gif.anime2.net/wp/wp-content/uploads/2017/08/Gifsmith-5f05721c-4-7-thumb.jpg,https://gif.anime2.net/tag/%E3%83%87%E3%83%96,RuntimeError('HTTP 503'),gif.anime2 実GIFアーカイブ
gif_anime2_0131_00007,gif_anime2,https://gif.anime2.net/wp/wp-content/uploads/2017/08/Gifsmith-724691b6-0-thumb.jpg,https://gif.anime2.net/tag/%E3%83%87%E3%83%96,RuntimeError('HTTP 503'),gif.anime2 実GIFアーカイブ
gif_anime2_0131_00009,gif_anime2,https://gif.anime2.net/wp/wp-content/uploads/2017/08/Gifsmith-5f05721c-12-2-thumb.jpg,https://gif.anime2.net/tag/%E3%83%87%E3%83%96,RuntimeError('HTTP 503'),gif.anime2 実GIFアーカイブ
gif_anime2_0131_00011,gif_anime2,https://gif.anime2.net/wp/wp-content/uploads/2017/06/Gifsmith-0378e192-9-thumb.jpg,https://gif.anime2.net/tag/%E3%83%87%E3%83%96,RuntimeError('HTTP 503'),gif.anime2 実GIFアーカイブ
gif_anime2_0131_00012,gif_anime2,https://gif.anime2.net/wp/wp-content/uploads/2017/06/Gifsmith-5f05721c-3-6-thumb.jpg,https://gif.anime2.net/tag/%E3%83%87%E3%83%96,RuntimeError('HTTP 503'),gif.anime2 実GIFアーカイブ
gif_anime2_0131_00014,gif_anime2,https://gif.anime2.net/wp/wp-content/uploads/2017/04/Gifsmith-c86b1aaa-19-thumb.jpg,https://gif.anime2.net/tag/%E3%83%87%E3%83%96,RuntimeError('HTTP 503'),gif.anime2 実GIFアーカイブ
gif_anime2_0131_00013,gif_anime2,https://gif.anime2.net/wp/wp-content/uploads/2017/04/Gifsmith-a29be4f5-12-thumb.jpg,https://gif.anime2.net/tag/%E3%83%87%E3%83%96,RuntimeError('HTTP 503'),gif.anime2 実GIFアーカイブ
gif_anime2_0131_00016,gif_anime2,https://gif.anime2.net/wp/wp-content/uploads/2017/04/Gifsmith-5f05721c-20-1-thumb.jpg,https://gif.anime2.net/tag/%E3%83%87%E3%83%96,RuntimeError('HTTP 503'),gif.anime2 実GIFアーカイブ
gif_anime2_0131_00017,gif_anime2,https://gif.anime2.net/wp/wp-content/uploads/2017/03/Gifsmith-db061563-0-thumb.jpg,https://gif.anime2.net/tag/%E3%83%87%E3%83%96,RuntimeError('HTTP 503'),gif.anime2 実GIFアーカイブ
gif_anime2_0131_00018,gif_anime2,https://gif.anime2.net/wp/wp-content/uploads/2017/03/Gifsmith-50abc4b5-0-thumb.jpg,https://gif.anime2.net/tag/%E3%83%87%E3%83%96,RuntimeError('HTTP 503'),gif.anime2 実GIFアーカイブ
gif_anime2_0131_00019,gif_anime2,https://gif.anime2.net/wp/wp-content/uploads/2017/03/Gifsmith-07095384-31-thumb.jpg,https://gif.anime2.net/tag/%E3%83%87%E3%83%96,RuntimeError('HTTP 503'),gif.anime2 実GIFアーカイブ
gif_anime2_0131_00020,gif_anime2,https://gif.anime2.net/wp/wp-content/uploads/2017/03/Gifsmith-bd7cf8b0-2-thumb.jpg,https://gif.anime2.net/tag/%E3%83%87%E3%83%96,RuntimeError('HTTP 503'),gif.anime2 実GIFアーカイブ
gif_anime2_0131_00047,gif_anime2,https://gif.anime2.net/wp/wp-content/uploads/2017/08/Gifsmith-724691b6-0.gif,https://gif.anime2.net/tag/%E3%83%87%E3%83%96,RuntimeError('HTTP 503'),gif.anime2 実GIFアーカイブ
gif_anime2_0131_00046,gif_anime2,https://gif.anime2.net/wp/wp-content/uploads/2017/08/Gifsmith-5f05721c-4-7.gif,https://gif.anime2.net/tag/%E3%83%87%E3%83%96,RuntimeError('HTTP 503'),gif.anime2 実GIFアーカイブ
gif_anime2_0131_00021,gif_anime2,https://gif.anime2.net/wp/wp-content/uploads/2017/02/Gifsmith-7a066390-7-thumb.jpg,https://gif.anime2.net/tag/%E3%83%87%E3%83%96,RuntimeError('HTTP 503'),gif.anime2 実GIFアーカイブ
gif_anime2_0131_00049,gif_anime2,https://gif.anime2.net/wp/wp-content/uploads/2017/08/Gifsmith-5f05721c-12-2.gif,https://gif.anime2.net/tag/%E3%83%87%E3%83%96,RuntimeError('HTTP 503'),gif.anime2 実GIFアーカイブ
gif_anime2_0131_00051,gif_anime2,https://gif.anime2.net/wp/wp-content/uploads/2017/06/Gifsmith-0378e192-9.gif,https://gif.anime2.net/tag/%E3%83%87%E3%83%96,RuntimeError('HTTP 503'),gif.anime2 実GIFアーカイブ
gif_anime2_0131_00052,gif_anime2,https://gif.anime2.net/wp/wp-content/uploads/2017/06/Gifsmith-5f05721c-3-6.gif,https://gif.anime2.net/tag/%E3%83%87%E3%83%96,RuntimeError('HTTP 503'),gif.anime2 実GIFアーカイブ
gif_anime2_0131_00053,gif_anime2,https://gif.anime2.net/wp/wp-content/uploads/2017/04/Gifsmith-a29be4f5-12.gif,https://gif.anime2.net/tag/%E3%83%87%E3%83%96,RuntimeError('HTTP 503'),gif.anime2 実GIFアーカイブ
gif_anime2_0131_00054,gif_anime2,https://gif.anime2.net/wp/wp-content/uploads/2017/04/Gifsmith-c86b1aaa-19.gif,https://gif.anime2.net/tag/%E3%83%87%E3%83%96,RuntimeError('HTTP 503'),gif.anime2 実GIFアーカイブ
gif_anime2_0131_00056,gif_anime2,https://gif.anime2.net/wp/wp-content/uploads/2017/04/Gifsmith-5f05721c-20-1.gif,https://gif.anime2.net/tag/%E3%83%87%E3%83%96,RuntimeError('HTTP 503'),gif.anime2 実GIFアーカイブ
gif_anime2_0131_00057,gif_anime2,https://gif.anime2.net/wp/wp-content/uploads/2017/03/Gifsmith-db061563-0.gif,https://gif.anime2.net/tag/%E3%83%87%E3%83%96,RuntimeError('HTTP 503'),gif.anime2 実GIFアーカイブ
gif_anime2_0131_00059,gif_anime2,https://gif.anime2.net/wp/wp-content/uploads/2017/03/Gifsmith-07095384-31.gif,https://gif.anime2.net/tag/%E3%83%87%E3%83%96,RuntimeError('HTTP 503'),gif.anime2 実GIFアーカイブ
gif_anime2_0131_00058,gif_anime2,https://gif.anime2.net/wp/wp-content/uploads/2017/03/Gifsmith-50abc4b5-0.gif,https://gif.anime2.net/tag/%E3%83%87%E3%83%96,RuntimeError('HTTP 503'),gif.anime2 実GIFアーカイブ
gif_anime2_0131_00060,gif_anime2,https://gif.anime2.net/wp/wp-content/uploads/2017/03/Gifsmith-bd7cf8b0-2.gif,https://gif.anime2.net/tag/%E3%83%87%E3%83%96,RuntimeError('HTTP 503'),gif.anime2 実GIFアーカイブ
gif_anime2_0131_00061,gif_anime2,https://gif.anime2.net/wp/wp-content/uploads/2017/02/Gifsmith-7a066390-7.gif,https://gif.anime2.net/tag/%E3%83%87%E3%83%96,RuntimeError('HTTP 503'),gif.anime2 実GIFアーカイブ
gif_anime2_0132_00009,gif_anime2,https://gif.anime2.net/wp/wp-content/uploads/2018/05/Gifsmith-08157695-3-thumb.jpg,https://gif.anime2.net/tag/%E3%82%A8%E3%83%A9%E3%83%BC,RuntimeError('HTTP 503'),gif.anime2 実GIFアーカイブ
gif_anime2_0132_00011,gif_anime2,https://gif.anime2.net/wp/wp-content/uploads/2018/03/Gifsmith-5f05721c-18-thumb.jpg,https://gif.anime2.net/tag/%E3%82%A8%E3%83%A9%E3%83%BC,RuntimeError('HTTP 503'),gif.anime2 実GIFアーカイブ
gif_anime2_0132_00010,gif_anime2,https://gif.anime2.net/wp/wp-content/uploads/2018/05/Gifsmith-3e84874c-9-thumb.jpg,https://gif.anime2.net/tag/%E3%82%A8%E3%83%A9%E3%83%BC,RuntimeError('HTTP 503'),gif.anime2 実GIFアーカイブ
gif_anime2_0132_00012,gif_anime2,https://gif.anime2.net/wp/wp-content/uploads/2018/03/Gifsmith-5f05721c-11-1-thumb.jpg,https://gif.anime2.net/tag/%E3%82%A8%E3%83%A9%E3%83%BC,RuntimeError('HTTP 503'),gif.anime2 実GIFアーカイブ
gif_anime2_0132_00013,gif_anime2,https://gif.anime2.net/wp/wp-content/uploads/2018/03/Gifsmith-5f05721c-4-1-thumb.jpg,https://gif.anime2.net/tag/%E3%82%A8%E3%83%A9%E3%83%BC,RuntimeError('HTTP 503'),gif.anime2 実GIFアーカイブ
gif_anime2_0132_00014,gif_anime2,https://gif.anime2.net/wp/wp-content/uploads/2018/01/Gifsmith-8976961c-0-thumb.jpg,https://gif.anime2.net/tag/%E3%82%A8%E3%83%A9%E3%83%BC,RuntimeError('HTTP 503'),gif.anime2 実GIFアーカイブ
gif_anime2_0132_00015,gif_anime2,https://gif.anime2.net/wp/wp-content/uploads/2018/01/Gifsmith-c0cb009d-18-thumb.jpg,https://gif.anime2.net/tag/%E3%82%A8%E3%83%A9%E3%83%BC,RuntimeError('HTTP 503'),gif.anime2 実GIFアーカイブ
gif_anime2_0132_00017,gif_anime2,https://gif.anime2.net/wp/wp-content/uploads/2018/01/Gifsmith-71f2bb1d-6-thumb.jpg,https://gif.anime2.net/tag/%E3%82%A8%E3%83%A9%E3%83%BC,RuntimeError('HTTP 503'),gif.anime2 実GIFアーカイブ
gif_anime2_0132_00016,gif_anime2,https://gif.anime2.net/wp/wp-content/uploads/2018/01/Gifsmith-02772ec8-0-thumb.jpg,https://gif.anime2.net/tag/%E3%82%A8%E3%83%A9%E3%83%BC,RuntimeError('HTTP 503'),gif.anime2 実GIFアーカイブ
gif_anime2_0132_00018,gif_anime2,https://gif.anime2.net/wp/wp-content/uploads/2017/06/Gifsmith-8d0def6e-7-thumb.jpg,https://gif.anime2.net/tag/%E3%82%A8%E3%83%A9%E3%83%BC,RuntimeError('HTTP 503'),gif.anime2 実GIFアーカイブ
gif_anime2_0132_00019,gif_anime2,https://gif.anime2.net/wp/wp-content/uploads/2017/06/Gifsmith-72a97d31-0-thumb.jpg,https://gif.anime2.net/tag/%E3%82%A8%E3%83%A9%E3%83%BC,RuntimeError('HTTP 503'),gif.anime2 実GIFアーカイブ
gif_anime2_0132_00020,gif_anime2,https://gif.anime2.net/wp/wp-content/uploads/2017/05/Gifsmith-1fcd64f1-14-thumb.jpg,https://gif.anime2.net/tag/%E3%82%A8%E3%83%A9%E3%83%BC,RuntimeError('HTTP 503'),gif.anime2 実GIFアーカイブ
gif_anime2_0132_00049,gif_anime2,https://gif.anime2.net/wp/wp-content/uploads/2018/05/Gifsmith-08157695-3.gif,https://gif.anime2.net/tag/%E3%82%A8%E3%83%A9%E3%83%BC,RuntimeError('HTTP 503'),gif.anime2 実GIFアーカイブ
gif_anime2_0132_00021,gif_anime2,https://gif.anime2.net/wp/wp-content/uploads/2017/03/Gifsmith-da849034-0-thumb.jpg,https://gif.anime2.net/tag/%E3%82%A8%E3%83%A9%E3%83%BC,RuntimeError('HTTP 503'),gif.anime2 実GIFアーカイブ
gif_anime2_0132_00050,gif_anime2,https://gif.anime2.net/wp/wp-content/uploads/2018/05/Gifsmith-3e84874c-9.gif,https://gif.anime2.net/tag/%E3%82%A8%E3%83%A9%E3%83%BC,RuntimeError('HTTP 503'),gif.anime2 実GIFアーカイブ
gif_anime2_0132_00051,gif_anime2,https://gif.anime2.net/wp/wp-content/uploads/2018/03/Gifsmith-5f05721c-18.gif,https://gif.anime2.net/tag/%E3%82%A8%E3%83%A9%E3%83%BC,RuntimeError('HTTP 503'),gif.anime2 実GIFアーカイブ
gif_anime2_0132_00052,gif_anime2,https://gif.anime2.net/wp/wp-content/uploads/2018/03/Gifsmith-5f05721c-11-1.gif,https://gif.anime2.net/tag/%E3%82%A8%E3%83%A9%E3%83%BC,RuntimeError('HTTP 503'),gif.anime2 実GIFアーカイブ
gif_anime2_0132_00053,gif_anime2,https://gif.anime2.net/wp/wp-content/uploads/2018/03/Gifsmith-5f05721c-4-1.gif,https://gif.anime2.net/tag/%E3%82%A8%E3%83%A9%E3%83%BC,RuntimeError('HTTP 503'),gif.anime2 実GIFアーカイブ
gif_anime2_0132_00054,gif_anime2,https://gif.anime2.net/wp/wp-content/uploads/2018/01/Gifsmith-8976961c-0.gif,https://gif.anime2.net/tag/%E3%82%A8%E3%83%A9%E3%83%BC,RuntimeError('HTTP 503'),gif.anime2 実GIFアーカイブ
gif_anime2_0132_00055,gif_anime2,https://gif.anime2.net/wp/wp-content/uploads/2018/01/Gifsmith-c0cb009d-18.gif,https://gif.anime2.net/tag/%E3%82%A8%E3%83%A9%E3%83%BC,RuntimeError('HTTP 503'),gif.anime2 実GIFアーカイブ
gif_anime2_0132_00056,gif_anime2,https://gif.anime2.net/wp/wp-content/uploads/2018/01/Gifsmith-02772ec8-0.gif,https://gif.anime2.net/tag/%E3%82%A8%E3%83%A9%E3%83%BC,RuntimeError('HTTP 503'),gif.anime2 実GIFアーカイブ
gif_anime2_0132_00057,gif_anime2,https://gif.anime2.net/wp/wp-content/uploads/2018/01/Gifsmith-71f2bb1d-6.gif,https://gif.anime2.net/tag/%E3%82%A8%E3%83%A9%E3%83%BC,RuntimeError('HTTP 503'),gif.anime2 実GIFアーカイブ
gif_anime2_0132_00058,gif_anime2,https://gif.anime2.net/wp/wp-content/uploads/2017/06/Gifsmith-8d0def6e-7.gif,https://gif.anime2.net/tag/%E3%82%A8%E3%83%A9%E3%83%BC,RuntimeError('HTTP 503'),gif.anime2 実GIFアーカイブ
gif_anime2_0132_00059,gif_anime2,https://gif.anime2.net/wp/wp-content/uploads/2017/06/Gifsmith-72a97d31-0.gif,https://gif.anime2.net/tag/%E3%82%A8%E3%83%A9%E3%83%BC,RuntimeError('HTTP 503'),gif.anime2 実GIFアーカイブ
gif_anime2_0132_00060,gif_anime2,https://gif.anime2.net/wp/wp-content/uploads/2017/05/Gifsmith-1fcd64f1-14.gif,https://gif.anime2.net/tag/%E3%82%A8%E3%83%A9%E3%83%BC,RuntimeError('HTTP 503'),gif.anime2 実GIFアーカイブ
gif_anime2_0132_00061,gif_anime2,https://gif.anime2.net/wp/wp-content/uploads/2017/03/Gifsmith-da849034-0.gif,https://gif.anime2.net/tag/%E3%82%A8%E3%83%A9%E3%83%BC,RuntimeError('HTTP 503'),gif.anime2 実GIFアーカイブ
gif_anime2_0133_00003,gif_anime2,https://gif.anime2.net/wp/wp-content/uploads/2018/08/Gifsmith-407a92a8-3-1-thumb.jpg,https://gif.anime2.net/tag/bmx,RuntimeError('HTTP 503'),gif.anime2 実GIFアーカイブ
gif_anime2_0133_00006,gif_anime2,https://gif.anime2.net/wp/wp-content/uploads/2018/05/Gifsmith-908b87fc-11-thumb.jpg,https://gif.anime2.net/tag/bmx,RuntimeError('HTTP 503'),gif.anime2 実GIFアーカイブ
gif_anime2_0133_00009,gif_anime2,https://gif.anime2.net/wp/wp-content/uploads/2018/03/Gifsmith-5f05721c-3-5-thumb.jpg,https://gif.anime2.net/tag/bmx,RuntimeError('HTTP 503'),gif.anime2 実GIFアーカイブ
gif_anime2_0133_00014,gif_anime2,https://gif.anime2.net/wp/wp-content/uploads/2017/05/Gifsmith-5f05721c-3-5-thumb.jpg,https://gif.anime2.net/tag/bmx,RuntimeError('HTTP 503'),gif.anime2 実GIFアーカイブ
gif_anime2_0133_00010,gif_anime2,https://gif.anime2.net/wp/wp-content/uploads/2018/02/Gifsmith-5f05721c-7-1-thumb.jpg,https://gif.anime2.net/tag/bmx,RuntimeError('HTTP 503'),gif.anime2 実GIFアーカイブ
gif_anime2_0133_00016,gif_anime2,https://gif.anime2.net/wp/wp-content/uploads/2017/02/Gifsmith-51710b08-9-thumb.jpg,https://gif.anime2.net/tag/bmx,RuntimeError('HTTP 503'),gif.anime2 実GIFアーカイブ
gif_anime2_0133_00015,gif_anime2,https://gif.anime2.net/wp/wp-content/uploads/2017/02/Gifsmith-0cca8cb5-14-thumb.jpg,https://gif.anime2.net/tag/bmx,RuntimeError('HTTP 503'),gif.anime2 実GIFアーカイブ
gif_anime2_0133_00018,gif_anime2,https://gif.anime2.net/wp/wp-content/uploads/2017/02/Gifsmith-2d587784-4-thumb.jpg,https://gif.anime2.net/tag/bmx,RuntimeError('HTTP 503'),gif.anime2 実GIFアーカイブ
gif_anime2_0133_00017,gif_anime2,https://gif.anime2.net/wp/wp-content/uploads/2017/02/Gifsmith-cb44507f-6-thumb.jpg,https://gif.anime2.net/tag/bmx,RuntimeError('HTTP 503'),gif.anime2 実GIFアーカイブ
gif_anime2_0133_00019,gif_anime2,https://gif.anime2.net/wp/wp-content/uploads/2017/01/Gifsmith-ddbbe2ca-9-thumb.jpg,https://gif.anime2.net/tag/bmx,RuntimeError('HTTP 503'),gif.anime2 実GIFアーカイブ
gif_anime2_0133_00021,gif_anime2,https://gif.anime2.net/wp/wp-content/uploads/2016/12/Gifsmith-025e6ad5-0-thumb.jpg,https://gif.anime2.net/tag/bmx,RuntimeError('HTTP 503'),gif.anime2 実GIFアーカイブ
gif_anime2_0133_00043,gif_anime2,https://gif.anime2.net/wp/wp-content/uploads/2018/08/Gifsmith-407a92a8-3-1.gif,https://gif.anime2.net/tag/bmx,RuntimeError('HTTP 503'),gif.anime2 実GIFアーカイブ
gif_anime2_0133_00046,gif_anime2,https://gif.anime2.net/wp/wp-content/uploads/2018/05/Gifsmith-908b87fc-11.gif,https://gif.anime2.net/tag/bmx,RuntimeError('HTTP 503'),gif.anime2 実GIFアーカイブ
gif_anime2_0133_00049,gif_anime2,https://gif.anime2.net/wp/wp-content/uploads/2018/03/Gifsmith-5f05721c-3-5.gif,https://gif.anime2.net/tag/bmx,RuntimeError('HTTP 503'),gif.anime2 実GIFアーカイブ
gif_anime2_0133_00054,gif_anime2,https://gif.anime2.net/wp/wp-content/uploads/2017/05/Gifsmith-5f05721c-3-5.gif,https://gif.anime2.net/tag/bmx,RuntimeError('HTTP 503'),gif.anime2 実GIFアーカイブ
gif_anime2_0133_00055,gif_anime2,https://gif.anime2.net/wp/wp-content/uploads/2017/02/Gifsmith-0cca8cb5-14.gif,https://gif.anime2.net/tag/bmx,RuntimeError('HTTP 503'),gif.anime2 実GIFアーカイブ
gif_anime2_0133_00056,gif_anime2,https://gif.anime2.net/wp/wp-content/uploads/2017/02/Gifsmith-51710b08-9.gif,https://gif.anime2.net/tag/bmx,RuntimeError('HTTP 503'),gif.anime2 実GIFアーカイブ
gif_anime2_0133_00057,gif_anime2,https://gif.anime2.net/wp/wp-content/uploads/2017/02/Gifsmith-cb44507f-6.gif,https://gif.anime2.net/tag/bmx,RuntimeError('HTTP 503'),gif.anime2 実GIFアーカイブ
gif_anime2_0133_00058,gif_anime2,https://gif.anime2.net/wp/wp-content/uploads/2017/02/Gifsmith-2d587784-4.gif,https://gif.anime2.net/tag/bmx,RuntimeError('HTTP 503'),gif.anime2 実GIFアーカイブ
gif_anime2_0133_00059,gif_anime2,https://gif.anime2.net/wp/wp-content/uploads/2017/01/Gifsmith-ddbbe2ca-9.gif,https://gif.anime2.net/tag/bmx,RuntimeError('HTTP 503'),gif.anime2 実GIFアーカイブ
gif_anime2_0133_00060,gif_anime2,https://gif.anime2.net/wp/wp-content/uploads/2016/12/Gifsmith-bfa77b39-16.gif,https://gif.anime2.net/tag/bmx,RuntimeError('HTTP 503'),gif.anime2 実GIFアーカイブ
gif_anime2_0133_00061,gif_anime2,https://gif.anime2.net/wp/wp-content/uploads/2016/12/Gifsmith-025e6ad5-0.gif,https://gif.anime2.net/tag/bmx,RuntimeError('HTTP 503'),gif.anime2 実GIFアーカイブ
gif_anime2_0134_00005,gif_anime2,https://gif.anime2.net/wp/wp-content/uploads/2017/08/Gifsmith-27304ba6-0-thumb.jpg,https://gif.anime2.net/tag/%E7%94%B2%E5%AD%90%E5%9C%92,RuntimeError('HTTP 503'),gif.anime2 実GIFアーカイブ
gif_anime2_0134_00004,gif_anime2,https://gif.anime2.net/wp/wp-content/uploads/2017/09/Gifsmith-9e0d68ce-11-thumb.jpg,https://gif.anime2.net/tag/%E7%94%B2%E5%AD%90%E5%9C%92,RuntimeError('HTTP 503'),gif.anime2 実GIFアーカイブ
gif_anime2_0134_00006,gif_anime2,https://gif.anime2.net/wp/wp-content/uploads/2017/08/Gifsmith-5f05721c-5-1-thumb.jpg,https://gif.anime2.net/tag/%E7%94%B2%E5%AD%90%E5%9C%92,RuntimeError('HTTP 503'),gif.anime2 実GIFアーカイブ
gif_anime2_0134_00007,gif_anime2,https://gif.anime2.net/wp/wp-content/uploads/2017/08/Gifsmith-8abf1c54-0-thumb.jpg,https://gif.anime2.net/tag/%E7%94%B2%E5%AD%90%E5%9C%92,RuntimeError('HTTP 503'),gif.anime2 実GIFアーカイブ
gif_anime2_0134_00014,gif_anime2,https://gif.anime2.net/wp/wp-content/uploads/2016/11/Gifsmith-5571561a-14-thumb.jpg,https://gif.anime2.net/tag/%E7%94%B2%E5%AD%90%E5%9C%92,RuntimeError('HTTP 503'),gif.anime2 実GIFアーカイブ
gif_anime2_0134_00044,gif_anime2,https://gif.anime2.net/wp/wp-content/uploads/2017/09/Gifsmith-9e0d68ce-11.gif,https://gif.anime2.net/tag/%E7%94%B2%E5%AD%90%E5%9C%92,RuntimeError('HTTP 503'),gif.anime2 実GIFアーカイブ
gif_anime2_0134_00045,gif_anime2,https://gif.anime2.net/wp/wp-content/uploads/2017/08/Gifsmith-27304ba6-0.gif,https://gif.anime2.net/tag/%E7%94%B2%E5%AD%90%E5%9C%92,RuntimeError('HTTP 503'),gif.anime2 実GIFアーカイブ
gif_anime2_0134_00046,gif_anime2,https://gif.anime2.net/wp/wp-content/uploads/2017/08/Gifsmith-5f05721c-5-1.gif,https://gif.anime2.net/tag/%E7%94%B2%E5%AD%90%E5%9C%92,RuntimeError('HTTP 503'),gif.anime2 実GIFアーカイブ
gif_anime2_0134_00047,gif_anime2,https://gif.anime2.net/wp/wp-content/uploads/2017/08/Gifsmith-8abf1c54-0.gif,https://gif.anime2.net/tag/%E7%94%B2%E5%AD%90%E5%9C%92,RuntimeError('HTTP 503'),gif.anime2 実GIFアーカイブ
gif_anime2_0134_00054,gif_anime2,https://gif.anime2.net/wp/wp-content/uploads/2016/11/Gifsmith-5571561a-14.gif,https://gif.anime2.net/tag/%E7%94%B2%E5%AD%90%E5%9C%92,RuntimeError('HTTP 503'),gif.anime2 実GIFアーカイブ
gif_anime2_0135_00010,gif_anime2,https://gif.anime2.net/wp/wp-content/uploads/2018/06/Gifsmith-0a017445-11-thumb.jpg,https://gif.anime2.net/tag/%E3%83%88%E3%83%A9%E3%83%83%E3%82%AF,RuntimeError('HTTP 503'),gif.anime2 実GIFアーカイブ
gif_anime2_0135_00013,gif_anime2,https://gif.anime2.net/wp/wp-content/uploads/2018/06/Gifsmith-7a547b10-14-thumb.jpg,https://gif.anime2.net/tag/%E3%83%88%E3%83%A9%E3%83%83%E3%82%AF,RuntimeError('HTTP 503'),gif.anime2 実GIFアーカイブ
gif_anime2_0135_00015,gif_anime2,https://gif.anime2.net/wp/wp-content/uploads/2018/05/Gifsmith-191644be-11-thumb.jpg,https://gif.anime2.net/tag/%E3%83%88%E3%83%A9%E3%83%83%E3%82%AF,RuntimeError('HTTP 503'),gif.anime2 実GIFアーカイブ
gif_anime2_0135_00016,gif_anime2,https://gif.anime2.net/wp/wp-content/uploads/2018/05/Gifsmith-2e37d13f-9-thumb.jpg,https://gif.anime2.net/tag/%E3%83%88%E3%83%A9%E3%83%83%E3%82%AF,RuntimeError('HTTP 503'),gif.anime2 実GIFアーカイブ
gif_anime2_0135_00017,gif_anime2,https://gif.anime2.net/wp/wp-content/uploads/2018/04/Gifsmith-5f05721c-20-3-thumb.jpg,https://gif.anime2.net/tag/%E3%83%88%E3%83%A9%E3%83%83%E3%82%AF,RuntimeError('HTTP 503'),gif.anime2 実GIFアーカイブ
gif_anime2_0135_00018,gif_anime2,https://gif.anime2.net/wp/wp-content/uploads/2018/03/Gifsmith-5f05721c-6-2-thumb.jpg,https://gif.anime2.net/tag/%E3%83%88%E3%83%A9%E3%83%83%E3%82%AF,RuntimeError('HTTP 503'),gif.anime2 実GIFアーカイブ
gif_anime2_0135_00019,gif_anime2,https://gif.anime2.net/wp/wp-content/uploads/2018/03/Gifsmith-5f05721c-14-1-thumb.jpg,https://gif.anime2.net/tag/%E3%83%88%E3%83%A9%E3%83%83%E3%82%AF,RuntimeError('HTTP 503'),gif.anime2 実GIFアーカイブ
gif_anime2_0135_00021,gif_anime2,https://gif.anime2.net/wp/wp-content/uploads/2018/02/Gifsmith-5f05721c-3-3-thumb.jpg,https://gif.anime2.net/tag/%E3%83%88%E3%83%A9%E3%83%83%E3%82%AF,RuntimeError('HTTP 503'),gif.anime2 実GIFアーカイブ
gif_anime2_0135_00050,gif_anime2,https://gif.anime2.net/wp/wp-content/uploads/2018/06/Gifsmith-0a017445-11.gif,https://gif.anime2.net/tag/%E3%83%88%E3%83%A9%E3%83%83%E3%82%AF,RuntimeError('HTTP 503'),gif.anime2 実GIFアーカイブ
gif_anime2_0135_00051,gif_anime2,https://gif.anime2.net/wp/wp-content/uploads/2018/06/Gifsmith-5069e7d9-8.gif,https://gif.anime2.net/tag/%E3%83%88%E3%83%A9%E3%83%83%E3%82%AF,RuntimeError('HTTP 503'),gif.anime2 実GIFアーカイブ
gif_anime2_0135_00053,gif_anime2,https://gif.anime2.net/wp/wp-content/uploads/2018/06/Gifsmith-7a547b10-14.gif,https://gif.anime2.net/tag/%E3%83%88%E3%83%A9%E3%83%83%E3%82%AF,RuntimeError('HTTP 503'),gif.anime2 実GIFアーカイブ
gif_anime2_0135_00057,gif_anime2,https://gif.anime2.net/wp/wp-content/uploads/2018/04/Gifsmith-5f05721c-20-3.gif,https://gif.anime2.net/tag/%E3%83%88%E3%83%A9%E3%83%83%E3%82%AF,RuntimeError('HTTP 503'),gif.anime2 実GIFアーカイブ
gif_anime2_0135_00056,gif_anime2,https://gif.anime2.net/wp/wp-content/uploads/2018/05/Gifsmith-2e37d13f-9.gif,https://gif.anime2.net/tag/%E3%83%88%E3%83%A9%E3%83%83%E3%82%AF,RuntimeError('HTTP 503'),gif.anime2 実GIFアーカイブ
gif_anime2_0135_00058,gif_anime2,https://gif.anime2.net/wp/wp-content/uploads/2018/03/Gifsmith-5f05721c-6-2.gif,https://gif.anime2.net/tag/%E3%83%88%E3%83%A9%E3%83%83%E3%82%AF,RuntimeError('HTTP 503'),gif.anime2 実GIFアーカイブ
gif_anime2_0135_00055,gif_anime2,https://gif.anime2.net/wp/wp-content/uploads/2018/05/Gifsmith-191644be-11.gif,https://gif.anime2.net/tag/%E3%83%88%E3%83%A9%E3%83%83%E3%82%AF,RuntimeError('HTTP 503'),gif.anime2 実GIFアーカイブ
gif_anime2_0135_00059,gif_anime2,https://gif.anime2.net/wp/wp-content/uploads/2018/03/Gifsmith-5f05721c-14-1.gif,https://gif.anime2.net/tag/%E3%83%88%E3%83%A9%E3%83%83%E3%82%AF,RuntimeError('HTTP 503'),gif.anime2 実GIFアーカイブ
gif_anime2_0135_00061,gif_anime2,https://gif.anime2.net/wp/wp-content/uploads/2018/02/Gifsmith-5f05721c-3-3.gif,https://gif.anime2.net/tag/%E3%83%88%E3%83%A9%E3%83%83%E3%82%AF,RuntimeError('HTTP 503'),gif.anime2 実GIFアーカイブ
gif_anime2_0141_00001,gif_anime2,https://gif.anime2.net/wp/wp-content/themes/anigif/js/' +  __path + 'images/icon_fav.png,https://gif.anime2.net/wp/wp-content/themes/anigif/js/base.js,RuntimeError('HTTP 503'),gif.anime2 実GIFアーカイブ
gif_anime2_0141_00002,gif_anime2,https://gif.anime2.net/wp/wp-content/themes/anigif/js/' + anigif[i] + ',https://gif.anime2.net/wp/wp-content/themes/anigif/js/base.js,RuntimeError('HTTP 503'),gif.anime2 実GIFアーカイブ
gif_anime2_0141_00003,gif_anime2,https://gif.anime2.net/wp/wp-content/themes/anigif/js/' + __path + 'images/next_y.png,https://gif.anime2.net/wp/wp-content/themes/anigif/js/base.js,RuntimeError('HTTP 503'),gif.anime2 実GIFアーカイブ
gif_anime2_0141_00004,gif_anime2,https://gif.anime2.net/wp/wp-content/themes/anigif/js/' + __path + 'images/prev_y.png,https://gif.anime2.net/wp/wp-content/themes/anigif/js/base.js,RuntimeError('HTTP 503'),gif.anime2 実GIFアーカイブ
gif_anime2_0141_00005,gif_anime2,https://gif.anime2.net/wp/wp-content/themes/anigif/js/' + __path +'images/nav_permalink.png,https://gif.anime2.net/wp/wp-content/themes/anigif/js/base.js,RuntimeError('HTTP 503'),gif.anime2 実GIFアーカイブ
gif_anime2_0141_00006,gif_anime2,https://gif.anime2.net/wp/wp-content/themes/anigif/js/' + __path +'images/link_sp.png,https://gif.anime2.net/wp/wp-content/themes/anigif/js/base.js,RuntimeError('HTTP 503'),gif.anime2 実GIFアーカイブ
gif_anime2_0141_00007,gif_anime2,https://gif.anime2.net/wp/wp-content/themes/anigif/js/' + __path + 'images/nav_facebook.png,https://gif.anime2.net/wp/wp-content/themes/anigif/js/base.js,RuntimeError('HTTP 503'),gif.anime2 実GIFアーカイブ
gif_anime2_0141_00008,gif_anime2,https://gif.anime2.net/wp/wp-content/themes/anigif/js/' + __path + 'images/facebook_sp.png,https://gif.anime2.net/wp/wp-content/themes/anigif/js/base.js,RuntimeError('HTTP 503'),gif.anime2 実GIFアーカイブ
gif_anime2_0141_00009,gif_anime2,https://gif.anime2.net/wp/wp-content/themes/anigif/js/' + __path + 'images/nav_twitter.png,https://gif.anime2.net/wp/wp-content/themes/anigif/js/base.js,RuntimeError('HTTP 503'),gif.anime2 実GIFアーカイブ
gif_anime2_0141_00010,gif_anime2,https://gif.anime2.net/wp/wp-content/themes/anigif/js/' + __path + 'images/twitter_sp.png,https://gif.anime2.net/wp/wp-content/themes/anigif/js/base.js,RuntimeError('HTTP 503'),gif.anime2 実GIFアーカイブ
gif_anime2_0141_00011,gif_anime2,https://gif.anime2.net/wp/wp-content/themes/anigif/js/' + __path + 'images/nav_fav.png,https://gif.anime2.net/wp/wp-content/themes/anigif/js/base.js,RuntimeError('HTTP 503'),gif.anime2 実GIFアーカイブ
gif_anime2_0141_00012,gif_anime2,https://gif.anime2.net/wp/wp-content/themes/anigif/js/' + __path + 'images/nav_close2.png,https://gif.anime2.net/wp/wp-content/themes/anigif/js/base.js,RuntimeError('HTTP 503'),gif.anime2 実GIFアーカイブ
gif_anime2_0141_00014,gif_anime2,https://gif.anime2.net/wp/wp-content/themes/anigif/js/' + __path + 'images/icon_fav.png,https://gif.anime2.net/wp/wp-content/themes/anigif/js/base.js,RuntimeError('HTTP 503'),gif.anime2 実GIFアーカイブ
gif_anime2_0141_00013,gif_anime2,https://gif.anime2.net/wp/wp-content/themes/anigif/js/' + __path + 'images/nav_close.png,https://gif.anime2.net/wp/wp-content/themes/anigif/js/base.js,RuntimeError('HTTP 503'),gif.anime2 実GIFアーカイブ
gif_anime2_0142_00002,gif_anime2,https://gif.anime2.net/wp/wp-content/uploads/2016/02/bfc52323f54acfeae0d.gif,https://gif.anime2.net/matome/%E6%A3%92%E9%AB%98%E8%B7%B3%E3%81%B3%E3%81%A7%E5%B7%BB%E3%81%8D%E8%B5%B7%E3%81%93%E3%82%8B%E3%83%8F%E3%83%97%E3%83%8B%E3%83%B3%E3%82%B0%E3%81%AEgif%E3%81%BE%E3%81%A8%E3%82%81,RuntimeError('HTTP 503'),gif.anime2 実GIFアーカイブ
gif_anime2_0142_00003,gif_anime2,https://gif.anime2.net/wp/wp-content/uploads/2016/08/Gifsmith-fc8be8bd-0.gif,https://gif.anime2.net/matome/%E6%A3%92%E9%AB%98%E8%B7%B3%E3%81%B3%E3%81%A7%E5%B7%BB%E3%81%8D%E8%B5%B7%E3%81%93%E3%82%8B%E3%83%8F%E3%83%97%E3%83%8B%E3%83%B3%E3%82%B0%E3%81%AEgif%E3%81%BE%E3%81%A8%E3%82%81,RuntimeError('HTTP 503'),gif.anime2 実GIFアーカイブ
gif_anime2_0142_00004,gif_anime2,https://gif.anime2.net/wp/wp-content/uploads/2016/11/Gifsmith-c9be9060-12.gif,https://gif.anime2.net/matome/%E6%A3%92%E9%AB%98%E8%B7%B3%E3%81%B3%E3%81%A7%E5%B7%BB%E3%81%8D%E8%B5%B7%E3%81%93%E3%82%8B%E3%83%8F%E3%83%97%E3%83%8B%E3%83%B3%E3%82%B0%E3%81%AEgif%E3%81%BE%E3%81%A8%E3%82%81,RuntimeError('HTTP 503'),gif.anime2 実GIFアーカイブ
gif_anime2_0142_00005,gif_anime2,https://gif.anime2.net/wp/wp-content/uploads/2016/09/Gifsmith-65b211f4-0.gif,https://gif.anime2.net/matome/%E6%A3%92%E9%AB%98%E8%B7%B3%E3%81%B3%E3%81%A7%E5%B7%BB%E3%81%8D%E8%B5%B7%E3%81%93%E3%82%8B%E3%83%8F%E3%83%97%E3%83%8B%E3%83%B3%E3%82%B0%E3%81%AEgif%E3%81%BE%E3%81%A8%E3%82%81,RuntimeError('HTTP 503'),gif.anime2 実GIFアーカイブ
gif_anime2_0142_00006,gif_anime2,https://gif.anime2.net/wp/wp-content/uploads/2016/10/Gifsmith-643b6698-11.gif,https://gif.anime2.net/matome/%E6%A3%92%E9%AB%98%E8%B7%B3%E3%81%B3%E3%81%A7%E5%B7%BB%E3%81%8D%E8%B5%B7%E3%81%93%E3%82%8B%E3%83%8F%E3%83%97%E3%83%8B%E3%83%B3%E3%82%B0%E3%81%AEgif%E3%81%BE%E3%81%A8%E3%82%81,RuntimeError('HTTP 503'),gif.anime2 実GIFアーカイブ
gif_anime2_0142_00007,gif_anime2,https://gif.anime2.net/wp/wp-content/uploads/2016/11/Gifsmith-60679a4f-7.gif,https://gif.anime2.net/matome/%E6%A3%92%E9%AB%98%E8%B7%B3%E3%81%B3%E3%81%A7%E5%B7%BB%E3%81%8D%E8%B5%B7%E3%81%93%E3%82%8B%E3%83%8F%E3%83%97%E3%83%8B%E3%83%B3%E3%82%B0%E3%81%AEgif%E3%81%BE%E3%81%A8%E3%82%81,RuntimeError('HTTP 503'),gif.anime2 実GIFアーカイブ
gif_anime2_0142_00008,gif_anime2,https://gif.anime2.net/wp/wp-content/uploads/2017/06/Gifsmith-5f05721c-6-3.gif,https://gif.anime2.net/matome/%E6%A3%92%E9%AB%98%E8%B7%B3%E3%81%B3%E3%81%A7%E5%B7%BB%E3%81%8D%E8%B5%B7%E3%81%93%E3%82%8B%E3%83%8F%E3%83%97%E3%83%8B%E3%83%B3%E3%82%B0%E3%81%AEgif%E3%81%BE%E3%81%A8%E3%82%81,RuntimeError('HTTP 503'),gif.anime2 実GIFアーカイブ
gif_anime2_0143_00001,gif_anime2,https://gif.anime2.net/wp/wp-content/uploads/2016/03/3826018350.gif,https://gif.anime2.net/matome/%E3%82%A2%E3%83%A9%E3%82%A4%E3%82%B0%E3%83%9E%E3%81%AEgif%E3%81%BE%E3%81%A8%E3%82%81,RuntimeError('HTTP 503'),gif.anime2 実GIFアーカイブ
gif_anime2_0142_00009,gif_anime2,https://gif.anime2.net/wp/wp-content/uploads/2018/02/Gifsmith-5f05721c-7-4.gif,https://gif.anime2.net/matome/%E6%A3%92%E9%AB%98%E8%B7%B3%E3%81%B3%E3%81%A7%E5%B7%BB%E3%81%8D%E8%B5%B7%E3%81%93%E3%82%8B%E3%83%8F%E3%83%97%E3%83%8B%E3%83%B3%E3%82%B0%E3%81%AEgif%E3%81%BE%E3%81%A8%E3%82%81,RuntimeError('HTTP 503'),gif.anime2 実GIFアーカイブ
gif_anime2_0143_00002,gif_anime2,https://gif.anime2.net/wp/wp-content/uploads/2016/03/3608692134.gif,https://gif.anime2.net/matome/%E3%82%A2%E3%83%A9%E3%82%A4%E3%82%B0%E3%83%9E%E3%81%AEgif%E3%81%BE%E3%81%A8%E3%82%81,RuntimeError('HTTP 503'),gif.anime2 実GIFアーカイブ
gif_anime2_0143_00003,gif_anime2,https://gif.anime2.net/wp/wp-content/uploads/2016/03/307308845.gif,https://gif.anime2.net/matome/%E3%82%A2%E3%83%A9%E3%82%A4%E3%82%B0%E3%83%9E%E3%81%AEgif%E3%81%BE%E3%81%A8%E3%82%81,RuntimeError('HTTP 503'),gif.anime2 実GIFアーカイブ
gif_anime2_0143_00004,gif_anime2,https://gif.anime2.net/wp/wp-content/uploads/2016/03/2759180504.gif,https://gif.anime2.net/matome/%E3%82%A2%E3%83%A9%E3%82%A4%E3%82%B0%E3%83%9E%E3%81%AEgif%E3%81%BE%E3%81%A8%E3%82%81,RuntimeError('HTTP 503'),gif.anime2 実GIFアーカイブ
gif_anime2_0143_00006,gif_anime2,https://gif.anime2.net/wp/wp-content/uploads/2016/04/7684489110561c8c4f75e5c9.gif,https://gif.anime2.net/matome/%E3%82%A2%E3%83%A9%E3%82%A4%E3%82%B0%E3%83%9E%E3%81%AEgif%E3%81%BE%E3%81%A8%E3%82%81,RuntimeError('HTTP 503'),gif.anime2 実GIFアーカイブ
gif_anime2_0143_00007,gif_anime2,https://gif.anime2.net/wp/wp-content/uploads/2016/06/Gifsmith-0043566e-6.gif,https://gif.anime2.net/matome/%E3%82%A2%E3%83%A9%E3%82%A4%E3%82%B0%E3%83%9E%E3%81%AEgif%E3%81%BE%E3%81%A8%E3%82%81,RuntimeError('HTTP 503'),gif.anime2 実GIFアーカイブ
gif_anime2_0143_00008,gif_anime2,https://gif.anime2.net/wp/wp-content/uploads/2016/06/Gifsmith-6809b18e-8.gif,https://gif.anime2.net/matome/%E3%82%A2%E3%83%A9%E3%82%A4%E3%82%B0%E3%83%9E%E3%81%AEgif%E3%81%BE%E3%81%A8%E3%82%81,RuntimeError('HTTP 503'),gif.anime2 実GIFアーカイブ
gif_anime2_0143_00010,gif_anime2,https://gif.anime2.net/wp/wp-content/uploads/2016/09/Gifsmith-807edbd5-23.gif,https://gif.anime2.net/matome/%E3%82%A2%E3%83%A9%E3%82%A4%E3%82%B0%E3%83%9E%E3%81%AEgif%E3%81%BE%E3%81%A8%E3%82%81,RuntimeError('HTTP 503'),gif.anime2 実GIFアーカイブ
gif_anime2_0143_00011,gif_anime2,https://gif.anime2.net/wp/wp-content/uploads/2017/11/Gifsmith-65857e50-2.gif,https://gif.anime2.net/matome/%E3%82%A2%E3%83%A9%E3%82%A4%E3%82%B0%E3%83%9E%E3%81%AEgif%E3%81%BE%E3%81%A8%E3%82%81,RuntimeError('HTTP 503'),gif.anime2 実GIFアーカイブ
gif_anime2_0143_00012,gif_anime2,https://gif.anime2.net/wp/wp-content/uploads/2017/07/Gifsmith-f2281ae9-0.gif,https://gif.anime2.net/matome/%E3%82%A2%E3%83%A9%E3%82%A4%E3%82%B0%E3%83%9E%E3%81%AEgif%E3%81%BE%E3%81%A8%E3%82%81,RuntimeError('HTTP 503'),gif.anime2 実GIFアーカイブ
gif_anime2_0143_00009,gif_anime2,https://gif.anime2.net/wp/wp-content/uploads/2016/06/Gifsmith-6012502b-11.gif,https://gif.anime2.net/matome/%E3%82%A2%E3%83%A9%E3%82%A4%E3%82%B0%E3%83%9E%E3%81%AEgif%E3%81%BE%E3%81%A8%E3%82%81,RuntimeError('HTTP 503'),gif.anime2 実GIFアーカイブ
gif_anime2_0143_00013,gif_anime2,https://gif.anime2.net/wp/wp-content/uploads/2017/11/Gifsmith-71ce9c7c-0.gif,https://gif.anime2.net/matome/%E3%82%A2%E3%83%A9%E3%82%A4%E3%82%B0%E3%83%9E%E3%81%AEgif%E3%81%BE%E3%81%A8%E3%82%81,RuntimeError('HTTP 503'),gif.anime2 実GIFアーカイブ
gif_anime2_0144_00002,gif_anime2,https://gif.anime2.net/wp/wp-content/uploads/2016/01/997d8d2a.gif,https://gif.anime2.net/matome/%E3%82%A4%E3%82%BF%E3%82%BA%E3%83%A9%E3%81%99%E3%82%8B%E4%BA%BA%E3%81%B2%E3%81%A3%E3%81%8B%E3%81%8B%E3%82%8B%E4%BA%BA%E3%81%AEgif%E3%81%BE%E3%81%A8%E3%82%81%EF%BC%88%E3%81%9D%E3%81%AE%EF%BC%91,RuntimeError('HTTP 503'),gif.anime2 実GIFアーカイブ
gif_anime2_0144_00003,gif_anime2,https://gif.anime2.net/wp/wp-content/uploads/2016/01/d2130d75.gif,https://gif.anime2.net/matome/%E3%82%A4%E3%82%BF%E3%82%BA%E3%83%A9%E3%81%99%E3%82%8B%E4%BA%BA%E3%81%B2%E3%81%A3%E3%81%8B%E3%81%8B%E3%82%8B%E4%BA%BA%E3%81%AEgif%E3%81%BE%E3%81%A8%E3%82%81%EF%BC%88%E3%81%9D%E3%81%AE%EF%BC%91,RuntimeError('HTTP 503'),gif.anime2 実GIFアーカイブ
gif_anime2_0144_00004,gif_anime2,https://gif.anime2.net/wp/wp-content/uploads/2016/02/4236546909.gif,https://gif.anime2.net/matome/%E3%82%A4%E3%82%BF%E3%82%BA%E3%83%A9%E3%81%99%E3%82%8B%E4%BA%BA%E3%81%B2%E3%81%A3%E3%81%8B%E3%81%8B%E3%82%8B%E4%BA%BA%E3%81%AEgif%E3%81%BE%E3%81%A8%E3%82%81%EF%BC%88%E3%81%9D%E3%81%AE%EF%BC%91,RuntimeError('HTTP 503'),gif.anime2 実GIFアーカイブ
gif_anime2_0144_00005,gif_anime2,https://gif.anime2.net/wp/wp-content/uploads/2016/02/283189936.gif,https://gif.anime2.net/matome/%E3%82%A4%E3%82%BF%E3%82%BA%E3%83%A9%E3%81%99%E3%82%8B%E4%BA%BA%E3%81%B2%E3%81%A3%E3%81%8B%E3%81%8B%E3%82%8B%E4%BA%BA%E3%81%AEgif%E3%81%BE%E3%81%A8%E3%82%81%EF%BC%88%E3%81%9D%E3%81%AE%EF%BC%91,RuntimeError('HTTP 503'),gif.anime2 実GIFアーカイブ
gif_anime2_0144_00006,gif_anime2,https://gif.anime2.net/wp/wp-content/uploads/2016/02/4c145e447ed59f1.gif,https://gif.anime2.net/matome/%E3%82%A4%E3%82%BF%E3%82%BA%E3%83%A9%E3%81%99%E3%82%8B%E4%BA%BA%E3%81%B2%E3%81%A3%E3%81%8B%E3%81%8B%E3%82%8B%E4%BA%BA%E3%81%AEgif%E3%81%BE%E3%81%A8%E3%82%81%EF%BC%88%E3%81%9D%E3%81%AE%EF%BC%91,RuntimeError('HTTP 503'),gif.anime2 実GIFアーカイブ
gif_anime2_0144_00007,gif_anime2,https://gif.anime2.net/wp/wp-content/uploads/2016/02/ce61af95.gif,https://gif.anime2.net/matome/%E3%82%A4%E3%82%BF%E3%82%BA%E3%83%A9%E3%81%99%E3%82%8B%E4%BA%BA%E3%81%B2%E3%81%A3%E3%81%8B%E3%81%8B%E3%82%8B%E4%BA%BA%E3%81%AEgif%E3%81%BE%E3%81%A8%E3%82%81%EF%BC%88%E3%81%9D%E3%81%AE%EF%BC%91,RuntimeError('HTTP 503'),gif.anime2 実GIFアーカイブ
gif_anime2_0144_00008,gif_anime2,https://gif.anime2.net/wp/wp-content/uploads/2016/02/RAgaiT6.gif,https://gif.anime2.net/matome/%E3%82%A4%E3%82%BF%E3%82%BA%E3%83%A9%E3%81%99%E3%82%8B%E4%BA%BA%E3%81%B2%E3%81%A3%E3%81%8B%E3%81%8B%E3%82%8B%E4%BA%BA%E3%81%AEgif%E3%81%BE%E3%81%A8%E3%82%81%EF%BC%88%E3%81%9D%E3%81%AE%EF%BC%91,RuntimeError('HTTP 503'),gif.anime2 実GIFアーカイブ
gif_anime2_0144_00009,gif_anime2,https://gif.anime2.net/wp/wp-content/uploads/2016/02/a8939174.gif,https://gif.anime2.net/matome/%E3%82%A4%E3%82%BF%E3%82%BA%E3%83%A9%E3%81%99%E3%82%8B%E4%BA%BA%E3%81%B2%E3%81%A3%E3%81%8B%E3%81%8B%E3%82%8B%E4%BA%BA%E3%81%AEgif%E3%81%BE%E3%81%A8%E3%82%81%EF%BC%88%E3%81%9D%E3%81%AE%EF%BC%91,RuntimeError('HTTP 503'),gif.anime2 実GIFアーカイブ
gif_anime2_0144_00010,gif_anime2,https://gif.anime2.net/wp/wp-content/uploads/2016/02/2801605762.gif,https://gif.anime2.net/matome/%E3%82%A4%E3%82%BF%E3%82%BA%E3%83%A9%E3%81%99%E3%82%8B%E4%BA%BA%E3%81%B2%E3%81%A3%E3%81%8B%E3%81%8B%E3%82%8B%E4%BA%BA%E3%81%AEgif%E3%81%BE%E3%81%A8%E3%82%81%EF%BC%88%E3%81%9D%E3%81%AE%EF%BC%91,RuntimeError('HTTP 503'),gif.anime2 実GIFアーカイブ
gif_anime2_0144_00011,gif_anime2,https://gif.anime2.net/wp/wp-content/uploads/2016/02/c2234a6b.gif,https://gif.anime2.net/matome/%E3%82%A4%E3%82%BF%E3%82%BA%E3%83%A9%E3%81%99%E3%82%8B%E4%BA%BA%E3%81%B2%E3%81%A3%E3%81%8B%E3%81%8B%E3%82%8B%E4%BA%BA%E3%81%AEgif%E3%81%BE%E3%81%A8%E3%82%81%EF%BC%88%E3%81%9D%E3%81%AE%EF%BC%91,RuntimeError('HTTP 503'),gif.anime2 実GIFアーカイブ
gif_anime2_0145_00001,gif_anime2,https://gif.anime2.net/wp/wp-content/uploads/2015/12/3944532014.gif,https://gif.anime2.net/matome/%E9%87%91%E7%9A%84%E3%81%AB%E7%97%9B%E3%81%84%E4%B8%80%E6%92%83%E3%82%92%E3%82%82%E3%82%89%E3%81%86%E4%BA%BA%E3%81%9F%E3%81%A1%E3%81%AEgif%E3%81%BE%E3%81%A8%E3%82%81%EF%BC%88%E3%81%9D%E3%81%AE,RuntimeError('HTTP 503'),gif.anime2 実GIFアーカイブ
gif_anime2_0145_00004,gif_anime2,https://gif.anime2.net/wp/wp-content/uploads/2015/12/2ed2fee1.gif,https://gif.anime2.net/matome/%E9%87%91%E7%9A%84%E3%81%AB%E7%97%9B%E3%81%84%E4%B8%80%E6%92%83%E3%82%92%E3%82%82%E3%82%89%E3%81%86%E4%BA%BA%E3%81%9F%E3%81%A1%E3%81%AEgif%E3%81%BE%E3%81%A8%E3%82%81%EF%BC%88%E3%81%9D%E3%81%AE,RuntimeError('HTTP 503'),gif.anime2 実GIFアーカイブ
gif_anime2_0145_00006,gif_anime2,https://gif.anime2.net/wp/wp-content/uploads/2016/02/OTxFC.gif,https://gif.anime2.net/matome/%E9%87%91%E7%9A%84%E3%81%AB%E7%97%9B%E3%81%84%E4%B8%80%E6%92%83%E3%82%92%E3%82%82%E3%82%89%E3%81%86%E4%BA%BA%E3%81%9F%E3%81%A1%E3%81%AEgif%E3%81%BE%E3%81%A8%E3%82%81%EF%BC%88%E3%81%9D%E3%81%AE,RuntimeError('HTTP 503'),gif.anime2 実GIFアーカイブ
gif_anime2_0145_00007,gif_anime2,https://gif.anime2.net/wp/wp-content/uploads/2016/04/c5abe888c936af3cbb3f9fda.gif,https://gif.anime2.net/matome/%E9%87%91%E7%9A%84%E3%81%AB%E7%97%9B%E3%81%84%E4%B8%80%E6%92%83%E3%82%92%E3%82%82%E3%82%89%E3%81%86%E4%BA%BA%E3%81%9F%E3%81%A1%E3%81%AEgif%E3%81%BE%E3%81%A8%E3%82%81%EF%BC%88%E3%81%9D%E3%81%AE,RuntimeError('HTTP 503'),gif.anime2 実GIFアーカイブ
gif_anime2_0145_00008,gif_anime2,https://gif.anime2.net/wp/wp-content/uploads/2016/05/Gifsmith-7b6f2391-12.gif,https://gif.anime2.net/matome/%E9%87%91%E7%9A%84%E3%81%AB%E7%97%9B%E3%81%84%E4%B8%80%E6%92%83%E3%82%92%E3%82%82%E3%82%89%E3%81%86%E4%BA%BA%E3%81%9F%E3%81%A1%E3%81%AEgif%E3%81%BE%E3%81%A8%E3%82%81%EF%BC%88%E3%81%9D%E3%81%AE,RuntimeError('HTTP 503'),gif.anime2 実GIFアーカイブ
gif_anime2_0145_00002,gif_anime2,https://gif.anime2.net/wp/wp-content/uploads/2016/01/797a0beb.gif,https://gif.anime2.net/matome/%E9%87%91%E7%9A%84%E3%81%AB%E7%97%9B%E3%81%84%E4%B8%80%E6%92%83%E3%82%92%E3%82%82%E3%82%89%E3%81%86%E4%BA%BA%E3%81%9F%E3%81%A1%E3%81%AEgif%E3%81%BE%E3%81%A8%E3%82%81%EF%BC%88%E3%81%9D%E3%81%AE,RuntimeError('HTTP 503'),gif.anime2 実GIFアーカイブ
gif_anime2_0145_00009,gif_anime2,https://gif.anime2.net/wp/wp-content/uploads/2016/06/Gifsmith-3e641e68-9.gif,https://gif.anime2.net/matome/%E9%87%91%E7%9A%84%E3%81%AB%E7%97%9B%E3%81%84%E4%B8%80%E6%92%83%E3%82%92%E3%82%82%E3%82%89%E3%81%86%E4%BA%BA%E3%81%9F%E3%81%A1%E3%81%AEgif%E3%81%BE%E3%81%A8%E3%82%81%EF%BC%88%E3%81%9D%E3%81%AE,RuntimeError('HTTP 503'),gif.anime2 実GIFアーカイブ
gif_anime2_0145_00010,gif_anime2,https://gif.anime2.net/wp/wp-content/uploads/2016/06/85a9899b.gif,https://gif.anime2.net/matome/%E9%87%91%E7%9A%84%E3%81%AB%E7%97%9B%E3%81%84%E4%B8%80%E6%92%83%E3%82%92%E3%82%82%E3%82%89%E3%81%86%E4%BA%BA%E3%81%9F%E3%81%A1%E3%81%AEgif%E3%81%BE%E3%81%A8%E3%82%81%EF%BC%88%E3%81%9D%E3%81%AE,RuntimeError('HTTP 503'),gif.anime2 実GIFアーカイブ
gif_anime2_0145_00011,gif_anime2,https://gif.anime2.net/wp/wp-content/uploads/2016/06/Gifsmith-bd42f435-9.gif,https://gif.anime2.net/matome/%E9%87%91%E7%9A%84%E3%81%AB%E7%97%9B%E3%81%84%E4%B8%80%E6%92%83%E3%82%92%E3%82%82%E3%82%89%E3%81%86%E4%BA%BA%E3%81%9F%E3%81%A1%E3%81%AEgif%E3%81%BE%E3%81%A8%E3%82%81%EF%BC%88%E3%81%9D%E3%81%AE,RuntimeError('HTTP 503'),gif.anime2 実GIFアーカイブ
gif_anime2_0145_00013,gif_anime2,https://gif.anime2.net/wp/wp-content/uploads/2016/09/Gifsmith-63958d8d-8.gif,https://gif.anime2.net/matome/%E9%87%91%E7%9A%84%E3%81%AB%E7%97%9B%E3%81%84%E4%B8%80%E6%92%83%E3%82%92%E3%82%82%E3%82%89%E3%81%86%E4%BA%BA%E3%81%9F%E3%81%A1%E3%81%AEgif%E3%81%BE%E3%81%A8%E3%82%81%EF%BC%88%E3%81%9D%E3%81%AE,RuntimeError('HTTP 503'),gif.anime2 実GIFアーカイブ
gif_anime2_0145_00014,gif_anime2,https://gif.anime2.net/wp/wp-content/uploads/2016/10/Gifsmith-7acf693f-0.gif,https://gif.anime2.net/matome/%E9%87%91%E7%9A%84%E3%81%AB%E7%97%9B%E3%81%84%E4%B8%80%E6%92%83%E3%82%92%E3%82%82%E3%82%89%E3%81%86%E4%BA%BA%E3%81%9F%E3%81%A1%E3%81%AEgif%E3%81%BE%E3%81%A8%E3%82%81%EF%BC%88%E3%81%9D%E3%81%AE,RuntimeError('HTTP 503'),gif.anime2 実GIFアーカイブ
gif_anime2_0145_00015,gif_anime2,https://gif.anime2.net/wp/wp-content/uploads/2016/11/Gifsmith-be30c0c7-12.gif,https://gif.anime2.net/matome/%E9%87%91%E7%9A%84%E3%81%AB%E7%97%9B%E3%81%84%E4%B8%80%E6%92%83%E3%82%92%E3%82%82%E3%82%89%E3%81%86%E4%BA%BA%E3%81%9F%E3%81%A1%E3%81%AEgif%E3%81%BE%E3%81%A8%E3%82%81%EF%BC%88%E3%81%9D%E3%81%AE,RuntimeError('HTTP 503'),gif.anime2 実GIFアーカイブ
gif_anime2_0145_00016,gif_anime2,https://gif.anime2.net/wp/wp-content/uploads/2016/11/Gifsmith-3932fd50-19.gif,https://gif.anime2.net/matome/%E9%87%91%E7%9A%84%E3%81%AB%E7%97%9B%E3%81%84%E4%B8%80%E6%92%83%E3%82%92%E3%82%82%E3%82%89%E3%81%86%E4%BA%BA%E3%81%9F%E3%81%A1%E3%81%AEgif%E3%81%BE%E3%81%A8%E3%82%81%EF%BC%88%E3%81%9D%E3%81%AE,RuntimeError('HTTP 503'),gif.anime2 実GIFアーカイブ
gif_anime2_0146_00003,gif_anime2,https://gif.anime2.net/wp/wp-content/uploads/2015/12/2357368811.gif,https://gif.anime2.net/matome/%E3%83%AB%E3%83%BC%E3%83%A0%E3%83%A9%E3%83%B3%E3%83%8A%E3%83%BC%E3%81%A7%E5%B7%BB%E3%81%8D%E8%B5%B7%E3%81%93%E3%82%8B%E8%89%B2%E3%82%93%E3%81%AA%E3%83%8F%E3%83%97%E3%83%8B%E3%83%B3%E3%82%B0%E3%81%AEgi,RuntimeError('HTTP 503'),gif.anime2 実GIFアーカイブ
gif_anime2_0146_00002,gif_anime2,https://gif.anime2.net/wp/wp-content/uploads/2016/01/2d34eb35.gif,https://gif.anime2.net/matome/%E3%83%AB%E3%83%BC%E3%83%A0%E3%83%A9%E3%83%B3%E3%83%8A%E3%83%BC%E3%81%A7%E5%B7%BB%E3%81%8D%E8%B5%B7%E3%81%93%E3%82%8B%E8%89%B2%E3%82%93%E3%81%AA%E3%83%8F%E3%83%97%E3%83%8B%E3%83%B3%E3%82%B0%E3%81%AEgi,RuntimeError('HTTP 503'),gif.anime2 実GIFアーカイブ
gif_anime2_0146_00004,gif_anime2,https://gif.anime2.net/wp/wp-content/uploads/2016/04/829761c41d9abd61f331c485.gif,https://gif.anime2.net/matome/%E3%83%AB%E3%83%BC%E3%83%A0%E3%83%A9%E3%83%B3%E3%83%8A%E3%83%BC%E3%81%A7%E5%B7%BB%E3%81%8D%E8%B5%B7%E3%81%93%E3%82%8B%E8%89%B2%E3%82%93%E3%81%AA%E3%83%8F%E3%83%97%E3%83%8B%E3%83%B3%E3%82%B0%E3%81%AEgi,RuntimeError('HTTP 503'),gif.anime2 実GIFアーカイブ
gif_anime2_0146_00005,gif_anime2,https://gif.anime2.net/wp/wp-content/uploads/2016/10/Gifsmith-8acb3db1-26.gif,https://gif.anime2.net/matome/%E3%83%AB%E3%83%BC%E3%83%A0%E3%83%A9%E3%83%B3%E3%83%8A%E3%83%BC%E3%81%A7%E5%B7%BB%E3%81%8D%E8%B5%B7%E3%81%93%E3%82%8B%E8%89%B2%E3%82%93%E3%81%AA%E3%83%8F%E3%83%97%E3%83%8B%E3%83%B3%E3%82%B0%E3%81%AEgi,RuntimeError('HTTP 503'),gif.anime2 実GIFアーカイブ
gif_anime2_0146_00006,gif_anime2,https://gif.anime2.net/wp/wp-content/uploads/2016/10/Gifsmith-cc2e4d10-29.gif,https://gif.anime2.net/matome/%E3%83%AB%E3%83%BC%E3%83%A0%E3%83%A9%E3%83%B3%E3%83%8A%E3%83%BC%E3%81%A7%E5%B7%BB%E3%81%8D%E8%B5%B7%E3%81%93%E3%82%8B%E8%89%B2%E3%82%93%E3%81%AA%E3%83%8F%E3%83%97%E3%83%8B%E3%83%B3%E3%82%B0%E3%81%AEgi,RuntimeError('HTTP 503'),gif.anime2 実GIFアーカイブ
gif_anime2_0146_00013,gif_anime2,https://gif.anime2.net/wp/wp-content/uploads/2015/12/PNNwD4.gif,https://gif.anime2.net/matome/%E3%83%AB%E3%83%BC%E3%83%A0%E3%83%A9%E3%83%B3%E3%83%8A%E3%83%BC%E3%81%A7%E5%B7%BB%E3%81%8D%E8%B5%B7%E3%81%93%E3%82%8B%E8%89%B2%E3%82%93%E3%81%AA%E3%83%8F%E3%83%97%E3%83%8B%E3%83%B3%E3%82%B0%E3%81%AEgi,RuntimeError('HTTP 503'),gif.anime2 実GIFアーカイブ
gif_anime2_0146_00008,gif_anime2,https://gif.anime2.net/wp/wp-content/uploads/2016/11/Gifsmith-6b55a3c4-35.gif,https://gif.anime2.net/matome/%E3%83%AB%E3%83%BC%E3%83%A0%E3%83%A9%E3%83%B3%E3%83%8A%E3%83%BC%E3%81%A7%E5%B7%BB%E3%81%8D%E8%B5%B7%E3%81%93%E3%82%8B%E8%89%B2%E3%82%93%E3%81%AA%E3%83%8F%E3%83%97%E3%83%8B%E3%83%B3%E3%82%B0%E3%81%AEgi,RuntimeError('HTTP 503'),gif.anime2 実GIFアーカイブ
gif_anime2_0147_00002,gif_anime2,https://gif.anime2.net/wp/wp-content/uploads/2015/12/Z64rlg.gif,https://gif.anime2.net/matome/%E3%81%A4%E3%81%84%E3%81%A4%E3%81%84%E8%A6%8B%E7%B6%9A%E3%81%91%E3%81%A6%E3%81%97%E3%81%BE%E3%81%86%E5%B7%A5%E6%A5%AD%E6%A9%9F%E6%A2%B0%E3%81%AEgif%E3%81%BE%E3%81%A8%E3%82%81,RuntimeError('HTTP 503'),gif.anime2 実GIFアーカイブ
gif_anime2_0147_00003,gif_anime2,https://gif.anime2.net/wp/wp-content/uploads/2016/02/1355938284-13.gif,https://gif.anime2.net/matome/%E3%81%A4%E3%81%84%E3%81%A4%E3%81%84%E8%A6%8B%E7%B6%9A%E3%81%91%E3%81%A6%E3%81%97%E3%81%BE%E3%81%86%E5%B7%A5%E6%A5%AD%E6%A9%9F%E6%A2%B0%E3%81%AEgif%E3%81%BE%E3%81%A8%E3%82%81,RuntimeError('HTTP 503'),gif.anime2 実GIFアーカイブ
gif_anime2_0147_00004,gif_anime2,https://gif.anime2.net/wp/wp-content/uploads/2016/01/icecreansandwich.gif,https://gif.anime2.net/matome/%E3%81%A4%E3%81%84%E3%81%A4%E3%81%84%E8%A6%8B%E7%B6%9A%E3%81%91%E3%81%A6%E3%81%97%E3%81%BE%E3%81%86%E5%B7%A5%E6%A5%AD%E6%A9%9F%E6%A2%B0%E3%81%AEgif%E3%81%BE%E3%81%A8%E3%82%81,RuntimeError('HTTP 503'),gif.anime2 実GIFアーカイブ
gif_anime2_0147_00005,gif_anime2,https://gif.anime2.net/wp/wp-content/uploads/2016/05/Gifsmith-b43981a8-18.gif,https://gif.anime2.net/matome/%E3%81%A4%E3%81%84%E3%81%A4%E3%81%84%E8%A6%8B%E7%B6%9A%E3%81%91%E3%81%A6%E3%81%97%E3%81%BE%E3%81%86%E5%B7%A5%E6%A5%AD%E6%A9%9F%E6%A2%B0%E3%81%AEgif%E3%81%BE%E3%81%A8%E3%82%81,RuntimeError('HTTP 503'),gif.anime2 実GIFアーカイブ
gif_anime2_0147_00006,gif_anime2,https://gif.anime2.net/wp/wp-content/uploads/2016/05/Gifsmith-e67b4bcd-0.gif,https://gif.anime2.net/matome/%E3%81%A4%E3%81%84%E3%81%A4%E3%81%84%E8%A6%8B%E7%B6%9A%E3%81%91%E3%81%A6%E3%81%97%E3%81%BE%E3%81%86%E5%B7%A5%E6%A5%AD%E6%A9%9F%E6%A2%B0%E3%81%AEgif%E3%81%BE%E3%81%A8%E3%82%81,RuntimeError('HTTP 503'),gif.anime2 実GIFアーカイブ
gif_anime2_0147_00007,gif_anime2,https://gif.anime2.net/wp/wp-content/uploads/2016/05/Gifsmith-e5bbdcae-10.gif,https://gif.anime2.net/matome/%E3%81%A4%E3%81%84%E3%81%A4%E3%81%84%E8%A6%8B%E7%B6%9A%E3%81%91%E3%81%A6%E3%81%97%E3%81%BE%E3%81%86%E5%B7%A5%E6%A5%AD%E6%A9%9F%E6%A2%B0%E3%81%AEgif%E3%81%BE%E3%81%A8%E3%82%81,RuntimeError('HTTP 503'),gif.anime2 実GIFアーカイブ
gif_anime2_0147_00008,gif_anime2,https://gif.anime2.net/wp/wp-content/uploads/2016/05/Gifsmith-ddff25a1-0.gif,https://gif.anime2.net/matome/%E3%81%A4%E3%81%84%E3%81%A4%E3%81%84%E8%A6%8B%E7%B6%9A%E3%81%91%E3%81%A6%E3%81%97%E3%81%BE%E3%81%86%E5%B7%A5%E6%A5%AD%E6%A9%9F%E6%A2%B0%E3%81%AEgif%E3%81%BE%E3%81%A8%E3%82%81,RuntimeError('HTTP 503'),gif.anime2 実GIFアーカイブ
gif_anime2_0147_00009,gif_anime2,https://gif.anime2.net/wp/wp-content/uploads/2016/05/Gifsmith-48d2506b-0.gif,https://gif.anime2.net/matome/%E3%81%A4%E3%81%84%E3%81%A4%E3%81%84%E8%A6%8B%E7%B6%9A%E3%81%91%E3%81%A6%E3%81%97%E3%81%BE%E3%81%86%E5%B7%A5%E6%A5%AD%E6%A9%9F%E6%A2%B0%E3%81%AEgif%E3%81%BE%E3%81%A8%E3%82%81,RuntimeError('HTTP 503'),gif.anime2 実GIFアーカイブ
gif_anime2_0147_00010,gif_anime2,https://gif.anime2.net/wp/wp-content/uploads/2016/06/Gifsmith-80640c34-6.gif,https://gif.anime2.net/matome/%E3%81%A4%E3%81%84%E3%81%A4%E3%81%84%E8%A6%8B%E7%B6%9A%E3%81%91%E3%81%A6%E3%81%97%E3%81%BE%E3%81%86%E5%B7%A5%E6%A5%AD%E6%A9%9F%E6%A2%B0%E3%81%AEgif%E3%81%BE%E3%81%A8%E3%82%81,RuntimeError('HTTP 503'),gif.anime2 実GIFアーカイブ
gif_anime2_0147_00011,gif_anime2,https://gif.anime2.net/wp/wp-content/uploads/2016/06/Gifsmith-377af980-12.gif,https://gif.anime2.net/matome/%E3%81%A4%E3%81%84%E3%81%A4%E3%81%84%E8%A6%8B%E7%B6%9A%E3%81%91%E3%81%A6%E3%81%97%E3%81%BE%E3%81%86%E5%B7%A5%E6%A5%AD%E6%A9%9F%E6%A2%B0%E3%81%AEgif%E3%81%BE%E3%81%A8%E3%82%81,RuntimeError('HTTP 503'),gif.anime2 実GIFアーカイブ
gif_anime2_0147_00012,gif_anime2,https://gif.anime2.net/wp/wp-content/uploads/2016/08/Gifsmith-febd497f-2.gif,https://gif.anime2.net/matome/%E3%81%A4%E3%81%84%E3%81%A4%E3%81%84%E8%A6%8B%E7%B6%9A%E3%81%91%E3%81%A6%E3%81%97%E3%81%BE%E3%81%86%E5%B7%A5%E6%A5%AD%E6%A9%9F%E6%A2%B0%E3%81%AEgif%E3%81%BE%E3%81%A8%E3%82%81,RuntimeError('HTTP 503'),gif.anime2 実GIFアーカイブ
gif_anime2_0147_00013,gif_anime2,https://gif.anime2.net/wp/wp-content/uploads/2016/08/Gifsmith-b95518a9-7.gif,https://gif.anime2.net/matome/%E3%81%A4%E3%81%84%E3%81%A4%E3%81%84%E8%A6%8B%E7%B6%9A%E3%81%91%E3%81%A6%E3%81%97%E3%81%BE%E3%81%86%E5%B7%A5%E6%A5%AD%E6%A9%9F%E6%A2%B0%E3%81%AEgif%E3%81%BE%E3%81%A8%E3%82%81,RuntimeError('HTTP 503'),gif.anime2 実GIFアーカイブ
gif_anime2_0147_00014,gif_anime2,https://gif.anime2.net/wp/wp-content/uploads/2016/09/Gifsmith-4ecc9f2f-0.gif,https://gif.anime2.net/matome/%E3%81%A4%E3%81%84%E3%81%A4%E3%81%84%E8%A6%8B%E7%B6%9A%E3%81%91%E3%81%A6%E3%81%97%E3%81%BE%E3%81%86%E5%B7%A5%E6%A5%AD%E6%A9%9F%E6%A2%B0%E3%81%AEgif%E3%81%BE%E3%81%A8%E3%82%81,RuntimeError('HTTP 503'),gif.anime2 実GIFアーカイブ
gif_anime2_0147_00015,gif_anime2,https://gif.anime2.net/wp/wp-content/uploads/2016/09/Gifsmith-9e9a8052-20.gif,https://gif.anime2.net/matome/%E3%81%A4%E3%81%84%E3%81%A4%E3%81%84%E8%A6%8B%E7%B6%9A%E3%81%91%E3%81%A6%E3%81%97%E3%81%BE%E3%81%86%E5%B7%A5%E6%A5%AD%E6%A9%9F%E6%A2%B0%E3%81%AEgif%E3%81%BE%E3%81%A8%E3%82%81,RuntimeError('HTTP 503'),gif.anime2 実GIFアーカイブ
gif_anime2_0148_00001,gif_anime2,https://gif.anime2.net/wp/wp-content/uploads/2017/06/Gifsmith-5f05721c-10-2.gif,https://gif.anime2.net/matome/%E3%81%8B%E3%81%A3%E3%81%93%E3%82%88%E3%81%8F%E3%82%B9%E3%82%B1%E3%83%9C%E3%83%BC%E3%81%99%E3%82%8B%E4%BA%BA%E3%81%9F%E3%81%A1%E3%81%AEgif%E3%81%BE%E3%81%A8%E3%82%81,RuntimeError('HTTP 503'),gif.anime2 実GIFアーカイブ
gif_anime2_0147_00016,gif_anime2,https://gif.anime2.net/wp/wp-content/uploads/2016/08/Gifsmith-9995223c-0.gif,https://gif.anime2.net/matome/%E3%81%A4%E3%81%84%E3%81%A4%E3%81%84%E8%A6%8B%E7%B6%9A%E3%81%91%E3%81%A6%E3%81%97%E3%81%BE%E3%81%86%E5%B7%A5%E6%A5%AD%E6%A9%9F%E6%A2%B0%E3%81%AEgif%E3%81%BE%E3%81%A8%E3%82%81,RuntimeError('HTTP 503'),gif.anime2 実GIFアーカイブ
gif_anime2_0148_00002,gif_anime2,https://gif.anime2.net/wp/wp-content/uploads/2017/06/Gifsmith-5f05721c-7-4.gif,https://gif.anime2.net/matome/%E3%81%8B%E3%81%A3%E3%81%93%E3%82%88%E3%81%8F%E3%82%B9%E3%82%B1%E3%83%9C%E3%83%BC%E3%81%99%E3%82%8B%E4%BA%BA%E3%81%9F%E3%81%A1%E3%81%AEgif%E3%81%BE%E3%81%A8%E3%82%81,RuntimeError('HTTP 503'),gif.anime2 実GIFアーカイブ
gif_anime2_0148_00003,gif_anime2,https://gif.anime2.net/wp/wp-content/uploads/2017/01/Gifsmith-7d74d5c4-23.gif,https://gif.anime2.net/matome/%E3%81%8B%E3%81%A3%E3%81%93%E3%82%88%E3%81%8F%E3%82%B9%E3%82%B1%E3%83%9C%E3%83%BC%E3%81%99%E3%82%8B%E4%BA%BA%E3%81%9F%E3%81%A1%E3%81%AEgif%E3%81%BE%E3%81%A8%E3%82%81,RuntimeError('HTTP 503'),gif.anime2 実GIFアーカイブ
gif_anime2_0148_00004,gif_anime2,https://gif.anime2.net/wp/wp-content/uploads/2017/01/Gifsmith-8ea78ef2-23.gif,https://gif.anime2.net/matome/%E3%81%8B%E3%81%A3%E3%81%93%E3%82%88%E3%81%8F%E3%82%B9%E3%82%B1%E3%83%9C%E3%83%BC%E3%81%99%E3%82%8B%E4%BA%BA%E3%81%9F%E3%81%A1%E3%81%AEgif%E3%81%BE%E3%81%A8%E3%82%81,RuntimeError('HTTP 503'),gif.anime2 実GIFアーカイブ
gif_anime2_0148_00007,gif_anime2,https://gif.anime2.net/wp/wp-content/uploads/2016/11/Gifsmith-e9a26079-6.gif,https://gif.anime2.net/matome/%E3%81%8B%E3%81%A3%E3%81%93%E3%82%88%E3%81%8F%E3%82%B9%E3%82%B1%E3%83%9C%E3%83%BC%E3%81%99%E3%82%8B%E4%BA%BA%E3%81%9F%E3%81%A1%E3%81%AEgif%E3%81%BE%E3%81%A8%E3%82%81,RuntimeError('HTTP 503'),gif.anime2 実GIFアーカイブ
gif_anime2_0148_00006,gif_anime2,https://gif.anime2.net/wp/wp-content/uploads/2017/01/Gifsmith-e09fe955-14.gif,https://gif.anime2.net/matome/%E3%81%8B%E3%81%A3%E3%81%93%E3%82%88%E3%81%8F%E3%82%B9%E3%82%B1%E3%83%9C%E3%83%BC%E3%81%99%E3%82%8B%E4%BA%BA%E3%81%9F%E3%81%A1%E3%81%AEgif%E3%81%BE%E3%81%A8%E3%82%81,RuntimeError('HTTP 503'),gif.anime2 実GIFアーカイブ
gif_anime2_0148_00005,gif_anime2,https://gif.anime2.net/wp/wp-content/uploads/2017/01/Gifsmith-aab07188-21.gif,https://gif.anime2.net/matome/%E3%81%8B%E3%81%A3%E3%81%93%E3%82%88%E3%81%8F%E3%82%B9%E3%82%B1%E3%83%9C%E3%83%BC%E3%81%99%E3%82%8B%E4%BA%BA%E3%81%9F%E3%81%A1%E3%81%AEgif%E3%81%BE%E3%81%A8%E3%82%81,RuntimeError('HTTP 503'),gif.anime2 実GIFアーカイブ
gif_anime2_0148_00008,gif_anime2,https://gif.anime2.net/wp/wp-content/uploads/2017/01/Gifsmith-2d7c2fe4-20.gif,https://gif.anime2.net/matome/%E3%81%8B%E3%81%A3%E3%81%93%E3%82%88%E3%81%8F%E3%82%B9%E3%82%B1%E3%83%9C%E3%83%BC%E3%81%99%E3%82%8B%E4%BA%BA%E3%81%9F%E3%81%A1%E3%81%AEgif%E3%81%BE%E3%81%A8%E3%82%81,RuntimeError('HTTP 503'),gif.anime2 実GIFアーカイブ
gif_anime2_0148_00009,gif_anime2,https://gif.anime2.net/wp/wp-content/uploads/2016/08/Gifsmith-4f9c9d8d-7.gif,https://gif.anime2.net/matome/%E3%81%8B%E3%81%A3%E3%81%93%E3%82%88%E3%81%8F%E3%82%B9%E3%82%B1%E3%83%9C%E3%83%BC%E3%81%99%E3%82%8B%E4%BA%BA%E3%81%9F%E3%81%A1%E3%81%AEgif%E3%81%BE%E3%81%A8%E3%82%81,RuntimeError('HTTP 503'),gif.anime2 実GIFアーカイブ
gif_anime2_0148_00010,gif_anime2,https://gif.anime2.net/wp/wp-content/uploads/2016/09/Gifsmith-b977451c-2.gif,https://gif.anime2.net/matome/%E3%81%8B%E3%81%A3%E3%81%93%E3%82%88%E3%81%8F%E3%82%B9%E3%82%B1%E3%83%9C%E3%83%BC%E3%81%99%E3%82%8B%E4%BA%BA%E3%81%9F%E3%81%A1%E3%81%AEgif%E3%81%BE%E3%81%A8%E3%82%81,RuntimeError('HTTP 503'),gif.anime2 実GIFアーカイブ
gif_anime2_0148_00011,gif_anime2,https://gif.anime2.net/wp/wp-content/uploads/2016/07/Gifsmith-53d76485-0.gif,https://gif.anime2.net/matome/%E3%81%8B%E3%81%A3%E3%81%93%E3%82%88%E3%81%8F%E3%82%B9%E3%82%B1%E3%83%9C%E3%83%BC%E3%81%99%E3%82%8B%E4%BA%BA%E3%81%9F%E3%81%A1%E3%81%AEgif%E3%81%BE%E3%81%A8%E3%82%81,RuntimeError('HTTP 503'),gif.anime2 実GIFアーカイブ
gif_anime2_0148_00012,gif_anime2,https://gif.anime2.net/wp/wp-content/uploads/2016/12/Gifsmith-cbd6639a-12.gif,https://gif.anime2.net/matome/%E3%81%8B%E3%81%A3%E3%81%93%E3%82%88%E3%81%8F%E3%82%B9%E3%82%B1%E3%83%9C%E3%83%BC%E3%81%99%E3%82%8B%E4%BA%BA%E3%81%9F%E3%81%A1%E3%81%AEgif%E3%81%BE%E3%81%A8%E3%82%81,RuntimeError('HTTP 503'),gif.anime2 実GIFアーカイブ
gif_anime2_0148_00013,gif_anime2,https://gif.anime2.net/wp/wp-content/uploads/2016/06/Gifsmith-3b7069c2-0.gif,https://gif.anime2.net/matome/%E3%81%8B%E3%81%A3%E3%81%93%E3%82%88%E3%81%8F%E3%82%B9%E3%82%B1%E3%83%9C%E3%83%BC%E3%81%99%E3%82%8B%E4%BA%BA%E3%81%9F%E3%81%A1%E3%81%AEgif%E3%81%BE%E3%81%A8%E3%82%81,RuntimeError('HTTP 503'),gif.anime2 実GIFアーカイブ
gif_anime2_0148_00014,gif_anime2,https://gif.anime2.net/wp/wp-content/uploads/2016/06/Gifsmith-c4d202a0-0.gif,https://gif.anime2.net/matome/%E3%81%8B%E3%81%A3%E3%81%93%E3%82%88%E3%81%8F%E3%82%B9%E3%82%B1%E3%83%9C%E3%83%BC%E3%81%99%E3%82%8B%E4%BA%BA%E3%81%9F%E3%81%A1%E3%81%AEgif%E3%81%BE%E3%81%A8%E3%82%81,RuntimeError('HTTP 503'),gif.anime2 実GIFアーカイブ
gif_anime2_0148_00015,gif_anime2,https://gif.anime2.net/wp/wp-content/uploads/2016/02/3661049370.gif,https://gif.anime2.net/matome/%E3%81%8B%E3%81%A3%E3%81%93%E3%82%88%E3%81%8F%E3%82%B9%E3%82%B1%E3%83%9C%E3%83%BC%E3%81%99%E3%82%8B%E4%BA%BA%E3%81%9F%E3%81%A1%E3%81%AEgif%E3%81%BE%E3%81%A8%E3%82%81,RuntimeError('HTTP 503'),gif.anime2 実GIFアーカイブ
gif_anime2_0148_00016,gif_anime2,https://gif.anime2.net/wp/wp-content/uploads/2016/03/977989275.gif,https://gif.anime2.net/matome/%E3%81%8B%E3%81%A3%E3%81%93%E3%82%88%E3%81%8F%E3%82%B9%E3%82%B1%E3%83%9C%E3%83%BC%E3%81%99%E3%82%8B%E4%BA%BA%E3%81%9F%E3%81%A1%E3%81%AEgif%E3%81%BE%E3%81%A8%E3%82%81,RuntimeError('HTTP 503'),gif.anime2 実GIFアーカイブ
gif_anime2_0148_00017,gif_anime2,https://gif.anime2.net/wp/wp-content/uploads/2016/05/Gifsmith-fc7f3808-0.gif,https://gif.anime2.net/matome/%E3%81%8B%E3%81%A3%E3%81%93%E3%82%88%E3%81%8F%E3%82%B9%E3%82%B1%E3%83%9C%E3%83%BC%E3%81%99%E3%82%8B%E4%BA%BA%E3%81%9F%E3%81%A1%E3%81%AEgif%E3%81%BE%E3%81%A8%E3%82%81,RuntimeError('HTTP 503'),gif.anime2 実GIFアーカイブ
gif_anime2_0148_00018,gif_anime2,https://gif.anime2.net/wp/wp-content/uploads/2016/09/Gifsmith-3566dd7f-16.gif,https://gif.anime2.net/matome/%E3%81%8B%E3%81%A3%E3%81%93%E3%82%88%E3%81%8F%E3%82%B9%E3%82%B1%E3%83%9C%E3%83%BC%E3%81%99%E3%82%8B%E4%BA%BA%E3%81%9F%E3%81%A1%E3%81%AEgif%E3%81%BE%E3%81%A8%E3%82%81,RuntimeError('HTTP 503'),gif.anime2 実GIFアーカイブ
gif_anime2_0148_00019,gif_anime2,https://gif.anime2.net/wp/wp-content/uploads/2016/07/8eea04fe.gif,https://gif.anime2.net/matome/%E3%81%8B%E3%81%A3%E3%81%93%E3%82%88%E3%81%8F%E3%82%B9%E3%82%B1%E3%83%9C%E3%83%BC%E3%81%99%E3%82%8B%E4%BA%BA%E3%81%9F%E3%81%A1%E3%81%AEgif%E3%81%BE%E3%81%A8%E3%82%81,RuntimeError('HTTP 503'),gif.anime2 実GIFアーカイブ
gif_anime2_0148_00021,gif_anime2,https://gif.anime2.net/wp/wp-content/uploads/2017/03/Gifsmith-03b1518d-0.gif,https://gif.anime2.net/matome/%E3%81%8B%E3%81%A3%E3%81%93%E3%82%88%E3%81%8F%E3%82%B9%E3%82%B1%E3%83%9C%E3%83%BC%E3%81%99%E3%82%8B%E4%BA%BA%E3%81%9F%E3%81%A1%E3%81%AEgif%E3%81%BE%E3%81%A8%E3%82%81,RuntimeError('HTTP 503'),gif.anime2 実GIFアーカイブ
gif_anime2_0148_00023,gif_anime2,https://gif.anime2.net/wp/wp-content/uploads/2017/05/Gifsmith-05d6bf16-8.gif,https://gif.anime2.net/matome/%E3%81%8B%E3%81%A3%E3%81%93%E3%82%88%E3%81%8F%E3%82%B9%E3%82%B1%E3%83%9C%E3%83%BC%E3%81%99%E3%82%8B%E4%BA%BA%E3%81%9F%E3%81%A1%E3%81%AEgif%E3%81%BE%E3%81%A8%E3%82%81,RuntimeError('HTTP 503'),gif.anime2 実GIFアーカイブ
gif_anime2_0148_00022,gif_anime2,https://gif.anime2.net/wp/wp-content/uploads/2017/04/Gifsmith-5f05721c-26.gif,https://gif.anime2.net/matome/%E3%81%8B%E3%81%A3%E3%81%93%E3%82%88%E3%81%8F%E3%82%B9%E3%82%B1%E3%83%9C%E3%83%BC%E3%81%99%E3%82%8B%E4%BA%BA%E3%81%9F%E3%81%A1%E3%81%AEgif%E3%81%BE%E3%81%A8%E3%82%81,RuntimeError('HTTP 503'),gif.anime2 実GIFアーカイブ
gif_anime2_0149_00002,gif_anime2,https://gif.anime2.net/wp/wp-content/uploads/2017/02/Gifsmith-ff616836-15.gif,https://gif.anime2.net/matome/%E9%A6%AC%E9%B9%BF%E3%81%AA%E3%81%93%E3%81%A8%E3%81%97%E3%81%A6%E8%87%AA%E3%82%89%E7%87%83%E3%81%88%E3%82%8B%E4%BA%BA%E3%81%AEgif%E3%81%BE%E3%81%A8%E3%82%81,RuntimeError('HTTP 503'),gif.anime2 実GIFアーカイブ
gif_anime2_0149_00003,gif_anime2,https://gif.anime2.net/wp/wp-content/uploads/2017/02/Gifsmith-2dc00fdb-12.gif,https://gif.anime2.net/matome/%E9%A6%AC%E9%B9%BF%E3%81%AA%E3%81%93%E3%81%A8%E3%81%97%E3%81%A6%E8%87%AA%E3%82%89%E7%87%83%E3%81%88%E3%82%8B%E4%BA%BA%E3%81%AEgif%E3%81%BE%E3%81%A8%E3%82%81,RuntimeError('HTTP 503'),gif.anime2 実GIFアーカイブ
gif_anime2_0149_00005,gif_anime2,https://gif.anime2.net/wp/wp-content/uploads/2017/01/Gifsmith-d7ce0fed-27.gif,https://gif.anime2.net/matome/%E9%A6%AC%E9%B9%BF%E3%81%AA%E3%81%93%E3%81%A8%E3%81%97%E3%81%A6%E8%87%AA%E3%82%89%E7%87%83%E3%81%88%E3%82%8B%E4%BA%BA%E3%81%AEgif%E3%81%BE%E3%81%A8%E3%82%81,RuntimeError('HTTP 503'),gif.anime2 実GIFアーカイブ
gif_anime2_0149_00006,gif_anime2,https://gif.anime2.net/wp/wp-content/uploads/2016/12/Gifsmith-96c37e6b-14.gif,https://gif.anime2.net/matome/%E9%A6%AC%E9%B9%BF%E3%81%AA%E3%81%93%E3%81%A8%E3%81%97%E3%81%A6%E8%87%AA%E3%82%89%E7%87%83%E3%81%88%E3%82%8B%E4%BA%BA%E3%81%AEgif%E3%81%BE%E3%81%A8%E3%82%81,RuntimeError('HTTP 503'),gif.anime2 実GIFアーカイブ
gif_anime2_0149_00004,gif_anime2,https://gif.anime2.net/wp/wp-content/uploads/2016/12/Gifsmith-13d8d552-50.gif,https://gif.anime2.net/matome/%E9%A6%AC%E9%B9%BF%E3%81%AA%E3%81%93%E3%81%A8%E3%81%97%E3%81%A6%E8%87%AA%E3%82%89%E7%87%83%E3%81%88%E3%82%8B%E4%BA%BA%E3%81%AEgif%E3%81%BE%E3%81%A8%E3%82%81,RuntimeError('HTTP 503'),gif.anime2 実GIFアーカイブ
gif_anime2_0149_00008,gif_anime2,https://gif.anime2.net/wp/wp-content/uploads/2016/11/Gifsmith-f78492f0-28.gif,https://gif.anime2.net/matome/%E9%A6%AC%E9%B9%BF%E3%81%AA%E3%81%93%E3%81%A8%E3%81%97%E3%81%A6%E8%87%AA%E3%82%89%E7%87%83%E3%81%88%E3%82%8B%E4%BA%BA%E3%81%AEgif%E3%81%BE%E3%81%A8%E3%82%81,RuntimeError('HTTP 503'),gif.anime2 実GIFアーカイブ
gif_anime2_0149_00007,gif_anime2,https://gif.anime2.net/wp/wp-content/uploads/2016/12/Gifsmith-1793ee95-0.gif,https://gif.anime2.net/matome/%E9%A6%AC%E9%B9%BF%E3%81%AA%E3%81%93%E3%81%A8%E3%81%97%E3%81%A6%E8%87%AA%E3%82%89%E7%87%83%E3%81%88%E3%82%8B%E4%BA%BA%E3%81%AEgif%E3%81%BE%E3%81%A8%E3%82%81,RuntimeError('HTTP 503'),gif.anime2 実GIFアーカイブ
gif_anime2_0149_00009,gif_anime2,https://gif.anime2.net/wp/wp-content/uploads/2016/11/Gifsmith-f0dfe4e3-0.gif,https://gif.anime2.net/matome/%E9%A6%AC%E9%B9%BF%E3%81%AA%E3%81%93%E3%81%A8%E3%81%97%E3%81%A6%E8%87%AA%E3%82%89%E7%87%83%E3%81%88%E3%82%8B%E4%BA%BA%E3%81%AEgif%E3%81%BE%E3%81%A8%E3%82%81,RuntimeError('HTTP 503'),gif.anime2 実GIFアーカイブ
gif_anime2_0149_00010,gif_anime2,https://gif.anime2.net/wp/wp-content/uploads/2016/09/Gifsmith-85425f52-30.gif,https://gif.anime2.net/matome/%E9%A6%AC%E9%B9%BF%E3%81%AA%E3%81%93%E3%81%A8%E3%81%97%E3%81%A6%E8%87%AA%E3%82%89%E7%87%83%E3%81%88%E3%82%8B%E4%BA%BA%E3%81%AEgif%E3%81%BE%E3%81%A8%E3%82%81,RuntimeError('HTTP 503'),gif.anime2 実GIFアーカイブ
gif_anime2_0149_00013,gif_anime2,https://gif.anime2.net/wp/wp-content/uploads/2016/03/21bb50c0.gif,https://gif.anime2.net/matome/%E9%A6%AC%E9%B9%BF%E3%81%AA%E3%81%93%E3%81%A8%E3%81%97%E3%81%A6%E8%87%AA%E3%82%89%E7%87%83%E3%81%88%E3%82%8B%E4%BA%BA%E3%81%AEgif%E3%81%BE%E3%81%A8%E3%82%81,RuntimeError('HTTP 503'),gif.anime2 実GIFアーカイブ
gif_anime2_0149_00012,gif_anime2,https://gif.anime2.net/wp/wp-content/uploads/2016/05/Gifsmith-710c3319-0.gif,https://gif.anime2.net/matome/%E9%A6%AC%E9%B9%BF%E3%81%AA%E3%81%93%E3%81%A8%E3%81%97%E3%81%A6%E8%87%AA%E3%82%89%E7%87%83%E3%81%88%E3%82%8B%E4%BA%BA%E3%81%AEgif%E3%81%BE%E3%81%A8%E3%82%81,RuntimeError('HTTP 503'),gif.anime2 実GIFアーカイブ
gif_anime2_0150_00002,gif_anime2,https://gif.anime2.net/wp/wp-content/uploads/2016/10/Gifsmith-04c90d5c-0.gif,https://gif.anime2.net/matome/%E3%81%AA%E3%81%A7%E3%81%AA%E3%81%A7%E3%81%8C%E5%A4%A7%E5%A5%BD%E3%81%8D%E3%81%AA%E5%8B%95%E7%89%A9%E3%81%9F%E3%81%A1%E3%81%AEgif%E3%81%BE%E3%81%A8%E3%82%81,RuntimeError('HTTP 503'),gif.anime2 実GIFアーカイブ
gif_anime2_0149_00011,gif_anime2,https://gif.anime2.net/wp/wp-content/uploads/2016/07/dee9251e.gif,https://gif.anime2.net/matome/%E9%A6%AC%E9%B9%BF%E3%81%AA%E3%81%93%E3%81%A8%E3%81%97%E3%81%A6%E8%87%AA%E3%82%89%E7%87%83%E3%81%88%E3%82%8B%E4%BA%BA%E3%81%AEgif%E3%81%BE%E3%81%A8%E3%82%81,RuntimeError('HTTP 503'),gif.anime2 実GIFアーカイブ
gif_anime2_0150_00003,gif_anime2,https://gif.anime2.net/wp/wp-content/uploads/2017/07/Gifsmith-5f05721c-4-4.gif,https://gif.anime2.net/matome/%E3%81%AA%E3%81%A7%E3%81%AA%E3%81%A7%E3%81%8C%E5%A4%A7%E5%A5%BD%E3%81%8D%E3%81%AA%E5%8B%95%E7%89%A9%E3%81%9F%E3%81%A1%E3%81%AEgif%E3%81%BE%E3%81%A8%E3%82%81,RuntimeError('HTTP 503'),gif.anime2 実GIFアーカイブ
gif_anime2_0150_00004,gif_anime2,https://gif.anime2.net/wp/wp-content/uploads/2016/06/Gifsmith-9d61e762-29.gif,https://gif.anime2.net/matome/%E3%81%AA%E3%81%A7%E3%81%AA%E3%81%A7%E3%81%8C%E5%A4%A7%E5%A5%BD%E3%81%8D%E3%81%AA%E5%8B%95%E7%89%A9%E3%81%9F%E3%81%A1%E3%81%AEgif%E3%81%BE%E3%81%A8%E3%82%81,RuntimeError('HTTP 503'),gif.anime2 実GIFアーカイブ
gif_anime2_0150_00005,gif_anime2,https://gif.anime2.net/wp/wp-content/uploads/2016/05/e02af5c2.gif,https://gif.anime2.net/matome/%E3%81%AA%E3%81%A7%E3%81%AA%E3%81%A7%E3%81%8C%E5%A4%A7%E5%A5%BD%E3%81%8D%E3%81%AA%E5%8B%95%E7%89%A9%E3%81%9F%E3%81%A1%E3%81%AEgif%E3%81%BE%E3%81%A8%E3%82%81,RuntimeError('HTTP 503'),gif.anime2 実GIFアーカイブ
gif_anime2_0150_00006,gif_anime2,https://gif.anime2.net/wp/wp-content/uploads/2017/01/Gifsmith-95a4b9eb-13.gif,https://gif.anime2.net/matome/%E3%81%AA%E3%81%A7%E3%81%AA%E3%81%A7%E3%81%8C%E5%A4%A7%E5%A5%BD%E3%81%8D%E3%81%AA%E5%8B%95%E7%89%A9%E3%81%9F%E3%81%A1%E3%81%AEgif%E3%81%BE%E3%81%A8%E3%82%81,RuntimeError('HTTP 503'),gif.anime2 実GIFアーカイブ
gif_anime2_0150_00007,gif_anime2,https://gif.anime2.net/wp/wp-content/uploads/2016/04/977abf37527397aa7eee56d.gif,https://gif.anime2.net/matome/%E3%81%AA%E3%81%A7%E3%81%AA%E3%81%A7%E3%81%8C%E5%A4%A7%E5%A5%BD%E3%81%8D%E3%81%AA%E5%8B%95%E7%89%A9%E3%81%9F%E3%81%A1%E3%81%AEgif%E3%81%BE%E3%81%A8%E3%82%81,RuntimeError('HTTP 503'),gif.anime2 実GIFアーカイブ
gif_anime2_0150_00008,gif_anime2,https://gif.anime2.net/wp/wp-content/uploads/2016/05/Gifsmith-db39ca20-6.gif,https://gif.anime2.net/matome/%E3%81%AA%E3%81%A7%E3%81%AA%E3%81%A7%E3%81%8C%E5%A4%A7%E5%A5%BD%E3%81%8D%E3%81%AA%E5%8B%95%E7%89%A9%E3%81%9F%E3%81%A1%E3%81%AEgif%E3%81%BE%E3%81%A8%E3%82%81,RuntimeError('HTTP 503'),gif.anime2 実GIFアーカイブ
gif_anime2_0151_00001,gif_anime2,https://gif.anime2.net/wp/wp-content/uploads/2016/10/Gifsmith-96f7a294-12.gif,https://gif.anime2.net/matome/%E9%AB%98%E6%A0%A1%E7%90%83%E5%85%90%E3%82%92%E5%BF%9C%E6%8F%B4%E3%81%99%E3%82%8B%E3%83%81%E3%82%A2%E3%83%AA%E3%83%BC%E3%83%80%E3%83%BC%E3%81%9F%E3%81%A1%E3%81%AEgif%E3%81%BE%E3%81%A8%E3%82%81,RuntimeError('HTTP 503'),gif.anime2 実GIFアーカイブ
gif_anime2_0150_00009,gif_anime2,https://gif.anime2.net/wp/wp-content/uploads/2016/04/5333a91a9c3635afc51045df.gif,https://gif.anime2.net/matome/%E3%81%AA%E3%81%A7%E3%81%AA%E3%81%A7%E3%81%8C%E5%A4%A7%E5%A5%BD%E3%81%8D%E3%81%AA%E5%8B%95%E7%89%A9%E3%81%9F%E3%81%A1%E3%81%AEgif%E3%81%BE%E3%81%A8%E3%82%81,RuntimeError('HTTP 503'),gif.anime2 実GIFアーカイブ
gif_anime2_0151_00003,gif_anime2,https://gif.anime2.net/wp/wp-content/uploads/2016/05/ff5ec6b5.gif,https://gif.anime2.net/matome/%E9%AB%98%E6%A0%A1%E7%90%83%E5%85%90%E3%82%92%E5%BF%9C%E6%8F%B4%E3%81%99%E3%82%8B%E3%83%81%E3%82%A2%E3%83%AA%E3%83%BC%E3%83%80%E3%83%BC%E3%81%9F%E3%81%A1%E3%81%AEgif%E3%81%BE%E3%81%A8%E3%82%81,RuntimeError('HTTP 503'),gif.anime2 実GIFアーカイブ
gif_anime2_0151_00011,gif_anime2,https://gif.anime2.net/wp/wp-content/uploads/2016/10/Gifsmith-01ba792a-8.gif,https://gif.anime2.net/matome/%E9%AB%98%E6%A0%A1%E7%90%83%E5%85%90%E3%82%92%E5%BF%9C%E6%8F%B4%E3%81%99%E3%82%8B%E3%83%81%E3%82%A2%E3%83%AA%E3%83%BC%E3%83%80%E3%83%BC%E3%81%9F%E3%81%A1%E3%81%AEgif%E3%81%BE%E3%81%A8%E3%82%81,RuntimeError('HTTP 503'),gif.anime2 実GIFアーカイブ
gif_anime2_0151_00002,gif_anime2,https://gif.anime2.net/wp/wp-content/uploads/2016/05/Gifsmith-23a6ac50-0.gif,https://gif.anime2.net/matome/%E9%AB%98%E6%A0%A1%E7%90%83%E5%85%90%E3%82%92%E5%BF%9C%E6%8F%B4%E3%81%99%E3%82%8B%E3%83%81%E3%82%A2%E3%83%AA%E3%83%BC%E3%83%80%E3%83%BC%E3%81%9F%E3%81%A1%E3%81%AEgif%E3%81%BE%E3%81%A8%E3%82%81,RuntimeError('HTTP 503'),gif.anime2 実GIFアーカイブ
gif_anime2_0152_00002,gif_anime2,https://gif.anime2.net/wp/wp-content/uploads/2016/11/Gifsmith-1888b39f-4.gif,https://gif.anime2.net/matome/%E6%B0%B4%E7%9D%80%E3%81%AA%E5%A5%B3%E3%81%AE%E5%AD%90%E3%81%9F%E3%81%A1%E3%81%AEgif%E3%81%BE%E3%81%A8%E3%82%81,RuntimeError('HTTP 503'),gif.anime2 実GIFアーカイブ
gif_anime2_0152_00004,gif_anime2,https://gif.anime2.net/wp/wp-content/uploads/2016/10/Gifsmith-ec1ab3f7-38.gif,https://gif.anime2.net/matome/%E6%B0%B4%E7%9D%80%E3%81%AA%E5%A5%B3%E3%81%AE%E5%AD%90%E3%81%9F%E3%81%A1%E3%81%AEgif%E3%81%BE%E3%81%A8%E3%82%81,RuntimeError('HTTP 503'),gif.anime2 実GIFアーカイブ
gif_anime2_0152_00003,gif_anime2,https://gif.anime2.net/wp/wp-content/uploads/2017/02/Gifsmith-caf09878-3.gif,https://gif.anime2.net/matome/%E6%B0%B4%E7%9D%80%E3%81%AA%E5%A5%B3%E3%81%AE%E5%AD%90%E3%81%9F%E3%81%A1%E3%81%AEgif%E3%81%BE%E3%81%A8%E3%82%81,RuntimeError('HTTP 503'),gif.anime2 実GIFアーカイブ
gif_anime2_0152_00005,gif_anime2,https://gif.anime2.net/wp/wp-content/uploads/2016/05/Gifsmith-b7787da3-10.gif,https://gif.anime2.net/matome/%E6%B0%B4%E7%9D%80%E3%81%AA%E5%A5%B3%E3%81%AE%E5%AD%90%E3%81%9F%E3%81%A1%E3%81%AEgif%E3%81%BE%E3%81%A8%E3%82%81,RuntimeError('HTTP 503'),gif.anime2 実GIFアーカイブ
gif_anime2_0152_00006,gif_anime2,https://gif.anime2.net/wp/wp-content/uploads/2016/01/fd601dbc.gif,https://gif.anime2.net/matome/%E6%B0%B4%E7%9D%80%E3%81%AA%E5%A5%B3%E3%81%AE%E5%AD%90%E3%81%9F%E3%81%A1%E3%81%AEgif%E3%81%BE%E3%81%A8%E3%82%81,RuntimeError('HTTP 503'),gif.anime2 実GIFアーカイブ
gif_anime2_0152_00007,gif_anime2,https://gif.anime2.net/wp/wp-content/uploads/2016/01/3741502311.gif,https://gif.anime2.net/matome/%E6%B0%B4%E7%9D%80%E3%81%AA%E5%A5%B3%E3%81%AE%E5%AD%90%E3%81%9F%E3%81%A1%E3%81%AEgif%E3%81%BE%E3%81%A8%E3%82%81,RuntimeError('HTTP 503'),gif.anime2 実GIFアーカイブ
gif_anime2_0152_00009,gif_anime2,https://gif.anime2.net/wp/wp-content/uploads/2016/11/Gifsmith-5cca9b67-12.gif,https://gif.anime2.net/matome/%E6%B0%B4%E7%9D%80%E3%81%AA%E5%A5%B3%E3%81%AE%E5%AD%90%E3%81%9F%E3%81%A1%E3%81%AEgif%E3%81%BE%E3%81%A8%E3%82%81,RuntimeError('HTTP 503'),gif.anime2 実GIFアーカイブ
gif_anime2_0152_00010,gif_anime2,https://gif.anime2.net/wp/wp-content/uploads/2016/11/Gifsmith-f6c229a7-0.gif,https://gif.anime2.net/matome/%E6%B0%B4%E7%9D%80%E3%81%AA%E5%A5%B3%E3%81%AE%E5%AD%90%E3%81%9F%E3%81%A1%E3%81%AEgif%E3%81%BE%E3%81%A8%E3%82%81,RuntimeError('HTTP 503'),gif.anime2 実GIFアーカイブ
gif_anime2_0152_00011,gif_anime2,https://gif.anime2.net/wp/wp-content/uploads/2016/01/4090204131.gif,https://gif.anime2.net/matome/%E6%B0%B4%E7%9D%80%E3%81%AA%E5%A5%B3%E3%81%AE%E5%AD%90%E3%81%9F%E3%81%A1%E3%81%AEgif%E3%81%BE%E3%81%A8%E3%82%81,RuntimeError('HTTP 503'),gif.anime2 実GIFアーカイブ
gif_anime2_0155_00003,gif_anime2,https://gif.anime2.net/wp/wp-content/uploads/2016/09/Gifsmith-e42b262c-21-thumb.jpg,https://gif.anime2.net/tag/%E4%B8%89%E8%A7%92%E8%B7%B3%E3%81%B3,RuntimeError('HTTP 503'),gif.anime2 実GIFアーカイブ
gif_anime2_0155_00005,gif_anime2,https://gif.anime2.net/wp/wp-content/uploads/2015/12/3155903234-thumb.jpg,https://gif.anime2.net/tag/%E4%B8%89%E8%A7%92%E8%B7%B3%E3%81%B3,RuntimeError('HTTP 503'),gif.anime2 実GIFアーカイブ
gif_anime2_0155_00027,gif_anime2,https://gif.anime2.net/wp/wp-content/uploads/2016/09/Gifsmith-e42b262c-21.gif,https://gif.anime2.net/tag/%E4%B8%89%E8%A7%92%E8%B7%B3%E3%81%B3,RuntimeError('HTTP 503'),gif.anime2 実GIFアーカイブ
gif_anime2_0155_00004,gif_anime2,https://gif.anime2.net/wp/wp-content/uploads/2016/04/128428929-thumb.jpg,https://gif.anime2.net/tag/%E4%B8%89%E8%A7%92%E8%B7%B3%E3%81%B3,RuntimeError('HTTP 503'),gif.anime2 実GIFアーカイブ
gif_anime2_0155_00028,gif_anime2,https://gif.anime2.net/wp/wp-content/uploads/2016/04/128428929.gif,https://gif.anime2.net/tag/%E4%B8%89%E8%A7%92%E8%B7%B3%E3%81%B3,RuntimeError('HTTP 503'),gif.anime2 実GIFアーカイブ
gif_anime2_0155_00029,gif_anime2,https://gif.anime2.net/wp/wp-content/uploads/2015/12/3155903234.gif,https://gif.anime2.net/tag/%E4%B8%89%E8%A7%92%E8%B7%B3%E3%81%B3,RuntimeError('HTTP 503'),gif.anime2 実GIFアーカイブ
gif_anime2_0157_00005,gif_anime2,https://gif.anime2.net/wp/wp-content/uploads/2017/12/Gifsmith-1511296d-10-thumb.jpg,https://gif.anime2.net/tag/%E7%A9%BA%E6%89%8B,RuntimeError('HTTP 503'),gif.anime2 実GIFアーカイブ
gif_anime2_0157_00007,gif_anime2,https://gif.anime2.net/wp/wp-content/uploads/2017/06/Gifsmith-5ad125a7-0-thumb.jpg,https://gif.anime2.net/tag/%E7%A9%BA%E6%89%8B,RuntimeError('HTTP 503'),gif.anime2 実GIFアーカイブ
gif_anime2_0157_00008,gif_anime2,https://gif.anime2.net/wp/wp-content/uploads/2017/05/Gifsmith-7e8a4e3d-0-thumb.jpg,https://gif.anime2.net/tag/%E7%A9%BA%E6%89%8B,RuntimeError('HTTP 503'),gif.anime2 実GIFアーカイブ
gif_anime2_0157_00009,gif_anime2,https://gif.anime2.net/wp/wp-content/uploads/2017/01/Gifsmith-8246d6f6-42-thumb.jpg,https://gif.anime2.net/tag/%E7%A9%BA%E6%89%8B,RuntimeError('HTTP 503'),gif.anime2 実GIFアーカイブ
gif_anime2_0157_00011,gif_anime2,https://gif.anime2.net/wp/wp-content/uploads/2016/12/Gifsmith-a3cadac6-0-thumb.jpg,https://gif.anime2.net/tag/%E7%A9%BA%E6%89%8B,RuntimeError('HTTP 503'),gif.anime2 実GIFアーカイブ
gif_anime2_0157_00010,gif_anime2,https://gif.anime2.net/wp/wp-content/uploads/2017/01/Gifsmith-e3f7b71d-0-thumb.jpg,https://gif.anime2.net/tag/%E7%A9%BA%E6%89%8B,RuntimeError('HTTP 503'),gif.anime2 実GIFアーカイブ
gif_anime2_0157_00013,gif_anime2,https://gif.anime2.net/wp/wp-content/uploads/2016/09/Gifsmith-c4c2127c-43-thumb.jpg,https://gif.anime2.net/tag/%E7%A9%BA%E6%89%8B,RuntimeError('HTTP 503'),gif.anime2 実GIFアーカイブ
gif_anime2_0157_00014,gif_anime2,https://gif.anime2.net/wp/wp-content/uploads/2016/07/42205fd7-thumb.jpg,https://gif.anime2.net/tag/%E7%A9%BA%E6%89%8B,RuntimeError('HTTP 503'),gif.anime2 実GIFアーカイブ
gif_anime2_0157_00016,gif_anime2,https://gif.anime2.net/wp/wp-content/uploads/2016/05/Gifsmith-f1f3eddd-4-thumb.jpg,https://gif.anime2.net/tag/%E7%A9%BA%E6%89%8B,RuntimeError('HTTP 503'),gif.anime2 実GIFアーカイブ
gif_anime2_0157_00017,gif_anime2,https://gif.anime2.net/wp/wp-content/uploads/2016/04/6d1b386a9d5e3ed5fa42147e-thumb.jpg,https://gif.anime2.net/tag/%E7%A9%BA%E6%89%8B,RuntimeError('HTTP 503'),gif.anime2 実GIFアーカイブ
gif_anime2_0157_00018,gif_anime2,https://gif.anime2.net/wp/wp-content/uploads/2016/02/79ec1283-thumb.jpg,https://gif.anime2.net/tag/%E7%A9%BA%E6%89%8B,RuntimeError('HTTP 503'),gif.anime2 実GIFアーカイブ
gif_anime2_0157_00044,gif_anime2,https://gif.anime2.net/wp/wp-content/uploads/2017/06/Gifsmith-5ad125a7-0.gif,https://gif.anime2.net/tag/%E7%A9%BA%E6%89%8B,RuntimeError('HTTP 503'),gif.anime2 実GIFアーカイブ
gif_anime2_0157_00042,gif_anime2,https://gif.anime2.net/wp/wp-content/uploads/2017/12/Gifsmith-1511296d-10.gif,https://gif.anime2.net/tag/%E7%A9%BA%E6%89%8B,RuntimeError('HTTP 503'),gif.anime2 実GIFアーカイブ
gif_anime2_0157_00045,gif_anime2,https://gif.anime2.net/wp/wp-content/uploads/2017/05/Gifsmith-7e8a4e3d-0.gif,https://gif.anime2.net/tag/%E7%A9%BA%E6%89%8B,RuntimeError('HTTP 503'),gif.anime2 実GIFアーカイブ
gif_anime2_0157_00046,gif_anime2,https://gif.anime2.net/wp/wp-content/uploads/2017/01/Gifsmith-8246d6f6-42.gif,https://gif.anime2.net/tag/%E7%A9%BA%E6%89%8B,RuntimeError('HTTP 503'),gif.anime2 実GIFアーカイブ
gif_anime2_0157_00047,gif_anime2,https://gif.anime2.net/wp/wp-content/uploads/2017/01/Gifsmith-e3f7b71d-0.gif,https://gif.anime2.net/tag/%E7%A9%BA%E6%89%8B,RuntimeError('HTTP 503'),gif.anime2 実GIFアーカイブ
gif_anime2_0157_00048,gif_anime2,https://gif.anime2.net/wp/wp-content/uploads/2016/12/Gifsmith-a3cadac6-0.gif,https://gif.anime2.net/tag/%E7%A9%BA%E6%89%8B,RuntimeError('HTTP 503'),gif.anime2 実GIFアーカイブ
gif_anime2_0157_00050,gif_anime2,https://gif.anime2.net/wp/wp-content/uploads/2016/09/Gifsmith-c4c2127c-43.gif,https://gif.anime2.net/tag/%E7%A9%BA%E6%89%8B,RuntimeError('HTTP 503'),gif.anime2 実GIFアーカイブ
gif_anime2_0157_00049,gif_anime2,https://gif.anime2.net/wp/wp-content/uploads/2016/10/Gifsmith-d957e9d4-9.gif,https://gif.anime2.net/tag/%E7%A9%BA%E6%89%8B,RuntimeError('HTTP 503'),gif.anime2 実GIFアーカイブ
gif_anime2_0157_00052,gif_anime2,https://gif.anime2.net/wp/wp-content/uploads/2016/07/c046849e.gif,https://gif.anime2.net/tag/%E7%A9%BA%E6%89%8B,RuntimeError('HTTP 503'),gif.anime2 実GIFアーカイブ
gif_anime2_0157_00051,gif_anime2,https://gif.anime2.net/wp/wp-content/uploads/2016/07/42205fd7.gif,https://gif.anime2.net/tag/%E7%A9%BA%E6%89%8B,RuntimeError('HTTP 503'),gif.anime2 実GIFアーカイブ
gif_anime2_0157_00053,gif_anime2,https://gif.anime2.net/wp/wp-content/uploads/2016/05/Gifsmith-f1f3eddd-4.gif,https://gif.anime2.net/tag/%E7%A9%BA%E6%89%8B,RuntimeError('HTTP 503'),gif.anime2 実GIFアーカイブ
gif_anime2_0157_00054,gif_anime2,https://gif.anime2.net/wp/wp-content/uploads/2016/04/6d1b386a9d5e3ed5fa42147e.gif,https://gif.anime2.net/tag/%E7%A9%BA%E6%89%8B,RuntimeError('HTTP 503'),gif.anime2 実GIFアーカイブ
gif_anime2_0159_00004,gif_anime2,https://gif.anime2.net/wp/wp-content/uploads/2016/07/9c9cc2a0-thumb.jpg,https://gif.anime2.net/tag/%E6%89%87%E9%A2%A8%E6%A9%9F,RuntimeError('HTTP 503'),gif.anime2 実GIFアーカイブ
gif_anime2_0157_00055,gif_anime2,https://gif.anime2.net/wp/wp-content/uploads/2016/02/79ec1283.gif,https://gif.anime2.net/tag/%E7%A9%BA%E6%89%8B,RuntimeError('HTTP 503'),gif.anime2 実GIFアーカイブ
gif_anime2_0159_00005,gif_anime2,https://gif.anime2.net/wp/wp-content/uploads/2016/03/5755ac9d-thumb.jpg,https://gif.anime2.net/tag/%E6%89%87%E9%A2%A8%E6%A9%9F,RuntimeError('HTTP 503'),gif.anime2 実GIFアーカイブ
gif_anime2_0159_00029,gif_anime2,https://gif.anime2.net/wp/wp-content/uploads/2016/03/5755ac9d.gif,https://gif.anime2.net/tag/%E6%89%87%E9%A2%A8%E6%A9%9F,RuntimeError('HTTP 503'),gif.anime2 実GIFアーカイブ
gif_anime2_0159_00028,gif_anime2,https://gif.anime2.net/wp/wp-content/uploads/2016/07/9c9cc2a0.gif,https://gif.anime2.net/tag/%E6%89%87%E9%A2%A8%E6%A9%9F,RuntimeError('HTTP 503'),gif.anime2 実GIFアーカイブ
gif_anime2_0160_00005,gif_anime2,https://gif.anime2.net/wp/wp-content/uploads/2016/10/Gifsmith-570d6e7e-0-thumb.jpg,https://gif.anime2.net/tag/%E7%B4%99%E9%A3%9B%E8%A1%8C%E6%A9%9F,RuntimeError('HTTP 503'),gif.anime2 実GIFアーカイブ
gif_anime2_0160_00006,gif_anime2,https://gif.anime2.net/wp/wp-content/uploads/2016/07/a5ed54c2-thumb.jpg,https://gif.anime2.net/tag/%E7%B4%99%E9%A3%9B%E8%A1%8C%E6%A9%9F,RuntimeError('HTTP 503'),gif.anime2 実GIFアーカイブ
gif_anime2_0160_00028,gif_anime2,https://gif.anime2.net/wp/wp-content/uploads/2017/01/Gifsmith-9c2be34b-19.gif,https://gif.anime2.net/tag/%E7%B4%99%E9%A3%9B%E8%A1%8C%E6%A9%9F,RuntimeError('HTTP 503'),gif.anime2 実GIFアーカイブ
gif_anime2_0160_00030,gif_anime2,https://gif.anime2.net/wp/wp-content/uploads/2016/10/Gifsmith-570d6e7e-0.gif,https://gif.anime2.net/tag/%E7%B4%99%E9%A3%9B%E8%A1%8C%E6%A9%9F,RuntimeError('HTTP 503'),gif.anime2 実GIFアーカイブ
gif_anime2_0160_00031,gif_anime2,https://gif.anime2.net/wp/wp-content/uploads/2016/07/a5ed54c2.gif,https://gif.anime2.net/tag/%E7%B4%99%E9%A3%9B%E8%A1%8C%E6%A9%9F,RuntimeError('HTTP 503'),gif.anime2 実GIFアーカイブ
gif_anime2_0164_00006,gif_anime2,https://gif.anime2.net/wp/wp-content/uploads/2016/12/Gifsmith-76fd18bd-22-thumb.jpg,https://gif.anime2.net/tag/%E3%83%86%E3%82%B3%E3%83%B3%E3%83%89%E3%83%BC,RuntimeError('HTTP 503'),gif.anime2 実GIFアーカイブ
gif_anime2_0164_00005,gif_anime2,https://gif.anime2.net/wp/wp-content/uploads/2017/01/Gifsmith-b811ea5a-45-thumb.jpg,https://gif.anime2.net/tag/%E3%83%86%E3%82%B3%E3%83%B3%E3%83%89%E3%83%BC,RuntimeError('HTTP 503'),gif.anime2 実GIFアーカイブ
gif_anime2_0164_00004,gif_anime2,https://gif.anime2.net/wp/wp-content/uploads/2017/02/Gifsmith-37f9ec2f-10-thumb.jpg,https://gif.anime2.net/tag/%E3%83%86%E3%82%B3%E3%83%B3%E3%83%89%E3%83%BC,RuntimeError('HTTP 503'),gif.anime2 実GIFアーカイブ
gif_anime2_0164_00007,gif_anime2,https://gif.anime2.net/wp/wp-content/uploads/2016/11/Gifsmith-5e1e699a-12-thumb.jpg,https://gif.anime2.net/tag/%E3%83%86%E3%82%B3%E3%83%B3%E3%83%89%E3%83%BC,RuntimeError('HTTP 503'),gif.anime2 実GIFアーカイブ
gif_anime2_0164_00008,gif_anime2,https://gif.anime2.net/wp/wp-content/uploads/2016/08/Gifsmith-faa31ddd-11-thumb.jpg,https://gif.anime2.net/tag/%E3%83%86%E3%82%B3%E3%83%B3%E3%83%89%E3%83%BC,RuntimeError('HTTP 503'),gif.anime2 実GIFアーカイブ
gif_anime2_0164_00009,gif_anime2,https://gif.anime2.net/wp/wp-content/uploads/2016/06/Gifsmith-cae65c2f-10-thumb.jpg,https://gif.anime2.net/tag/%E3%83%86%E3%82%B3%E3%83%B3%E3%83%89%E3%83%BC,RuntimeError('HTTP 503'),gif.anime2 実GIFアーカイブ
gif_anime2_0164_00010,gif_anime2,https://gif.anime2.net/wp/wp-content/uploads/2016/04/435x300x78b3b9bc676b133df687735c-thumb.jpg,https://gif.anime2.net/tag/%E3%83%86%E3%82%B3%E3%83%B3%E3%83%89%E3%83%BC,RuntimeError('HTTP 503'),gif.anime2 実GIFアーカイブ
gif_anime2_0164_00034,gif_anime2,https://gif.anime2.net/wp/wp-content/uploads/2017/02/Gifsmith-37f9ec2f-10.gif,https://gif.anime2.net/tag/%E3%83%86%E3%82%B3%E3%83%B3%E3%83%89%E3%83%BC,RuntimeError('HTTP 503'),gif.anime2 実GIFアーカイブ
gif_anime2_0164_00011,gif_anime2,https://gif.anime2.net/wp/wp-content/uploads/2016/01/4ed1f7ce-thumb.jpg,https://gif.anime2.net/tag/%E3%83%86%E3%82%B3%E3%83%B3%E3%83%89%E3%83%BC,RuntimeError('HTTP 503'),gif.anime2 実GIFアーカイブ
gif_anime2_0164_00035,gif_anime2,https://gif.anime2.net/wp/wp-content/uploads/2017/01/Gifsmith-b811ea5a-45.gif,https://gif.anime2.net/tag/%E3%83%86%E3%82%B3%E3%83%B3%E3%83%89%E3%83%BC,RuntimeError('HTTP 503'),gif.anime2 実GIFアーカイブ
gif_anime2_0164_00036,gif_anime2,https://gif.anime2.net/wp/wp-content/uploads/2016/12/Gifsmith-76fd18bd-22.gif,https://gif.anime2.net/tag/%E3%83%86%E3%82%B3%E3%83%B3%E3%83%89%E3%83%BC,RuntimeError('HTTP 503'),gif.anime2 実GIFアーカイブ
gif_anime2_0164_00038,gif_anime2,https://gif.anime2.net/wp/wp-content/uploads/2016/08/Gifsmith-faa31ddd-11.gif,https://gif.anime2.net/tag/%E3%83%86%E3%82%B3%E3%83%B3%E3%83%89%E3%83%BC,RuntimeError('HTTP 503'),gif.anime2 実GIFアーカイブ
gif_anime2_0164_00037,gif_anime2,https://gif.anime2.net/wp/wp-content/uploads/2016/11/Gifsmith-5e1e699a-12.gif,https://gif.anime2.net/tag/%E3%83%86%E3%82%B3%E3%83%B3%E3%83%89%E3%83%BC,RuntimeError('HTTP 503'),gif.anime2 実GIFアーカイブ
gif_anime2_0164_00039,gif_anime2,https://gif.anime2.net/wp/wp-content/uploads/2016/06/Gifsmith-cae65c2f-10.gif,https://gif.anime2.net/tag/%E3%83%86%E3%82%B3%E3%83%B3%E3%83%89%E3%83%BC,RuntimeError('HTTP 503'),gif.anime2 実GIFアーカイブ
gif_anime2_0164_00040,gif_anime2,https://gif.anime2.net/wp/wp-content/uploads/2016/04/435x300x78b3b9bc676b133df687735c.gif,https://gif.anime2.net/tag/%E3%83%86%E3%82%B3%E3%83%B3%E3%83%89%E3%83%BC,RuntimeError('HTTP 503'),gif.anime2 実GIFアーカイブ
gif_anime2_0165_00003,gif_anime2,https://gif.anime2.net/wp/wp-content/uploads/2017/08/Gifsmith-2c8c6a93-0-thumb.jpg,https://gif.anime2.net/tag/%E5%BE%8C%E3%82%8D%E5%9B%9E%E3%81%97%E8%B9%B4%E3%82%8A,RuntimeError('HTTP 503'),gif.anime2 実GIFアーカイブ
gif_anime2_0164_00041,gif_anime2,https://gif.anime2.net/wp/wp-content/uploads/2016/01/4ed1f7ce.gif,https://gif.anime2.net/tag/%E3%83%86%E3%82%B3%E3%83%B3%E3%83%89%E3%83%BC,RuntimeError('HTTP 503'),gif.anime2 実GIFアーカイブ
gif_anime2_0165_00004,gif_anime2,https://gif.anime2.net/wp/wp-content/uploads/2016/03/781193671-thumb.jpg,https://gif.anime2.net/tag/%E5%BE%8C%E3%82%8D%E5%9B%9E%E3%81%97%E8%B9%B4%E3%82%8A,RuntimeError('HTTP 503'),gif.anime2 実GIFアーカイブ
gif_anime2_0165_00026,gif_anime2,https://gif.anime2.net/wp/wp-content/uploads/2017/08/Gifsmith-2c8c6a93-0.gif,https://gif.anime2.net/tag/%E5%BE%8C%E3%82%8D%E5%9B%9E%E3%81%97%E8%B9%B4%E3%82%8A,RuntimeError('HTTP 503'),gif.anime2 実GIFアーカイブ
gif_anime2_0165_00027,gif_anime2,https://gif.anime2.net/wp/wp-content/uploads/2016/03/781193671.gif,https://gif.anime2.net/tag/%E5%BE%8C%E3%82%8D%E5%9B%9E%E3%81%97%E8%B9%B4%E3%82%8A,RuntimeError('HTTP 503'),gif.anime2 実GIFアーカイブ
gif_anime2_0166_00003,gif_anime2,https://gif.anime2.net/wp/wp-content/uploads/2017/06/Gifsmith-36f0feb7-0-thumb.jpg,https://gif.anime2.net/tag/%E6%A0%BC%E9%97%98%E6%8A%80,RuntimeError('HTTP 503'),gif.anime2 実GIFアーカイブ
gif_anime2_0166_00004,gif_anime2,https://gif.anime2.net/wp/wp-content/uploads/2017/06/Gifsmith-7bd415eb-0-thumb.jpg,https://gif.anime2.net/tag/%E6%A0%BC%E9%97%98%E6%8A%80,RuntimeError('HTTP 503'),gif.anime2 実GIFアーカイブ
gif_anime2_0166_00005,gif_anime2,https://gif.anime2.net/wp/wp-content/uploads/2017/05/Gifsmith-5f05721c-13-1-thumb.jpg,https://gif.anime2.net/tag/%E6%A0%BC%E9%97%98%E6%8A%80,RuntimeError('HTTP 503'),gif.anime2 実GIFアーカイブ
gif_anime2_0166_00006,gif_anime2,https://gif.anime2.net/wp/wp-content/uploads/2016/10/Gifsmith-2b9f3a1b-10-thumb.jpg,https://gif.anime2.net/tag/%E6%A0%BC%E9%97%98%E6%8A%80,RuntimeError('HTTP 503'),gif.anime2 実GIFアーカイブ
gif_anime2_0166_00007,gif_anime2,https://gif.anime2.net/wp/wp-content/uploads/2016/09/Gifsmith-2640c78f-37-thumb.jpg,https://gif.anime2.net/tag/%E6%A0%BC%E9%97%98%E6%8A%80,RuntimeError('HTTP 503'),gif.anime2 実GIFアーカイブ
gif_anime2_0166_00008,gif_anime2,https://gif.anime2.net/wp/wp-content/uploads/2016/09/Gifsmith-c2293c80-29-thumb.jpg,https://gif.anime2.net/tag/%E6%A0%BC%E9%97%98%E6%8A%80,RuntimeError('HTTP 503'),gif.anime2 実GIFアーカイブ
gif_anime2_0166_00009,gif_anime2,https://gif.anime2.net/wp/wp-content/uploads/2016/07/128c5655-thumb.jpg,https://gif.anime2.net/tag/%E6%A0%BC%E9%97%98%E6%8A%80,RuntimeError('HTTP 503'),gif.anime2 実GIFアーカイブ
gif_anime2_0166_00010,gif_anime2,https://gif.anime2.net/wp/wp-content/uploads/2016/06/Gifsmith-1e737d25-0-thumb.jpg,https://gif.anime2.net/tag/%E6%A0%BC%E9%97%98%E6%8A%80,RuntimeError('HTTP 503'),gif.anime2 実GIFアーカイブ
gif_anime2_0166_00011,gif_anime2,https://gif.anime2.net/wp/wp-content/uploads/2016/05/Gifsmith-ac6ce025-6-thumb.jpg,https://gif.anime2.net/tag/%E6%A0%BC%E9%97%98%E6%8A%80,RuntimeError('HTTP 503'),gif.anime2 実GIFアーカイブ
gif_anime2_0166_00012,gif_anime2,https://gif.anime2.net/wp/wp-content/uploads/2016/05/Gifsmith-eb608a98-20-thumb.jpg,https://gif.anime2.net/tag/%E6%A0%BC%E9%97%98%E6%8A%80,RuntimeError('HTTP 503'),gif.anime2 実GIFアーカイブ
gif_anime2_0166_00013,gif_anime2,https://gif.anime2.net/wp/wp-content/uploads/2016/03/3013557670-thumb.jpg,https://gif.anime2.net/tag/%E6%A0%BC%E9%97%98%E6%8A%80,RuntimeError('HTTP 503'),gif.anime2 実GIFアーカイブ
gif_anime2_0166_00014,gif_anime2,https://gif.anime2.net/wp/wp-content/uploads/2016/03/3424733154-thumb.jpg,https://gif.anime2.net/tag/%E6%A0%BC%E9%97%98%E6%8A%80,RuntimeError('HTTP 503'),gif.anime2 実GIFアーカイブ
gif_anime2_0166_00015,gif_anime2,https://gif.anime2.net/wp/wp-content/uploads/2016/02/Gifsmith-261b62af-29-thumb.jpg,https://gif.anime2.net/tag/%E6%A0%BC%E9%97%98%E6%8A%80,RuntimeError('HTTP 503'),gif.anime2 実GIFアーカイブ
gif_anime2_0166_00039,gif_anime2,https://gif.anime2.net/wp/wp-content/uploads/2017/06/Gifsmith-7bd415eb-0.gif,https://gif.anime2.net/tag/%E6%A0%BC%E9%97%98%E6%8A%80,RuntimeError('HTTP 503'),gif.anime2 実GIFアーカイブ
gif_anime2_0166_00038,gif_anime2,https://gif.anime2.net/wp/wp-content/uploads/2017/06/Gifsmith-36f0feb7-0.gif,https://gif.anime2.net/tag/%E6%A0%BC%E9%97%98%E6%8A%80,RuntimeError('HTTP 503'),gif.anime2 実GIFアーカイブ
gif_anime2_0166_00042,gif_anime2,https://gif.anime2.net/wp/wp-content/uploads/2016/09/Gifsmith-2640c78f-37.gif,https://gif.anime2.net/tag/%E6%A0%BC%E9%97%98%E6%8A%80,RuntimeError('HTTP 503'),gif.anime2 実GIFアーカイブ
gif_anime2_0166_00041,gif_anime2,https://gif.anime2.net/wp/wp-content/uploads/2016/10/Gifsmith-2b9f3a1b-10.gif,https://gif.anime2.net/tag/%E6%A0%BC%E9%97%98%E6%8A%80,RuntimeError('HTTP 503'),gif.anime2 実GIFアーカイブ
gif_anime2_0166_00040,gif_anime2,https://gif.anime2.net/wp/wp-content/uploads/2017/05/Gifsmith-5f05721c-13-1.gif,https://gif.anime2.net/tag/%E6%A0%BC%E9%97%98%E6%8A%80,RuntimeError('HTTP 503'),gif.anime2 実GIFアーカイブ
gif_anime2_0166_00043,gif_anime2,https://gif.anime2.net/wp/wp-content/uploads/2016/09/Gifsmith-c2293c80-29.gif,https://gif.anime2.net/tag/%E6%A0%BC%E9%97%98%E6%8A%80,RuntimeError('HTTP 503'),gif.anime2 実GIFアーカイブ
gif_anime2_0166_00045,gif_anime2,https://gif.anime2.net/wp/wp-content/uploads/2016/06/Gifsmith-1e737d25-0.gif,https://gif.anime2.net/tag/%E6%A0%BC%E9%97%98%E6%8A%80,RuntimeError('HTTP 503'),gif.anime2 実GIFアーカイブ
gif_anime2_0166_00044,gif_anime2,https://gif.anime2.net/wp/wp-content/uploads/2016/07/128c5655.gif,https://gif.anime2.net/tag/%E6%A0%BC%E9%97%98%E6%8A%80,RuntimeError('HTTP 503'),gif.anime2 実GIFアーカイブ
gif_anime2_0166_00046,gif_anime2,https://gif.anime2.net/wp/wp-content/uploads/2016/05/Gifsmith-ac6ce025-6.gif,https://gif.anime2.net/tag/%E6%A0%BC%E9%97%98%E6%8A%80,RuntimeError('HTTP 503'),gif.anime2 実GIFアーカイブ
gif_anime2_0166_00047,gif_anime2,https://gif.anime2.net/wp/wp-content/uploads/2016/05/Gifsmith-eb608a98-20.gif,https://gif.anime2.net/tag/%E6%A0%BC%E9%97%98%E6%8A%80,RuntimeError('HTTP 503'),gif.anime2 実GIFアーカイブ
gif_anime2_0166_00048,gif_anime2,https://gif.anime2.net/wp/wp-content/uploads/2016/03/3013557670.gif,https://gif.anime2.net/tag/%E6%A0%BC%E9%97%98%E6%8A%80,RuntimeError('HTTP 503'),gif.anime2 実GIFアーカイブ
gif_anime2_0166_00049,gif_anime2,https://gif.anime2.net/wp/wp-content/uploads/2016/03/3424733154.gif,https://gif.anime2.net/tag/%E6%A0%BC%E9%97%98%E6%8A%80,RuntimeError('HTTP 503'),gif.anime2 実GIFアーカイブ
gif_anime2_0166_00050,gif_anime2,https://gif.anime2.net/wp/wp-content/uploads/2016/02/Gifsmith-261b62af-29.gif,https://gif.anime2.net/tag/%E6%A0%BC%E9%97%98%E6%8A%80,RuntimeError('HTTP 503'),gif.anime2 実GIFアーカイブ
gif_anime2_0168_00001,gif_anime2,https://gif.anime2.net/wp/wp-content/uploads/2018/07/Gifsmith-07c81bbe-4-thumb.jpg,https://gif.anime2.net/tag/%E3%83%96%E3%83%A9%E3%83%B3%E3%82%B3,RuntimeError('HTTP 503'),gif.anime2 実GIFアーカイブ
gif_anime2_0168_00006,gif_anime2,https://gif.anime2.net/wp/wp-content/uploads/2018/04/Gifsmith-5f05721c-24-thumb.jpg,https://gif.anime2.net/tag/%E3%83%96%E3%83%A9%E3%83%B3%E3%82%B3,RuntimeError('HTTP 503'),gif.anime2 実GIFアーカイブ
gif_anime2_0168_00007,gif_anime2,https://gif.anime2.net/wp/wp-content/uploads/2017/09/Gifsmith-5f05721c-6-1-thumb.jpg,https://gif.anime2.net/tag/%E3%83%96%E3%83%A9%E3%83%B3%E3%82%B3,RuntimeError('HTTP 503'),gif.anime2 実GIFアーカイブ
gif_anime2_0168_00012,gif_anime2,https://gif.anime2.net/wp/wp-content/uploads/2017/02/Gifsmith-41ea6c90-9-thumb.jpg,https://gif.anime2.net/tag/%E3%83%96%E3%83%A9%E3%83%B3%E3%82%B3,RuntimeError('HTTP 503'),gif.anime2 実GIFアーカイブ
gif_anime2_0168_00011,gif_anime2,https://gif.anime2.net/wp/wp-content/uploads/2017/06/Gifsmith-5f05721c-9-thumb.jpg,https://gif.anime2.net/tag/%E3%83%96%E3%83%A9%E3%83%B3%E3%82%B3,RuntimeError('HTTP 503'),gif.anime2 実GIFアーカイブ
gif_anime2_0168_00013,gif_anime2,https://gif.anime2.net/wp/wp-content/uploads/2017/02/Gifsmith-2769fd62-6-thumb.jpg,https://gif.anime2.net/tag/%E3%83%96%E3%83%A9%E3%83%B3%E3%82%B3,RuntimeError('HTTP 503'),gif.anime2 実GIFアーカイブ
gif_anime2_0168_00014,gif_anime2,https://gif.anime2.net/wp/wp-content/uploads/2017/01/Gifsmith-b25cd0bc-3-thumb.jpg,https://gif.anime2.net/tag/%E3%83%96%E3%83%A9%E3%83%B3%E3%82%B3,RuntimeError('HTTP 503'),gif.anime2 実GIFアーカイブ
gif_anime2_0168_00015,gif_anime2,https://gif.anime2.net/wp/wp-content/uploads/2017/01/Gifsmith-cf4f0ead-13-thumb.jpg,https://gif.anime2.net/tag/%E3%83%96%E3%83%A9%E3%83%B3%E3%82%B3,RuntimeError('HTTP 503'),gif.anime2 実GIFアーカイブ
gif_anime2_0168_00016,gif_anime2,https://gif.anime2.net/wp/wp-content/uploads/2016/11/Gifsmith-6476315e-8-thumb.jpg,https://gif.anime2.net/tag/%E3%83%96%E3%83%A9%E3%83%B3%E3%82%B3,RuntimeError('HTTP 503'),gif.anime2 実GIFアーカイブ
gif_anime2_0168_00017,gif_anime2,https://gif.anime2.net/wp/wp-content/uploads/2016/11/Gifsmith-3cde5626-18-thumb.jpg,https://gif.anime2.net/tag/%E3%83%96%E3%83%A9%E3%83%B3%E3%82%B3,RuntimeError('HTTP 503'),gif.anime2 実GIFアーカイブ
gif_anime2_0168_00018,gif_anime2,https://gif.anime2.net/wp/wp-content/uploads/2016/10/Gifsmith-098b4d67-0-thumb.jpg,https://gif.anime2.net/tag/%E3%83%96%E3%83%A9%E3%83%B3%E3%82%B3,RuntimeError('HTTP 503'),gif.anime2 実GIFアーカイブ
gif_anime2_0168_00019,gif_anime2,https://gif.anime2.net/wp/wp-content/uploads/2016/10/Gifsmith-b1107741-2-thumb.jpg,https://gif.anime2.net/tag/%E3%83%96%E3%83%A9%E3%83%B3%E3%82%B3,RuntimeError('HTTP 503'),gif.anime2 実GIFアーカイブ
gif_anime2_0168_00020,gif_anime2,https://gif.anime2.net/wp/wp-content/uploads/2016/09/Gifsmith-a6e5950e-11-thumb.jpg,https://gif.anime2.net/tag/%E3%83%96%E3%83%A9%E3%83%B3%E3%82%B3,RuntimeError('HTTP 503'),gif.anime2 実GIFアーカイブ
gif_anime2_0168_00021,gif_anime2,https://gif.anime2.net/wp/wp-content/uploads/2016/09/Gifsmith-7e7191ff-0-thumb.jpg,https://gif.anime2.net/tag/%E3%83%96%E3%83%A9%E3%83%B3%E3%82%B3,RuntimeError('HTTP 503'),gif.anime2 実GIFアーカイブ
gif_anime2_0168_00041,gif_anime2,https://gif.anime2.net/wp/wp-content/uploads/2018/07/Gifsmith-07c81bbe-4.gif,https://gif.anime2.net/tag/%E3%83%96%E3%83%A9%E3%83%B3%E3%82%B3,RuntimeError('HTTP 503'),gif.anime2 実GIFアーカイブ
gif_anime2_0168_00046,gif_anime2,https://gif.anime2.net/wp/wp-content/uploads/2018/04/Gifsmith-5f05721c-24.gif,https://gif.anime2.net/tag/%E3%83%96%E3%83%A9%E3%83%B3%E3%82%B3,RuntimeError('HTTP 503'),gif.anime2 実GIFアーカイブ
gif_anime2_0168_00047,gif_anime2,https://gif.anime2.net/wp/wp-content/uploads/2017/09/Gifsmith-5f05721c-6-1.gif,https://gif.anime2.net/tag/%E3%83%96%E3%83%A9%E3%83%B3%E3%82%B3,RuntimeError('HTTP 503'),gif.anime2 実GIFアーカイブ
gif_anime2_0168_00051,gif_anime2,https://gif.anime2.net/wp/wp-content/uploads/2017/06/Gifsmith-5f05721c-9.gif,https://gif.anime2.net/tag/%E3%83%96%E3%83%A9%E3%83%B3%E3%82%B3,RuntimeError('HTTP 503'),gif.anime2 実GIFアーカイブ
gif_anime2_0168_00052,gif_anime2,https://gif.anime2.net/wp/wp-content/uploads/2017/02/Gifsmith-41ea6c90-9.gif,https://gif.anime2.net/tag/%E3%83%96%E3%83%A9%E3%83%B3%E3%82%B3,RuntimeError('HTTP 503'),gif.anime2 実GIFアーカイブ
gif_anime2_0168_00053,gif_anime2,https://gif.anime2.net/wp/wp-content/uploads/2017/02/Gifsmith-2769fd62-6.gif,https://gif.anime2.net/tag/%E3%83%96%E3%83%A9%E3%83%B3%E3%82%B3,RuntimeError('HTTP 503'),gif.anime2 実GIFアーカイブ
gif_anime2_0168_00054,gif_anime2,https://gif.anime2.net/wp/wp-content/uploads/2017/01/Gifsmith-b25cd0bc-3.gif,https://gif.anime2.net/tag/%E3%83%96%E3%83%A9%E3%83%B3%E3%82%B3,RuntimeError('HTTP 503'),gif.anime2 実GIFアーカイブ
gif_anime2_0168_00055,gif_anime2,https://gif.anime2.net/wp/wp-content/uploads/2017/01/Gifsmith-cf4f0ead-13.gif,https://gif.anime2.net/tag/%E3%83%96%E3%83%A9%E3%83%B3%E3%82%B3,RuntimeError('HTTP 503'),gif.anime2 実GIFアーカイブ
gif_anime2_0168_00056,gif_anime2,https://gif.anime2.net/wp/wp-content/uploads/2016/11/Gifsmith-6476315e-8.gif,https://gif.anime2.net/tag/%E3%83%96%E3%83%A9%E3%83%B3%E3%82%B3,RuntimeError('HTTP 503'),gif.anime2 実GIFアーカイブ
gif_anime2_0168_00057,gif_anime2,https://gif.anime2.net/wp/wp-content/uploads/2016/11/Gifsmith-3cde5626-18.gif,https://gif.anime2.net/tag/%E3%83%96%E3%83%A9%E3%83%B3%E3%82%B3,RuntimeError('HTTP 503'),gif.anime2 実GIFアーカイブ
gif_anime2_0168_00058,gif_anime2,https://gif.anime2.net/wp/wp-content/uploads/2016/10/Gifsmith-098b4d67-0.gif,https://gif.anime2.net/tag/%E3%83%96%E3%83%A9%E3%83%B3%E3%82%B3,RuntimeError('HTTP 503'),gif.anime2 実GIFアーカイブ
gif_anime2_0168_00059,gif_anime2,https://gif.anime2.net/wp/wp-content/uploads/2016/10/Gifsmith-b1107741-2.gif,https://gif.anime2.net/tag/%E3%83%96%E3%83%A9%E3%83%B3%E3%82%B3,RuntimeError('HTTP 503'),gif.anime2 実GIFアーカイブ
gif_anime2_0168_00060,gif_anime2,https://gif.anime2.net/wp/wp-content/uploads/2016/09/Gifsmith-a6e5950e-11.gif,https://gif.anime2.net/tag/%E3%83%96%E3%83%A9%E3%83%B3%E3%82%B3,RuntimeError('HTTP 503'),gif.anime2 実GIFアーカイブ
gif_anime2_0171_00003,gif_anime2,https://gif.anime2.net/wp/wp-content/uploads/2018/04/Gifsmith-5f05721c-8-1-thumb.jpg,https://gif.anime2.net/tag/%E3%83%96%E3%83%AC%E3%82%A4%E3%82%AF%E3%83%80%E3%83%B3%E3%82%B9,RuntimeError('HTTP 503'),gif.anime2 実GIFアーカイブ
gif_anime2_0171_00004,gif_anime2,https://gif.anime2.net/wp/wp-content/uploads/2017/12/Gifsmith-a1287e78-12-thumb.jpg,https://gif.anime2.net/tag/%E3%83%96%E3%83%AC%E3%82%A4%E3%82%AF%E3%83%80%E3%83%B3%E3%82%B9,RuntimeError('HTTP 503'),gif.anime2 実GIFアーカイブ
gif_anime2_0171_00005,gif_anime2,https://gif.anime2.net/wp/wp-content/uploads/2016/12/Gifsmith-8b3ab149-48-thumb.jpg,https://gif.anime2.net/tag/%E3%83%96%E3%83%AC%E3%82%A4%E3%82%AF%E3%83%80%E3%83%B3%E3%82%B9,RuntimeError('HTTP 503'),gif.anime2 実GIFアーカイブ
gif_anime2_0171_00007,gif_anime2,https://gif.anime2.net/wp/wp-content/uploads/2016/09/Gifsmith-78785873-0-thumb.jpg,https://gif.anime2.net/tag/%E3%83%96%E3%83%AC%E3%82%A4%E3%82%AF%E3%83%80%E3%83%B3%E3%82%B9,RuntimeError('HTTP 503'),gif.anime2 実GIFアーカイブ
gif_anime2_0171_00006,gif_anime2,https://gif.anime2.net/wp/wp-content/uploads/2016/11/Gifsmith-577a97f5-22-thumb.jpg,https://gif.anime2.net/tag/%E3%83%96%E3%83%AC%E3%82%A4%E3%82%AF%E3%83%80%E3%83%B3%E3%82%B9,RuntimeError('HTTP 503'),gif.anime2 実GIFアーカイブ
gif_anime2_0171_00008,gif_anime2,https://gif.anime2.net/wp/wp-content/uploads/2016/09/Gifsmith-575eda61-33-thumb.jpg,https://gif.anime2.net/tag/%E3%83%96%E3%83%AC%E3%82%A4%E3%82%AF%E3%83%80%E3%83%B3%E3%82%B9,RuntimeError('HTTP 503'),gif.anime2 実GIFアーカイブ
gif_anime2_0171_00009,gif_anime2,https://gif.anime2.net/wp/wp-content/uploads/2016/08/Gifsmith-28eeb18a-5-thumb.jpg,https://gif.anime2.net/tag/%E3%83%96%E3%83%AC%E3%82%A4%E3%82%AF%E3%83%80%E3%83%B3%E3%82%B9,RuntimeError('HTTP 503'),gif.anime2 実GIFアーカイブ
gif_anime2_0171_00010,gif_anime2,https://gif.anime2.net/wp/wp-content/uploads/2016/05/33c1bb2d-thumb.jpg,https://gif.anime2.net/tag/%E3%83%96%E3%83%AC%E3%82%A4%E3%82%AF%E3%83%80%E3%83%B3%E3%82%B9,RuntimeError('HTTP 503'),gif.anime2 実GIFアーカイブ
gif_anime2_0171_00011,gif_anime2,https://gif.anime2.net/wp/wp-content/uploads/2016/02/e0facad7-thumb.jpg,https://gif.anime2.net/tag/%E3%83%96%E3%83%AC%E3%82%A4%E3%82%AF%E3%83%80%E3%83%B3%E3%82%B9,RuntimeError('HTTP 503'),gif.anime2 実GIFアーカイブ
gif_anime2_0171_00012,gif_anime2,https://gif.anime2.net/wp/wp-content/uploads/2016/01/d069e50d-thumb.jpg,https://gif.anime2.net/tag/%E3%83%96%E3%83%AC%E3%82%A4%E3%82%AF%E3%83%80%E3%83%B3%E3%82%B9,RuntimeError('HTTP 503'),gif.anime2 実GIFアーカイブ
gif_anime2_0171_00034,gif_anime2,https://gif.anime2.net/wp/wp-content/uploads/2018/04/Gifsmith-5f05721c-8-1.gif,https://gif.anime2.net/tag/%E3%83%96%E3%83%AC%E3%82%A4%E3%82%AF%E3%83%80%E3%83%B3%E3%82%B9,RuntimeError('HTTP 503'),gif.anime2 実GIFアーカイブ
gif_anime2_0171_00035,gif_anime2,https://gif.anime2.net/wp/wp-content/uploads/2017/12/Gifsmith-a1287e78-12.gif,https://gif.anime2.net/tag/%E3%83%96%E3%83%AC%E3%82%A4%E3%82%AF%E3%83%80%E3%83%B3%E3%82%B9,RuntimeError('HTTP 503'),gif.anime2 実GIFアーカイブ
gif_anime2_0171_00036,gif_anime2,https://gif.anime2.net/wp/wp-content/uploads/2016/12/Gifsmith-8b3ab149-48.gif,https://gif.anime2.net/tag/%E3%83%96%E3%83%AC%E3%82%A4%E3%82%AF%E3%83%80%E3%83%B3%E3%82%B9,RuntimeError('HTTP 503'),gif.anime2 実GIFアーカイブ
gif_anime2_0171_00038,gif_anime2,https://gif.anime2.net/wp/wp-content/uploads/2016/11/Gifsmith-d7cc49ac-19.gif,https://gif.anime2.net/tag/%E3%83%96%E3%83%AC%E3%82%A4%E3%82%AF%E3%83%80%E3%83%B3%E3%82%B9,RuntimeError('HTTP 503'),gif.anime2 実GIFアーカイブ
gif_anime2_0171_00037,gif_anime2,https://gif.anime2.net/wp/wp-content/uploads/2016/11/Gifsmith-577a97f5-22.gif,https://gif.anime2.net/tag/%E3%83%96%E3%83%AC%E3%82%A4%E3%82%AF%E3%83%80%E3%83%B3%E3%82%B9,RuntimeError('HTTP 503'),gif.anime2 実GIFアーカイブ
gif_anime2_0171_00039,gif_anime2,https://gif.anime2.net/wp/wp-content/uploads/2016/09/Gifsmith-78785873-0.gif,https://gif.anime2.net/tag/%E3%83%96%E3%83%AC%E3%82%A4%E3%82%AF%E3%83%80%E3%83%B3%E3%82%B9,RuntimeError('HTTP 503'),gif.anime2 実GIFアーカイブ
gif_anime2_0171_00040,gif_anime2,https://gif.anime2.net/wp/wp-content/uploads/2016/09/Gifsmith-575eda61-33.gif,https://gif.anime2.net/tag/%E3%83%96%E3%83%AC%E3%82%A4%E3%82%AF%E3%83%80%E3%83%B3%E3%82%B9,RuntimeError('HTTP 503'),gif.anime2 実GIFアーカイブ
gif_anime2_0171_00041,gif_anime2,https://gif.anime2.net/wp/wp-content/uploads/2016/08/Gifsmith-28eeb18a-5.gif,https://gif.anime2.net/tag/%E3%83%96%E3%83%AC%E3%82%A4%E3%82%AF%E3%83%80%E3%83%B3%E3%82%B9,RuntimeError('HTTP 503'),gif.anime2 実GIFアーカイブ
gif_anime2_0171_00043,gif_anime2,https://gif.anime2.net/wp/wp-content/uploads/2016/02/e0facad7.gif,https://gif.anime2.net/tag/%E3%83%96%E3%83%AC%E3%82%A4%E3%82%AF%E3%83%80%E3%83%B3%E3%82%B9,RuntimeError('HTTP 503'),gif.anime2 実GIFアーカイブ
gif_anime2_0171_00042,gif_anime2,https://gif.anime2.net/wp/wp-content/uploads/2016/05/33c1bb2d.gif,https://gif.anime2.net/tag/%E3%83%96%E3%83%AC%E3%82%A4%E3%82%AF%E3%83%80%E3%83%B3%E3%82%B9,RuntimeError('HTTP 503'),gif.anime2 実GIFアーカイブ
gif_anime2_0171_00044,gif_anime2,https://gif.anime2.net/wp/wp-content/uploads/2016/01/d069e50d.gif,https://gif.anime2.net/tag/%E3%83%96%E3%83%AC%E3%82%A4%E3%82%AF%E3%83%80%E3%83%B3%E3%82%B9,RuntimeError('HTTP 503'),gif.anime2 実GIFアーカイブ
gif_anime2_0172_00001,gif_anime2,https://gif.anime2.net/wp/wp-content/uploads/2018/07/Gifsmith-e84f85e0-12-thumb.jpg,https://gif.anime2.net/tag/%E3%83%9D%E3%83%BC%E3%83%AB%E3%83%80%E3%83%B3%E3%82%B9,RuntimeError('HTTP 503'),gif.anime2 実GIFアーカイブ
gif_anime2_0172_00004,gif_anime2,https://gif.anime2.net/wp/wp-content/uploads/2018/05/Gifsmith-3e729bc6-11-thumb.jpg,https://gif.anime2.net/tag/%E3%83%9D%E3%83%BC%E3%83%AB%E3%83%80%E3%83%B3%E3%82%B9,RuntimeError('HTTP 503'),gif.anime2 実GIFアーカイブ
gif_anime2_0172_00006,gif_anime2,https://gif.anime2.net/wp/wp-content/uploads/2017/06/Gifsmith-5f05721c-7-5-thumb.jpg,https://gif.anime2.net/tag/%E3%83%9D%E3%83%BC%E3%83%AB%E3%83%80%E3%83%B3%E3%82%B9,RuntimeError('HTTP 503'),gif.anime2 実GIFアーカイブ
gif_anime2_0172_00009,gif_anime2,https://gif.anime2.net/wp/wp-content/uploads/2017/02/Gifsmith-4072f75c-18-thumb.jpg,https://gif.anime2.net/tag/%E3%83%9D%E3%83%BC%E3%83%AB%E3%83%80%E3%83%B3%E3%82%B9,RuntimeError('HTTP 503'),gif.anime2 実GIFアーカイブ
gif_anime2_0172_00010,gif_anime2,https://gif.anime2.net/wp/wp-content/uploads/2017/01/Gifsmith-4d0700eb-13-thumb.jpg,https://gif.anime2.net/tag/%E3%83%9D%E3%83%BC%E3%83%AB%E3%83%80%E3%83%B3%E3%82%B9,RuntimeError('HTTP 503'),gif.anime2 実GIFアーカイブ
gif_anime2_0172_00012,gif_anime2,https://gif.anime2.net/wp/wp-content/uploads/2016/10/Gifsmith-e4027116-12-thumb.jpg,https://gif.anime2.net/tag/%E3%83%9D%E3%83%BC%E3%83%AB%E3%83%80%E3%83%B3%E3%82%B9,RuntimeError('HTTP 503'),gif.anime2 実GIFアーカイブ
gif_anime2_0172_00011,gif_anime2,https://gif.anime2.net/wp/wp-content/uploads/2016/11/Gifsmith-201409cc-14-thumb.jpg,https://gif.anime2.net/tag/%E3%83%9D%E3%83%BC%E3%83%AB%E3%83%80%E3%83%B3%E3%82%B9,RuntimeError('HTTP 503'),gif.anime2 実GIFアーカイブ
gif_anime2_0172_00013,gif_anime2,https://gif.anime2.net/wp/wp-content/uploads/2016/10/Gifsmith-bd490288-23-thumb.jpg,https://gif.anime2.net/tag/%E3%83%9D%E3%83%BC%E3%83%AB%E3%83%80%E3%83%B3%E3%82%B9,RuntimeError('HTTP 503'),gif.anime2 実GIFアーカイブ
gif_anime2_0172_00014,gif_anime2,https://gif.anime2.net/wp/wp-content/uploads/2016/08/44974-0-thumb.jpg,https://gif.anime2.net/tag/%E3%83%9D%E3%83%BC%E3%83%AB%E3%83%80%E3%83%B3%E3%82%B9,RuntimeError('HTTP 503'),gif.anime2 実GIFアーカイブ
gif_anime2_0172_00015,gif_anime2,https://gif.anime2.net/wp/wp-content/uploads/2016/08/Gifsmith-3103e417-21-thumb.jpg,https://gif.anime2.net/tag/%E3%83%9D%E3%83%BC%E3%83%AB%E3%83%80%E3%83%B3%E3%82%B9,RuntimeError('HTTP 503'),gif.anime2 実GIFアーカイブ
gif_anime2_0172_00038,gif_anime2,https://gif.anime2.net/wp/wp-content/uploads/2018/05/Gifsmith-3e729bc6-11.gif,https://gif.anime2.net/tag/%E3%83%9D%E3%83%BC%E3%83%AB%E3%83%80%E3%83%B3%E3%82%B9,RuntimeError('HTTP 503'),gif.anime2 実GIFアーカイブ
gif_anime2_0172_00035,gif_anime2,https://gif.anime2.net/wp/wp-content/uploads/2018/07/Gifsmith-e84f85e0-12.gif,https://gif.anime2.net/tag/%E3%83%9D%E3%83%BC%E3%83%AB%E3%83%80%E3%83%B3%E3%82%B9,RuntimeError('HTTP 503'),gif.anime2 実GIFアーカイブ
gif_anime2_0172_00040,gif_anime2,https://gif.anime2.net/wp/wp-content/uploads/2017/06/Gifsmith-5f05721c-7-5.gif,https://gif.anime2.net/tag/%E3%83%9D%E3%83%BC%E3%83%AB%E3%83%80%E3%83%B3%E3%82%B9,RuntimeError('HTTP 503'),gif.anime2 実GIFアーカイブ
gif_anime2_0172_00041,gif_anime2,https://gif.anime2.net/wp/wp-content/uploads/2017/04/Gifsmith-621a031d-0.gif,https://gif.anime2.net/tag/%E3%83%9D%E3%83%BC%E3%83%AB%E3%83%80%E3%83%B3%E3%82%B9,RuntimeError('HTTP 503'),gif.anime2 実GIFアーカイブ
gif_anime2_0172_00043,gif_anime2,https://gif.anime2.net/wp/wp-content/uploads/2017/02/Gifsmith-4072f75c-18.gif,https://gif.anime2.net/tag/%E3%83%9D%E3%83%BC%E3%83%AB%E3%83%80%E3%83%B3%E3%82%B9,RuntimeError('HTTP 503'),gif.anime2 実GIFアーカイブ
gif_anime2_0172_00044,gif_anime2,https://gif.anime2.net/wp/wp-content/uploads/2017/01/Gifsmith-4d0700eb-13.gif,https://gif.anime2.net/tag/%E3%83%9D%E3%83%BC%E3%83%AB%E3%83%80%E3%83%B3%E3%82%B9,RuntimeError('HTTP 503'),gif.anime2 実GIFアーカイブ
gif_anime2_0172_00045,gif_anime2,https://gif.anime2.net/wp/wp-content/uploads/2016/11/Gifsmith-201409cc-14.gif,https://gif.anime2.net/tag/%E3%83%9D%E3%83%BC%E3%83%AB%E3%83%80%E3%83%B3%E3%82%B9,RuntimeError('HTTP 503'),gif.anime2 実GIFアーカイブ
gif_anime2_0172_00046,gif_anime2,https://gif.anime2.net/wp/wp-content/uploads/2016/10/Gifsmith-e4027116-12.gif,https://gif.anime2.net/tag/%E3%83%9D%E3%83%BC%E3%83%AB%E3%83%80%E3%83%B3%E3%82%B9,RuntimeError('HTTP 503'),gif.anime2 実GIFアーカイブ
gif_anime2_0172_00048,gif_anime2,https://gif.anime2.net/wp/wp-content/uploads/2016/08/44974-0.gif,https://gif.anime2.net/tag/%E3%83%9D%E3%83%BC%E3%83%AB%E3%83%80%E3%83%B3%E3%82%B9,RuntimeError('HTTP 503'),gif.anime2 実GIFアーカイブ
gif_anime2_0172_00047,gif_anime2,https://gif.anime2.net/wp/wp-content/uploads/2016/10/Gifsmith-bd490288-23.gif,https://gif.anime2.net/tag/%E3%83%9D%E3%83%BC%E3%83%AB%E3%83%80%E3%83%B3%E3%82%B9,RuntimeError('HTTP 503'),gif.anime2 実GIFアーカイブ
gif_anime2_0172_00049,gif_anime2,https://gif.anime2.net/wp/wp-content/uploads/2016/08/Gifsmith-3103e417-21.gif,https://gif.anime2.net/tag/%E3%83%9D%E3%83%BC%E3%83%AB%E3%83%80%E3%83%B3%E3%82%B9,RuntimeError('HTTP 503'),gif.anime2 実GIFアーカイブ
gif_anime2_0176_00003,gif_anime2,https://gif.anime2.net/wp/wp-content/uploads/2018/08/Gifsmith-c8ecfe1e-9-thumb.jpg,https://gif.anime2.net/tag/%E3%82%B9%E3%82%AB%E3%82%A4%E3%83%80%E3%82%A4%E3%83%93%E3%83%B3%E3%82%B0,RuntimeError('HTTP 503'),gif.anime2 実GIFアーカイブ
gif_anime2_0176_00004,gif_anime2,https://gif.anime2.net/wp/wp-content/uploads/2017/08/Gifsmith-3c37f144-6-thumb.jpg,https://gif.anime2.net/tag/%E3%82%B9%E3%82%AB%E3%82%A4%E3%83%80%E3%82%A4%E3%83%93%E3%83%B3%E3%82%B0,RuntimeError('HTTP 503'),gif.anime2 実GIFアーカイブ
gif_anime2_0176_00006,gif_anime2,https://gif.anime2.net/wp/wp-content/uploads/2016/01/3210434759-thumb.jpg,https://gif.anime2.net/tag/%E3%82%B9%E3%82%AB%E3%82%A4%E3%83%80%E3%82%A4%E3%83%93%E3%83%B3%E3%82%B0,RuntimeError('HTTP 503'),gif.anime2 実GIFアーカイブ
gif_anime2_0176_00028,gif_anime2,https://gif.anime2.net/wp/wp-content/uploads/2018/08/Gifsmith-c8ecfe1e-9.gif,https://gif.anime2.net/tag/%E3%82%B9%E3%82%AB%E3%82%A4%E3%83%80%E3%82%A4%E3%83%93%E3%83%B3%E3%82%B0,RuntimeError('HTTP 503'),gif.anime2 実GIFアーカイブ
gif_anime2_0176_00005,gif_anime2,https://gif.anime2.net/wp/wp-content/uploads/2016/12/Gifsmith-ea72fdc5-3-thumb.jpg,https://gif.anime2.net/tag/%E3%82%B9%E3%82%AB%E3%82%A4%E3%83%80%E3%82%A4%E3%83%93%E3%83%B3%E3%82%B0,RuntimeError('HTTP 503'),gif.anime2 実GIFアーカイブ
gif_anime2_0176_00029,gif_anime2,https://gif.anime2.net/wp/wp-content/uploads/2017/08/Gifsmith-3c37f144-6.gif,https://gif.anime2.net/tag/%E3%82%B9%E3%82%AB%E3%82%A4%E3%83%80%E3%82%A4%E3%83%93%E3%83%B3%E3%82%B0,RuntimeError('HTTP 503'),gif.anime2 実GIFアーカイブ
gif_anime2_0176_00030,gif_anime2,https://gif.anime2.net/wp/wp-content/uploads/2016/12/Gifsmith-ea72fdc5-3.gif,https://gif.anime2.net/tag/%E3%82%B9%E3%82%AB%E3%82%A4%E3%83%80%E3%82%A4%E3%83%93%E3%83%B3%E3%82%B0,RuntimeError('HTTP 503'),gif.anime2 実GIFアーカイブ
gif_anime2_0176_00031,gif_anime2,https://gif.anime2.net/wp/wp-content/uploads/2016/01/3210434759.gif,https://gif.anime2.net/tag/%E3%82%B9%E3%82%AB%E3%82%A4%E3%83%80%E3%82%A4%E3%83%93%E3%83%B3%E3%82%B0,RuntimeError('HTTP 503'),gif.anime2 実GIFアーカイブ
gif_anime2_0177_00003,gif_anime2,https://gif.anime2.net/wp/wp-content/uploads/2018/02/Gifsmith-5f05721c-4-thumb.jpg,https://gif.anime2.net/tag/%E3%83%A0%E3%82%B5%E3%82%B5%E3%83%93%E3%82%B9%E3%83%BC%E3%83%84,RuntimeError('HTTP 503'),gif.anime2 実GIFアーカイブ
gif_anime2_0177_00004,gif_anime2,https://gif.anime2.net/wp/wp-content/uploads/2016/06/Gifsmith-423948c8-15-thumb.jpg,https://gif.anime2.net/tag/%E3%83%A0%E3%82%B5%E3%82%B5%E3%83%93%E3%82%B9%E3%83%BC%E3%83%84,RuntimeError('HTTP 503'),gif.anime2 実GIFアーカイブ
gif_anime2_0177_00026,gif_anime2,https://gif.anime2.net/wp/wp-content/uploads/2018/02/Gifsmith-5f05721c-4.gif,https://gif.anime2.net/tag/%E3%83%A0%E3%82%B5%E3%82%B5%E3%83%93%E3%82%B9%E3%83%BC%E3%83%84,RuntimeError('HTTP 503'),gif.anime2 実GIFアーカイブ
gif_anime2_0177_00027,gif_anime2,https://gif.anime2.net/wp/wp-content/uploads/2016/06/Gifsmith-423948c8-15.gif,https://gif.anime2.net/tag/%E3%83%A0%E3%82%B5%E3%82%B5%E3%83%93%E3%82%B9%E3%83%BC%E3%83%84,RuntimeError('HTTP 503'),gif.anime2 実GIFアーカイブ
gif_anime2_0179_00003,gif_anime2,https://gif.anime2.net/wp/wp-content/uploads/2016/07/Gifsmith-b6b3ac77-26-thumb.jpg,https://gif.anime2.net/tag/%E6%A2%AF%E5%AD%90,RuntimeError('HTTP 503'),gif.anime2 実GIFアーカイブ
gif_anime2_0179_00004,gif_anime2,https://gif.anime2.net/wp/wp-content/uploads/2016/06/Gifsmith-e0f6cd9c-36-thumb.jpg,https://gif.anime2.net/tag/%E6%A2%AF%E5%AD%90,RuntimeError('HTTP 503'),gif.anime2 実GIFアーカイブ
gif_anime2_0179_00026,gif_anime2,https://gif.anime2.net/wp/wp-content/uploads/2016/07/Gifsmith-b6b3ac77-26.gif,https://gif.anime2.net/tag/%E6%A2%AF%E5%AD%90,RuntimeError('HTTP 503'),gif.anime2 実GIFアーカイブ
gif_anime2_0179_00027,gif_anime2,https://gif.anime2.net/wp/wp-content/uploads/2016/06/Gifsmith-e0f6cd9c-36.gif,https://gif.anime2.net/tag/%E6%A2%AF%E5%AD%90,RuntimeError('HTTP 503'),gif.anime2 実GIFアーカイブ
gif_anime2_0181_00003,gif_anime2,https://gif.anime2.net/wp/wp-content/uploads/2017/10/Gifsmith-866cdd0f-14-thumb.jpg,https://gif.anime2.net/tag/%E3%82%A6%E3%82%A7%E3%82%A4%E3%82%AF%E3%83%9C%E3%83%BC%E3%83%89,RuntimeError('HTTP 503'),gif.anime2 実GIFアーカイブ
gif_anime2_0181_00005,gif_anime2,https://gif.anime2.net/wp/wp-content/uploads/2017/01/Gifsmith-478f3d10-14-thumb.jpg,https://gif.anime2.net/tag/%E3%82%A6%E3%82%A7%E3%82%A4%E3%82%AF%E3%83%9C%E3%83%BC%E3%83%89,RuntimeError('HTTP 503'),gif.anime2 実GIFアーカイブ
gif_anime2_0181_00004,gif_anime2,https://gif.anime2.net/wp/wp-content/uploads/2017/01/Gifsmith-3154199f-12-thumb.jpg,https://gif.anime2.net/tag/%E3%82%A6%E3%82%A7%E3%82%A4%E3%82%AF%E3%83%9C%E3%83%BC%E3%83%89,RuntimeError('HTTP 503'),gif.anime2 実GIFアーカイブ
gif_anime2_0181_00006,gif_anime2,https://gif.anime2.net/wp/wp-content/uploads/2016/05/Gifsmith-e433c207-0-thumb.jpg,https://gif.anime2.net/tag/%E3%82%A6%E3%82%A7%E3%82%A4%E3%82%AF%E3%83%9C%E3%83%BC%E3%83%89,RuntimeError('HTTP 503'),gif.anime2 実GIFアーカイブ
gif_anime2_0181_00007,gif_anime2,https://gif.anime2.net/wp/wp-content/uploads/2016/05/6ee778427f322970281cc994-thumb.jpg,https://gif.anime2.net/tag/%E3%82%A6%E3%82%A7%E3%82%A4%E3%82%AF%E3%83%9C%E3%83%BC%E3%83%89,RuntimeError('HTTP 503'),gif.anime2 実GIFアーカイブ
gif_anime2_0181_00029,gif_anime2,https://gif.anime2.net/wp/wp-content/uploads/2017/10/Gifsmith-866cdd0f-14.gif,https://gif.anime2.net/tag/%E3%82%A6%E3%82%A7%E3%82%A4%E3%82%AF%E3%83%9C%E3%83%BC%E3%83%89,RuntimeError('HTTP 503'),gif.anime2 実GIFアーカイブ
gif_anime2_0181_00030,gif_anime2,https://gif.anime2.net/wp/wp-content/uploads/2017/01/Gifsmith-3154199f-12.gif,https://gif.anime2.net/tag/%E3%82%A6%E3%82%A7%E3%82%A4%E3%82%AF%E3%83%9C%E3%83%BC%E3%83%89,RuntimeError('HTTP 503'),gif.anime2 実GIFアーカイブ
gif_anime2_0181_00032,gif_anime2,https://gif.anime2.net/wp/wp-content/uploads/2016/05/Gifsmith-e433c207-0.gif,https://gif.anime2.net/tag/%E3%82%A6%E3%82%A7%E3%82%A4%E3%82%AF%E3%83%9C%E3%83%BC%E3%83%89,RuntimeError('HTTP 503'),gif.anime2 実GIFアーカイブ
gif_anime2_0181_00031,gif_anime2,https://gif.anime2.net/wp/wp-content/uploads/2017/01/Gifsmith-478f3d10-14.gif,https://gif.anime2.net/tag/%E3%82%A6%E3%82%A7%E3%82%A4%E3%82%AF%E3%83%9C%E3%83%BC%E3%83%89,RuntimeError('HTTP 503'),gif.anime2 実GIFアーカイブ
gif_anime2_0181_00033,gif_anime2,https://gif.anime2.net/wp/wp-content/uploads/2016/05/6ee778427f322970281cc994.gif,https://gif.anime2.net/tag/%E3%82%A6%E3%82%A7%E3%82%A4%E3%82%AF%E3%83%9C%E3%83%BC%E3%83%89,RuntimeError('HTTP 503'),gif.anime2 実GIFアーカイブ
gif_anime2_0184_00004,gif_anime2,https://gif.anime2.net/wp/wp-content/uploads/2017/04/Gifsmith-5f05721c-4-1-thumb.jpg,https://gif.anime2.net/tag/%E9%A2%A8%E5%91%82,RuntimeError('HTTP 503'),gif.anime2 実GIFアーカイブ
gif_anime2_0184_00005,gif_anime2,https://gif.anime2.net/wp/wp-content/uploads/2017/01/Gifsmith-d00dbf1c-3-thumb.jpg,https://gif.anime2.net/tag/%E9%A2%A8%E5%91%82,RuntimeError('HTTP 503'),gif.anime2 実GIFアーカイブ
gif_anime2_0184_00006,gif_anime2,https://gif.anime2.net/wp/wp-content/uploads/2017/01/Gifsmith-e99e18fd-12-thumb.jpg,https://gif.anime2.net/tag/%E9%A2%A8%E5%91%82,RuntimeError('HTTP 503'),gif.anime2 実GIFアーカイブ
gif_anime2_0184_00007,gif_anime2,https://gif.anime2.net/wp/wp-content/uploads/2016/11/Gifsmith-d8e1354e-17-thumb.jpg,https://gif.anime2.net/tag/%E9%A2%A8%E5%91%82,RuntimeError('HTTP 503'),gif.anime2 実GIFアーカイブ
gif_anime2_0184_00009,gif_anime2,https://gif.anime2.net/wp/wp-content/uploads/2016/10/Gifsmith-3eb819ff-0-thumb.jpg,https://gif.anime2.net/tag/%E9%A2%A8%E5%91%82,RuntimeError('HTTP 503'),gif.anime2 実GIFアーカイブ
gif_anime2_0184_00010,gif_anime2,https://gif.anime2.net/wp/wp-content/uploads/2016/10/Gifsmith-24f32cab-0-thumb.jpg,https://gif.anime2.net/tag/%E9%A2%A8%E5%91%82,RuntimeError('HTTP 503'),gif.anime2 実GIFアーカイブ
gif_anime2_0184_00011,gif_anime2,https://gif.anime2.net/wp/wp-content/uploads/2016/09/Gifsmith-0632696d-10-thumb.jpg,https://gif.anime2.net/tag/%E9%A2%A8%E5%91%82,RuntimeError('HTTP 503'),gif.anime2 実GIFアーカイブ
gif_anime2_0184_00012,gif_anime2,https://gif.anime2.net/wp/wp-content/uploads/2016/07/Gifsmith-112b0cfa-6-thumb.jpg,https://gif.anime2.net/tag/%E9%A2%A8%E5%91%82,RuntimeError('HTTP 503'),gif.anime2 実GIFアーカイブ
gif_anime2_0184_00013,gif_anime2,https://gif.anime2.net/wp/wp-content/uploads/2016/05/a5859ef2cd9f2b15dce03299-thumb.jpg,https://gif.anime2.net/tag/%E9%A2%A8%E5%91%82,RuntimeError('HTTP 503'),gif.anime2 実GIFアーカイブ
gif_anime2_0184_00014,gif_anime2,https://gif.anime2.net/wp/wp-content/uploads/2016/05/Gifsmith-4cceee83-5-thumb.jpg,https://gif.anime2.net/tag/%E9%A2%A8%E5%91%82,RuntimeError('HTTP 503'),gif.anime2 実GIFアーカイブ
gif_anime2_0184_00015,gif_anime2,https://gif.anime2.net/wp/wp-content/uploads/2016/04/a5859ef2cd9f2b15dce03299-1-thumb.jpg,https://gif.anime2.net/tag/%E9%A2%A8%E5%91%82,RuntimeError('HTTP 503'),gif.anime2 実GIFアーカイブ
gif_anime2_0184_00016,gif_anime2,https://gif.anime2.net/wp/wp-content/uploads/2016/03/3307947337-thumb.jpg,https://gif.anime2.net/tag/%E9%A2%A8%E5%91%82,RuntimeError('HTTP 503'),gif.anime2 実GIFアーカイブ
gif_anime2_0184_00018,gif_anime2,https://gif.anime2.net/wp/wp-content/uploads/2016/02/b6a0d8b3-thumb.jpg,https://gif.anime2.net/tag/%E9%A2%A8%E5%91%82,RuntimeError('HTTP 503'),gif.anime2 実GIFアーカイブ
gif_anime2_0184_00041,gif_anime2,https://gif.anime2.net/wp/wp-content/uploads/2017/04/Gifsmith-5f05721c-4-1.gif,https://gif.anime2.net/tag/%E9%A2%A8%E5%91%82,RuntimeError('HTTP 503'),gif.anime2 実GIFアーカイブ
gif_anime2_0184_00017,gif_anime2,https://gif.anime2.net/wp/wp-content/uploads/2016/02/YJI6pc0-thumb.jpg,https://gif.anime2.net/tag/%E9%A2%A8%E5%91%82,RuntimeError('HTTP 503'),gif.anime2 実GIFアーカイブ
gif_anime2_0184_00042,gif_anime2,https://gif.anime2.net/wp/wp-content/uploads/2017/01/Gifsmith-d00dbf1c-3.gif,https://gif.anime2.net/tag/%E9%A2%A8%E5%91%82,RuntimeError('HTTP 503'),gif.anime2 実GIFアーカイブ
gif_anime2_0184_00043,gif_anime2,https://gif.anime2.net/wp/wp-content/uploads/2017/01/Gifsmith-e99e18fd-12.gif,https://gif.anime2.net/tag/%E9%A2%A8%E5%91%82,RuntimeError('HTTP 503'),gif.anime2 実GIFアーカイブ
gif_anime2_0184_00044,gif_anime2,https://gif.anime2.net/wp/wp-content/uploads/2016/11/Gifsmith-d8e1354e-17.gif,https://gif.anime2.net/tag/%E9%A2%A8%E5%91%82,RuntimeError('HTTP 503'),gif.anime2 実GIFアーカイブ
gif_anime2_0184_00045,gif_anime2,https://gif.anime2.net/wp/wp-content/uploads/2016/11/Gifsmith-94b06fab-0.gif,https://gif.anime2.net/tag/%E9%A2%A8%E5%91%82,RuntimeError('HTTP 503'),gif.anime2 実GIFアーカイブ
gif_anime2_0184_00046,gif_anime2,https://gif.anime2.net/wp/wp-content/uploads/2016/10/Gifsmith-3eb819ff-0.gif,https://gif.anime2.net/tag/%E9%A2%A8%E5%91%82,RuntimeError('HTTP 503'),gif.anime2 実GIFアーカイブ
gif_anime2_0184_00047,gif_anime2,https://gif.anime2.net/wp/wp-content/uploads/2016/10/Gifsmith-24f32cab-0.gif,https://gif.anime2.net/tag/%E9%A2%A8%E5%91%82,RuntimeError('HTTP 503'),gif.anime2 実GIFアーカイブ
gif_anime2_0184_00048,gif_anime2,https://gif.anime2.net/wp/wp-content/uploads/2016/09/Gifsmith-0632696d-10.gif,https://gif.anime2.net/tag/%E9%A2%A8%E5%91%82,RuntimeError('HTTP 503'),gif.anime2 実GIFアーカイブ
gif_anime2_0184_00049,gif_anime2,https://gif.anime2.net/wp/wp-content/uploads/2016/07/Gifsmith-112b0cfa-6.gif,https://gif.anime2.net/tag/%E9%A2%A8%E5%91%82,RuntimeError('HTTP 503'),gif.anime2 実GIFアーカイブ
gif_anime2_0184_00051,gif_anime2,https://gif.anime2.net/wp/wp-content/uploads/2016/05/Gifsmith-4cceee83-5.gif,https://gif.anime2.net/tag/%E9%A2%A8%E5%91%82,RuntimeError('HTTP 503'),gif.anime2 実GIFアーカイブ
gif_anime2_0184_00050,gif_anime2,https://gif.anime2.net/wp/wp-content/uploads/2016/05/a5859ef2cd9f2b15dce03299.gif,https://gif.anime2.net/tag/%E9%A2%A8%E5%91%82,RuntimeError('HTTP 503'),gif.anime2 実GIFアーカイブ
gif_anime2_0184_00052,gif_anime2,https://gif.anime2.net/wp/wp-content/uploads/2016/04/a5859ef2cd9f2b15dce03299-1.gif,https://gif.anime2.net/tag/%E9%A2%A8%E5%91%82,RuntimeError('HTTP 503'),gif.anime2 実GIFアーカイブ
gif_anime2_0184_00053,gif_anime2,https://gif.anime2.net/wp/wp-content/uploads/2016/03/3307947337.gif,https://gif.anime2.net/tag/%E9%A2%A8%E5%91%82,RuntimeError('HTTP 503'),gif.anime2 実GIFアーカイブ
gif_anime2_0184_00054,gif_anime2,https://gif.anime2.net/wp/wp-content/uploads/2016/02/YJI6pc0.gif,https://gif.anime2.net/tag/%E9%A2%A8%E5%91%82,RuntimeError('HTTP 503'),gif.anime2 実GIFアーカイブ
gif_anime2_0184_00055,gif_anime2,https://gif.anime2.net/wp/wp-content/uploads/2016/02/b6a0d8b3.gif,https://gif.anime2.net/tag/%E9%A2%A8%E5%91%82,RuntimeError('HTTP 503'),gif.anime2 実GIFアーカイブ
gif_anime2_0187_00004,gif_anime2,https://gif.anime2.net/wp/wp-content/uploads/2018/08/Gifsmith-123db598-3-thumb.jpg,https://gif.anime2.net/tag/%E3%82%A4%E3%83%AB%E3%82%AB,RuntimeError('HTTP 503'),gif.anime2 実GIFアーカイブ
gif_anime2_0187_00006,gif_anime2,https://gif.anime2.net/wp/wp-content/uploads/2018/05/Gifsmith-9ca25185-13-thumb.jpg,https://gif.anime2.net/tag/%E3%82%A4%E3%83%AB%E3%82%AB,RuntimeError('HTTP 503'),gif.anime2 実GIFアーカイブ
gif_anime2_0187_00005,gif_anime2,https://gif.anime2.net/wp/wp-content/uploads/2018/07/Gifsmith-a8ec51d2-3-thumb.jpg,https://gif.anime2.net/tag/%E3%82%A4%E3%83%AB%E3%82%AB,RuntimeError('HTTP 503'),gif.anime2 実GIFアーカイブ
gif_anime2_0187_00007,gif_anime2,https://gif.anime2.net/wp/wp-content/uploads/2018/03/Gifsmith-d02ec516-0-thumb.jpg,https://gif.anime2.net/tag/%E3%82%A4%E3%83%AB%E3%82%AB,RuntimeError('HTTP 503'),gif.anime2 実GIFアーカイブ
gif_anime2_0187_00008,gif_anime2,https://gif.anime2.net/wp/wp-content/uploads/2017/04/Gifsmith-8273ea68-0-thumb.jpg,https://gif.anime2.net/tag/%E3%82%A4%E3%83%AB%E3%82%AB,RuntimeError('HTTP 503'),gif.anime2 実GIFアーカイブ
gif_anime2_0187_00009,gif_anime2,https://gif.anime2.net/wp/wp-content/uploads/2017/04/Gifsmith-5f05721c-3-2-thumb.jpg,https://gif.anime2.net/tag/%E3%82%A4%E3%83%AB%E3%82%AB,RuntimeError('HTTP 503'),gif.anime2 実GIFアーカイブ
gif_anime2_0187_00011,gif_anime2,https://gif.anime2.net/wp/wp-content/uploads/2017/03/Gifsmith-5f05721c-3-2-thumb.jpg,https://gif.anime2.net/tag/%E3%82%A4%E3%83%AB%E3%82%AB,RuntimeError('HTTP 503'),gif.anime2 実GIFアーカイブ
gif_anime2_0187_00012,gif_anime2,https://gif.anime2.net/wp/wp-content/uploads/2017/03/Gifsmith-9d2a28bb-2-thumb.jpg,https://gif.anime2.net/tag/%E3%82%A4%E3%83%AB%E3%82%AB,RuntimeError('HTTP 503'),gif.anime2 実GIFアーカイブ
gif_anime2_0187_00013,gif_anime2,https://gif.anime2.net/wp/wp-content/uploads/2017/03/Gifsmith-1fd73791-14-thumb.jpg,https://gif.anime2.net/tag/%E3%82%A4%E3%83%AB%E3%82%AB,RuntimeError('HTTP 503'),gif.anime2 実GIFアーカイブ
gif_anime2_0187_00014,gif_anime2,https://gif.anime2.net/wp/wp-content/uploads/2016/11/Gifsmith-1cc21592-32-thumb.jpg,https://gif.anime2.net/tag/%E3%82%A4%E3%83%AB%E3%82%AB,RuntimeError('HTTP 503'),gif.anime2 実GIFアーカイブ
gif_anime2_0187_00015,gif_anime2,https://gif.anime2.net/wp/wp-content/uploads/2016/06/Gifsmith-9fd39447-13-thumb.jpg,https://gif.anime2.net/tag/%E3%82%A4%E3%83%AB%E3%82%AB,RuntimeError('HTTP 503'),gif.anime2 実GIFアーカイブ
gif_anime2_0187_00017,gif_anime2,https://gif.anime2.net/wp/wp-content/uploads/2016/06/Gifsmith-639a8aea-9-thumb.jpg,https://gif.anime2.net/tag/%E3%82%A4%E3%83%AB%E3%82%AB,RuntimeError('HTTP 503'),gif.anime2 実GIFアーカイブ
gif_anime2_0187_00016,gif_anime2,https://gif.anime2.net/wp/wp-content/uploads/2016/06/Gifsmith-8958fb7f-11-thumb.jpg,https://gif.anime2.net/tag/%E3%82%A4%E3%83%AB%E3%82%AB,RuntimeError('HTTP 503'),gif.anime2 実GIFアーカイブ
gif_anime2_0187_00018,gif_anime2,https://gif.anime2.net/wp/wp-content/uploads/2016/04/1b221e0e5e0a3d745fe8e55a-thumb.jpg,https://gif.anime2.net/tag/%E3%82%A4%E3%83%AB%E3%82%AB,RuntimeError('HTTP 503'),gif.anime2 実GIFアーカイブ
gif_anime2_0187_00019,gif_anime2,https://gif.anime2.net/wp/wp-content/uploads/2016/02/2c9a3e97-thumb.jpg,https://gif.anime2.net/tag/%E3%82%A4%E3%83%AB%E3%82%AB,RuntimeError('HTTP 503'),gif.anime2 実GIFアーカイブ
gif_anime2_0187_00042,gif_anime2,https://gif.anime2.net/wp/wp-content/uploads/2018/08/Gifsmith-123db598-3.gif,https://gif.anime2.net/tag/%E3%82%A4%E3%83%AB%E3%82%AB,RuntimeError('HTTP 503'),gif.anime2 実GIFアーカイブ
gif_anime2_0187_00045,gif_anime2,https://gif.anime2.net/wp/wp-content/uploads/2018/03/Gifsmith-d02ec516-0.gif,https://gif.anime2.net/tag/%E3%82%A4%E3%83%AB%E3%82%AB,RuntimeError('HTTP 503'),gif.anime2 実GIFアーカイブ
gif_anime2_0187_00044,gif_anime2,https://gif.anime2.net/wp/wp-content/uploads/2018/05/Gifsmith-9ca25185-13.gif,https://gif.anime2.net/tag/%E3%82%A4%E3%83%AB%E3%82%AB,RuntimeError('HTTP 503'),gif.anime2 実GIFアーカイブ
gif_anime2_0187_00046,gif_anime2,https://gif.anime2.net/wp/wp-content/uploads/2017/04/Gifsmith-8273ea68-0.gif,https://gif.anime2.net/tag/%E3%82%A4%E3%83%AB%E3%82%AB,RuntimeError('HTTP 503'),gif.anime2 実GIFアーカイブ
gif_anime2_0187_00043,gif_anime2,https://gif.anime2.net/wp/wp-content/uploads/2018/07/Gifsmith-a8ec51d2-3.gif,https://gif.anime2.net/tag/%E3%82%A4%E3%83%AB%E3%82%AB,RuntimeError('HTTP 503'),gif.anime2 実GIFアーカイブ
gif_anime2_0187_00047,gif_anime2,https://gif.anime2.net/wp/wp-content/uploads/2017/04/Gifsmith-5f05721c-3-2.gif,https://gif.anime2.net/tag/%E3%82%A4%E3%83%AB%E3%82%AB,RuntimeError('HTTP 503'),gif.anime2 実GIFアーカイブ
gif_anime2_0187_00049,gif_anime2,https://gif.anime2.net/wp/wp-content/uploads/2017/03/Gifsmith-5f05721c-3-2.gif,https://gif.anime2.net/tag/%E3%82%A4%E3%83%AB%E3%82%AB,RuntimeError('HTTP 503'),gif.anime2 実GIFアーカイブ
gif_anime2_0187_00050,gif_anime2,https://gif.anime2.net/wp/wp-content/uploads/2017/03/Gifsmith-9d2a28bb-2.gif,https://gif.anime2.net/tag/%E3%82%A4%E3%83%AB%E3%82%AB,RuntimeError('HTTP 503'),gif.anime2 実GIFアーカイブ
gif_anime2_0187_00051,gif_anime2,https://gif.anime2.net/wp/wp-content/uploads/2017/03/Gifsmith-1fd73791-14.gif,https://gif.anime2.net/tag/%E3%82%A4%E3%83%AB%E3%82%AB,RuntimeError('HTTP 503'),gif.anime2 実GIFアーカイブ
gif_anime2_0187_00052,gif_anime2,https://gif.anime2.net/wp/wp-content/uploads/2016/11/Gifsmith-1cc21592-32.gif,https://gif.anime2.net/tag/%E3%82%A4%E3%83%AB%E3%82%AB,RuntimeError('HTTP 503'),gif.anime2 実GIFアーカイブ
gif_anime2_0187_00053,gif_anime2,https://gif.anime2.net/wp/wp-content/uploads/2016/06/Gifsmith-9fd39447-13.gif,https://gif.anime2.net/tag/%E3%82%A4%E3%83%AB%E3%82%AB,RuntimeError('HTTP 503'),gif.anime2 実GIFアーカイブ
gif_anime2_0187_00054,gif_anime2,https://gif.anime2.net/wp/wp-content/uploads/2016/06/Gifsmith-8958fb7f-11.gif,https://gif.anime2.net/tag/%E3%82%A4%E3%83%AB%E3%82%AB,RuntimeError('HTTP 503'),gif.anime2 実GIFアーカイブ
gif_anime2_0187_00056,gif_anime2,https://gif.anime2.net/wp/wp-content/uploads/2016/04/1b221e0e5e0a3d745fe8e55a.gif,https://gif.anime2.net/tag/%E3%82%A4%E3%83%AB%E3%82%AB,RuntimeError('HTTP 503'),gif.anime2 実GIFアーカイブ
gif_anime2_0187_00055,gif_anime2,https://gif.anime2.net/wp/wp-content/uploads/2016/06/Gifsmith-639a8aea-9.gif,https://gif.anime2.net/tag/%E3%82%A4%E3%83%AB%E3%82%AB,RuntimeError('HTTP 503'),gif.anime2 実GIFアーカイブ
gif_anime2_0187_00057,gif_anime2,https://gif.anime2.net/wp/wp-content/uploads/2016/02/2c9a3e97.gif,https://gif.anime2.net/tag/%E3%82%A4%E3%83%AB%E3%82%AB,RuntimeError('HTTP 503'),gif.anime2 実GIFアーカイブ
gif_anime2_0189_00001,gif_anime2,https://gif.anime2.net/wp/wp-content/uploads/2017/12/Gifsmith-5f05721c-7-1-thumb.jpg,https://gif.anime2.net/tag/%E6%A8%99%E8%AD%98,RuntimeError('HTTP 503'),gif.anime2 実GIFアーカイブ
gif_anime2_0189_00004,gif_anime2,https://gif.anime2.net/wp/wp-content/uploads/2016/04/62b0efdcbe10345aa5b959eb-thumb.jpg,https://gif.anime2.net/tag/%E6%A8%99%E8%AD%98,RuntimeError('HTTP 503'),gif.anime2 実GIFアーカイブ
gif_anime2_0191_00001,gif_anime2,https://gif.anime2.net/wp/wp-content/uploads/2018/09/Gifsmith-d9873496-3-1-thumb.jpg,https://gif.anime2.net/tag/%E3%83%9C%E3%83%87%E3%82%A3%E3%83%BC%E3%83%9C%E3%83%BC%E3%83%89,RuntimeError('HTTP 503'),gif.anime2 実GIFアーカイブ
gif_anime2_0189_00027,gif_anime2,https://gif.anime2.net/wp/wp-content/uploads/2016/04/62b0efdcbe10345aa5b959eb.gif,https://gif.anime2.net/tag/%E6%A8%99%E8%AD%98,RuntimeError('HTTP 503'),gif.anime2 実GIFアーカイブ
gif_anime2_0189_00024,gif_anime2,https://gif.anime2.net/wp/wp-content/uploads/2017/12/Gifsmith-5f05721c-7-1.gif,https://gif.anime2.net/tag/%E6%A8%99%E8%AD%98,RuntimeError('HTTP 503'),gif.anime2 実GIFアーカイブ
gif_anime2_0191_00003,gif_anime2,https://gif.anime2.net/wp/wp-content/uploads/2018/04/Gifsmith-5f05721c-20-thumb.jpg,https://gif.anime2.net/tag/%E3%83%9C%E3%83%87%E3%82%A3%E3%83%BC%E3%83%9C%E3%83%BC%E3%83%89,RuntimeError('HTTP 503'),gif.anime2 実GIFアーカイブ
gif_anime2_0191_00004,gif_anime2,https://gif.anime2.net/wp/wp-content/uploads/2017/10/Gifsmith-5f05721c-15-thumb.jpg,https://gif.anime2.net/tag/%E3%83%9C%E3%83%87%E3%82%A3%E3%83%BC%E3%83%9C%E3%83%BC%E3%83%89,RuntimeError('HTTP 503'),gif.anime2 実GIFアーカイブ
gif_anime2_0191_00005,gif_anime2,https://gif.anime2.net/wp/wp-content/uploads/2017/06/Gifsmith-5f05721c-11-1-thumb.jpg,https://gif.anime2.net/tag/%E3%83%9C%E3%83%87%E3%82%A3%E3%83%BC%E3%83%9C%E3%83%BC%E3%83%89,RuntimeError('HTTP 503'),gif.anime2 実GIFアーカイブ
gif_anime2_0191_00007,gif_anime2,https://gif.anime2.net/wp/wp-content/uploads/2016/09/Gifsmith-edd88699-12-thumb.jpg,https://gif.anime2.net/tag/%E3%83%9C%E3%83%87%E3%82%A3%E3%83%BC%E3%83%9C%E3%83%BC%E3%83%89,RuntimeError('HTTP 503'),gif.anime2 実GIFアーカイブ
gif_anime2_0191_00029,gif_anime2,https://gif.anime2.net/wp/wp-content/uploads/2018/04/Gifsmith-5f05721c-20.gif,https://gif.anime2.net/tag/%E3%83%9C%E3%83%87%E3%82%A3%E3%83%BC%E3%83%9C%E3%83%BC%E3%83%89,RuntimeError('HTTP 503'),gif.anime2 実GIFアーカイブ
gif_anime2_0191_00027,gif_anime2,https://gif.anime2.net/wp/wp-content/uploads/2018/09/Gifsmith-d9873496-3-1.gif,https://gif.anime2.net/tag/%E3%83%9C%E3%83%87%E3%82%A3%E3%83%BC%E3%83%9C%E3%83%BC%E3%83%89,RuntimeError('HTTP 503'),gif.anime2 実GIFアーカイブ
gif_anime2_0191_00031,gif_anime2,https://gif.anime2.net/wp/wp-content/uploads/2017/06/Gifsmith-5f05721c-11-1.gif,https://gif.anime2.net/tag/%E3%83%9C%E3%83%87%E3%82%A3%E3%83%BC%E3%83%9C%E3%83%BC%E3%83%89,RuntimeError('HTTP 503'),gif.anime2 実GIFアーカイブ
gif_anime2_0191_00030,gif_anime2,https://gif.anime2.net/wp/wp-content/uploads/2017/10/Gifsmith-5f05721c-15.gif,https://gif.anime2.net/tag/%E3%83%9C%E3%83%87%E3%82%A3%E3%83%BC%E3%83%9C%E3%83%BC%E3%83%89,RuntimeError('HTTP 503'),gif.anime2 実GIFアーカイブ
gif_anime2_0192_00001,gif_anime2,https://gif.anime2.net/wp/wp-content/uploads/2017/10/Gifsmith-5f05721c-24-thumb.jpg,https://gif.anime2.net/tag/%E7%A0%82%E4%B8%98,RuntimeError('HTTP 503'),gif.anime2 実GIFアーカイブ
gif_anime2_0191_00033,gif_anime2,https://gif.anime2.net/wp/wp-content/uploads/2016/09/Gifsmith-edd88699-12.gif,https://gif.anime2.net/tag/%E3%83%9C%E3%83%87%E3%82%A3%E3%83%BC%E3%83%9C%E3%83%BC%E3%83%89,RuntimeError('HTTP 503'),gif.anime2 実GIFアーカイブ
gif_anime2_0192_00004,gif_anime2,https://gif.anime2.net/wp/wp-content/uploads/2016/11/Gifsmith-d8af1ebd-30-thumb.jpg,https://gif.anime2.net/tag/%E7%A0%82%E4%B8%98,RuntimeError('HTTP 503'),gif.anime2 実GIFアーカイブ
gif_anime2_0192_00005,gif_anime2,https://gif.anime2.net/wp/wp-content/uploads/2016/08/Gifsmith-7d2a060e-0-thumb.jpg,https://gif.anime2.net/tag/%E7%A0%82%E4%B8%98,RuntimeError('HTTP 503'),gif.anime2 実GIFアーカイブ
gif_anime2_0192_00025,gif_anime2,https://gif.anime2.net/wp/wp-content/uploads/2017/10/Gifsmith-5f05721c-24.gif,https://gif.anime2.net/tag/%E7%A0%82%E4%B8%98,RuntimeError('HTTP 503'),gif.anime2 実GIFアーカイブ
gif_anime2_0192_00028,gif_anime2,https://gif.anime2.net/wp/wp-content/uploads/2016/11/Gifsmith-d8af1ebd-30.gif,https://gif.anime2.net/tag/%E7%A0%82%E4%B8%98,RuntimeError('HTTP 503'),gif.anime2 実GIFアーカイブ
gif_anime2_0192_00029,gif_anime2,https://gif.anime2.net/wp/wp-content/uploads/2016/08/Gifsmith-7d2a060e-0.gif,https://gif.anime2.net/tag/%E7%A0%82%E4%B8%98,RuntimeError('HTTP 503'),gif.anime2 実GIFアーカイブ
gif_anime2_0193_00003,gif_anime2,https://gif.anime2.net/wp/wp-content/uploads/2017/05/Gifsmith-d666d71f-0-thumb.jpg,https://gif.anime2.net/tag/%E7%A0%82%E6%BC%A0,RuntimeError('HTTP 503'),gif.anime2 実GIFアーカイブ
gif_anime2_0193_00006,gif_anime2,https://gif.anime2.net/wp/wp-content/uploads/2016/10/Gifsmith-c2d76540-5-thumb.jpg,https://gif.anime2.net/tag/%E7%A0%82%E6%BC%A0,RuntimeError('HTTP 503'),gif.anime2 実GIFアーカイブ
gif_anime2_0193_00004,gif_anime2,https://gif.anime2.net/wp/wp-content/uploads/2017/02/Gifsmith-31dbeacc-8-thumb.jpg,https://gif.anime2.net/tag/%E7%A0%82%E6%BC%A0,RuntimeError('HTTP 503'),gif.anime2 実GIFアーカイブ
gif_anime2_0193_00008,gif_anime2,https://gif.anime2.net/wp/wp-content/uploads/2016/07/Gifsmith-a86c0963-6-thumb.jpg,https://gif.anime2.net/tag/%E7%A0%82%E6%BC%A0,RuntimeError('HTTP 503'),gif.anime2 実GIFアーカイブ
gif_anime2_0193_00030,gif_anime2,https://gif.anime2.net/wp/wp-content/uploads/2017/05/Gifsmith-d666d71f-0.gif,https://gif.anime2.net/tag/%E7%A0%82%E6%BC%A0,RuntimeError('HTTP 503'),gif.anime2 実GIFアーカイブ
gif_anime2_0193_00033,gif_anime2,https://gif.anime2.net/wp/wp-content/uploads/2016/10/Gifsmith-c2d76540-5.gif,https://gif.anime2.net/tag/%E7%A0%82%E6%BC%A0,RuntimeError('HTTP 503'),gif.anime2 実GIFアーカイブ
gif_anime2_0193_00031,gif_anime2,https://gif.anime2.net/wp/wp-content/uploads/2017/02/Gifsmith-31dbeacc-8.gif,https://gif.anime2.net/tag/%E7%A0%82%E6%BC%A0,RuntimeError('HTTP 503'),gif.anime2 実GIFアーカイブ
gif_anime2_0193_00035,gif_anime2,https://gif.anime2.net/wp/wp-content/uploads/2016/07/Gifsmith-a86c0963-6.gif,https://gif.anime2.net/tag/%E7%A0%82%E6%BC%A0,RuntimeError('HTTP 503'),gif.anime2 実GIFアーカイブ
gif_anime2_0195_00001,gif_anime2,https://gif.anime2.net/wp/wp-content/uploads/2017/03/Gifsmith-5724ee20-4-thumb.jpg,https://gif.anime2.net/tag/%E8%8A%9D%E7%94%9F,RuntimeError('HTTP 503'),gif.anime2 実GIFアーカイブ
gif_anime2_0197_00003,gif_anime2,https://gif.anime2.net/wp/wp-content/uploads/2015/12/2478538752-thumb.jpg,https://gif.anime2.net/tag/%E6%BB%91%E3%82%8B%E3%81%8A%E3%81%98%E3%81%95%E3%82%93,RuntimeError('HTTP 503'),gif.anime2 実GIFアーカイブ
gif_anime2_0195_00023,gif_anime2,https://gif.anime2.net/wp/wp-content/uploads/2017/03/Gifsmith-5724ee20-4.gif,https://gif.anime2.net/tag/%E8%8A%9D%E7%94%9F,RuntimeError('HTTP 503'),gif.anime2 実GIFアーカイブ
gif_anime2_0197_00004,gif_anime2,https://gif.anime2.net/wp/wp-content/uploads/2015/12/2536406259-thumb.jpg,https://gif.anime2.net/tag/%E6%BB%91%E3%82%8B%E3%81%8A%E3%81%98%E3%81%95%E3%82%93,RuntimeError('HTTP 503'),gif.anime2 実GIFアーカイブ
gif_anime2_0217_00001,gif_anime2,http://gif.anime2.net/wp/wp-content/uploads/2026/08/output-18-thumb.jpg,http://gif.anime2.net/,RuntimeError('HTTP 503'),gif.anime2 実GIFアーカイブ
gif_anime2_0217_00003,gif_anime2,http://gif.anime2.net/wp/wp-content/uploads/2026/07/output-17-thumb.jpg,http://gif.anime2.net/,RuntimeError('HTTP 503'),gif.anime2 実GIFアーカイブ
gif_anime2_0197_00005,gif_anime2,https://gif.anime2.net/wp/wp-content/uploads/2015/12/3485593532-thumb.jpg,https://gif.anime2.net/tag/%E6%BB%91%E3%82%8B%E3%81%8A%E3%81%98%E3%81%95%E3%82%93,RuntimeError('HTTP 503'),gif.anime2 実GIFアーカイブ
gif_anime2_0197_00027,gif_anime2,https://gif.anime2.net/wp/wp-content/uploads/2015/12/2478538752.gif,https://gif.anime2.net/tag/%E6%BB%91%E3%82%8B%E3%81%8A%E3%81%98%E3%81%95%E3%82%93,RuntimeError('HTTP 503'),gif.anime2 実GIFアーカイブ
gif_anime2_0217_00004,gif_anime2,http://gif.anime2.net/wp/wp-content/uploads/2026/07/output-16-thumb.jpg,http://gif.anime2.net/,RuntimeError('HTTP 503'),gif.anime2 実GIFアーカイブ
gif_anime2_0217_00005,gif_anime2,http://gif.anime2.net/wp/wp-content/uploads/2026/07/output-15-thumb.jpg,http://gif.anime2.net/,RuntimeError('HTTP 503'),gif.anime2 実GIFアーカイブ
gif_anime2_0217_00006,gif_anime2,http://gif.anime2.net/wp/wp-content/uploads/2026/07/output-13-thumb.jpg,http://gif.anime2.net/,RuntimeError('HTTP 503'),gif.anime2 実GIFアーカイブ
gif_anime2_0217_00007,gif_anime2,http://gif.anime2.net/wp/wp-content/uploads/2026/07/output-12-thumb.jpg,http://gif.anime2.net/,RuntimeError('HTTP 503'),gif.anime2 実GIFアーカイブ
gif_anime2_0197_00028,gif_anime2,https://gif.anime2.net/wp/wp-content/uploads/2015/12/2536406259.gif,https://gif.anime2.net/tag/%E6%BB%91%E3%82%8B%E3%81%8A%E3%81%98%E3%81%95%E3%82%93,RuntimeError('HTTP 503'),gif.anime2 実GIFアーカイブ
gif_anime2_0197_00029,gif_anime2,https://gif.anime2.net/wp/wp-content/uploads/2015/12/3485593532.gif,https://gif.anime2.net/tag/%E6%BB%91%E3%82%8B%E3%81%8A%E3%81%98%E3%81%95%E3%82%93,RuntimeError('HTTP 503'),gif.anime2 実GIFアーカイブ
gif_anime2_0217_00008,gif_anime2,http://gif.anime2.net/wp/wp-content/uploads/2026/07/output-11-thumb.jpg,http://gif.anime2.net/,RuntimeError('HTTP 503'),gif.anime2 実GIFアーカイブ
gif_anime2_0217_00009,gif_anime2,http://gif.anime2.net/wp/wp-content/uploads/2026/07/output-10-thumb.jpg,http://gif.anime2.net/,RuntimeError('HTTP 503'),gif.anime2 実GIFアーカイブ
gif_anime2_0217_00010,gif_anime2,http://gif.anime2.net/wp/wp-content/uploads/2026/07/output-9-thumb.jpg,http://gif.anime2.net/,RuntimeError('HTTP 503'),gif.anime2 実GIFアーカイブ
gif_anime2_0217_00011,gif_anime2,http://gif.anime2.net/wp/wp-content/uploads/2026/07/output-8-thumb.jpg,http://gif.anime2.net/,RuntimeError('HTTP 503'),gif.anime2 実GIFアーカイブ
gif_anime2_0217_00012,gif_anime2,http://gif.anime2.net/wp/wp-content/uploads/2026/07/output-7-thumb.jpg,http://gif.anime2.net/,RuntimeError('HTTP 503'),gif.anime2 実GIFアーカイブ
gif_anime2_0217_00014,gif_anime2,http://gif.anime2.net/wp/wp-content/uploads/2026/07/output-5-thumb.jpg,http://gif.anime2.net/,RuntimeError('HTTP 503'),gif.anime2 実GIFアーカイブ
gif_anime2_0217_00015,gif_anime2,http://gif.anime2.net/wp/wp-content/uploads/2026/06/output-11-1-thumb.jpg,http://gif.anime2.net/,RuntimeError('HTTP 503'),gif.anime2 実GIFアーカイブ
gif_anime2_0217_00013,gif_anime2,http://gif.anime2.net/wp/wp-content/uploads/2026/07/output-6-thumb.jpg,http://gif.anime2.net/,RuntimeError('HTTP 503'),gif.anime2 実GIFアーカイブ
gif_anime2_0217_00016,gif_anime2,http://gif.anime2.net/wp/wp-content/uploads/2026/06/output-10-thumb.jpg,http://gif.anime2.net/,RuntimeError('HTTP 503'),gif.anime2 実GIFアーカイブ
gif_anime2_0217_00017,gif_anime2,http://gif.anime2.net/wp/wp-content/uploads/2026/06/output-9-thumb.jpg,http://gif.anime2.net/,RuntimeError('HTTP 503'),gif.anime2 実GIFアーカイブ
gif_anime2_0217_00018,gif_anime2,http://gif.anime2.net/wp/wp-content/uploads/2026/06/output-8-thumb.jpg,http://gif.anime2.net/,RuntimeError('HTTP 503'),gif.anime2 実GIFアーカイブ
gif_anime2_0217_00019,gif_anime2,http://gif.anime2.net/wp/wp-content/uploads/2026/06/output-6-thumb.jpg,http://gif.anime2.net/,RuntimeError('HTTP 503'),gif.anime2 実GIFアーカイブ
gif_anime2_0217_00020,gif_anime2,http://gif.anime2.net/wp/wp-content/uploads/2026/06/output-5-thumb.jpg,http://gif.anime2.net/,RuntimeError('HTTP 503'),gif.anime2 実GIFアーカイブ
gif_anime2_0217_00041,gif_anime2,http://gif.anime2.net/wp/wp-content/uploads/2026/08/output-18.gif,http://gif.anime2.net/,RuntimeError('HTTP 503'),gif.anime2 実GIFアーカイブ
gif_anime2_0217_00021,gif_anime2,http://gif.anime2.net/wp/wp-content/uploads/2026/06/output-3-thumb.jpg,http://gif.anime2.net/,RuntimeError('HTTP 503'),gif.anime2 実GIFアーカイブ
gif_anime2_0217_00042,gif_anime2,http://gif.anime2.net/images/link.png,http://gif.anime2.net/,RuntimeError('HTTP 503'),gif.anime2 実GIFアーカイブ
gif_anime2_0217_00044,gif_anime2,http://gif.anime2.net/wp/wp-content/uploads/2026/07/output-16.gif,http://gif.anime2.net/,RuntimeError('HTTP 503'),gif.anime2 実GIFアーカイブ
gif_anime2_0217_00043,gif_anime2,http://gif.anime2.net/wp/wp-content/uploads/2026/07/output-17.gif,http://gif.anime2.net/,RuntimeError('HTTP 503'),gif.anime2 実GIFアーカイブ
gif_anime2_0217_00045,gif_anime2,http://gif.anime2.net/wp/wp-content/uploads/2026/07/output-15.gif,http://gif.anime2.net/,RuntimeError('HTTP 503'),gif.anime2 実GIFアーカイブ
gif_anime2_0217_00046,gif_anime2,http://gif.anime2.net/wp/wp-content/uploads/2026/07/output-13.gif,http://gif.anime2.net/,RuntimeError('HTTP 503'),gif.anime2 実GIFアーカイブ
gif_anime2_0217_00047,gif_anime2,http://gif.anime2.net/wp/wp-content/uploads/2026/07/output-12.gif,http://gif.anime2.net/,RuntimeError('HTTP 503'),gif.anime2 実GIFアーカイブ
gif_anime2_0217_00048,gif_anime2,http://gif.anime2.net/wp/wp-content/uploads/2026/07/output-11.gif,http://gif.anime2.net/,RuntimeError('HTTP 503'),gif.anime2 実GIFアーカイブ
gif_anime2_0217_00049,gif_anime2,http://gif.anime2.net/wp/wp-content/uploads/2026/07/output-10.gif,http://gif.anime2.net/,RuntimeError('HTTP 503'),gif.anime2 実GIFアーカイブ
gif_anime2_0217_00050,gif_anime2,http://gif.anime2.net/wp/wp-content/uploads/2026/07/output-9.gif,http://gif.anime2.net/,RuntimeError('HTTP 503'),gif.anime2 実GIFアーカイブ
gif_anime2_0217_00051,gif_anime2,http://gif.anime2.net/wp/wp-content/uploads/2026/07/output-8.gif,http://gif.anime2.net/,RuntimeError('HTTP 503'),gif.anime2 実GIFアーカイブ
gif_anime2_0217_00052,gif_anime2,http://gif.anime2.net/wp/wp-content/uploads/2026/07/output-7.gif,http://gif.anime2.net/,RuntimeError('HTTP 503'),gif.anime2 実GIFアーカイブ
gif_anime2_0217_00053,gif_anime2,http://gif.anime2.net/wp/wp-content/uploads/2026/07/output-6.gif,http://gif.anime2.net/,RuntimeError('HTTP 503'),gif.anime2 実GIFアーカイブ
gif_anime2_0217_00054,gif_anime2,http://gif.anime2.net/wp/wp-content/uploads/2026/07/output-5.gif,http://gif.anime2.net/,RuntimeError('HTTP 503'),gif.anime2 実GIFアーカイブ
gif_anime2_0217_00055,gif_anime2,http://gif.anime2.net/wp/wp-content/uploads/2026/06/output-11-1.gif,http://gif.anime2.net/,RuntimeError('HTTP 503'),gif.anime2 実GIFアーカイブ
gif_anime2_0217_00057,gif_anime2,http://gif.anime2.net/wp/wp-content/uploads/2026/06/output-9.gif,http://gif.anime2.net/,RuntimeError('HTTP 503'),gif.anime2 実GIFアーカイブ
gif_anime2_0217_00056,gif_anime2,http://gif.anime2.net/wp/wp-content/uploads/2026/06/output-10.gif,http://gif.anime2.net/,RuntimeError('HTTP 503'),gif.anime2 実GIFアーカイブ
gif_anime2_0217_00058,gif_anime2,http://gif.anime2.net/wp/wp-content/uploads/2026/06/output-8.gif,http://gif.anime2.net/,RuntimeError('HTTP 503'),gif.anime2 実GIFアーカイブ
gif_anime2_0217_00059,gif_anime2,http://gif.anime2.net/wp/wp-content/uploads/2026/06/output-6.gif,http://gif.anime2.net/,RuntimeError('HTTP 503'),gif.anime2 実GIFアーカイブ
gif_anime2_0217_00060,gif_anime2,http://gif.anime2.net/wp/wp-content/uploads/2026/06/output-5.gif,http://gif.anime2.net/,RuntimeError('HTTP 503'),gif.anime2 実GIFアーカイブ
gif_anime2_0217_00061,gif_anime2,http://gif.anime2.net/wp/wp-content/uploads/2026/06/output-3.gif,http://gif.anime2.net/,RuntimeError('HTTP 503'),gif.anime2 実GIFアーカイブ
gif_anime2_0220_00003,gif_anime2,https://gif.anime2.net/wp/wp-content/uploads/2017/06/Gifsmith-5f05721c-7-6-thumb.jpg,https://gif.anime2.net/tag/%E3%83%AB%E3%83%B3%E3%83%90,RuntimeError('HTTP 503'),gif.anime2 実GIFアーカイブ
gif_anime2_0220_00004,gif_anime2,https://gif.anime2.net/wp/wp-content/uploads/2017/05/Gifsmith-c2cd5a7b-0-thumb.jpg,https://gif.anime2.net/tag/%E3%83%AB%E3%83%B3%E3%83%90,RuntimeError('HTTP 503'),gif.anime2 実GIFアーカイブ
gif_anime2_0220_00005,gif_anime2,https://gif.anime2.net/wp/wp-content/uploads/2017/05/Gifsmith-5f05721c-11-1-thumb.jpg,https://gif.anime2.net/tag/%E3%83%AB%E3%83%B3%E3%83%90,RuntimeError('HTTP 503'),gif.anime2 実GIFアーカイブ
gif_anime2_0220_00006,gif_anime2,https://gif.anime2.net/wp/wp-content/uploads/2017/01/Gifsmith-254ae0bb-31-thumb.jpg,https://gif.anime2.net/tag/%E3%83%AB%E3%83%B3%E3%83%90,RuntimeError('HTTP 503'),gif.anime2 実GIFアーカイブ
gif_anime2_0220_00007,gif_anime2,https://gif.anime2.net/wp/wp-content/uploads/2016/10/Gifsmith-a58591fe-0-thumb.jpg,https://gif.anime2.net/tag/%E3%83%AB%E3%83%B3%E3%83%90,RuntimeError('HTTP 503'),gif.anime2 実GIFアーカイブ
gif_anime2_0220_00008,gif_anime2,https://gif.anime2.net/wp/wp-content/uploads/2016/10/Gifsmith-f450ca0e-0-thumb.jpg,https://gif.anime2.net/tag/%E3%83%AB%E3%83%B3%E3%83%90,RuntimeError('HTTP 503'),gif.anime2 実GIFアーカイブ
gif_anime2_0220_00009,gif_anime2,https://gif.anime2.net/wp/wp-content/uploads/2016/04/5242f1590d7583ebfd494fe-thumb.jpg,https://gif.anime2.net/tag/%E3%83%AB%E3%83%B3%E3%83%90,RuntimeError('HTTP 503'),gif.anime2 実GIFアーカイブ
gif_anime2_0220_00031,gif_anime2,https://gif.anime2.net/wp/wp-content/uploads/2017/06/Gifsmith-5f05721c-7-6.gif,https://gif.anime2.net/tag/%E3%83%AB%E3%83%B3%E3%83%90,RuntimeError('HTTP 503'),gif.anime2 実GIFアーカイブ
gif_anime2_0220_00032,gif_anime2,https://gif.anime2.net/wp/wp-content/uploads/2017/05/Gifsmith-c2cd5a7b-0.gif,https://gif.anime2.net/tag/%E3%83%AB%E3%83%B3%E3%83%90,RuntimeError('HTTP 503'),gif.anime2 実GIFアーカイブ
gif_anime2_0220_00033,gif_anime2,https://gif.anime2.net/wp/wp-content/uploads/2017/05/Gifsmith-5f05721c-11-1.gif,https://gif.anime2.net/tag/%E3%83%AB%E3%83%B3%E3%83%90,RuntimeError('HTTP 503'),gif.anime2 実GIFアーカイブ
gif_anime2_0220_00035,gif_anime2,https://gif.anime2.net/wp/wp-content/uploads/2016/10/Gifsmith-a58591fe-0.gif,https://gif.anime2.net/tag/%E3%83%AB%E3%83%B3%E3%83%90,RuntimeError('HTTP 503'),gif.anime2 実GIFアーカイブ
gif_anime2_0220_00034,gif_anime2,https://gif.anime2.net/wp/wp-content/uploads/2017/01/Gifsmith-254ae0bb-31.gif,https://gif.anime2.net/tag/%E3%83%AB%E3%83%B3%E3%83%90,RuntimeError('HTTP 503'),gif.anime2 実GIFアーカイブ
gif_anime2_0220_00036,gif_anime2,https://gif.anime2.net/wp/wp-content/uploads/2016/10/Gifsmith-f450ca0e-0.gif,https://gif.anime2.net/tag/%E3%83%AB%E3%83%B3%E3%83%90,RuntimeError('HTTP 503'),gif.anime2 実GIFアーカイブ
gif_anime2_0220_00037,gif_anime2,https://gif.anime2.net/wp/wp-content/uploads/2016/04/5242f1590d7583ebfd494fe.gif,https://gif.anime2.net/tag/%E3%83%AB%E3%83%B3%E3%83%90,RuntimeError('HTTP 503'),gif.anime2 実GIFアーカイブ
gif_anime2_0225_00003,gif_anime2,https://gif.anime2.net/wp/wp-content/uploads/2018/08/Gifsmith-19a1bbd5-3-thumb.jpg,https://gif.anime2.net/tag/%E3%82%AF%E3%83%9E,RuntimeError('HTTP 503'),gif.anime2 実GIFアーカイブ
gif_anime2_0225_00004,gif_anime2,https://gif.anime2.net/wp/wp-content/uploads/2018/06/Gifsmith-60cddc35-3-thumb.jpg,https://gif.anime2.net/tag/%E3%82%AF%E3%83%9E,RuntimeError('HTTP 503'),gif.anime2 実GIFアーカイブ
gif_anime2_0225_00005,gif_anime2,https://gif.anime2.net/wp/wp-content/uploads/2018/06/Gifsmith-0934d779-17-thumb.jpg,https://gif.anime2.net/tag/%E3%82%AF%E3%83%9E,RuntimeError('HTTP 503'),gif.anime2 実GIFアーカイブ
gif_anime2_0225_00006,gif_anime2,https://gif.anime2.net/wp/wp-content/uploads/2018/01/Gifsmith-5f05721c-10-thumb.jpg,https://gif.anime2.net/tag/%E3%82%AF%E3%83%9E,RuntimeError('HTTP 503'),gif.anime2 実GIFアーカイブ
gif_anime2_0225_00007,gif_anime2,https://gif.anime2.net/wp/wp-content/uploads/2017/12/Gifsmith-12074535-10-thumb.jpg,https://gif.anime2.net/tag/%E3%82%AF%E3%83%9E,RuntimeError('HTTP 503'),gif.anime2 実GIFアーカイブ
gif_anime2_0225_00008,gif_anime2,https://gif.anime2.net/wp/wp-content/uploads/2017/09/Gifsmith-63dcfca5-0-thumb.jpg,https://gif.anime2.net/tag/%E3%82%AF%E3%83%9E,RuntimeError('HTTP 503'),gif.anime2 実GIFアーカイブ
gif_anime2_0225_00009,gif_anime2,https://gif.anime2.net/wp/wp-content/uploads/2017/08/Gifsmith-5f05721c-4-1-thumb.jpg,https://gif.anime2.net/tag/%E3%82%AF%E3%83%9E,RuntimeError('HTTP 503'),gif.anime2 実GIFアーカイブ
gif_anime2_0225_00010,gif_anime2,https://gif.anime2.net/wp/wp-content/uploads/2017/03/Gifsmith-2e42f728-0-thumb.jpg,https://gif.anime2.net/tag/%E3%82%AF%E3%83%9E,RuntimeError('HTTP 503'),gif.anime2 実GIFアーカイブ
gif_anime2_0225_00011,gif_anime2,https://gif.anime2.net/wp/wp-content/uploads/2017/03/Gifsmith-092d9650-0-thumb.jpg,https://gif.anime2.net/tag/%E3%82%AF%E3%83%9E,RuntimeError('HTTP 503'),gif.anime2 実GIFアーカイブ
gif_anime2_0225_00012,gif_anime2,https://gif.anime2.net/wp/wp-content/uploads/2017/02/Gifsmith-a9df8450-12-thumb.jpg,https://gif.anime2.net/tag/%E3%82%AF%E3%83%9E,RuntimeError('HTTP 503'),gif.anime2 実GIFアーカイブ
gif_anime2_0225_00013,gif_anime2,https://gif.anime2.net/wp/wp-content/uploads/2016/12/Gifsmith-b5a12b9b-0-thumb.jpg,https://gif.anime2.net/tag/%E3%82%AF%E3%83%9E,RuntimeError('HTTP 503'),gif.anime2 実GIFアーカイブ
gif_anime2_0225_00014,gif_anime2,https://gif.anime2.net/wp/wp-content/uploads/2016/10/Gifsmith-1f8b14c1-4-thumb.jpg,https://gif.anime2.net/tag/%E3%82%AF%E3%83%9E,RuntimeError('HTTP 503'),gif.anime2 実GIFアーカイブ
gif_anime2_0225_00016,gif_anime2,https://gif.anime2.net/wp/wp-content/uploads/2016/05/d1e8806acfa2018b74f386f7-thumb.jpg,https://gif.anime2.net/tag/%E3%82%AF%E3%83%9E,RuntimeError('HTTP 503'),gif.anime2 実GIFアーカイブ
gif_anime2_0225_00015,gif_anime2,https://gif.anime2.net/wp/wp-content/uploads/2016/07/Gifsmith-76da446a-14-thumb.jpg,https://gif.anime2.net/tag/%E3%82%AF%E3%83%9E,RuntimeError('HTTP 503'),gif.anime2 実GIFアーカイブ
gif_anime2_0225_00017,gif_anime2,https://gif.anime2.net/wp/wp-content/uploads/2016/05/Gifsmith-0962e32b-9-thumb.jpg,https://gif.anime2.net/tag/%E3%82%AF%E3%83%9E,RuntimeError('HTTP 503'),gif.anime2 実GIFアーカイブ
gif_anime2_0225_00019,gif_anime2,https://gif.anime2.net/wp/wp-content/uploads/2016/04/d1e8806acfa2018b74f386f7-thumb.jpg,https://gif.anime2.net/tag/%E3%82%AF%E3%83%9E,RuntimeError('HTTP 503'),gif.anime2 実GIFアーカイブ
gif_anime2_0225_00018,gif_anime2,https://gif.anime2.net/wp/wp-content/uploads/2016/05/1869700277-thumb.jpg,https://gif.anime2.net/tag/%E3%82%AF%E3%83%9E,RuntimeError('HTTP 503'),gif.anime2 実GIFアーカイブ
gif_anime2_0225_00020,gif_anime2,https://gif.anime2.net/wp/wp-content/uploads/2016/03/0b2dfd7b-thumb.jpg,https://gif.anime2.net/tag/%E3%82%AF%E3%83%9E,RuntimeError('HTTP 503'),gif.anime2 実GIFアーカイブ
gif_anime2_0225_00021,gif_anime2,https://gif.anime2.net/wp/wp-content/uploads/2016/02/248407eb-thumb.jpg,https://gif.anime2.net/tag/%E3%82%AF%E3%83%9E,RuntimeError('HTTP 503'),gif.anime2 実GIFアーカイブ
gif_anime2_0225_00043,gif_anime2,https://gif.anime2.net/wp/wp-content/uploads/2018/08/Gifsmith-19a1bbd5-3.gif,https://gif.anime2.net/tag/%E3%82%AF%E3%83%9E,RuntimeError('HTTP 503'),gif.anime2 実GIFアーカイブ
gif_anime2_0225_00044,gif_anime2,https://gif.anime2.net/wp/wp-content/uploads/2018/06/Gifsmith-60cddc35-3.gif,https://gif.anime2.net/tag/%E3%82%AF%E3%83%9E,RuntimeError('HTTP 503'),gif.anime2 実GIFアーカイブ
gif_anime2_0225_00045,gif_anime2,https://gif.anime2.net/wp/wp-content/uploads/2018/06/Gifsmith-0934d779-17.gif,https://gif.anime2.net/tag/%E3%82%AF%E3%83%9E,RuntimeError('HTTP 503'),gif.anime2 実GIFアーカイブ
gif_anime2_0225_00046,gif_anime2,https://gif.anime2.net/wp/wp-content/uploads/2018/01/Gifsmith-5f05721c-10.gif,https://gif.anime2.net/tag/%E3%82%AF%E3%83%9E,RuntimeError('HTTP 503'),gif.anime2 実GIFアーカイブ
gif_anime2_0225_00047,gif_anime2,https://gif.anime2.net/wp/wp-content/uploads/2017/12/Gifsmith-12074535-10.gif,https://gif.anime2.net/tag/%E3%82%AF%E3%83%9E,RuntimeError('HTTP 503'),gif.anime2 実GIFアーカイブ
gif_anime2_0225_00048,gif_anime2,https://gif.anime2.net/wp/wp-content/uploads/2017/09/Gifsmith-63dcfca5-0.gif,https://gif.anime2.net/tag/%E3%82%AF%E3%83%9E,RuntimeError('HTTP 503'),gif.anime2 実GIFアーカイブ
gif_anime2_0225_00050,gif_anime2,https://gif.anime2.net/wp/wp-content/uploads/2017/03/Gifsmith-2e42f728-0.gif,https://gif.anime2.net/tag/%E3%82%AF%E3%83%9E,RuntimeError('HTTP 503'),gif.anime2 実GIFアーカイブ
gif_anime2_0225_00051,gif_anime2,https://gif.anime2.net/wp/wp-content/uploads/2017/03/Gifsmith-092d9650-0.gif,https://gif.anime2.net/tag/%E3%82%AF%E3%83%9E,RuntimeError('HTTP 503'),gif.anime2 実GIFアーカイブ
gif_anime2_0225_00049,gif_anime2,https://gif.anime2.net/wp/wp-content/uploads/2017/08/Gifsmith-5f05721c-4-1.gif,https://gif.anime2.net/tag/%E3%82%AF%E3%83%9E,RuntimeError('HTTP 503'),gif.anime2 実GIFアーカイブ
gif_anime2_0225_00053,gif_anime2,https://gif.anime2.net/wp/wp-content/uploads/2016/12/Gifsmith-b5a12b9b-0.gif,https://gif.anime2.net/tag/%E3%82%AF%E3%83%9E,RuntimeError('HTTP 503'),gif.anime2 実GIFアーカイブ
gif_anime2_0225_00052,gif_anime2,https://gif.anime2.net/wp/wp-content/uploads/2017/02/Gifsmith-a9df8450-12.gif,https://gif.anime2.net/tag/%E3%82%AF%E3%83%9E,RuntimeError('HTTP 503'),gif.anime2 実GIFアーカイブ
gif_anime2_0225_00054,gif_anime2,https://gif.anime2.net/wp/wp-content/uploads/2016/10/Gifsmith-1f8b14c1-4.gif,https://gif.anime2.net/tag/%E3%82%AF%E3%83%9E,RuntimeError('HTTP 503'),gif.anime2 実GIFアーカイブ
gif_anime2_0225_00055,gif_anime2,https://gif.anime2.net/wp/wp-content/uploads/2016/10/Gifsmith-1c837305-6.gif,https://gif.anime2.net/tag/%E3%82%AF%E3%83%9E,RuntimeError('HTTP 503'),gif.anime2 実GIFアーカイブ
gif_anime2_0225_00057,gif_anime2,https://gif.anime2.net/wp/wp-content/uploads/2016/07/Gifsmith-76da446a-14.gif,https://gif.anime2.net/tag/%E3%82%AF%E3%83%9E,RuntimeError('HTTP 503'),gif.anime2 実GIFアーカイブ
gif_anime2_0225_00056,gif_anime2,https://gif.anime2.net/wp/wp-content/uploads/2016/10/Gifsmith-4386cacc-8.gif,https://gif.anime2.net/tag/%E3%82%AF%E3%83%9E,RuntimeError('HTTP 503'),gif.anime2 実GIFアーカイブ
gif_anime2_0225_00058,gif_anime2,https://gif.anime2.net/wp/wp-content/uploads/2016/05/d1e8806acfa2018b74f386f7.gif,https://gif.anime2.net/tag/%E3%82%AF%E3%83%9E,RuntimeError('HTTP 503'),gif.anime2 実GIFアーカイブ
gif_anime2_0225_00059,gif_anime2,https://gif.anime2.net/wp/wp-content/uploads/2016/05/Gifsmith-0962e32b-9.gif,https://gif.anime2.net/tag/%E3%82%AF%E3%83%9E,RuntimeError('HTTP 503'),gif.anime2 実GIFアーカイブ
gif_anime2_0225_00060,gif_anime2,https://gif.anime2.net/wp/wp-content/uploads/2016/05/1869700277.gif,https://gif.anime2.net/tag/%E3%82%AF%E3%83%9E,RuntimeError('HTTP 503'),gif.anime2 実GIFアーカイブ
gif_anime2_0225_00062,gif_anime2,https://gif.anime2.net/wp/wp-content/uploads/2016/03/0b2dfd7b.gif,https://gif.anime2.net/tag/%E3%82%AF%E3%83%9E,RuntimeError('HTTP 503'),gif.anime2 実GIFアーカイブ
gif_anime2_0225_00061,gif_anime2,https://gif.anime2.net/wp/wp-content/uploads/2016/04/d1e8806acfa2018b74f386f7.gif,https://gif.anime2.net/tag/%E3%82%AF%E3%83%9E,RuntimeError('HTTP 503'),gif.anime2 実GIFアーカイブ
gif_anime2_0225_00063,gif_anime2,https://gif.anime2.net/wp/wp-content/uploads/2016/02/248407eb.gif,https://gif.anime2.net/tag/%E3%82%AF%E3%83%9E,RuntimeError('HTTP 503'),gif.anime2 実GIFアーカイブ
gif_anime2_0240_00003,gif_anime2,https://gif.anime2.net/wp/wp-content/uploads/2017/10/Gifsmith-5f05721c-7-1-thumb.jpg,https://gif.anime2.net/tag/%E3%82%AD%E3%82%B9,RuntimeError('HTTP 503'),gif.anime2 実GIFアーカイブ
gif_anime2_0240_00004,gif_anime2,https://gif.anime2.net/wp/wp-content/uploads/2017/05/Gifsmith-dc9fc468-2-thumb.jpg,https://gif.anime2.net/tag/%E3%82%AD%E3%82%B9,RuntimeError('HTTP 503'),gif.anime2 実GIFアーカイブ
gif_anime2_0240_00005,gif_anime2,https://gif.anime2.net/wp/wp-content/uploads/2017/03/Gifsmith-0356e331-8-thumb.jpg,https://gif.anime2.net/tag/%E3%82%AD%E3%82%B9,RuntimeError('HTTP 503'),gif.anime2 実GIFアーカイブ
gif_anime2_0240_00007,gif_anime2,https://gif.anime2.net/wp/wp-content/uploads/2017/01/Gifsmith-f7d232a5-6-thumb.jpg,https://gif.anime2.net/tag/%E3%82%AD%E3%82%B9,RuntimeError('HTTP 503'),gif.anime2 実GIFアーカイブ
gif_anime2_0240_00006,gif_anime2,https://gif.anime2.net/wp/wp-content/uploads/2017/03/Gifsmith-0302674e-0-thumb.jpg,https://gif.anime2.net/tag/%E3%82%AD%E3%82%B9,RuntimeError('HTTP 503'),gif.anime2 実GIFアーカイブ
gif_anime2_0240_00008,gif_anime2,https://gif.anime2.net/wp/wp-content/uploads/2017/01/Gifsmith-2e65afe3-74-thumb.jpg,https://gif.anime2.net/tag/%E3%82%AD%E3%82%B9,RuntimeError('HTTP 503'),gif.anime2 実GIFアーカイブ
gif_anime2_0240_00009,gif_anime2,https://gif.anime2.net/wp/wp-content/uploads/2016/12/Gifsmith-9ae79009-0-thumb.jpg,https://gif.anime2.net/tag/%E3%82%AD%E3%82%B9,RuntimeError('HTTP 503'),gif.anime2 実GIFアーカイブ
gif_anime2_0240_00010,gif_anime2,https://gif.anime2.net/wp/wp-content/uploads/2016/10/Gifsmith-7b458346-4-thumb.jpg,https://gif.anime2.net/tag/%E3%82%AD%E3%82%B9,RuntimeError('HTTP 503'),gif.anime2 実GIFアーカイブ
gif_anime2_0240_00011,gif_anime2,https://gif.anime2.net/wp/wp-content/uploads/2016/10/Gifsmith-9945ea21-0-thumb.jpg,https://gif.anime2.net/tag/%E3%82%AD%E3%82%B9,RuntimeError('HTTP 503'),gif.anime2 実GIFアーカイブ
gif_anime2_0240_00012,gif_anime2,https://gif.anime2.net/wp/wp-content/uploads/2016/10/Gifsmith-83aa228f-2-thumb.jpg,https://gif.anime2.net/tag/%E3%82%AD%E3%82%B9,RuntimeError('HTTP 503'),gif.anime2 実GIFアーカイブ
gif_anime2_0240_00013,gif_anime2,https://gif.anime2.net/wp/wp-content/uploads/2016/10/Gifsmith-65e04dd3-0-thumb.jpg,https://gif.anime2.net/tag/%E3%82%AD%E3%82%B9,RuntimeError('HTTP 503'),gif.anime2 実GIFアーカイブ
gif_anime2_0240_00015,gif_anime2,https://gif.anime2.net/wp/wp-content/uploads/2016/10/Gifsmith-ac37f5c9-0-thumb.jpg,https://gif.anime2.net/tag/%E3%82%AD%E3%82%B9,RuntimeError('HTTP 503'),gif.anime2 実GIFアーカイブ
gif_anime2_0240_00016,gif_anime2,https://gif.anime2.net/wp/wp-content/uploads/2016/09/Gifsmith-2ab33a35-11-thumb.jpg,https://gif.anime2.net/tag/%E3%82%AD%E3%82%B9,RuntimeError('HTTP 503'),gif.anime2 実GIFアーカイブ
gif_anime2_0240_00017,gif_anime2,https://gif.anime2.net/wp/wp-content/uploads/2016/09/Gifsmith-a10253ec-10-thumb.jpg,https://gif.anime2.net/tag/%E3%82%AD%E3%82%B9,RuntimeError('HTTP 503'),gif.anime2 実GIFアーカイブ
gif_anime2_0240_00019,gif_anime2,https://gif.anime2.net/wp/wp-content/uploads/2016/08/23821cc6-thumb.jpg,https://gif.anime2.net/tag/%E3%82%AD%E3%82%B9,RuntimeError('HTTP 503'),gif.anime2 実GIFアーカイブ
gif_anime2_0240_00018,gif_anime2,https://gif.anime2.net/wp/wp-content/uploads/2016/08/Gifsmith-4321ecbe-8-thumb.jpg,https://gif.anime2.net/tag/%E3%82%AD%E3%82%B9,RuntimeError('HTTP 503'),gif.anime2 実GIFアーカイブ
gif_anime2_0240_00020,gif_anime2,https://gif.anime2.net/wp/wp-content/uploads/2016/07/df0e60c4-thumb.jpg,https://gif.anime2.net/tag/%E3%82%AD%E3%82%B9,RuntimeError('HTTP 503'),gif.anime2 実GIFアーカイブ
gif_anime2_0240_00021,gif_anime2,https://gif.anime2.net/wp/wp-content/uploads/2016/06/Gifsmith-1100cd82-10-thumb.jpg,https://gif.anime2.net/tag/%E3%82%AD%E3%82%B9,RuntimeError('HTTP 503'),gif.anime2 実GIFアーカイブ
gif_anime2_0240_00043,gif_anime2,https://gif.anime2.net/wp/wp-content/uploads/2017/10/Gifsmith-5f05721c-7-1.gif,https://gif.anime2.net/tag/%E3%82%AD%E3%82%B9,RuntimeError('HTTP 503'),gif.anime2 実GIFアーカイブ
gif_anime2_0240_00044,gif_anime2,https://gif.anime2.net/wp/wp-content/uploads/2017/05/Gifsmith-dc9fc468-2.gif,https://gif.anime2.net/tag/%E3%82%AD%E3%82%B9,RuntimeError('HTTP 503'),gif.anime2 実GIFアーカイブ
gif_anime2_0240_00045,gif_anime2,https://gif.anime2.net/wp/wp-content/uploads/2017/03/Gifsmith-0356e331-8.gif,https://gif.anime2.net/tag/%E3%82%AD%E3%82%B9,RuntimeError('HTTP 503'),gif.anime2 実GIFアーカイブ
gif_anime2_0240_00046,gif_anime2,https://gif.anime2.net/wp/wp-content/uploads/2017/03/Gifsmith-0302674e-0.gif,https://gif.anime2.net/tag/%E3%82%AD%E3%82%B9,RuntimeError('HTTP 503'),gif.anime2 実GIFアーカイブ
gif_anime2_0240_00047,gif_anime2,https://gif.anime2.net/wp/wp-content/uploads/2017/01/Gifsmith-f7d232a5-6.gif,https://gif.anime2.net/tag/%E3%82%AD%E3%82%B9,RuntimeError('HTTP 503'),gif.anime2 実GIFアーカイブ
gif_anime2_0240_00048,gif_anime2,https://gif.anime2.net/wp/wp-content/uploads/2017/01/Gifsmith-2e65afe3-74.gif,https://gif.anime2.net/tag/%E3%82%AD%E3%82%B9,RuntimeError('HTTP 503'),gif.anime2 実GIFアーカイブ
gif_anime2_0240_00050,gif_anime2,https://gif.anime2.net/wp/wp-content/uploads/2016/10/Gifsmith-7b458346-4.gif,https://gif.anime2.net/tag/%E3%82%AD%E3%82%B9,RuntimeError('HTTP 503'),gif.anime2 実GIFアーカイブ
gif_anime2_0240_00051,gif_anime2,https://gif.anime2.net/wp/wp-content/uploads/2016/10/Gifsmith-9945ea21-0.gif,https://gif.anime2.net/tag/%E3%82%AD%E3%82%B9,RuntimeError('HTTP 503'),gif.anime2 実GIFアーカイブ
gif_anime2_0240_00052,gif_anime2,https://gif.anime2.net/wp/wp-content/uploads/2016/10/Gifsmith-83aa228f-2.gif,https://gif.anime2.net/tag/%E3%82%AD%E3%82%B9,RuntimeError('HTTP 503'),gif.anime2 実GIFアーカイブ
gif_anime2_0240_00053,gif_anime2,https://gif.anime2.net/wp/wp-content/uploads/2016/10/Gifsmith-2aebb992-4.gif,https://gif.anime2.net/tag/%E3%82%AD%E3%82%B9,RuntimeError('HTTP 503'),gif.anime2 実GIFアーカイブ
gif_anime2_0240_00054,gif_anime2,https://gif.anime2.net/wp/wp-content/uploads/2016/10/Gifsmith-65e04dd3-0.gif,https://gif.anime2.net/tag/%E3%82%AD%E3%82%B9,RuntimeError('HTTP 503'),gif.anime2 実GIFアーカイブ
gif_anime2_0240_00056,gif_anime2,https://gif.anime2.net/wp/wp-content/uploads/2016/10/Gifsmith-ac37f5c9-0.gif,https://gif.anime2.net/tag/%E3%82%AD%E3%82%B9,RuntimeError('HTTP 503'),gif.anime2 実GIFアーカイブ
gif_anime2_0240_00057,gif_anime2,https://gif.anime2.net/wp/wp-content/uploads/2016/09/Gifsmith-2ab33a35-11.gif,https://gif.anime2.net/tag/%E3%82%AD%E3%82%B9,RuntimeError('HTTP 503'),gif.anime2 実GIFアーカイブ
gif_anime2_0240_00060,gif_anime2,https://gif.anime2.net/wp/wp-content/uploads/2016/08/23821cc6.gif,https://gif.anime2.net/tag/%E3%82%AD%E3%82%B9,RuntimeError('HTTP 503'),gif.anime2 実GIFアーカイブ
gif_anime2_0240_00058,gif_anime2,https://gif.anime2.net/wp/wp-content/uploads/2016/09/Gifsmith-a10253ec-10.gif,https://gif.anime2.net/tag/%E3%82%AD%E3%82%B9,RuntimeError('HTTP 503'),gif.anime2 実GIFアーカイブ
gif_anime2_0240_00059,gif_anime2,https://gif.anime2.net/wp/wp-content/uploads/2016/08/Gifsmith-4321ecbe-8.gif,https://gif.anime2.net/tag/%E3%82%AD%E3%82%B9,RuntimeError('HTTP 503'),gif.anime2 実GIFアーカイブ
gif_anime2_0240_00061,gif_anime2,https://gif.anime2.net/wp/wp-content/uploads/2016/07/df0e60c4.gif,https://gif.anime2.net/tag/%E3%82%AD%E3%82%B9,RuntimeError('HTTP 503'),gif.anime2 実GIFアーカイブ
gif_anime2_0250_00005,gif_anime2,https://gif.anime2.net/wp/wp-content/uploads/2017/04/Gifsmith-c5a1f188-0-thumb.jpg,https://gif.anime2.net/tag/%E3%82%BF%E3%82%A4%E3%83%A0%E3%83%A9%E3%83%97%E3%82%B9,RuntimeError('HTTP 503'),gif.anime2 実GIFアーカイブ
gif_anime2_0250_00004,gif_anime2,https://gif.anime2.net/wp/wp-content/uploads/2017/08/Gifsmith-35fb6b98-0-thumb.jpg,https://gif.anime2.net/tag/%E3%82%BF%E3%82%A4%E3%83%A0%E3%83%A9%E3%83%97%E3%82%B9,RuntimeError('HTTP 503'),gif.anime2 実GIFアーカイブ
gif_anime2_0240_00062,gif_anime2,https://gif.anime2.net/wp/wp-content/uploads/2016/06/Gifsmith-1100cd82-10.gif,https://gif.anime2.net/tag/%E3%82%AD%E3%82%B9,RuntimeError('HTTP 503'),gif.anime2 実GIFアーカイブ
gif_anime2_0250_00006,gif_anime2,https://gif.anime2.net/wp/wp-content/uploads/2016/08/Gifsmith-81c48bc3-0-thumb.jpg,https://gif.anime2.net/tag/%E3%82%BF%E3%82%A4%E3%83%A0%E3%83%A9%E3%83%97%E3%82%B9,RuntimeError('HTTP 503'),gif.anime2 実GIFアーカイブ
gif_anime2_0250_00007,gif_anime2,https://gif.anime2.net/wp/wp-content/uploads/2016/03/2277695857-thumb.jpg,https://gif.anime2.net/tag/%E3%82%BF%E3%82%A4%E3%83%A0%E3%83%A9%E3%83%97%E3%82%B9,RuntimeError('HTTP 503'),gif.anime2 実GIFアーカイブ
gif_anime2_0250_00030,gif_anime2,https://gif.anime2.net/wp/wp-content/uploads/2017/08/Gifsmith-35fb6b98-0.gif,https://gif.anime2.net/tag/%E3%82%BF%E3%82%A4%E3%83%A0%E3%83%A9%E3%83%97%E3%82%B9,RuntimeError('HTTP 503'),gif.anime2 実GIFアーカイブ
gif_anime2_0250_00031,gif_anime2,https://gif.anime2.net/wp/wp-content/uploads/2017/04/Gifsmith-c5a1f188-0.gif,https://gif.anime2.net/tag/%E3%82%BF%E3%82%A4%E3%83%A0%E3%83%A9%E3%83%97%E3%82%B9,RuntimeError('HTTP 503'),gif.anime2 実GIFアーカイブ
gif_anime2_0250_00032,gif_anime2,https://gif.anime2.net/wp/wp-content/uploads/2016/08/Gifsmith-81c48bc3-0.gif,https://gif.anime2.net/tag/%E3%82%BF%E3%82%A4%E3%83%A0%E3%83%A9%E3%83%97%E3%82%B9,RuntimeError('HTTP 503'),gif.anime2 実GIFアーカイブ
gif_anime2_0250_00033,gif_anime2,https://gif.anime2.net/wp/wp-content/uploads/2016/03/2277695857.gif,https://gif.anime2.net/tag/%E3%82%BF%E3%82%A4%E3%83%A0%E3%83%A9%E3%83%97%E3%82%B9,RuntimeError('HTTP 503'),gif.anime2 実GIFアーカイブ
gif_anime2_0255_00003,gif_anime2,https://gif.anime2.net/wp/wp-content/uploads/2017/08/Gifsmith-51f0cea1-13-thumb.jpg,https://gif.anime2.net/tag/%E9%9A%A0%E3%81%97%E7%8E%89,RuntimeError('HTTP 503'),gif.anime2 実GIFアーカイブ
gif_anime2_0255_00004,gif_anime2,https://gif.anime2.net/wp/wp-content/uploads/2017/08/Gifsmith-bc45c4d6-0-thumb.jpg,https://gif.anime2.net/tag/%E9%9A%A0%E3%81%97%E7%8E%89,RuntimeError('HTTP 503'),gif.anime2 実GIFアーカイブ
gif_anime2_0255_00005,gif_anime2,https://gif.anime2.net/wp/wp-content/uploads/2017/06/Gifsmith-24ca9206-0-thumb.jpg,https://gif.anime2.net/tag/%E9%9A%A0%E3%81%97%E7%8E%89,RuntimeError('HTTP 503'),gif.anime2 実GIFアーカイブ
gif_anime2_0255_00028,gif_anime2,https://gif.anime2.net/wp/wp-content/uploads/2017/08/Gifsmith-51f0cea1-13.gif,https://gif.anime2.net/tag/%E9%9A%A0%E3%81%97%E7%8E%89,RuntimeError('HTTP 503'),gif.anime2 実GIFアーカイブ
gif_anime2_0255_00029,gif_anime2,https://gif.anime2.net/wp/wp-content/uploads/2017/08/Gifsmith-bc45c4d6-0.gif,https://gif.anime2.net/tag/%E9%9A%A0%E3%81%97%E7%8E%89,RuntimeError('HTTP 503'),gif.anime2 実GIFアーカイブ
gif_anime2_0255_00006,gif_anime2,https://gif.anime2.net/wp/wp-content/uploads/2016/04/e5404731970ec0ae018fa932-thumb.jpg,https://gif.anime2.net/tag/%E9%9A%A0%E3%81%97%E7%8E%89,RuntimeError('HTTP 503'),gif.anime2 実GIFアーカイブ
gif_anime2_0255_00030,gif_anime2,https://gif.anime2.net/wp/wp-content/uploads/2017/06/Gifsmith-24ca9206-0.gif,https://gif.anime2.net/tag/%E9%9A%A0%E3%81%97%E7%8E%89,RuntimeError('HTTP 503'),gif.anime2 実GIFアーカイブ
gif_anime2_0257_00005,gif_anime2,https://gif.anime2.net/wp/wp-content/uploads/2017/06/Gifsmith-5f05721c-3-8-thumb.jpg,https://gif.anime2.net/tag/%E3%83%9A%E3%83%83%E3%83%88%E3%83%9C%E3%83%88%E3%83%AB,RuntimeError('HTTP 503'),gif.anime2 実GIFアーカイブ
gif_anime2_0255_00031,gif_anime2,https://gif.anime2.net/wp/wp-content/uploads/2016/04/e5404731970ec0ae018fa932.gif,https://gif.anime2.net/tag/%E9%9A%A0%E3%81%97%E7%8E%89,RuntimeError('HTTP 503'),gif.anime2 実GIFアーカイブ
gif_anime2_0257_00006,gif_anime2,https://gif.anime2.net/wp/wp-content/uploads/2017/01/Gifsmith-37c192f4-0-thumb.jpg,https://gif.anime2.net/tag/%E3%83%9A%E3%83%83%E3%83%88%E3%83%9C%E3%83%88%E3%83%AB,RuntimeError('HTTP 503'),gif.anime2 実GIFアーカイブ
gif_anime2_0257_00004,gif_anime2,https://gif.anime2.net/wp/wp-content/uploads/2017/06/Gifsmith-1f9ee7cf-0-thumb.jpg,https://gif.anime2.net/tag/%E3%83%9A%E3%83%83%E3%83%88%E3%83%9C%E3%83%88%E3%83%AB,RuntimeError('HTTP 503'),gif.anime2 実GIFアーカイブ
gif_anime2_0257_00007,gif_anime2,https://gif.anime2.net/wp/wp-content/uploads/2016/12/Gifsmith-4aaf4e63-23-thumb.jpg,https://gif.anime2.net/tag/%E3%83%9A%E3%83%83%E3%83%88%E3%83%9C%E3%83%88%E3%83%AB,RuntimeError('HTTP 503'),gif.anime2 実GIFアーカイブ
gif_anime2_0257_00008,gif_anime2,https://gif.anime2.net/wp/wp-content/uploads/2016/11/Gifsmith-f7a3a670-10-thumb.jpg,https://gif.anime2.net/tag/%E3%83%9A%E3%83%83%E3%83%88%E3%83%9C%E3%83%88%E3%83%AB,RuntimeError('HTTP 503'),gif.anime2 実GIFアーカイブ
gif_anime2_0257_00009,gif_anime2,https://gif.anime2.net/wp/wp-content/uploads/2016/11/Gifsmith-e98fb018-10-thumb.jpg,https://gif.anime2.net/tag/%E3%83%9A%E3%83%83%E3%83%88%E3%83%9C%E3%83%88%E3%83%AB,RuntimeError('HTTP 503'),gif.anime2 実GIFアーカイブ
gif_anime2_0257_00010,gif_anime2,https://gif.anime2.net/wp/wp-content/uploads/2016/11/Gifsmith-079756d0-7-thumb.jpg,https://gif.anime2.net/tag/%E3%83%9A%E3%83%83%E3%83%88%E3%83%9C%E3%83%88%E3%83%AB,RuntimeError('HTTP 503'),gif.anime2 実GIFアーカイブ
gif_anime2_0257_00011,gif_anime2,https://gif.anime2.net/wp/wp-content/uploads/2016/10/Gifsmith-1413c700-0-thumb.jpg,https://gif.anime2.net/tag/%E3%83%9A%E3%83%83%E3%83%88%E3%83%9C%E3%83%88%E3%83%AB,RuntimeError('HTTP 503'),gif.anime2 実GIFアーカイブ
gif_anime2_0257_00012,gif_anime2,https://gif.anime2.net/wp/wp-content/uploads/2016/10/Gifsmith-5860a459-25-thumb.jpg,https://gif.anime2.net/tag/%E3%83%9A%E3%83%83%E3%83%88%E3%83%9C%E3%83%88%E3%83%AB,RuntimeError('HTTP 503'),gif.anime2 実GIFアーカイブ
gif_anime2_0257_00013,gif_anime2,https://gif.anime2.net/wp/wp-content/uploads/2016/08/Gifsmith-eb0e667c-0-thumb.jpg,https://gif.anime2.net/tag/%E3%83%9A%E3%83%83%E3%83%88%E3%83%9C%E3%83%88%E3%83%AB,RuntimeError('HTTP 503'),gif.anime2 実GIFアーカイブ
gif_anime2_0257_00014,gif_anime2,https://gif.anime2.net/wp/wp-content/uploads/2016/08/Gifsmith-40be424c-4-thumb.jpg,https://gif.anime2.net/tag/%E3%83%9A%E3%83%83%E3%83%88%E3%83%9C%E3%83%88%E3%83%AB,RuntimeError('HTTP 503'),gif.anime2 実GIFアーカイブ
gif_anime2_0257_00015,gif_anime2,https://gif.anime2.net/wp/wp-content/uploads/2016/06/Gifsmith-e988186c-2-thumb.jpg,https://gif.anime2.net/tag/%E3%83%9A%E3%83%83%E3%83%88%E3%83%9C%E3%83%88%E3%83%AB,RuntimeError('HTTP 503'),gif.anime2 実GIFアーカイブ
gif_anime2_0257_00017,gif_anime2,https://gif.anime2.net/wp/wp-content/uploads/2016/06/Gifsmith-30a2779a-0-thumb.jpg,https://gif.anime2.net/tag/%E3%83%9A%E3%83%83%E3%83%88%E3%83%9C%E3%83%88%E3%83%AB,RuntimeError('HTTP 503'),gif.anime2 実GIFアーカイブ
gif_anime2_0257_00016,gif_anime2,https://gif.anime2.net/wp/wp-content/uploads/2016/06/Gifsmith-5be99186-14-thumb.jpg,https://gif.anime2.net/tag/%E3%83%9A%E3%83%83%E3%83%88%E3%83%9C%E3%83%88%E3%83%AB,RuntimeError('HTTP 503'),gif.anime2 実GIFアーカイブ
gif_anime2_0257_00018,gif_anime2,https://gif.anime2.net/wp/wp-content/uploads/2016/05/1553526282-thumb.jpg,https://gif.anime2.net/tag/%E3%83%9A%E3%83%83%E3%83%88%E3%83%9C%E3%83%88%E3%83%AB,RuntimeError('HTTP 503'),gif.anime2 実GIFアーカイブ
gif_anime2_0257_00041,gif_anime2,https://gif.anime2.net/wp/wp-content/uploads/2017/06/Gifsmith-1f9ee7cf-0.gif,https://gif.anime2.net/tag/%E3%83%9A%E3%83%83%E3%83%88%E3%83%9C%E3%83%88%E3%83%AB,RuntimeError('HTTP 503'),gif.anime2 実GIFアーカイブ
gif_anime2_0257_00043,gif_anime2,https://gif.anime2.net/wp/wp-content/uploads/2017/01/Gifsmith-37c192f4-0.gif,https://gif.anime2.net/tag/%E3%83%9A%E3%83%83%E3%83%88%E3%83%9C%E3%83%88%E3%83%AB,RuntimeError('HTTP 503'),gif.anime2 実GIFアーカイブ
gif_anime2_0257_00044,gif_anime2,https://gif.anime2.net/wp/wp-content/uploads/2016/12/Gifsmith-4aaf4e63-23.gif,https://gif.anime2.net/tag/%E3%83%9A%E3%83%83%E3%83%88%E3%83%9C%E3%83%88%E3%83%AB,RuntimeError('HTTP 503'),gif.anime2 実GIFアーカイブ
gif_anime2_0257_00042,gif_anime2,https://gif.anime2.net/wp/wp-content/uploads/2017/06/Gifsmith-5f05721c-3-8.gif,https://gif.anime2.net/tag/%E3%83%9A%E3%83%83%E3%83%88%E3%83%9C%E3%83%88%E3%83%AB,RuntimeError('HTTP 503'),gif.anime2 実GIFアーカイブ
gif_anime2_0257_00045,gif_anime2,https://gif.anime2.net/wp/wp-content/uploads/2016/11/Gifsmith-f7a3a670-10.gif,https://gif.anime2.net/tag/%E3%83%9A%E3%83%83%E3%83%88%E3%83%9C%E3%83%88%E3%83%AB,RuntimeError('HTTP 503'),gif.anime2 実GIFアーカイブ
gif_anime2_0257_00047,gif_anime2,https://gif.anime2.net/wp/wp-content/uploads/2016/11/Gifsmith-079756d0-7.gif,https://gif.anime2.net/tag/%E3%83%9A%E3%83%83%E3%83%88%E3%83%9C%E3%83%88%E3%83%AB,RuntimeError('HTTP 503'),gif.anime2 実GIFアーカイブ
gif_anime2_0257_00048,gif_anime2,https://gif.anime2.net/wp/wp-content/uploads/2016/11/Gifsmith-44b38b21-5.gif,https://gif.anime2.net/tag/%E3%83%9A%E3%83%83%E3%83%88%E3%83%9C%E3%83%88%E3%83%AB,RuntimeError('HTTP 503'),gif.anime2 実GIFアーカイブ
gif_anime2_0257_00046,gif_anime2,https://gif.anime2.net/wp/wp-content/uploads/2016/11/Gifsmith-e98fb018-10.gif,https://gif.anime2.net/tag/%E3%83%9A%E3%83%83%E3%83%88%E3%83%9C%E3%83%88%E3%83%AB,RuntimeError('HTTP 503'),gif.anime2 実GIFアーカイブ
gif_anime2_0257_00049,gif_anime2,https://gif.anime2.net/wp/wp-content/uploads/2016/10/Gifsmith-1413c700-0.gif,https://gif.anime2.net/tag/%E3%83%9A%E3%83%83%E3%83%88%E3%83%9C%E3%83%88%E3%83%AB,RuntimeError('HTTP 503'),gif.anime2 実GIFアーカイブ
gif_anime2_0257_00050,gif_anime2,https://gif.anime2.net/wp/wp-content/uploads/2016/10/Gifsmith-5860a459-25.gif,https://gif.anime2.net/tag/%E3%83%9A%E3%83%83%E3%83%88%E3%83%9C%E3%83%88%E3%83%AB,RuntimeError('HTTP 503'),gif.anime2 実GIFアーカイブ
gif_anime2_0257_00051,gif_anime2,https://gif.anime2.net/wp/wp-content/uploads/2016/08/Gifsmith-eb0e667c-0.gif,https://gif.anime2.net/tag/%E3%83%9A%E3%83%83%E3%83%88%E3%83%9C%E3%83%88%E3%83%AB,RuntimeError('HTTP 503'),gif.anime2 実GIFアーカイブ
gif_anime2_0257_00052,gif_anime2,https://gif.anime2.net/wp/wp-content/uploads/2016/08/Gifsmith-40be424c-4.gif,https://gif.anime2.net/tag/%E3%83%9A%E3%83%83%E3%83%88%E3%83%9C%E3%83%88%E3%83%AB,RuntimeError('HTTP 503'),gif.anime2 実GIFアーカイブ
gif_anime2_0257_00053,gif_anime2,https://gif.anime2.net/wp/wp-content/uploads/2016/06/Gifsmith-e988186c-2.gif,https://gif.anime2.net/tag/%E3%83%9A%E3%83%83%E3%83%88%E3%83%9C%E3%83%88%E3%83%AB,RuntimeError('HTTP 503'),gif.anime2 実GIFアーカイブ
gif_anime2_0257_00054,gif_anime2,https://gif.anime2.net/wp/wp-content/uploads/2016/06/Gifsmith-5be99186-14.gif,https://gif.anime2.net/tag/%E3%83%9A%E3%83%83%E3%83%88%E3%83%9C%E3%83%88%E3%83%AB,RuntimeError('HTTP 503'),gif.anime2 実GIFアーカイブ
gif_anime2_0257_00055,gif_anime2,https://gif.anime2.net/wp/wp-content/uploads/2016/06/Gifsmith-30a2779a-0.gif,https://gif.anime2.net/tag/%E3%83%9A%E3%83%83%E3%83%88%E3%83%9C%E3%83%88%E3%83%AB,RuntimeError('HTTP 503'),gif.anime2 実GIFアーカイブ
gif_anime2_0257_00056,gif_anime2,https://gif.anime2.net/wp/wp-content/uploads/2016/05/1553526282.gif,https://gif.anime2.net/tag/%E3%83%9A%E3%83%83%E3%83%88%E3%83%9C%E3%83%88%E3%83%AB,RuntimeError('HTTP 503'),gif.anime2 実GIFアーカイブ
gif_anime2_0259_00004,gif_anime2,https://gif.anime2.net/wp/wp-content/uploads/2015/12/cac6780f-thumb.jpg,https://gif.anime2.net/tag/%E3%82%AB%E3%83%BC%E3%83%96,RuntimeError('HTTP 503'),gif.anime2 実GIFアーカイブ
gif_anime2_0259_00003,gif_anime2,https://gif.anime2.net/wp/wp-content/uploads/2017/04/Gifsmith-69b6ba80-0-thumb.jpg,https://gif.anime2.net/tag/%E3%82%AB%E3%83%BC%E3%83%96,RuntimeError('HTTP 503'),gif.anime2 実GIFアーカイブ
gif_anime2_0259_00026,gif_anime2,https://gif.anime2.net/wp/wp-content/uploads/2017/04/Gifsmith-69b6ba80-0.gif,https://gif.anime2.net/tag/%E3%82%AB%E3%83%BC%E3%83%96,RuntimeError('HTTP 503'),gif.anime2 実GIFアーカイブ
gif_anime2_0259_00027,gif_anime2,https://gif.anime2.net/wp/wp-content/uploads/2015/12/cac6780f.gif,https://gif.anime2.net/tag/%E3%82%AB%E3%83%BC%E3%83%96,RuntimeError('HTTP 503'),gif.anime2 実GIFアーカイブ
gif_anime2_0261_00005,gif_anime2,https://gif.anime2.net/wp/wp-content/uploads/2017/04/Gifsmith-286f2f35-0-thumb.jpg,https://gif.anime2.net/tag/%E5%A4%89%E5%8C%96%E7%90%83,RuntimeError('HTTP 503'),gif.anime2 実GIFアーカイブ
gif_anime2_0261_00006,gif_anime2,https://gif.anime2.net/wp/wp-content/uploads/2017/04/Gifsmith-94b3c9c9-0-thumb.jpg,https://gif.anime2.net/tag/%E5%A4%89%E5%8C%96%E7%90%83,RuntimeError('HTTP 503'),gif.anime2 実GIFアーカイブ
gif_anime2_0261_00008,gif_anime2,https://gif.anime2.net/wp/wp-content/uploads/2017/03/Gifsmith-743ce34d-0-thumb.jpg,https://gif.anime2.net/tag/%E5%A4%89%E5%8C%96%E7%90%83,RuntimeError('HTTP 503'),gif.anime2 実GIFアーカイブ
gif_anime2_0261_00009,gif_anime2,https://gif.anime2.net/wp/wp-content/uploads/2016/03/892937134-thumb.jpg,https://gif.anime2.net/tag/%E5%A4%89%E5%8C%96%E7%90%83,RuntimeError('HTTP 503'),gif.anime2 実GIFアーカイブ
gif_anime2_0261_00010,gif_anime2,https://gif.anime2.net/wp/wp-content/uploads/2016/03/darvish-gif-thumb.jpg,https://gif.anime2.net/tag/%E5%A4%89%E5%8C%96%E7%90%83,RuntimeError('HTTP 503'),gif.anime2 実GIFアーカイブ
gif_anime2_0261_00011,gif_anime2,https://gif.anime2.net/wp/wp-content/uploads/2015/12/3819337889-thumb.jpg,https://gif.anime2.net/tag/%E5%A4%89%E5%8C%96%E7%90%83,RuntimeError('HTTP 503'),gif.anime2 実GIFアーカイブ
gif_anime2_0261_00012,gif_anime2,https://gif.anime2.net/wp/wp-content/uploads/2015/12/3746482554-thumb.jpg,https://gif.anime2.net/tag/%E5%A4%89%E5%8C%96%E7%90%83,RuntimeError('HTTP 503'),gif.anime2 実GIFアーカイブ
gif_anime2_0261_00013,gif_anime2,https://gif.anime2.net/wp/wp-content/uploads/2015/12/1659269122-thumb.jpg,https://gif.anime2.net/tag/%E5%A4%89%E5%8C%96%E7%90%83,RuntimeError('HTTP 503'),gif.anime2 実GIFアーカイブ
gif_anime2_0261_00014,gif_anime2,https://gif.anime2.net/wp/wp-content/uploads/2015/12/1299976464-thumb.jpg,https://gif.anime2.net/tag/%E5%A4%89%E5%8C%96%E7%90%83,RuntimeError('HTTP 503'),gif.anime2 実GIFアーカイブ
gif_anime2_0261_00015,gif_anime2,https://gif.anime2.net/wp/wp-content/uploads/2015/12/2409553270-thumb.jpg,https://gif.anime2.net/tag/%E5%A4%89%E5%8C%96%E7%90%83,RuntimeError('HTTP 503'),gif.anime2 実GIFアーカイブ
gif_anime2_0261_00016,gif_anime2,https://gif.anime2.net/wp/wp-content/uploads/2015/12/1049249760-thumb.jpg,https://gif.anime2.net/tag/%E5%A4%89%E5%8C%96%E7%90%83,RuntimeError('HTTP 503'),gif.anime2 実GIFアーカイブ
gif_anime2_0261_00017,gif_anime2,https://gif.anime2.net/wp/wp-content/uploads/2015/12/8dcd6cb0-thumb.jpg,https://gif.anime2.net/tag/%E5%A4%89%E5%8C%96%E7%90%83,RuntimeError('HTTP 503'),gif.anime2 実GIFアーカイブ
gif_anime2_0261_00019,gif_anime2,https://gif.anime2.net/wp/wp-content/uploads/2015/12/V94-thumb.jpg,https://gif.anime2.net/tag/%E5%A4%89%E5%8C%96%E7%90%83,RuntimeError('HTTP 503'),gif.anime2 実GIFアーカイブ
gif_anime2_0261_00021,gif_anime2,https://gif.anime2.net/wp/wp-content/uploads/2015/12/3922275125-thumb.jpg,https://gif.anime2.net/tag/%E5%A4%89%E5%8C%96%E7%90%83,RuntimeError('HTTP 503'),gif.anime2 実GIFアーカイブ
gif_anime2_0261_00045,gif_anime2,https://gif.anime2.net/wp/wp-content/uploads/2017/04/Gifsmith-286f2f35-0.gif,https://gif.anime2.net/tag/%E5%A4%89%E5%8C%96%E7%90%83,RuntimeError('HTTP 503'),gif.anime2 実GIFアーカイブ
gif_anime2_0261_00046,gif_anime2,https://gif.anime2.net/wp/wp-content/uploads/2017/04/Gifsmith-94b3c9c9-0.gif,https://gif.anime2.net/tag/%E5%A4%89%E5%8C%96%E7%90%83,RuntimeError('HTTP 503'),gif.anime2 実GIFアーカイブ
gif_anime2_0261_00020,gif_anime2,https://gif.anime2.net/wp/wp-content/uploads/2015/12/c5c79da5-thumb.jpg,https://gif.anime2.net/tag/%E5%A4%89%E5%8C%96%E7%90%83,RuntimeError('HTTP 503'),gif.anime2 実GIFアーカイブ
gif_anime2_0261_00051,gif_anime2,https://gif.anime2.net/wp/wp-content/uploads/2015/12/3819337889.gif,https://gif.anime2.net/tag/%E5%A4%89%E5%8C%96%E7%90%83,RuntimeError('HTTP 503'),gif.anime2 実GIFアーカイブ
gif_anime2_0261_00050,gif_anime2,https://gif.anime2.net/wp/wp-content/uploads/2016/03/darvish-gif.gif,https://gif.anime2.net/tag/%E5%A4%89%E5%8C%96%E7%90%83,RuntimeError('HTTP 503'),gif.anime2 実GIFアーカイブ
gif_anime2_0261_00052,gif_anime2,https://gif.anime2.net/wp/wp-content/uploads/2015/12/3746482554.gif,https://gif.anime2.net/tag/%E5%A4%89%E5%8C%96%E7%90%83,RuntimeError('HTTP 503'),gif.anime2 実GIFアーカイブ
gif_anime2_0261_00048,gif_anime2,https://gif.anime2.net/wp/wp-content/uploads/2017/03/Gifsmith-743ce34d-0.gif,https://gif.anime2.net/tag/%E5%A4%89%E5%8C%96%E7%90%83,RuntimeError('HTTP 503'),gif.anime2 実GIFアーカイブ
gif_anime2_0261_00049,gif_anime2,https://gif.anime2.net/wp/wp-content/uploads/2016/03/892937134.gif,https://gif.anime2.net/tag/%E5%A4%89%E5%8C%96%E7%90%83,RuntimeError('HTTP 503'),gif.anime2 実GIFアーカイブ
gif_anime2_0261_00053,gif_anime2,https://gif.anime2.net/wp/wp-content/uploads/2015/12/1659269122.gif,https://gif.anime2.net/tag/%E5%A4%89%E5%8C%96%E7%90%83,RuntimeError('HTTP 503'),gif.anime2 実GIFアーカイブ
gif_anime2_0261_00059,gif_anime2,https://gif.anime2.net/wp/wp-content/uploads/2015/12/V94.gif,https://gif.anime2.net/tag/%E5%A4%89%E5%8C%96%E7%90%83,RuntimeError('HTTP 503'),gif.anime2 実GIFアーカイブ
gif_anime2_0261_00056,gif_anime2,https://gif.anime2.net/wp/wp-content/uploads/2015/12/1049249760.gif,https://gif.anime2.net/tag/%E5%A4%89%E5%8C%96%E7%90%83,RuntimeError('HTTP 503'),gif.anime2 実GIFアーカイブ
gif_anime2_0261_00057,gif_anime2,https://gif.anime2.net/wp/wp-content/uploads/2015/12/8dcd6cb0.gif,https://gif.anime2.net/tag/%E5%A4%89%E5%8C%96%E7%90%83,RuntimeError('HTTP 503'),gif.anime2 実GIFアーカイブ
gif_anime2_0261_00054,gif_anime2,https://gif.anime2.net/wp/wp-content/uploads/2015/12/1299976464.gif,https://gif.anime2.net/tag/%E5%A4%89%E5%8C%96%E7%90%83,RuntimeError('HTTP 503'),gif.anime2 実GIFアーカイブ
gif_anime2_0261_00055,gif_anime2,https://gif.anime2.net/wp/wp-content/uploads/2015/12/2409553270.gif,https://gif.anime2.net/tag/%E5%A4%89%E5%8C%96%E7%90%83,RuntimeError('HTTP 503'),gif.anime2 実GIFアーカイブ
gif_anime2_0263_00008,gif_anime2,https://gif.anime2.net/wp/wp-content/uploads/2015/12/2612463810-thumb.jpg,https://gif.anime2.net/tag/%E3%82%B9%E3%83%A9%E3%82%A4%E3%83%80%E3%83%BC,RuntimeError('HTTP 503'),gif.anime2 実GIFアーカイブ
gif_anime2_0261_00060,gif_anime2,https://gif.anime2.net/wp/wp-content/uploads/2015/12/c5c79da5.gif,https://gif.anime2.net/tag/%E5%A4%89%E5%8C%96%E7%90%83,RuntimeError('HTTP 503'),gif.anime2 実GIFアーカイブ
gif_anime2_0261_00061,gif_anime2,https://gif.anime2.net/wp/wp-content/uploads/2015/12/3922275125.gif,https://gif.anime2.net/tag/%E5%A4%89%E5%8C%96%E7%90%83,RuntimeError('HTTP 503'),gif.anime2 実GIFアーカイブ
gif_anime2_0263_00003,gif_anime2,https://gif.anime2.net/wp/wp-content/uploads/2016/08/Gifsmith-ed9054e4-0-thumb.jpg,https://gif.anime2.net/tag/%E3%82%B9%E3%83%A9%E3%82%A4%E3%83%80%E3%83%BC,RuntimeError('HTTP 503'),gif.anime2 実GIFアーカイブ
gif_anime2_0263_00009,gif_anime2,https://gif.anime2.net/wp/wp-content/uploads/2015/12/64f7a57e6d9b0c34537639f3f0492a708e596d0f1447042945-thumb.jpg,https://gif.anime2.net/tag/%E3%82%B9%E3%83%A9%E3%82%A4%E3%83%80%E3%83%BC,RuntimeError('HTTP 503'),gif.anime2 実GIFアーカイブ
gif_anime2_0270_00005,gif_anime2,https://gif.anime2.net/wp/wp-content/uploads/2016/12/Gifsmith-c99f031d-30-thumb.jpg,https://gif.anime2.net/tag/%E3%83%9B%E3%83%BC%E3%83%A0%E3%83%A9%E3%83%B3,RuntimeError('HTTP 503'),gif.anime2 実GIFアーカイブ
gif_anime2_0263_00037,gif_anime2,https://gif.anime2.net/wp/wp-content/uploads/2015/12/64f7a57e6d9b0c34537639f3f0492a708e596d0f1447042945.gif,https://gif.anime2.net/tag/%E3%82%B9%E3%83%A9%E3%82%A4%E3%83%80%E3%83%BC,RuntimeError('HTTP 503'),gif.anime2 実GIFアーカイブ
gif_anime2_0270_00003,gif_anime2,https://gif.anime2.net/wp/wp-content/uploads/2017/03/Gifsmith-d8fdd521-3-thumb.jpg,https://gif.anime2.net/tag/%E3%83%9B%E3%83%BC%E3%83%A0%E3%83%A9%E3%83%B3,RuntimeError('HTTP 503'),gif.anime2 実GIFアーカイブ
gif_anime2_0270_00004,gif_anime2,https://gif.anime2.net/wp/wp-content/uploads/2017/03/Gifsmith-a6407ed5-5-thumb.jpg,https://gif.anime2.net/tag/%E3%83%9B%E3%83%BC%E3%83%A0%E3%83%A9%E3%83%B3,RuntimeError('HTTP 503'),gif.anime2 実GIFアーカイブ
gif_anime2_0263_00031,gif_anime2,https://gif.anime2.net/wp/wp-content/uploads/2016/08/Gifsmith-ed9054e4-0.gif,https://gif.anime2.net/tag/%E3%82%B9%E3%83%A9%E3%82%A4%E3%83%80%E3%83%BC,RuntimeError('HTTP 503'),gif.anime2 実GIFアーカイブ
gif_anime2_0263_00036,gif_anime2,https://gif.anime2.net/wp/wp-content/uploads/2015/12/2612463810.gif,https://gif.anime2.net/tag/%E3%82%B9%E3%83%A9%E3%82%A4%E3%83%80%E3%83%BC,RuntimeError('HTTP 503'),gif.anime2 実GIFアーカイブ
gif_anime2_0270_00007,gif_anime2,https://gif.anime2.net/wp/wp-content/uploads/2016/12/Gifsmith-581d018b-22-thumb.jpg,https://gif.anime2.net/tag/%E3%83%9B%E3%83%BC%E3%83%A0%E3%83%A9%E3%83%B3,RuntimeError('HTTP 503'),gif.anime2 実GIFアーカイブ
gif_anime2_0270_00006,gif_anime2,https://gif.anime2.net/wp/wp-content/uploads/2016/12/Gifsmith-63213cbc-28-thumb.jpg,https://gif.anime2.net/tag/%E3%83%9B%E3%83%BC%E3%83%A0%E3%83%A9%E3%83%B3,RuntimeError('HTTP 503'),gif.anime2 実GIFアーカイブ
gif_anime2_0270_00010,gif_anime2,https://gif.anime2.net/wp/wp-content/uploads/2016/05/Gifsmith-9fed7081-5-thumb.jpg,https://gif.anime2.net/tag/%E3%83%9B%E3%83%BC%E3%83%A0%E3%83%A9%E3%83%B3,RuntimeError('HTTP 503'),gif.anime2 実GIFアーカイブ
gif_anime2_0270_00009,gif_anime2,https://gif.anime2.net/wp/wp-content/uploads/2016/11/Gifsmith-dced162a-0-thumb.jpg,https://gif.anime2.net/tag/%E3%83%9B%E3%83%BC%E3%83%A0%E3%83%A9%E3%83%B3,RuntimeError('HTTP 503'),gif.anime2 実GIFアーカイブ
gif_anime2_0270_00008,gif_anime2,https://gif.anime2.net/wp/wp-content/uploads/2016/12/Gifsmith-83f4a5cd-16-thumb.jpg,https://gif.anime2.net/tag/%E3%83%9B%E3%83%BC%E3%83%A0%E3%83%A9%E3%83%B3,RuntimeError('HTTP 503'),gif.anime2 実GIFアーカイブ
gif_anime2_0270_00012,gif_anime2,https://gif.anime2.net/wp/wp-content/uploads/2016/05/4041109456-thumb.jpg,https://gif.anime2.net/tag/%E3%83%9B%E3%83%BC%E3%83%A0%E3%83%A9%E3%83%B3,RuntimeError('HTTP 503'),gif.anime2 実GIFアーカイブ
gif_anime2_0270_00015,gif_anime2,https://gif.anime2.net/wp/wp-content/uploads/2016/02/158318095-thumb.jpg,https://gif.anime2.net/tag/%E3%83%9B%E3%83%BC%E3%83%A0%E3%83%A9%E3%83%B3,RuntimeError('HTTP 503'),gif.anime2 実GIFアーカイブ
gif_anime2_0270_00014,gif_anime2,https://gif.anime2.net/wp/wp-content/uploads/2016/05/bd2949dc-thumb.jpg,https://gif.anime2.net/tag/%E3%83%9B%E3%83%BC%E3%83%A0%E3%83%A9%E3%83%B3,RuntimeError('HTTP 503'),gif.anime2 実GIFアーカイブ
gif_anime2_0270_00013,gif_anime2,https://gif.anime2.net/wp/wp-content/uploads/2016/05/3885893890-thumb.jpg,https://gif.anime2.net/tag/%E3%83%9B%E3%83%BC%E3%83%A0%E3%83%A9%E3%83%B3,RuntimeError('HTTP 503'),gif.anime2 実GIFアーカイブ
gif_anime2_0270_00011,gif_anime2,https://gif.anime2.net/wp/wp-content/uploads/2016/05/Gifsmith-55de58e9-2-thumb.jpg,https://gif.anime2.net/tag/%E3%83%9B%E3%83%BC%E3%83%A0%E3%83%A9%E3%83%B3,RuntimeError('HTTP 503'),gif.anime2 実GIFアーカイブ
gif_anime2_0270_00040,gif_anime2,https://gif.anime2.net/wp/wp-content/uploads/2017/03/Gifsmith-d8fdd521-3.gif,https://gif.anime2.net/tag/%E3%83%9B%E3%83%BC%E3%83%A0%E3%83%A9%E3%83%B3,RuntimeError('HTTP 503'),gif.anime2 実GIFアーカイブ
gif_anime2_0270_00016,gif_anime2,https://gif.anime2.net/wp/wp-content/uploads/2016/02/8c2633de72a8987-thumb.jpg,https://gif.anime2.net/tag/%E3%83%9B%E3%83%BC%E3%83%A0%E3%83%A9%E3%83%B3,RuntimeError('HTTP 503'),gif.anime2 実GIFアーカイブ
gif_anime2_0270_00045,gif_anime2,https://gif.anime2.net/wp/wp-content/uploads/2016/12/Gifsmith-83f4a5cd-16.gif,https://gif.anime2.net/tag/%E3%83%9B%E3%83%BC%E3%83%A0%E3%83%A9%E3%83%B3,RuntimeError('HTTP 503'),gif.anime2 実GIFアーカイブ
gif_anime2_0270_00041,gif_anime2,https://gif.anime2.net/wp/wp-content/uploads/2017/03/Gifsmith-a6407ed5-5.gif,https://gif.anime2.net/tag/%E3%83%9B%E3%83%BC%E3%83%A0%E3%83%A9%E3%83%B3,RuntimeError('HTTP 503'),gif.anime2 実GIFアーカイブ
gif_anime2_0270_00018,gif_anime2,https://gif.anime2.net/wp/wp-content/uploads/2016/01/B45Snp6-thumb.jpg,https://gif.anime2.net/tag/%E3%83%9B%E3%83%BC%E3%83%A0%E3%83%A9%E3%83%B3,RuntimeError('HTTP 503'),gif.anime2 実GIFアーカイブ
gif_anime2_0270_00042,gif_anime2,https://gif.anime2.net/wp/wp-content/uploads/2016/12/Gifsmith-c99f031d-30.gif,https://gif.anime2.net/tag/%E3%83%9B%E3%83%BC%E3%83%A0%E3%83%A9%E3%83%B3,RuntimeError('HTTP 503'),gif.anime2 実GIFアーカイブ
gif_anime2_0270_00044,gif_anime2,https://gif.anime2.net/wp/wp-content/uploads/2016/12/Gifsmith-581d018b-22.gif,https://gif.anime2.net/tag/%E3%83%9B%E3%83%BC%E3%83%A0%E3%83%A9%E3%83%B3,RuntimeError('HTTP 503'),gif.anime2 実GIFアーカイブ
gif_anime2_0270_00046,gif_anime2,https://gif.anime2.net/wp/wp-content/uploads/2016/11/Gifsmith-dced162a-0.gif,https://gif.anime2.net/tag/%E3%83%9B%E3%83%BC%E3%83%A0%E3%83%A9%E3%83%B3,RuntimeError('HTTP 503'),gif.anime2 実GIFアーカイブ
gif_anime2_0270_00017,gif_anime2,https://gif.anime2.net/wp/wp-content/uploads/2016/01/3524714313-thumb.jpg,https://gif.anime2.net/tag/%E3%83%9B%E3%83%BC%E3%83%A0%E3%83%A9%E3%83%B3,RuntimeError('HTTP 503'),gif.anime2 実GIFアーカイブ
gif_anime2_0270_00043,gif_anime2,https://gif.anime2.net/wp/wp-content/uploads/2016/12/Gifsmith-63213cbc-28.gif,https://gif.anime2.net/tag/%E3%83%9B%E3%83%BC%E3%83%A0%E3%83%A9%E3%83%B3,RuntimeError('HTTP 503'),gif.anime2 実GIFアーカイブ
gif_anime2_0270_00047,gif_anime2,https://gif.anime2.net/wp/wp-content/uploads/2016/05/Gifsmith-9fed7081-5.gif,https://gif.anime2.net/tag/%E3%83%9B%E3%83%BC%E3%83%A0%E3%83%A9%E3%83%B3,RuntimeError('HTTP 503'),gif.anime2 実GIFアーカイブ
gif_anime2_0270_00051,gif_anime2,https://gif.anime2.net/wp/wp-content/uploads/2016/05/bd2949dc.gif,https://gif.anime2.net/tag/%E3%83%9B%E3%83%BC%E3%83%A0%E3%83%A9%E3%83%B3,RuntimeError('HTTP 503'),gif.anime2 実GIFアーカイブ
gif_anime2_0270_00049,gif_anime2,https://gif.anime2.net/wp/wp-content/uploads/2016/05/4041109456.gif,https://gif.anime2.net/tag/%E3%83%9B%E3%83%BC%E3%83%A0%E3%83%A9%E3%83%B3,RuntimeError('HTTP 503'),gif.anime2 実GIFアーカイブ
gif_anime2_0270_00048,gif_anime2,https://gif.anime2.net/wp/wp-content/uploads/2016/05/Gifsmith-55de58e9-2.gif,https://gif.anime2.net/tag/%E3%83%9B%E3%83%BC%E3%83%A0%E3%83%A9%E3%83%B3,RuntimeError('HTTP 503'),gif.anime2 実GIFアーカイブ
gif_anime2_0270_00052,gif_anime2,https://gif.anime2.net/wp/wp-content/uploads/2016/02/158318095.gif,https://gif.anime2.net/tag/%E3%83%9B%E3%83%BC%E3%83%A0%E3%83%A9%E3%83%B3,RuntimeError('HTTP 503'),gif.anime2 実GIFアーカイブ
gif_anime2_0270_00050,gif_anime2,https://gif.anime2.net/wp/wp-content/uploads/2016/05/3885893890.gif,https://gif.anime2.net/tag/%E3%83%9B%E3%83%BC%E3%83%A0%E3%83%A9%E3%83%B3,RuntimeError('HTTP 503'),gif.anime2 実GIFアーカイブ
gif_anime2_0272_00005,gif_anime2,https://gif.anime2.net/wp/wp-content/uploads/2015/12/30ab9a8c-thumb.jpg,https://gif.anime2.net/tag/%E3%83%88%E3%83%AA%E3%83%97%E3%83%AB%E3%83%97%E3%83%AC%E3%83%BC,RuntimeError('HTTP 503'),gif.anime2 実GIFアーカイブ
gif_anime2_0270_00055,gif_anime2,https://gif.anime2.net/wp/wp-content/uploads/2016/01/B45Snp6.gif,https://gif.anime2.net/tag/%E3%83%9B%E3%83%BC%E3%83%A0%E3%83%A9%E3%83%B3,RuntimeError('HTTP 503'),gif.anime2 実GIFアーカイブ
gif_anime2_0279_00025,gif_anime2,https://gif.anime2.net/wp/wp-content/uploads/2018/01/Gifsmith-be0542dc-0.gif,https://gif.anime2.net/tag/%E3%83%80%E3%83%96%E3%83%AB%E3%83%97%E3%83%AC%E3%83%BC,RuntimeError('HTTP 503'),gif.anime2 実GIFアーカイブ
gif_anime2_0281_00004,gif_anime2,https://gif.anime2.net/wp/wp-content/uploads/2016/08/Gifsmith-a6143510-13-thumb.jpg,https://gif.anime2.net/tag/%E3%83%87%E3%83%83%E3%83%89%E3%83%9C%E3%83%BC%E3%83%AB,RuntimeError('HTTP 503'),gif.anime2 実GIFアーカイブ
gif_anime2_0270_00053,gif_anime2,https://gif.anime2.net/wp/wp-content/uploads/2016/02/8c2633de72a8987.gif,https://gif.anime2.net/tag/%E3%83%9B%E3%83%BC%E3%83%A0%E3%83%A9%E3%83%B3,RuntimeError('HTTP 503'),gif.anime2 実GIFアーカイブ
gif_anime2_0281_00003,gif_anime2,https://gif.anime2.net/wp/wp-content/uploads/2018/01/Gifsmith-2889fdf2-2-thumb.jpg,https://gif.anime2.net/tag/%E3%83%87%E3%83%83%E3%83%89%E3%83%9C%E3%83%BC%E3%83%AB,RuntimeError('HTTP 503'),gif.anime2 実GIFアーカイブ
gif_anime2_0279_00003,gif_anime2,https://gif.anime2.net/wp/wp-content/uploads/2018/01/Gifsmith-be0542dc-0-thumb.jpg,https://gif.anime2.net/tag/%E3%83%80%E3%83%96%E3%83%AB%E3%83%97%E3%83%AC%E3%83%BC,RuntimeError('HTTP 503'),gif.anime2 実GIFアーカイブ
gif_anime2_0272_00004,gif_anime2,https://gif.anime2.net/wp/wp-content/uploads/2017/04/Gifsmith-321fe192-0-thumb.jpg,https://gif.anime2.net/tag/%E3%83%88%E3%83%AA%E3%83%97%E3%83%AB%E3%83%97%E3%83%AC%E3%83%BC,RuntimeError('HTTP 503'),gif.anime2 実GIFアーカイブ
gif_anime2_0272_00028,gif_anime2,https://gif.anime2.net/wp/wp-content/uploads/2017/04/Gifsmith-321fe192-0.gif,https://gif.anime2.net/tag/%E3%83%88%E3%83%AA%E3%83%97%E3%83%AB%E3%83%97%E3%83%AC%E3%83%BC,RuntimeError('HTTP 503'),gif.anime2 実GIFアーカイブ
gif_anime2_0272_00029,gif_anime2,https://gif.anime2.net/wp/wp-content/uploads/2015/12/30ab9a8c.gif,https://gif.anime2.net/tag/%E3%83%88%E3%83%AA%E3%83%97%E3%83%AB%E3%83%97%E3%83%AC%E3%83%BC,RuntimeError('HTTP 503'),gif.anime2 実GIFアーカイブ
gif_anime2_0270_00054,gif_anime2,https://gif.anime2.net/wp/wp-content/uploads/2016/01/3524714313.gif,https://gif.anime2.net/tag/%E3%83%9B%E3%83%BC%E3%83%A0%E3%83%A9%E3%83%B3,RuntimeError('HTTP 503'),gif.anime2 実GIFアーカイブ
gif_anime2_0281_00006,gif_anime2,https://gif.anime2.net/wp/wp-content/uploads/2016/01/8329ebc3-thumb.jpg,https://gif.anime2.net/tag/%E3%83%87%E3%83%83%E3%83%89%E3%83%9C%E3%83%BC%E3%83%AB,RuntimeError('HTTP 503'),gif.anime2 実GIFアーカイブ
gif_anime2_0281_00005,gif_anime2,https://gif.anime2.net/wp/wp-content/uploads/2016/05/7c3ffdf5-thumb.jpg,https://gif.anime2.net/tag/%E3%83%87%E3%83%83%E3%83%89%E3%83%9C%E3%83%BC%E3%83%AB,RuntimeError('HTTP 503'),gif.anime2 実GIFアーカイブ
gif_anime2_0281_00008,gif_anime2,https://gif.anime2.net/wp/wp-content/uploads/2015/12/eb94560e-thumb.jpg,https://gif.anime2.net/tag/%E3%83%87%E3%83%83%E3%83%89%E3%83%9C%E3%83%BC%E3%83%AB,RuntimeError('HTTP 503'),gif.anime2 実GIFアーカイブ
gif_anime2_0281_00030,gif_anime2,https://gif.anime2.net/wp/wp-content/uploads/2018/01/Gifsmith-2889fdf2-2.gif,https://gif.anime2.net/tag/%E3%83%87%E3%83%83%E3%83%89%E3%83%9C%E3%83%BC%E3%83%AB,RuntimeError('HTTP 503'),gif.anime2 実GIFアーカイブ
gif_anime2_0281_00007,gif_anime2,https://gif.anime2.net/wp/wp-content/uploads/2016/01/599f797b0c1a79f3986918f8d3f9f3a4507cdbe21447996370-thumb.jpg,https://gif.anime2.net/tag/%E3%83%87%E3%83%83%E3%83%89%E3%83%9C%E3%83%BC%E3%83%AB,RuntimeError('HTTP 503'),gif.anime2 実GIFアーカイブ
gif_anime2_0283_00033,gif_anime2,https://gif.anime2.net/wp/wp-content/uploads/2016/06/60cf5788.gif,https://gif.anime2.net/tag/%E3%83%95%E3%82%A1%E3%83%BC%E3%83%AB%E3%83%95%E3%83%A9%E3%82%A4,RuntimeError('HTTP 503'),gif.anime2 実GIFアーカイブ
gif_anime2_0283_00007,gif_anime2,https://gif.anime2.net/wp/wp-content/uploads/2016/06/60cf5788-thumb.jpg,https://gif.anime2.net/tag/%E3%83%95%E3%82%A1%E3%83%BC%E3%83%AB%E3%83%95%E3%83%A9%E3%82%A4,RuntimeError('HTTP 503'),gif.anime2 実GIFアーカイブ
gif_anime2_0283_00032,gif_anime2,https://gif.anime2.net/wp/wp-content/uploads/2017/03/Gifsmith-2d577c1c-9.gif,https://gif.anime2.net/tag/%E3%83%95%E3%82%A1%E3%83%BC%E3%83%AB%E3%83%95%E3%83%A9%E3%82%A4,RuntimeError('HTTP 503'),gif.anime2 実GIFアーカイブ
gif_anime2_0283_00006,gif_anime2,https://gif.anime2.net/wp/wp-content/uploads/2017/03/Gifsmith-2d577c1c-9-thumb.jpg,https://gif.anime2.net/tag/%E3%83%95%E3%82%A1%E3%83%BC%E3%83%AB%E3%83%95%E3%83%A9%E3%82%A4,RuntimeError('HTTP 503'),gif.anime2 実GIFアーカイブ
gif_anime2_0281_00035,gif_anime2,https://gif.anime2.net/wp/wp-content/uploads/2015/12/eb94560e.gif,https://gif.anime2.net/tag/%E3%83%87%E3%83%83%E3%83%89%E3%83%9C%E3%83%BC%E3%83%AB,RuntimeError('HTTP 503'),gif.anime2 実GIFアーカイブ
gif_anime2_0283_00005,gif_anime2,https://gif.anime2.net/wp/wp-content/uploads/2017/03/Gifsmith-287eaf41-0-thumb.jpg,https://gif.anime2.net/tag/%E3%83%95%E3%82%A1%E3%83%BC%E3%83%AB%E3%83%95%E3%83%A9%E3%82%A4,RuntimeError('HTTP 503'),gif.anime2 実GIFアーカイブ
gif_anime2_0283_00031,gif_anime2,https://gif.anime2.net/wp/wp-content/uploads/2017/03/Gifsmith-287eaf41-0.gif,https://gif.anime2.net/tag/%E3%83%95%E3%82%A1%E3%83%BC%E3%83%AB%E3%83%95%E3%83%A9%E3%82%A4,RuntimeError('HTTP 503'),gif.anime2 実GIFアーカイブ
gif_anime2_0281_00032,gif_anime2,https://gif.anime2.net/wp/wp-content/uploads/2016/05/7c3ffdf5.gif,https://gif.anime2.net/tag/%E3%83%87%E3%83%83%E3%83%89%E3%83%9C%E3%83%BC%E3%83%AB,RuntimeError('HTTP 503'),gif.anime2 実GIFアーカイブ
gif_anime2_0281_00033,gif_anime2,https://gif.anime2.net/wp/wp-content/uploads/2016/01/8329ebc3.gif,https://gif.anime2.net/tag/%E3%83%87%E3%83%83%E3%83%89%E3%83%9C%E3%83%BC%E3%83%AB,RuntimeError('HTTP 503'),gif.anime2 実GIFアーカイブ
gif_anime2_0281_00034,gif_anime2,https://gif.anime2.net/wp/wp-content/uploads/2016/01/599f797b0c1a79f3986918f8d3f9f3a4507cdbe21447996370.gif,https://gif.anime2.net/tag/%E3%83%87%E3%83%83%E3%83%89%E3%83%9C%E3%83%BC%E3%83%AB,RuntimeError('HTTP 503'),gif.anime2 実GIFアーカイブ
gif_anime2_0281_00031,gif_anime2,https://gif.anime2.net/wp/wp-content/uploads/2016/08/Gifsmith-a6143510-13.gif,https://gif.anime2.net/tag/%E3%83%87%E3%83%83%E3%83%89%E3%83%9C%E3%83%BC%E3%83%AB,RuntimeError('HTTP 503'),gif.anime2 実GIFアーカイブ
gif_anime2_0285_00003,gif_anime2,https://gif.anime2.net/wp/wp-content/uploads/2017/11/Gifsmith-68b6fff5-10-thumb.jpg,https://gif.anime2.net/tag/%E7%89%BD%E5%88%B6,RuntimeError('HTTP 503'),gif.anime2 実GIFアーカイブ
gif_anime2_0285_00027,gif_anime2,https://gif.anime2.net/wp/wp-content/uploads/2016/07/7dd67914.gif,https://gif.anime2.net/tag/%E7%89%BD%E5%88%B6,RuntimeError('HTTP 503'),gif.anime2 実GIFアーカイブ
gif_anime2_0285_00026,gif_anime2,https://gif.anime2.net/wp/wp-content/uploads/2017/11/Gifsmith-68b6fff5-10.gif,https://gif.anime2.net/tag/%E7%89%BD%E5%88%B6,RuntimeError('HTTP 503'),gif.anime2 実GIFアーカイブ
gif_anime2_0288_00003,gif_anime2,https://gif.anime2.net/wp/wp-content/uploads/2016/09/Gifsmith-47d9eaa9-6-thumb.jpg,https://gif.anime2.net/tag/%E3%83%95%E3%82%A1%E3%83%BC%E3%83%AB%E3%83%9C%E3%83%BC%E3%83%AB,RuntimeError('HTTP 503'),gif.anime2 実GIFアーカイブ
gif_anime2_0285_00004,gif_anime2,https://gif.anime2.net/wp/wp-content/uploads/2016/07/7dd67914-thumb.jpg,https://gif.anime2.net/tag/%E7%89%BD%E5%88%B6,RuntimeError('HTTP 503'),gif.anime2 実GIFアーカイブ
gif_anime2_0288_00004,gif_anime2,https://gif.anime2.net/wp/wp-content/uploads/2016/07/Gifsmith-7ce65c65-2-thumb.jpg,https://gif.anime2.net/tag/%E3%83%95%E3%82%A1%E3%83%BC%E3%83%AB%E3%83%9C%E3%83%BC%E3%83%AB,RuntimeError('HTTP 503'),gif.anime2 実GIFアーカイブ
gif_anime2_0343_00031,gif_anime2,https://gif.anime2.net/wp/wp-content/uploads/2016/02/3516957617.gif,https://gif.anime2.net/tag/%E3%83%95%E3%82%A1%E3%82%A4%E3%83%B3%E3%83%97%E3%83%AC%E3%83%BC,RuntimeError('HTTP 503'),gif.anime2 実GIFアーカイブ
gif_anime2_0295_00004,gif_anime2,https://gif.anime2.net/wp/wp-content/uploads/2016/04/612f769e-thumb.jpg,https://gif.anime2.net/tag/%E3%82%A2%E3%82%A4%E3%82%A2%E3%83%B3%E3%83%9E%E3%83%B3,RuntimeError('HTTP 503'),gif.anime2 実GIFアーカイブ
gif_anime2_0300_00026,gif_anime2,https://gif.anime2.net/wp/wp-content/uploads/2017/02/Gifsmith-caf2af7a-6.gif,https://gif.anime2.net/tag/%E5%9C%B0%E4%B8%8B%E9%89%84,RuntimeError('HTTP 503'),gif.anime2 実GIFアーカイブ
gif_anime2_0300_00027,gif_anime2,https://gif.anime2.net/wp/wp-content/uploads/2016/04/198116804.gif,https://gif.anime2.net/tag/%E5%9C%B0%E4%B8%8B%E9%89%84,RuntimeError('HTTP 503'),gif.anime2 実GIFアーカイブ
gif_anime2_0288_00026,gif_anime2,https://gif.anime2.net/wp/wp-content/uploads/2016/09/Gifsmith-47d9eaa9-6.gif,https://gif.anime2.net/tag/%E3%83%95%E3%82%A1%E3%83%BC%E3%83%AB%E3%83%9C%E3%83%BC%E3%83%AB,RuntimeError('HTTP 503'),gif.anime2 実GIFアーカイブ
gif_anime2_0300_00003,gif_anime2,https://gif.anime2.net/wp/wp-content/uploads/2017/02/Gifsmith-caf2af7a-6-thumb.jpg,https://gif.anime2.net/tag/%E5%9C%B0%E4%B8%8B%E9%89%84,RuntimeError('HTTP 503'),gif.anime2 実GIFアーカイブ
gif_anime2_0300_00004,gif_anime2,https://gif.anime2.net/wp/wp-content/uploads/2016/04/198116804-thumb.jpg,https://gif.anime2.net/tag/%E5%9C%B0%E4%B8%8B%E9%89%84,RuntimeError('HTTP 503'),gif.anime2 実GIFアーカイブ
gif_anime2_0288_00027,gif_anime2,https://gif.anime2.net/wp/wp-content/uploads/2016/07/Gifsmith-7ce65c65-2.gif,https://gif.anime2.net/tag/%E3%83%95%E3%82%A1%E3%83%BC%E3%83%AB%E3%83%9C%E3%83%BC%E3%83%AB,RuntimeError('HTTP 503'),gif.anime2 実GIFアーカイブ
gif_anime2_0343_00007,gif_anime2,https://gif.anime2.net/wp/wp-content/uploads/2015/12/e85JWe-thumb.jpg,https://gif.anime2.net/tag/%E3%83%95%E3%82%A1%E3%82%A4%E3%83%B3%E3%83%97%E3%83%AC%E3%83%BC,RuntimeError('HTTP 503'),gif.anime2 実GIFアーカイブ
gif_anime2_0343_00005,gif_anime2,https://gif.anime2.net/wp/wp-content/uploads/2016/02/3516957617-thumb.jpg,https://gif.anime2.net/tag/%E3%83%95%E3%82%A1%E3%82%A4%E3%83%B3%E3%83%97%E3%83%AC%E3%83%BC,RuntimeError('HTTP 503'),gif.anime2 実GIFアーカイブ
gif_anime2_0295_00027,gif_anime2,https://gif.anime2.net/wp/wp-content/uploads/2016/04/612f769e.gif,https://gif.anime2.net/tag/%E3%82%A2%E3%82%A4%E3%82%A2%E3%83%B3%E3%83%9E%E3%83%B3,RuntimeError('HTTP 503'),gif.anime2 実GIFアーカイブ
gif_anime2_0346_00001,gif_anime2,https://gif.anime2.net/wp/wp-content/uploads/2018/08/Gifsmith-d3b52090-5.gif,https://gif.anime2.net/29950,RuntimeError('HTTP 503'),gif.anime2 実GIFアーカイブ
gif_anime2_0343_00033,gif_anime2,https://gif.anime2.net/wp/wp-content/uploads/2015/12/e85JWe.gif,https://gif.anime2.net/tag/%E3%83%95%E3%82%A1%E3%82%A4%E3%83%B3%E3%83%97%E3%83%AC%E3%83%BC,RuntimeError('HTTP 503'),gif.anime2 実GIFアーカイブ
kym_omae_0006_00099,kym_omae,http://img.4plebs.org/boards/tg/image/1367/85/1367855549282.jpg,https://knowyourmeme.com/memes/you-are-already-dead-omae-wa-mou-shindeiru/photos?page=6,RuntimeError('HTTP 403'),KYM お前はもう死んでいる画像ギャラリー
kym_to_be_continued_0003_00098,kym_to_be_continued,https://i.kym-cdn.com/photos/images/original/001/186/806/1b3.jpg,https://knowyourmeme.com/memes/to-be-continued/photos?page=3,RuntimeError('HTTP 403'),KYM To Be Continued画像ギャラリー
kym_to_be_continued_0003_00099,kym_to_be_continued,https://i.kym-cdn.com/photos/images/masonry/001/186/806/1b3.jpg,https://knowyourmeme.com/memes/to-be-continued/photos?page=3,RuntimeError('HTTP 403'),KYM To Be Continued画像ギャラリー
kym_coffin_dance_0002_00098,kym_coffin_dance,https://i.kym-cdn.com/photos/images/original/001/858/160/fc9.gif,https://knowyourmeme.com/memes/coffin-dance-dancing-pallbearers/photos?page=2,RuntimeError('HTTP 403'),KYM Coffin Dance画像ギャラリー
kym_coffin_dance_0002_00099,kym_coffin_dance,https://i.kym-cdn.com/photos/images/masonry/001/858/160/fc9.gif,https://knowyourmeme.com/memes/coffin-dance-dancing-pallbearers/photos?page=2,RuntimeError('HTTP 403'),KYM Coffin Dance画像ギャラリー
kym_this_is_fine_0004_00098,kym_this_is_fine,https://i.kym-cdn.com/photos/images/original/001/506/778/28e.jpg,https://knowyourmeme.com/memes/this-is-fine/photos?page=4,RuntimeError('HTTP 403'),KYM This Is Fine画像ギャラリー
