bytes,final_url,kind,label,local_path,mime,original_url,referer,sha256,source_id,source_type
544694,http://animesoku.com/archives/40626577.html,page_snapshot,人の心とかないんか？ 実漫画パネル,pages/human_heart_panel.html,text/html,https://animesoku.com/archives/40626577.html,,0d3117cacde4eaba2db642038a09ce670ccad50af184cc79734116c0d0e8e095,human_heart_panel,html
300881,https://fan.books.rakuten.co.jp/articles/3866,page_snapshot,好きすぎて滅！ 元曲・MV関連実媒体,pages/sukisugite_metsu.html,text/html,https://fan.books.rakuten.co.jp/articles/3866,,3c662912021ddceb1f9784857e48e615947c3e94a746c2486bdd09ae48e3d6d4,sukisugite_metsu,html
150210,https://prtimes.jp/main/html/rd/p/000000109.000015193.html,page_snapshot,2026上半期ミーム掲載実画像,pages/modelpress_2026h1.html,text/html,https://prtimes.jp/main/html/rd/p/000000109.000015193.html,,cb17c50835b5a7618570546cf6b8e32ffd7c7820a43be5403668ae07bb22b9a1,modelpress_2026h1,html
197627,https://prtimes.jp/main/html/rd/p/000000970.000006410.html,page_snapshot,Simeji 2026上半期トレンド掲載実画像,pages/simeji_2026h1.html,text/html,https://prtimes.jp/main/html/rd/p/000000970.000006410.html,,40e4ef5f1493ca8e4c1fb5df719579c2942c38136490597354330e901abe00a2,simeji_2026h1,html
216266,https://netmeme.genshun9.com/,page_snapshot,ネットミームの森 実画像一覧,pages/netmeme_forest.html,text/html,https://netmeme.genshun9.com/,,ace04af35b493b582076e3fabf556676626b334436fd9f7b42cc03e631ff7a73,netmeme_forest,html
155926,https://assets.st-note.com/production/uploads/images/143747338/rectangle_large_type_2_48edda5d6849db4eb946a630d82b1bde.jpeg?width=1280,actual_media,おそろしく速い手刀 実流通画像,media/direct_reference/hxh_fast_handknife__rectangle_large_type_2_48edda5d6849db4eb946a630d82b1bde.jpg,image/jpeg,https://assets.st-note.com/production/uploads/images/143747338/rectangle_large_type_2_48edda5d6849db4eb946a630d82b1bde.jpeg?width=1280,,68bbd1fedb67ead54547f8fd010453d49a0b680a6858b33e9bd18995dbb1fe68,hxh_fast_handknife,direct
32819,https://img.animanch.com/2021/07/26-18-36-35-600x430.jpg,actual_media,連邦に反省を促すダンス 実流通画像,media/direct_reference/mafty_dance_reference__26-18-36-35-600x430.jpg,image/jpeg,https://img.animanch.com/2021/07/26-18-36-35-600x430.jpg,,dafd748738d52d71999a1737cc9aca40dbe39514c7cfe2bc489cea3c52452f64,mafty_dance_reference,direct
213712,https://img.animanch.com/2019/04/ca25a5e6-s.jpg,actual_media,全部同じじゃないですか!? 実流通画像,media/direct_reference/kochikame_all_same__ca25a5e6-s.jpg,image/jpeg,https://img.animanch.com/2019/04/ca25a5e6-s.jpg,,046110547e7815159cdf58b9183cbe9e71bd8fd0805dafa530cab3bd6fa31995,kochikame_all_same,direct
235018,https://i.kym-cdn.com/photos/images/original/000/970/863/7ab.jpg,actual_media,To Be Continued 実流通画像,media/direct_reference/jojo_to_be_continued__7ab.jpg,image/jpeg,https://i.kym-cdn.com/photos/images/original/000/970/863/7ab.jpg,,7ab5ca881c38697416040e23a7964257d0cdcc68e5d019b4c063bdf18f34ec4b,jojo_to_be_continued,direct
87597,https://cimg.kgl-systems.io/camion/files/29386/thumbnail_fNzn.jpg?x=1280,actual_media,次回、城之内死す 実流通画像,media/direct_reference/yugioh_jonouchi_dies__thumbnail_fNzn.jpg,image/jpeg,https://cimg.kgl-systems.io/camion/files/29386/thumbnail_fNzn.jpg?x=1280,,8665ffb68d05d8569f7b676bd68aabca8fba23709a81a8b1f105f6033c072202,yugioh_jonouchi_dies,direct
1714165,https://i.kym-cdn.com/photos/images/original/001/199/191/5d8.png,actual_media,ヤムチャ死亡ポーズ 実流通画像,media/direct_reference/yamcha_death_pose__5d8.png,image/png,https://i.kym-cdn.com/photos/images/original/001/199/191/5d8.png,,5d851f7f6ac1ad8e49a24d428edf394683b91f88f6ea56b63a1c20183e52456b,yamcha_death_pose,direct
254,https://b.st-hatena.com/images/entry-button/button-only.gif,actual_media,人の心とかないんか？ 実漫画パネル,media/page_sources_human_heart_panel/human_heart_panel_00003__button-only.gif,image/gif,https://b.st-hatena.com/images/entry-button/button-only.gif,http://animesoku.com/archives/40626577.html,cecced3759ead676c01a7fa67745175f258e1cf40bac53e54a958236c65180ed,human_heart_panel_00003,html_media
673933,https://cdn-ak.f.st-hatena.com/images/fotolife/c/comicdays_team/20171011/20171011193922.jpg,actual_media,みんな丸太は持ったな!! 実流通画像,media/direct_reference/higanjima_maruta__20171011193922.jpg,image/jpeg,https://cdn-ak.f.st-hatena.com/images/fotolife/c/comicdays_team/20171011/20171011193922.jpg,,76e61f0152d0c4bd3feae687407f69faa92e905fe1de06326b70277da348c197,higanjima_maruta,direct
32415,https://media.tenor.com/aJtdVHfgPXwAAAAd/zawazawa.gif,actual_media,ざわ…ざわ… 実GIF,media/direct_reference/kaiji_zawazawa__zawazawa.gif,image/gif,https://media.tenor.com/aJtdVHfgPXwAAAAd/zawazawa.gif,,37779c8e01e78d0d6d38999f602bfda1b3ea9383fc784515813f488284ca0fe2,kaiji_zawazawa,direct
1646749,https://media.tenor.com/Pts5CI3c01gAAAAd/tatsuya-fujiwara-zawazawa.gif,actual_media,ざわ…ざわ… 実写GIF,media/direct_reference/kaiji_zawazawa_liveaction__tatsuya-fujiwara-zawazawa.gif,image/gif,https://media.tenor.com/Pts5CI3c01gAAAAd/tatsuya-fujiwara-zawazawa.gif,,745dbbed95bffacd2e7d1fc68c4191d978e41a4351a08672355d4d8e51275997,kaiji_zawazawa_liveaction,direct
17105,https://resize.blogsys.jp/a11ded17cdc4af31bf564681f87acb23b7547e77/trim1/0x0_891x156/http://livedoor.blogimg.jp/anigei-mangabox/imgs/e/2/e2682344.png,actual_media,人の心とかないんか？ 実漫画パネル,media/page_sources_human_heart_panel/human_heart_panel_00002__e2682344.jpg,image/jpeg,https://resize.blogsys.jp/a11ded17cdc4af31bf564681f87acb23b7547e77/trim1/0x0_891x156/http://livedoor.blogimg.jp/anigei-mangabox/imgs/e/2/e2682344.png,http://animesoku.com/archives/40626577.html,698a5a762ee83ebfca524974d4667a20e6e17536732fbdd5942d637cf2999566,human_heart_panel_00002,html_media
11354,https://fan.books.rakuten.co.jp/images/logo/pb_rbooks.svg,actual_media,好きすぎて滅！ 元曲・MV関連実媒体,media/page_sources_sukisugite_metsu/sukisugite_metsu_00003__pb_rbooks.svg,image/svg+xml,https://fan.books.rakuten.co.jp/images/logo/pb_rbooks.svg,https://fan.books.rakuten.co.jp/articles/3866,3d7bd30412bf7ea324fd13415b7e1600b0d7ac8d28a47ce0dea9542df22682c5,sukisugite_metsu_00003,html_media
1429,https://parts.blog.livedoor.jp/img/comment2/face_03.svg,actual_media,人の心とかないんか？ 実漫画パネル,media/page_sources_human_heart_panel/human_heart_panel_00012__face_03.svg,image/svg+xml,https://parts.blog.livedoor.jp/img/comment2/face_03.svg,http://animesoku.com/archives/40626577.html,d3836f9aaf6ae84b7176f15c128151cd029fa1f6a50506ec8a462afb36dd81e6,human_heart_panel_00012,html_media
721,https://parts.blog.livedoor.jp/img/usr/default_2012/common/icon_facemark.png,actual_media,人の心とかないんか？ 実漫画パネル,media/page_sources_human_heart_panel/human_heart_panel_00009__icon_facemark.png,image/png,https://parts.blog.livedoor.jp/img/usr/default_2012/common/icon_facemark.png,http://animesoku.com/archives/40626577.html,2a22a2c1b1b30764c87f5442cbc420ab379ab33541659fed501cd2b0424442c0,human_heart_panel_00009,html_media
1683,https://parts.blog.livedoor.jp/img/comment2/face_02.svg,actual_media,人の心とかないんか？ 実漫画パネル,media/page_sources_human_heart_panel/human_heart_panel_00013__face_02.svg,image/svg+xml,https://parts.blog.livedoor.jp/img/comment2/face_02.svg,http://animesoku.com/archives/40626577.html,3713835195414c130fa07c32d5837c696cc562537938a86b74af32cb9e64f5a5,human_heart_panel_00013,html_media
706,https://parts.blog.livedoor.jp/img/comment2/heart_on.svg,actual_media,人の心とかないんか？ 実漫画パネル,media/page_sources_human_heart_panel/human_heart_panel_00006__heart_on.svg,image/svg+xml,https://parts.blog.livedoor.jp/img/comment2/heart_on.svg,http://animesoku.com/archives/40626577.html,53c25a583a4369be0f2b952c87ca963bf0ff599bb9529122ef2fdfe3975cab5a,human_heart_panel_00006,html_media
1591,https://parts.blog.livedoor.jp/img/comment2/face_04.svg,actual_media,人の心とかないんか？ 実漫画パネル,media/page_sources_human_heart_panel/human_heart_panel_00011__face_04.svg,image/svg+xml,https://parts.blog.livedoor.jp/img/comment2/face_04.svg,http://animesoku.com/archives/40626577.html,0a344e2cfa998c3bdad2284f8b760aec04c2acee477c29fde00c7693cd0190cd,human_heart_panel_00011,html_media
1368,https://parts.blog.livedoor.jp/img/comment2/face_05.svg,actual_media,人の心とかないんか？ 実漫画パネル,media/page_sources_human_heart_panel/human_heart_panel_00010__face_05.svg,image/svg+xml,https://parts.blog.livedoor.jp/img/comment2/face_05.svg,http://animesoku.com/archives/40626577.html,8289752be7429c420d4c3d0efdb81f4dc9ddc0647470cdbe4d9e5d24950718f7,human_heart_panel_00010,html_media
319,https://parts.blog.livedoor.jp/img/comment2/blogger_liked.svg,actual_media,人の心とかないんか？ 実漫画パネル,media/page_sources_human_heart_panel/human_heart_panel_00008__blogger_liked.svg,image/svg+xml,https://parts.blog.livedoor.jp/img/comment2/blogger_liked.svg,http://animesoku.com/archives/40626577.html,92449b270ccd83305daad2aea7a7def8cb64f609697641882c9b66acba3ebe07,human_heart_panel_00008,html_media
1144,https://parts.blog.livedoor.jp/img/comment2/heart_hover.svg,actual_media,人の心とかないんか？ 実漫画パネル,media/page_sources_human_heart_panel/human_heart_panel_00005__heart_hover.svg,image/svg+xml,https://parts.blog.livedoor.jp/img/comment2/heart_hover.svg,http://animesoku.com/archives/40626577.html,c3e5a244aaef2eb0b4bd6d8feb555064a005b5984426ad56543252c1edb2d62d,human_heart_panel_00005,html_media
2453,https://parts.blog.livedoor.jp/img/comment2/face_01.svg,actual_media,人の心とかないんか？ 実漫画パネル,media/page_sources_human_heart_panel/human_heart_panel_00014__face_01.svg,image/svg+xml,https://parts.blog.livedoor.jp/img/comment2/face_01.svg,http://animesoku.com/archives/40626577.html,da573986b442c6d2781dad4c5b9e1466efd455c9d4ad37b115cbf67952f946e8,human_heart_panel_00014,html_media
1144,https://parts.blog.livedoor.jp/img/comment2/heart_off.svg,actual_media,人の心とかないんか？ 実漫画パネル,media/page_sources_human_heart_panel/human_heart_panel_00004__heart_off.svg,image/svg+xml,https://parts.blog.livedoor.jp/img/comment2/heart_off.svg,http://animesoku.com/archives/40626577.html,a4b1b930c328abc940453fc43faf66bed90f5d0f0ef1f472990236ffa2e097c3,human_heart_panel_00004,html_media
1944,https://parts.blog.livedoor.jp/img/usr/default_2012/common/to_pagetop.png,actual_media,人の心とかないんか？ 実漫画パネル,media/page_sources_human_heart_panel/human_heart_panel_00016__to_pagetop.png,image/png,https://parts.blog.livedoor.jp/img/usr/default_2012/common/to_pagetop.png,http://animesoku.com/archives/40626577.html,a9d74d652e8ecd4d113a941ce2449f1e8ae1441a6378555c6f81ea486df6254f,human_heart_panel_00016,html_media
2109,https://livedoor.blogimg.jp/anigei-mangabox/imgs/9/4/94293e53.png,actual_media,人の心とかないんか？ 実漫画パネル,media/page_sources_human_heart_panel/human_heart_panel_00019__94293e53.png,image/png,https://livedoor.blogimg.jp/anigei-mangabox/imgs/9/4/94293e53.png,http://animesoku.com/archives/40626577.html,4bf606a8f3954b0389a1757bf21343305d2881c254eb7377d4ef13b8cb62bc20,human_heart_panel_00019,embedded_absolute
32842,https://livedoor.blogimg.jp/anigei-mangabox/imgs/e/7/e79f5448-s.jpg,actual_media,人の心とかないんか？ 実漫画パネル,media/page_sources_human_heart_panel/human_heart_panel_00001__e79f5448-s.jpg,image/jpeg,https://livedoor.blogimg.jp/anigei-mangabox/imgs/e/7/e79f5448-s.jpg,http://animesoku.com/archives/40626577.html,16d0a8daa6eca1d6fb90d389918cdf184f8e49ab7b2157f0464de00e83b9fe04,human_heart_panel_00001,meta_image
54079,https://livedoor.blogimg.jp/anigei-mangabox/imgs/e/7/e79f5448.jpg,actual_media,人の心とかないんか？ 実漫画パネル,media/page_sources_human_heart_panel/human_heart_panel_00020__e79f5448.jpg,image/jpeg,https://livedoor.blogimg.jp/anigei-mangabox/imgs/e/7/e79f5448.jpg,http://animesoku.com/archives/40626577.html,701e5a93d02afe4a20560892b96a23ee1bbf5b24a7d6d285f2996ec1255c7085,human_heart_panel_00020,embedded_absolute
29106,https://fan.books.rakuten.co.jp/images/logo/oshiraku.svg,actual_media,好きすぎて滅！ 元曲・MV関連実媒体,media/page_sources_sukisugite_metsu/sukisugite_metsu_00002__oshiraku.svg,image/svg+xml,https://fan.books.rakuten.co.jp/images/logo/oshiraku.svg,https://fan.books.rakuten.co.jp/articles/3866,71e9d718818bceba76f6c15aecbb3828e3fb527b7f7301811636b42783a4c0e6,sukisugite_metsu_00002,html_media
1955,https://member.livedoor.com/icon_img/anigei_60.gif,actual_media,人の心とかないんか？ 実漫画パネル,media/page_sources_human_heart_panel/human_heart_panel_00007__anigei_60.gif,image/gif,https://member.livedoor.com/icon_img/anigei_60.gif,http://animesoku.com/archives/40626577.html,9a0b2649018f66ecedd8d471f23d9b98315d3055c811628e0c56c763fab5f7fa,human_heart_panel_00007,html_media
43,https://t.blog.livedoor.jp/u.gif,actual_media,人の心とかないんか？ 実漫画パネル,media/page_sources_human_heart_panel/human_heart_panel_00017__u.gif,image/gif,https://t.blog.livedoor.jp/u.gif,http://animesoku.com/archives/40626577.html,2dfe28cbdb83f01c940de6a88ab86200154fd772d568035ac568664e52068363,human_heart_panel_00017,html_media
3921,https://books.r10s.jp/fan/images/oshiraku-images/695_BBK_0237_f7471491fd.JPG?fitin=96:72,actual_media,好きすぎて滅！ 元曲・MV関連実媒体,media/page_sources_sukisugite_metsu/sukisugite_metsu_00025__695_BBK_0237_f7471491fd.jpg,image/jpeg,https://books.r10s.jp/fan/images/oshiraku-images/695_BBK_0237_f7471491fd.JPG?fitin=96:72,https://fan.books.rakuten.co.jp/articles/3866,902fba2221f076a7586fea558c5b505626a0efdc5146864db801c610a0892a50,sukisugite_metsu_00025,html_media
3545,https://books.r10s.jp/fan/images/oshiraku-images/kiminosukihamuteki_main_a252fb2758.jpg?fitin=96:72,actual_media,好きすぎて滅！ 元曲・MV関連実媒体,media/page_sources_sukisugite_metsu/sukisugite_metsu_00022__kiminosukihamuteki_main_a252fb2758.jpg,image/jpeg,https://books.r10s.jp/fan/images/oshiraku-images/kiminosukihamuteki_main_a252fb2758.jpg?fitin=96:72,https://fan.books.rakuten.co.jp/articles/3866,bd6d6e49258ee9c7eb487b1c4336bee489266215e08dfe7850346710f12151a4,sukisugite_metsu_00022,html_media
4491,https://books.r10s.jp/fan/images/oshiraku-images/9_2b772fb93c.svg,actual_media,好きすぎて滅！ 元曲・MV関連実媒体,media/page_sources_sukisugite_metsu/sukisugite_metsu_00018__9_2b772fb93c.svg,image/svg+xml,https://books.r10s.jp/fan/images/oshiraku-images/9_2b772fb93c.svg,https://fan.books.rakuten.co.jp/articles/3866,d59b3786d6ab93cba5a7c7a301b5bdfd03fac699766cd4493698ed0b6e86e325,sukisugite_metsu_00018,html_media
3691,https://books.r10s.jp/fan/images/oshiraku-images/otonamoratorium_main_39611a19e2.jpg?fitin=96:72,actual_media,好きすぎて滅！ 元曲・MV関連実媒体,media/page_sources_sukisugite_metsu/sukisugite_metsu_00021__otonamoratorium_main_39611a19e2.jpg,image/jpeg,https://books.r10s.jp/fan/images/oshiraku-images/otonamoratorium_main_39611a19e2.jpg?fitin=96:72,https://fan.books.rakuten.co.jp/articles/3866,3ecd4f1f5dd392ca20774a962435b6047d62e38b0f65cdb4382d2cfe02d33306,sukisugite_metsu_00021,html_media
3294,https://books.r10s.jp/fan/images/oshiraku-images/4_ae5c2b043a.svg,actual_media,好きすぎて滅！ 元曲・MV関連実媒体,media/page_sources_sukisugite_metsu/sukisugite_metsu_00013__4_ae5c2b043a.svg,image/svg+xml,https://books.r10s.jp/fan/images/oshiraku-images/4_ae5c2b043a.svg,https://fan.books.rakuten.co.jp/articles/3866,f41e88fa2d0ced9cb688647828393533ada049aaae6c01ee17a86f17c9407b3d,sukisugite_metsu_00013,html_media
2154,https://books.r10s.jp/fan/images/oshiraku-images/3_9779f6dbde.svg,actual_media,好きすぎて滅！ 元曲・MV関連実媒体,media/page_sources_sukisugite_metsu/sukisugite_metsu_00012__3_9779f6dbde.svg,image/svg+xml,https://books.r10s.jp/fan/images/oshiraku-images/3_9779f6dbde.svg,https://fan.books.rakuten.co.jp/articles/3866,ff74394c011afde4456aa49bb940ccd11a70b84d6890e27184073dec1f160f04,sukisugite_metsu_00012,html_media
3370,https://books.r10s.jp/fan/images/oshiraku-images/5_8b43aca1e4.svg,actual_media,好きすぎて滅！ 元曲・MV関連実媒体,media/page_sources_sukisugite_metsu/sukisugite_metsu_00014__5_8b43aca1e4.svg,image/svg+xml,https://books.r10s.jp/fan/images/oshiraku-images/5_8b43aca1e4.svg,https://fan.books.rakuten.co.jp/articles/3866,9a767c4fbcc5d1e0013a8b1627e86a02371dc22230ebf280a02c9c09cd628c94,sukisugite_metsu_00014,html_media
112764,https://books.r10s.jp/fan/images/oshiraku-images/oshiraku_M_LK_M_LK_aonooto_main_a1745ebe7a.jpg?fitaround=720:540,actual_media,好きすぎて滅！ 元曲・MV関連実媒体,media/page_sources_sukisugite_metsu/sukisugite_metsu_00006__oshiraku_M_LK_M_LK_aonooto_main_a1745ebe7a.jpg,image/jpeg,https://books.r10s.jp/fan/images/oshiraku-images/oshiraku_M_LK_M_LK_aonooto_main_a1745ebe7a.jpg?fitaround=720:540,https://fan.books.rakuten.co.jp/articles/3866,e8a260f413da39d3732a74606fb26a711c0530400b3c494c218df94925d0fc92,sukisugite_metsu_00006,html_media
2665,https://books.r10s.jp/fan/images/oshiraku-images/1_e9677a9a92.svg,actual_media,好きすぎて滅！ 元曲・MV関連実媒体,media/page_sources_sukisugite_metsu/sukisugite_metsu_00010__1_e9677a9a92.svg,image/svg+xml,https://books.r10s.jp/fan/images/oshiraku-images/1_e9677a9a92.svg,https://fan.books.rakuten.co.jp/articles/3866,9124aa2dcfc30cf829fd5f07c5e3879a861b7e0df785ef2b8ec4e415e8ff3274,sukisugite_metsu_00010,html_media
4285,https://books.r10s.jp/fan/images/oshiraku-images/10_23affc61d1.svg,actual_media,好きすぎて滅！ 元曲・MV関連実媒体,media/page_sources_sukisugite_metsu/sukisugite_metsu_00019__10_23affc61d1.svg,image/svg+xml,https://books.r10s.jp/fan/images/oshiraku-images/10_23affc61d1.svg,https://fan.books.rakuten.co.jp/articles/3866,fd16964ce9e4ccca65faa09c51458dd189a735d03e9cc05eebdfd477ab164dd6,sukisugite_metsu_00019,html_media
2920,https://books.r10s.jp/fan/images/oshiraku-images/DSB_1226_aebe604920.jpg?fitin=96:72,actual_media,好きすぎて滅！ 元曲・MV関連実媒体,media/page_sources_sukisugite_metsu/sukisugite_metsu_00026__DSB_1226_aebe604920.jpg,image/jpeg,https://books.r10s.jp/fan/images/oshiraku-images/DSB_1226_aebe604920.jpg?fitin=96:72,https://fan.books.rakuten.co.jp/articles/3866,bd40d28dad128a6151610623333c2a53d50f934778c0b6f998e7f1bd6c03fad5,sukisugite_metsu_00026,html_media
3417,https://books.r10s.jp/fan/images/oshiraku-images/7_98a9ef33fc.svg,actual_media,好きすぎて滅！ 元曲・MV関連実媒体,media/page_sources_sukisugite_metsu/sukisugite_metsu_00016__7_98a9ef33fc.svg,image/svg+xml,https://books.r10s.jp/fan/images/oshiraku-images/7_98a9ef33fc.svg,https://fan.books.rakuten.co.jp/articles/3866,eaf7730680f1a4ef72e3b7afe738ab68c1889cbd400327460f0cdd6a6b296709,sukisugite_metsu_00016,html_media
3106,https://books.r10s.jp/fan/images/oshiraku-images/DSC_9022_3cc4e0d1a6.JPG?fitin=96:72,actual_media,好きすぎて滅！ 元曲・MV関連実媒体,media/page_sources_sukisugite_metsu/sukisugite_metsu_00027__DSC_9022_3cc4e0d1a6.jpg,image/jpeg,https://books.r10s.jp/fan/images/oshiraku-images/DSC_9022_3cc4e0d1a6.JPG?fitin=96:72,https://fan.books.rakuten.co.jp/articles/3866,3f67350b08bfcfc701ffc28312a738940ee58756e82e92ad931dd32eb0b63b90,sukisugite_metsu_00027,html_media
5009,https://books.r10s.jp/fan/images/oshiraku-images/sore_snowman_main_fdbac76c3d.jpg?fitin=96:72,actual_media,好きすぎて滅！ 元曲・MV関連実媒体,media/page_sources_sukisugite_metsu/sukisugite_metsu_00024__sore_snowman_main_fdbac76c3d.jpg,image/jpeg,https://books.r10s.jp/fan/images/oshiraku-images/sore_snowman_main_fdbac76c3d.jpg?fitin=96:72,https://fan.books.rakuten.co.jp/articles/3866,09874276922b6ae783a4293132ecc545ccf4f921675b97f1863675b33c0554fb,sukisugite_metsu_00024,html_media
3772,https://books.r10s.jp/fan/images/oshiraku-images/sanohayato_yoshidajinto_tsumitobatsutoametokiss_jacket_8431e6616a.jpg?fitin=96:72,actual_media,好きすぎて滅！ 元曲・MV関連実媒体,media/page_sources_sukisugite_metsu/sukisugite_metsu_00020__sanohayato_yoshidajinto_tsumitobatsutoametokiss_jacket_8431e6616a.jpg,image/jpeg,https://books.r10s.jp/fan/images/oshiraku-images/sanohayato_yoshidajinto_tsumitobatsutoametokiss_jacket_8431e6616a.jpg?fitin=96:72,https://fan.books.rakuten.co.jp/articles/3866,8bef858d2a34d42a6f534c04f63bf6f23c056e538d4928e60757d4d9c7ee7723,sukisugite_metsu_00020,html_media
4764,https://books.r10s.jp/fan/images/oshiraku-images/6_79df7c3a92.svg,actual_media,好きすぎて滅！ 元曲・MV関連実媒体,media/page_sources_sukisugite_metsu/sukisugite_metsu_00015__6_79df7c3a92.svg,image/svg+xml,https://books.r10s.jp/fan/images/oshiraku-images/6_79df7c3a92.svg,https://fan.books.rakuten.co.jp/articles/3866,c0786055fb2a2f125366387c6f8757a3f7dd020e5a8f73985624c1d4dfc5e983,sukisugite_metsu_00015,html_media
2075,https://books.r10s.jp/fan/images/oshiraku-images/8_e8d3bea7e9.svg,actual_media,好きすぎて滅！ 元曲・MV関連実媒体,media/page_sources_sukisugite_metsu/sukisugite_metsu_00017__8_e8d3bea7e9.svg,image/svg+xml,https://books.r10s.jp/fan/images/oshiraku-images/8_e8d3bea7e9.svg,https://fan.books.rakuten.co.jp/articles/3866,fecbf5cc240c61de4a88550595769da76c1a8a76e9ae7ee2ebe68570578fa356,sukisugite_metsu_00017,html_media
4793,https://books.r10s.jp/fan/images/oshiraku-images/onitaiji_main_5afc7fac0a.jpg?fitin=96:72,actual_media,好きすぎて滅！ 元曲・MV関連実媒体,media/page_sources_sukisugite_metsu/sukisugite_metsu_00023__onitaiji_main_5afc7fac0a.jpg,image/jpeg,https://books.r10s.jp/fan/images/oshiraku-images/onitaiji_main_5afc7fac0a.jpg?fitin=96:72,https://fan.books.rakuten.co.jp/articles/3866,dd51cd50b5677769ed936a8beffbcdce37cf5cdb07191b1f6c52210f51677a10,sukisugite_metsu_00023,html_media
24661,https://books.r10s.jp/fan/images/oshiraku-images/m_lk_20251027_a0f7d45db2.jpg?fitin=300:225,actual_media,好きすぎて滅！ 元曲・MV関連実媒体,media/page_sources_sukisugite_metsu/sukisugite_metsu_00009__m_lk_20251027_a0f7d45db2.jpg,image/jpeg,https://books.r10s.jp/fan/images/oshiraku-images/m_lk_20251027_a0f7d45db2.jpg?fitin=300:225,https://fan.books.rakuten.co.jp/articles/3866,bf998c864b9518db35e38370619473a29a4c324df4c2ee8cf142698638a4204e,sukisugite_metsu_00009,html_media
1941,https://books.r10s.jp/fan/images/oshiraku-images/2_abd7606d19.svg,actual_media,好きすぎて滅！ 元曲・MV関連実媒体,media/page_sources_sukisugite_metsu/sukisugite_metsu_00011__2_abd7606d19.svg,image/svg+xml,https://books.r10s.jp/fan/images/oshiraku-images/2_abd7606d19.svg,https://fan.books.rakuten.co.jp/articles/3866,854c53a6a4d011732716a04d78731be3d77c6ae258f48e813afaff0eb5ca3f72,sukisugite_metsu_00011,html_media
3990,https://books.r10s.jp/fan/images/oshiraku-images/BBK_0463_8f882c7ef6.JPG?fitin=96:72,actual_media,好きすぎて滅！ 元曲・MV関連実媒体,media/page_sources_sukisugite_metsu/sukisugite_metsu_00029__BBK_0463_8f882c7ef6.jpg,image/jpeg,https://books.r10s.jp/fan/images/oshiraku-images/BBK_0463_8f882c7ef6.JPG?fitin=96:72,https://fan.books.rakuten.co.jp/articles/3866,093834fc2d9bc225b32bd51c432cef6f2e6dd905f65adc2c16429e3ec91f8ccc,sukisugite_metsu_00029,html_media
3821,https://books.r10s.jp/fan/images/oshiraku-images/goodphrases_main_097086e8c5.jpg?fitin=96:72,actual_media,好きすぎて滅！ 元曲・MV関連実媒体,media/page_sources_sukisugite_metsu/sukisugite_metsu_00032__goodphrases_main_097086e8c5.jpg,image/jpeg,https://books.r10s.jp/fan/images/oshiraku-images/goodphrases_main_097086e8c5.jpg?fitin=96:72,https://fan.books.rakuten.co.jp/articles/3866,14a5e57a18eaf5f61183debc8477eed28fffa8ebedb4e9a87be1e53cb250e930,sukisugite_metsu_00032,html_media
2184,https://books.r10s.jp/fan/images/oshiraku-images/vivant_main_02f0d5cb68.jpg?fitin=96:72,actual_media,好きすぎて滅！ 元曲・MV関連実媒体,media/page_sources_sukisugite_metsu/sukisugite_metsu_00033__vivant_main_02f0d5cb68.webp,image/webp,https://books.r10s.jp/fan/images/oshiraku-images/vivant_main_02f0d5cb68.jpg?fitin=96:72,https://fan.books.rakuten.co.jp/articles/3866,81cad2f6ef33c82154aa480ba1532dac9d40ddd867f9250b2d481f8c62cb9475,sukisugite_metsu_00033,html_media
4023,https://books.r10s.jp/fan/images/oshiraku-images/chiikawa_main_78cc89060b.jpg?fitin=96:72,actual_media,好きすぎて滅！ 元曲・MV関連実媒体,media/page_sources_sukisugite_metsu/sukisugite_metsu_00036__chiikawa_main_78cc89060b.jpg,image/jpeg,https://books.r10s.jp/fan/images/oshiraku-images/chiikawa_main_78cc89060b.jpg?fitin=96:72,https://fan.books.rakuten.co.jp/articles/3866,caba8bde833a32bcbe9e3d49ee8f1fd15b5bd51c01f261b750ccce7125f13279,sukisugite_metsu_00036,html_media
179276,https://books.r10s.jp/fan/images/oshiraku-images/m_lk_sukisugitemetsu_jacket_69e6896746.jpg?fitaround=720:540,actual_media,好きすぎて滅！ 元曲・MV関連実媒体,media/page_sources_sukisugite_metsu/sukisugite_metsu_00005__m_lk_sukisugitemetsu_jacket_69e6896746.jpg,image/jpeg,https://books.r10s.jp/fan/images/oshiraku-images/m_lk_sukisugitemetsu_jacket_69e6896746.jpg?fitaround=720:540,https://fan.books.rakuten.co.jp/articles/3866,187728206d06dc1a76e5ce93f1e3efbc800c783c4341fe85f68c4ca710b8d900,sukisugite_metsu_00005,html_media
95877,https://books.r10s.jp/fan/images/oshiraku-images/m_lk_sukisugitemetsu_mvthumbnail_df0665074a.png?fitin=300:225,actual_media,好きすぎて滅！ 元曲・MV関連実媒体,media/page_sources_sukisugite_metsu/sukisugite_metsu_00008__m_lk_sukisugitemetsu_mvthumbnail_df0665074a.png,image/png,https://books.r10s.jp/fan/images/oshiraku-images/m_lk_sukisugitemetsu_mvthumbnail_df0665074a.png?fitin=300:225,https://fan.books.rakuten.co.jp/articles/3866,d7ab68fdfaebe6d00c6a40bf9a33304dca5b88198d1d5bf71f31aace39111ba1,sukisugite_metsu_00008,html_media
2857,https://books.r10s.jp/fan/images/oshiraku-images/tamotsun_main_0d9b3778d5.jpg?fitin=96:72,actual_media,好きすぎて滅！ 元曲・MV関連実媒体,media/page_sources_sukisugite_metsu/sukisugite_metsu_00037__tamotsun_main_0d9b3778d5.jpg,image/jpeg,https://books.r10s.jp/fan/images/oshiraku-images/tamotsun_main_0d9b3778d5.jpg?fitin=96:72,https://fan.books.rakuten.co.jp/articles/3866,5dfd804868ca1f18b0ea40ae58ff488afeefd6216bf73d6b1e05a16825855633,sukisugite_metsu_00037,html_media
2500,https://books.r10s.jp/fan/images/oshiraku-images/showerofheart_main_973beca77a.jpg?fitin=96:72,actual_media,好きすぎて滅！ 元曲・MV関連実媒体,media/page_sources_sukisugite_metsu/sukisugite_metsu_00035__showerofheart_main_973beca77a.jpg,image/jpeg,https://books.r10s.jp/fan/images/oshiraku-images/showerofheart_main_973beca77a.jpg?fitin=96:72,https://fan.books.rakuten.co.jp/articles/3866,1afe345aca50a5f5a0b45b50cbca38d2c636cbcc03f3e3d251d4f916b883bc6e,sukisugite_metsu_00035,html_media
3337,https://books.r10s.jp/fan/images/oshiraku-images/edogawakai_main_959a1b3f43.jpg?fitin=96:72,actual_media,好きすぎて滅！ 元曲・MV関連実媒体,media/page_sources_sukisugite_metsu/sukisugite_metsu_00034__edogawakai_main_959a1b3f43.jpg,image/jpeg,https://books.r10s.jp/fan/images/oshiraku-images/edogawakai_main_959a1b3f43.jpg?fitin=96:72,https://fan.books.rakuten.co.jp/articles/3866,5b74747459d486aabb5cb4e666a12deb2ace94a892ac51994fb8df780076dda8,sukisugite_metsu_00034,html_media
607577,https://books.r10s.jp/fan/images/oshiraku-images/m_lk_sukisugitemetsu_mvthumbnail_df0665074a.png?fitin=808:606,actual_media,好きすぎて滅！ 元曲・MV関連実媒体,media/page_sources_sukisugite_metsu/sukisugite_metsu_00004__m_lk_sukisugitemetsu_mvthumbnail_df0665074a.png,image/png,https://books.r10s.jp/fan/images/oshiraku-images/m_lk_sukisugitemetsu_mvthumbnail_df0665074a.png?fitin=808:606,https://fan.books.rakuten.co.jp/articles/3866,6fdb657f60570497e6889231546e9edf56bddeb479617d814ad70011d25fda9d,sukisugite_metsu_00004,html_media
508033,https://books.r10s.jp/fan/images/oshiraku-images/m_lk_sukisugitemetsu_mvthumbnail_df0665074a.png,actual_media,好きすぎて滅！ 元曲・MV関連実媒体,media/page_sources_sukisugite_metsu/sukisugite_metsu_00001__m_lk_sukisugitemetsu_mvthumbnail_df0665074a.png,image/png,https://books.r10s.jp/fan/images/oshiraku-images/m_lk_sukisugitemetsu_mvthumbnail_df0665074a.png,https://fan.books.rakuten.co.jp/articles/3866,e1e8800bf367711f873705a57c0682ba6bf899c7368b289e3d9bc76cdb7e8ce7,sukisugite_metsu_00001,meta_image
3559,https://books.r10s.jp/fan/images/oshiraku-images/kaeremonday_main_0d93cfaa64.jpg?fitin=96:72,actual_media,好きすぎて滅！ 元曲・MV関連実媒体,media/page_sources_sukisugite_metsu/sukisugite_metsu_00039__kaeremonday_main_0d93cfaa64.jpg,image/jpeg,https://books.r10s.jp/fan/images/oshiraku-images/kaeremonday_main_0d93cfaa64.jpg?fitin=96:72,https://fan.books.rakuten.co.jp/articles/3866,dd1c6e7198ac51c106b938d882dd986ef8dfe4356ec8b465cb9838a5be8ab064,sukisugite_metsu_00039,html_media
2589,https://books.r10s.jp/fan/images/oshiraku-images/tetuwandassyu_main_d63e4059a4.jpg?fitin=96:72,actual_media,好きすぎて滅！ 元曲・MV関連実媒体,media/page_sources_sukisugite_metsu/sukisugite_metsu_00040__tetuwandassyu_main_d63e4059a4.jpg,image/jpeg,https://books.r10s.jp/fan/images/oshiraku-images/tetuwandassyu_main_d63e4059a4.jpg?fitin=96:72,https://fan.books.rakuten.co.jp/articles/3866,93d856655aa2bc2222e09c16e1d1786d13052b4f4c753477ac352d1052153426,sukisugite_metsu_00040,html_media
2937,https://books.r10s.jp/fan/images/oshiraku-images/glengarryglenross_main_c5965fc3f2.jpg?fitin=96:72,actual_media,好きすぎて滅！ 元曲・MV関連実媒体,media/page_sources_sukisugite_metsu/sukisugite_metsu_00038__glengarryglenross_main_c5965fc3f2.jpg,image/jpeg,https://books.r10s.jp/fan/images/oshiraku-images/glengarryglenross_main_c5965fc3f2.jpg?fitin=96:72,https://fan.books.rakuten.co.jp/articles/3866,2fd3d5e5e4d901e536c1e84f322ea34310e8b224bd18a483bbfaa15ffb98cf48,sukisugite_metsu_00038,html_media
2619,https://books.r10s.jp/fan/images/oshiraku-images/300yennoshinigami_main_5502e50405.jpg?fitin=96:72,actual_media,好きすぎて滅！ 元曲・MV関連実媒体,media/page_sources_sukisugite_metsu/sukisugite_metsu_00041__300yennoshinigami_main_5502e50405.jpg,image/jpeg,https://books.r10s.jp/fan/images/oshiraku-images/300yennoshinigami_main_5502e50405.jpg?fitin=96:72,https://fan.books.rakuten.co.jp/articles/3866,7e03b260cd4ba551ee6ae7e5575e9dac702f3d5e7a45e5a859be818e9892cdca,sukisugite_metsu_00041,html_media
4486,https://books.r10s.jp/fan/images/oshiraku-images/AAK_0078_4ac330ff8b.JPG?fitin=96:72,actual_media,好きすぎて滅！ 元曲・MV関連実媒体,media/page_sources_sukisugite_metsu/sukisugite_metsu_00028__AAK_0078_4ac330ff8b.jpg,image/jpeg,https://books.r10s.jp/fan/images/oshiraku-images/AAK_0078_4ac330ff8b.JPG?fitin=96:72,https://fan.books.rakuten.co.jp/articles/3866,cff91d6b0ca93ae3b34c74c41629904f6a61dde773cdb9c62acd19c12727fc68,sukisugite_metsu_00028,html_media
53683,https://fan.books.rakuten.co.jp/images/about_oshitag/follow.svg,actual_media,好きすぎて滅！ 元曲・MV関連実媒体,media/page_sources_sukisugite_metsu/sukisugite_metsu_00030__follow.svg,image/svg+xml,https://fan.books.rakuten.co.jp/images/about_oshitag/follow.svg,https://fan.books.rakuten.co.jp/articles/3866,2d8117b089accf8d086632e56ed31deadb5442545f4b2c9d26f74534d79bf124,sukisugite_metsu_00030,html_media
9800,https://fan.books.rakuten.co.jp/_next/image?url=%2Fimages%2Fsns%2Fx.png&w=640&q=75,actual_media,好きすぎて滅！ 元曲・MV関連実媒体,media/page_sources_sukisugite_metsu/sukisugite_metsu_00043__image.png,image/png,https://fan.books.rakuten.co.jp/_next/image?url=%2Fimages%2Fsns%2Fx.png&w=640&q=75,https://fan.books.rakuten.co.jp/articles/3866,ea40eb74e3401b5883f76ac212b3cedc1ad0d6a1d55612c8d273628218a22f7a,sukisugite_metsu_00043,srcset
2953,https://books.r10s.jp/fan/images/oshiraku-images/vivant_main_02f0d5cb68.jpg?fitin=96:72&#x27;),actual_media,好きすぎて滅！ 元曲・MV関連実媒体,media/page_sources_sukisugite_metsu/sukisugite_metsu_00067__vivant_main_02f0d5cb68.jpg,image/jpeg,https://books.r10s.jp/fan/images/oshiraku-images/vivant_main_02f0d5cb68.jpg?fitin=96:72&#x27;),https://fan.books.rakuten.co.jp/articles/3866,061a88a27bc83f12df7e8eaf08f5445d88e79d643e9444ec38b96316ccc632a1,sukisugite_metsu_00067,embedded_absolute
1876488,https://books.r10s.jp/fan/images/oshiraku-images/m_lk_20251027_a0f7d45db2.jpg,actual_media,好きすぎて滅！ 元曲・MV関連実媒体,media/page_sources_sukisugite_metsu/sukisugite_metsu_00055__m_lk_20251027_a0f7d45db2.jpg,image/jpeg,https://books.r10s.jp/fan/images/oshiraku-images/m_lk_20251027_a0f7d45db2.jpg,https://fan.books.rakuten.co.jp/articles/3866,e5dc821e8c319243cfd63f888d9541cb94276eda1569539992e9a6aaee0a038e,sukisugite_metsu_00055,embedded_absolute
11709,https://books.r10s.jp/fan/images/oshiraku-images/thumbnail_oshiraku_M_LK_M_LK_aonooto_main_a1745ebe7a.jpg,actual_media,好きすぎて滅！ 元曲・MV関連実媒体,media/page_sources_sukisugite_metsu/sukisugite_metsu_00080__thumbnail_oshiraku_M_LK_M_LK_aonooto_main_a1745ebe7a.jpg,image/jpeg,https://books.r10s.jp/fan/images/oshiraku-images/thumbnail_oshiraku_M_LK_M_LK_aonooto_main_a1745ebe7a.jpg,https://fan.books.rakuten.co.jp/articles/3866,9de4ee3bd72fa72ef4f53f24e0b5f21066121573d09d6d7fb037053f85a7b37e,sukisugite_metsu_00080,embedded_absolute
8220,https://books.r10s.jp/fan/images/oshiraku-images/thumbnail_DSB_1226_aebe604920.jpg,actual_media,好きすぎて滅！ 元曲・MV関連実媒体,media/page_sources_sukisugite_metsu/sukisugite_metsu_00085__thumbnail_DSB_1226_aebe604920.jpg,image/jpeg,https://books.r10s.jp/fan/images/oshiraku-images/thumbnail_DSB_1226_aebe604920.jpg,https://fan.books.rakuten.co.jp/articles/3866,88ba550c18fbe18e03d79af30078f011ff4a6eec11f9e0a0da6e645692be606a,sukisugite_metsu_00085,embedded_absolute
10986,https://books.r10s.jp/fan/images/oshiraku-images/thumbnail_695_BBK_0237_f7471491fd.JPG,actual_media,好きすぎて滅！ 元曲・MV関連実媒体,media/page_sources_sukisugite_metsu/sukisugite_metsu_00083__thumbnail_695_BBK_0237_f7471491fd.jpg,image/jpeg,https://books.r10s.jp/fan/images/oshiraku-images/thumbnail_695_BBK_0237_f7471491fd.JPG,https://fan.books.rakuten.co.jp/articles/3866,fcf58b3ae3958d7e6025abe64f779cecb6edf5512c1fb2bf544f0def0239bc94,sukisugite_metsu_00083,embedded_absolute
70306,https://books.r10s.jp/fan/images/oshiraku-images/thumbnail_m_lk_sukisugitemetsu_mvthumbnail_df0665074a.png,actual_media,好きすぎて滅！ 元曲・MV関連実媒体,media/page_sources_sukisugite_metsu/sukisugite_metsu_00077__thumbnail_m_lk_sukisugitemetsu_mvthumbnail_df0665074a.png,image/png,https://books.r10s.jp/fan/images/oshiraku-images/thumbnail_m_lk_sukisugitemetsu_mvthumbnail_df0665074a.png,https://fan.books.rakuten.co.jp/articles/3866,58f30795fea64e702694fac08369ba1b44f111dfc165e2aaf7d7d3e2cc6cfd1f,sukisugite_metsu_00077,embedded_absolute
9235,https://books.r10s.jp/fan/images/oshiraku-images/thumbnail_m_lk_20251027_a0f7d45db2.jpg,actual_media,好きすぎて滅！ 元曲・MV関連実媒体,media/page_sources_sukisugite_metsu/sukisugite_metsu_00082__thumbnail_m_lk_20251027_a0f7d45db2.jpg,image/jpeg,https://books.r10s.jp/fan/images/oshiraku-images/thumbnail_m_lk_20251027_a0f7d45db2.jpg,https://fan.books.rakuten.co.jp/articles/3866,471b7a477de25f92653c3fe033404753454b894b5ca28d0f59260c9dad665c55,sukisugite_metsu_00082,embedded_absolute
10681,https://books.r10s.jp/fan/images/oshiraku-images/thumbnail_m_lk_sukisugitemetsu_jacket_69e6896746.jpg,actual_media,好きすぎて滅！ 元曲・MV関連実媒体,media/page_sources_sukisugite_metsu/sukisugite_metsu_00078__thumbnail_m_lk_sukisugitemetsu_jacket_69e6896746.jpg,image/jpeg,https://books.r10s.jp/fan/images/oshiraku-images/thumbnail_m_lk_sukisugitemetsu_jacket_69e6896746.jpg,https://fan.books.rakuten.co.jp/articles/3866,1ff469e061ca1036e8f29c2bd15b95fef83703279379d27edcafcb16181ee751,sukisugite_metsu_00078,embedded_absolute
9985,https://books.r10s.jp/fan/images/oshiraku-images/thumbnail_sanohayato_yoshidajinto_tsumitobatsutoametokiss_jacket_8431e6616a.jpg,actual_media,好きすぎて滅！ 元曲・MV関連実媒体,media/page_sources_sukisugite_metsu/sukisugite_metsu_00093__thumbnail_sanohayato_yoshidajinto_tsumitobatsutoametokiss_jacket_8431e6616a.jpg,image/jpeg,https://books.r10s.jp/fan/images/oshiraku-images/thumbnail_sanohayato_yoshidajinto_tsumitobatsutoametokiss_jacket_8431e6616a.jpg,https://fan.books.rakuten.co.jp/articles/3866,a0445b533a2d803e648cfc7b6d114ebda6a93613e8b5b72600dffc29c7d2520c,sukisugite_metsu_00093,embedded_absolute
11420,https://books.r10s.jp/fan/images/oshiraku-images/thumbnail_BBK_0463_8f882c7ef6.JPG,actual_media,好きすぎて滅！ 元曲・MV関連実媒体,media/page_sources_sukisugite_metsu/sukisugite_metsu_00091__thumbnail_BBK_0463_8f882c7ef6.jpg,image/jpeg,https://books.r10s.jp/fan/images/oshiraku-images/thumbnail_BBK_0463_8f882c7ef6.JPG,https://fan.books.rakuten.co.jp/articles/3866,793379aaced02a2155b0e7d0ceecdaa458400d94dce132cd30b757f2d86738ed,sukisugite_metsu_00091,embedded_absolute
8544,https://books.r10s.jp/fan/images/oshiraku-images/thumbnail_DSC_9022_3cc4e0d1a6.JPG,actual_media,好きすぎて滅！ 元曲・MV関連実媒体,media/page_sources_sukisugite_metsu/sukisugite_metsu_00087__thumbnail_DSC_9022_3cc4e0d1a6.jpg,image/jpeg,https://books.r10s.jp/fan/images/oshiraku-images/thumbnail_DSC_9022_3cc4e0d1a6.JPG,https://fan.books.rakuten.co.jp/articles/3866,c5149bd3be0f17620f4be7c8f0479fe5fb3bddd765e25e19f7ad4e9d917cee16,sukisugite_metsu_00087,embedded_absolute
12503,https://books.r10s.jp/fan/images/oshiraku-images/thumbnail_AAK_0078_4ac330ff8b.JPG,actual_media,好きすぎて滅！ 元曲・MV関連実媒体,media/page_sources_sukisugite_metsu/sukisugite_metsu_00089__thumbnail_AAK_0078_4ac330ff8b.jpg,image/jpeg,https://books.r10s.jp/fan/images/oshiraku-images/thumbnail_AAK_0078_4ac330ff8b.JPG,https://fan.books.rakuten.co.jp/articles/3866,de2c50bae678b0ca2c860a3f2818bd9eb5cf74faa3596602366c968aa2b34a45,sukisugite_metsu_00089,embedded_absolute
11394,https://books.r10s.jp/fan/images/oshiraku-images/thumbnail_otonamoratorium_main_39611a19e2.jpg,actual_media,好きすぎて滅！ 元曲・MV関連実媒体,media/page_sources_sukisugite_metsu/sukisugite_metsu_00095__thumbnail_otonamoratorium_main_39611a19e2.jpg,image/jpeg,https://books.r10s.jp/fan/images/oshiraku-images/thumbnail_otonamoratorium_main_39611a19e2.jpg,https://fan.books.rakuten.co.jp/articles/3866,27f9b3f04e2a86bf3a0ce3bf6345c0e3db50c75d4bc29875b531aaa1c915eb97,sukisugite_metsu_00095,embedded_absolute
504074,https://books.r10s.jp/fan/images/oshiraku-images/695_BBK_0237_f7471491fd.JPG,actual_media,好きすぎて滅！ 元曲・MV関連実媒体,media/page_sources_sukisugite_metsu/sukisugite_metsu_00084__695_BBK_0237_f7471491fd.jpg,image/jpeg,https://books.r10s.jp/fan/images/oshiraku-images/695_BBK_0237_f7471491fd.JPG,https://fan.books.rakuten.co.jp/articles/3866,a1f869667fa2e382ccc15ff26e6db9c7c0f3755fd4865e2a1b3953dfc5e81d16,sukisugite_metsu_00084,embedded_absolute
13755,https://books.r10s.jp/fan/images/oshiraku-images/thumbnail_sore_snowman_main_fdbac76c3d.jpg,actual_media,好きすぎて滅！ 元曲・MV関連実媒体,media/page_sources_sukisugite_metsu/sukisugite_metsu_00101__thumbnail_sore_snowman_main_fdbac76c3d.jpg,image/jpeg,https://books.r10s.jp/fan/images/oshiraku-images/thumbnail_sore_snowman_main_fdbac76c3d.jpg,https://fan.books.rakuten.co.jp/articles/3866,2912bbf230c00f6d65fafb269324a0a88e15c1f20326f8082d1ec04928f65c72,sukisugite_metsu_00101,embedded_absolute
9064,https://books.r10s.jp/fan/images/oshiraku-images/thumbnail_kiminosukihamuteki_main_a252fb2758.jpg,actual_media,好きすぎて滅！ 元曲・MV関連実媒体,media/page_sources_sukisugite_metsu/sukisugite_metsu_00097__thumbnail_kiminosukihamuteki_main_a252fb2758.jpg,image/jpeg,https://books.r10s.jp/fan/images/oshiraku-images/thumbnail_kiminosukihamuteki_main_a252fb2758.jpg,https://fan.books.rakuten.co.jp/articles/3866,a3e5096fdb0deb9d7b87b7bffaa4f75cd02c46e4cda68a6e0e620c78a6c460a7,sukisugite_metsu_00097,embedded_absolute
14687,https://books.r10s.jp/fan/images/oshiraku-images/thumbnail_onitaiji_main_5afc7fac0a.jpg,actual_media,好きすぎて滅！ 元曲・MV関連実媒体,media/page_sources_sukisugite_metsu/sukisugite_metsu_00099__thumbnail_onitaiji_main_5afc7fac0a.jpg,image/jpeg,https://books.r10s.jp/fan/images/oshiraku-images/thumbnail_onitaiji_main_5afc7fac0a.jpg,https://fan.books.rakuten.co.jp/articles/3866,75a9fe63a2b10175d7d5e8c6ee26a3172d2082bbc11bd04ab9747c8c208fc43a,sukisugite_metsu_00099,embedded_absolute
186544,https://books.r10s.jp/fan/images/oshiraku-images/DSB_1226_aebe604920.jpg,actual_media,好きすぎて滅！ 元曲・MV関連実媒体,media/page_sources_sukisugite_metsu/sukisugite_metsu_00086__DSB_1226_aebe604920.jpg,image/jpeg,https://books.r10s.jp/fan/images/oshiraku-images/DSB_1226_aebe604920.jpg,https://fan.books.rakuten.co.jp/articles/3866,943b8eb8eebf408c30afb9d0ab8b865bc23e128981a738ac3a403fa982e6a511,sukisugite_metsu_00086,embedded_absolute
122409,https://fan.books.rakuten.co.jp/images/decoration/default-images/tag.png,actual_media,好きすぎて滅！ 元曲・MV関連実媒体,media/page_sources_sukisugite_metsu/sukisugite_metsu_00031__tag.png,image/png,https://fan.books.rakuten.co.jp/images/decoration/default-images/tag.png,https://fan.books.rakuten.co.jp/articles/3866,639fd3fd87ebd44fb00cc442fec5ce1cb8a67b056061912227d363e22cd98e8b,sukisugite_metsu_00031,html_media
2388453,https://books.r10s.jp/fan/images/oshiraku-images/oshiraku_M_LK_M_LK_aonooto_main_a1745ebe7a.jpg,actual_media,好きすぎて滅！ 元曲・MV関連実媒体,media/page_sources_sukisugite_metsu/sukisugite_metsu_00081__oshiraku_M_LK_M_LK_aonooto_main_a1745ebe7a.jpg,image/jpeg,https://books.r10s.jp/fan/images/oshiraku-images/oshiraku_M_LK_M_LK_aonooto_main_a1745ebe7a.jpg,https://fan.books.rakuten.co.jp/articles/3866,8dc24a4f0e312c7839856d6e105d77984ba055f66bbc75e2636897ac2cace443,sukisugite_metsu_00081,embedded_absolute
217228,https://books.r10s.jp/fan/images/oshiraku-images/onitaiji_main_5afc7fac0a.jpg,actual_media,好きすぎて滅！ 元曲・MV関連実媒体,media/page_sources_sukisugite_metsu/sukisugite_metsu_00100__onitaiji_main_5afc7fac0a.jpg,image/jpeg,https://books.r10s.jp/fan/images/oshiraku-images/onitaiji_main_5afc7fac0a.jpg,https://fan.books.rakuten.co.jp/articles/3866,0264f87dcd0f1c0f04302cf766c0055bb2d0ad9adff8f276efff98b793ce481b,sukisugite_metsu_00100,embedded_absolute
128627,https://books.r10s.jp/fan/images/oshiraku-images/m_lk_20251027_a0f7d45db2.jpg?_ex=808x606,actual_media,好きすぎて滅！ 元曲・MV関連実媒体,media/page_sources_sukisugite_metsu/sukisugite_metsu_00076__m_lk_20251027_a0f7d45db2.jpg,image/jpeg,https://books.r10s.jp/fan/images/oshiraku-images/m_lk_20251027_a0f7d45db2.jpg?_ex=808x606,https://fan.books.rakuten.co.jp/articles/3866,6fdc473331a3a094fe45cd65fe512c3e5f61b38d455b78f6ab94ea7d1c42eb27,sukisugite_metsu_00076,embedded_absolute
1043844,https://books.r10s.jp/fan/images/oshiraku-images/BBK_0463_8f882c7ef6.JPG,actual_media,好きすぎて滅！ 元曲・MV関連実媒体,media/page_sources_sukisugite_metsu/sukisugite_metsu_00092__BBK_0463_8f882c7ef6.jpg,image/jpeg,https://books.r10s.jp/fan/images/oshiraku-images/BBK_0463_8f882c7ef6.JPG,https://fan.books.rakuten.co.jp/articles/3866,fe4441b03317552ba80116414dad9c79c6a17dbbe85748e93e92e20a4f39cdda,sukisugite_metsu_00092,embedded_absolute
1132506,https://books.r10s.jp/fan/images/oshiraku-images/sore_snowman_main_fdbac76c3d.jpg,actual_media,好きすぎて滅！ 元曲・MV関連実媒体,media/page_sources_sukisugite_metsu/sukisugite_metsu_00102__sore_snowman_main_fdbac76c3d.jpg,image/jpeg,https://books.r10s.jp/fan/images/oshiraku-images/sore_snowman_main_fdbac76c3d.jpg,https://fan.books.rakuten.co.jp/articles/3866,2f74baad1c2c99cf503fea8f234ad3fc4432cc129a6b9dcd7667d4d8d9408c2e,sukisugite_metsu_00102,embedded_absolute
377450,https://books.r10s.jp/fan/images/oshiraku-images/kiminosukihamuteki_main_a252fb2758.jpg,actual_media,好きすぎて滅！ 元曲・MV関連実媒体,media/page_sources_sukisugite_metsu/sukisugite_metsu_00098__kiminosukihamuteki_main_a252fb2758.jpg,image/jpeg,https://books.r10s.jp/fan/images/oshiraku-images/kiminosukihamuteki_main_a252fb2758.jpg,https://fan.books.rakuten.co.jp/articles/3866,fda0342aa64e8f606727d1e601bb3cf5121322517fe5e1c3a4e09075d0b656a2,sukisugite_metsu_00098,embedded_absolute
471861,https://books.r10s.jp/fan/images/oshiraku-images/otonamoratorium_main_39611a19e2.jpg,actual_media,好きすぎて滅！ 元曲・MV関連実媒体,media/page_sources_sukisugite_metsu/sukisugite_metsu_00096__otonamoratorium_main_39611a19e2.jpg,image/jpeg,https://books.r10s.jp/fan/images/oshiraku-images/otonamoratorium_main_39611a19e2.jpg,https://fan.books.rakuten.co.jp/articles/3866,1d039f203e53c9293575b60f192e166e3484d8fe4ea19e84c2e094c0ab32b0bd,sukisugite_metsu_00096,embedded_absolute
633308,https://books.r10s.jp/fan/images/oshiraku-images/AAK_0078_4ac330ff8b.JPG,actual_media,好きすぎて滅！ 元曲・MV関連実媒体,media/page_sources_sukisugite_metsu/sukisugite_metsu_00090__AAK_0078_4ac330ff8b.jpg,image/jpeg,https://books.r10s.jp/fan/images/oshiraku-images/AAK_0078_4ac330ff8b.JPG,https://fan.books.rakuten.co.jp/articles/3866,ab21e8ee256389fb04d57fd7e8b80e1d2ff81f0d03a486260c7667aa6624fc94,sukisugite_metsu_00090,embedded_absolute
1779084,https://books.r10s.jp/fan/images/oshiraku-images/m_lk_sukisugitemetsu_jacket_69e6896746.jpg,actual_media,好きすぎて滅！ 元曲・MV関連実媒体,media/page_sources_sukisugite_metsu/sukisugite_metsu_00079__m_lk_sukisugitemetsu_jacket_69e6896746.jpg,image/jpeg,https://books.r10s.jp/fan/images/oshiraku-images/m_lk_sukisugitemetsu_jacket_69e6896746.jpg,https://fan.books.rakuten.co.jp/articles/3866,6797fbf6dc8fe6d192dc9cf22ac15603929a94e17e06927e00f4b44996d18d4c,sukisugite_metsu_00079,embedded_absolute
1209193,https://books.r10s.jp/fan/images/oshiraku-images/sanohayato_yoshidajinto_tsumitobatsutoametokiss_jacket_8431e6616a.jpg,actual_media,好きすぎて滅！ 元曲・MV関連実媒体,media/page_sources_sukisugite_metsu/sukisugite_metsu_00094__sanohayato_yoshidajinto_tsumitobatsutoametokiss_jacket_8431e6616a.jpg,image/jpeg,https://books.r10s.jp/fan/images/oshiraku-images/sanohayato_yoshidajinto_tsumitobatsutoametokiss_jacket_8431e6616a.jpg,https://fan.books.rakuten.co.jp/articles/3866,f8254e816d691db64626ff0a9e7b8dc417819cc8229fd9390e62bd2e5b3b575d,sukisugite_metsu_00094,embedded_absolute
1871952,https://books.r10s.jp/fan/images/oshiraku-images/DSC_9022_3cc4e0d1a6.JPG,actual_media,好きすぎて滅！ 元曲・MV関連実媒体,media/page_sources_sukisugite_metsu/sukisugite_metsu_00088__DSC_9022_3cc4e0d1a6.jpg,image/jpeg,https://books.r10s.jp/fan/images/oshiraku-images/DSC_9022_3cc4e0d1a6.JPG,https://fan.books.rakuten.co.jp/articles/3866,55306b4901e7f4d13d2c18fd19bef47b58302bc769a7d3cbb32234f2538c52dc,sukisugite_metsu_00088,embedded_absolute
128079,https://fan.books.rakuten.co.jp/images/splash_screens/iPhone_16_Plus__iPhone_15_Pro_Max__iPhone_15_Plus__iPhone_14_Pro_Max_landscape.png,actual_media,好きすぎて滅！ 元曲・MV関連実媒体,media/page_sources_sukisugite_metsu/sukisugite_metsu_00107__iPhone_16_Plus__iPhone_15_Pro_Max__iPhone_15_Plus__iPhone_14_Pro_Max_landscape.png,image/png,https://fan.books.rakuten.co.jp/images/splash_screens/iPhone_16_Plus__iPhone_15_Pro_Max__iPhone_15_Plus__iPhone_14_Pro_Max_landscape.png,https://fan.books.rakuten.co.jp/articles/3866,f00def53a18934fa8bc089f8d52d03d8ac4734dac08a74ab8359d704ae188467,sukisugite_metsu_00107,embedded_relative
8325,https://fan.books.rakuten.co.jp/apple-touch-icon.png,actual_media,好きすぎて滅！ 元曲・MV関連実媒体,media/page_sources_sukisugite_metsu/sukisugite_metsu_00103__apple-touch-icon.png,image/png,https://fan.books.rakuten.co.jp/apple-touch-icon.png,https://fan.books.rakuten.co.jp/articles/3866,bc5025dbe72fe78519570caf5dda7e2da07a4e92c93b8189b2505fa4b72649a9,sukisugite_metsu_00103,embedded_relative
108018,https://fan.books.rakuten.co.jp/images/splash_screens/iPhone_14__iPhone_13_Pro__iPhone_13__iPhone_12_Pro__iPhone_12_landscape.png,actual_media,好きすぎて滅！ 元曲・MV関連実媒体,media/page_sources_sukisugite_metsu/sukisugite_metsu_00110__iPhone_14__iPhone_13_Pro__iPhone_13__iPhone_12_Pro__iPhone_12_landscape.png,image/png,https://fan.books.rakuten.co.jp/images/splash_screens/iPhone_14__iPhone_13_Pro__iPhone_13__iPhone_12_Pro__iPhone_12_landscape.png,https://fan.books.rakuten.co.jp/articles/3866,c3dc572aa9405f3affecbe5db5efe0535a4a73ca3d1337d4dbd3238474f53aa9,sukisugite_metsu_00110,embedded_relative
59286,https://fan.books.rakuten.co.jp/images/splash_screens/iPhone_11__iPhone_XR_landscape.png,actual_media,好きすぎて滅！ 元曲・MV関連実媒体,media/page_sources_sukisugite_metsu/sukisugite_metsu_00113__iPhone_11__iPhone_XR_landscape.png,image/png,https://fan.books.rakuten.co.jp/images/splash_screens/iPhone_11__iPhone_XR_landscape.png,https://fan.books.rakuten.co.jp/articles/3866,0438e93a64ad364df4650f6a9eafcaa7d33fb78d6de648bd5eef2b5615b5d9ef,sukisugite_metsu_00113,embedded_relative
134694,https://fan.books.rakuten.co.jp/images/splash_screens/iPhone_16_Pro_Max_landscape.png,actual_media,好きすぎて滅！ 元曲・MV関連実媒体,media/page_sources_sukisugite_metsu/sukisugite_metsu_00105__iPhone_16_Pro_Max_landscape.png,image/png,https://fan.books.rakuten.co.jp/images/splash_screens/iPhone_16_Pro_Max_landscape.png,https://fan.books.rakuten.co.jp/articles/3866,d9325b37d61aa4bae9b7695ed2858ca3d6a885c481c0a1bc96b17ade66957b1b,sukisugite_metsu_00105,embedded_relative
100478,https://fan.books.rakuten.co.jp/images/splash_screens/iPhone_13_mini__iPhone_12_mini__iPhone_11_Pro__iPhone_XS__iPhone_X_landscape.png,actual_media,好きすぎて滅！ 元曲・MV関連実媒体,media/page_sources_sukisugite_metsu/sukisugite_metsu_00111__iPhone_13_mini__iPhone_12_mini__iPhone_11_Pro__iPhone_XS__iPhone_X_landscape.png,image/png,https://fan.books.rakuten.co.jp/images/splash_screens/iPhone_13_mini__iPhone_12_mini__iPhone_11_Pro__iPhone_XS__iPhone_X_landscape.png,https://fan.books.rakuten.co.jp/articles/3866,5e71e47e8a9aa7ede30eb3c66121425ce6eb68025deaa06afe524e730a542603,sukisugite_metsu_00111,embedded_relative
127511,https://fan.books.rakuten.co.jp/images/splash_screens/iPhone_14_Plus__iPhone_13_Pro_Max__iPhone_12_Pro_Max_landscape.png,actual_media,好きすぎて滅！ 元曲・MV関連実媒体,media/page_sources_sukisugite_metsu/sukisugite_metsu_00109__iPhone_14_Plus__iPhone_13_Pro_Max__iPhone_12_Pro_Max_landscape.png,image/png,https://fan.books.rakuten.co.jp/images/splash_screens/iPhone_14_Plus__iPhone_13_Pro_Max__iPhone_12_Pro_Max_landscape.png,https://fan.books.rakuten.co.jp/articles/3866,b93882fef73f352d7db19db188074b29b17577dc590d3a70eaa3575b91875d20,sukisugite_metsu_00109,embedded_relative
109919,https://fan.books.rakuten.co.jp/images/splash_screens/iPhone_16__iPhone_15_Pro__iPhone_15__iPhone_14_Pro_landscape.png,actual_media,好きすぎて滅！ 元曲・MV関連実媒体,media/page_sources_sukisugite_metsu/sukisugite_metsu_00108__iPhone_16__iPhone_15_Pro__iPhone_15__iPhone_14_Pro_landscape.png,image/png,https://fan.books.rakuten.co.jp/images/splash_screens/iPhone_16__iPhone_15_Pro__iPhone_15__iPhone_14_Pro_landscape.png,https://fan.books.rakuten.co.jp/articles/3866,7f15e7fd3694c118a6e6c5dafa54fca5f22cc0c53163e7be8a17234fd79ca9f7,sukisugite_metsu_00108,embedded_relative
40376,https://fan.books.rakuten.co.jp/images/splash_screens/iPhone_8__iPhone_7__iPhone_6s__iPhone_6__4.7__iPhone_SE_landscape.png,actual_media,好きすぎて滅！ 元曲・MV関連実媒体,media/page_sources_sukisugite_metsu/sukisugite_metsu_00115__iPhone_8__iPhone_7__iPhone_6s__iPhone_6__4.7__iPhone_SE_landscape.png,image/png,https://fan.books.rakuten.co.jp/images/splash_screens/iPhone_8__iPhone_7__iPhone_6s__iPhone_6__4.7__iPhone_SE_landscape.png,https://fan.books.rakuten.co.jp/articles/3866,a244e432bf37839cd83aa7105f0cdecf0ffd28486a16d7a54f9a1ffe74448d07,sukisugite_metsu_00115,embedded_relative
120205,https://fan.books.rakuten.co.jp/images/splash_screens/iPhone_11_Pro_Max__iPhone_XS_Max_landscape.png,actual_media,好きすぎて滅！ 元曲・MV関連実媒体,media/page_sources_sukisugite_metsu/sukisugite_metsu_00112__iPhone_11_Pro_Max__iPhone_XS_Max_landscape.png,image/png,https://fan.books.rakuten.co.jp/images/splash_screens/iPhone_11_Pro_Max__iPhone_XS_Max_landscape.png,https://fan.books.rakuten.co.jp/articles/3866,ff0c34cd7a690c00d01038806dc1a4b7e3ba6155ba6290a54dd86aa1d5ae27ee,sukisugite_metsu_00112,embedded_relative
30055,https://fan.books.rakuten.co.jp/images/splash_screens/4__iPhone_SE__iPod_touch_5th_generation_and_later_landscape.png,actual_media,好きすぎて滅！ 元曲・MV関連実媒体,media/page_sources_sukisugite_metsu/sukisugite_metsu_00116__4__iPhone_SE__iPod_touch_5th_generation_and_later_landscape.png,image/png,https://fan.books.rakuten.co.jp/images/splash_screens/4__iPhone_SE__iPod_touch_5th_generation_and_later_landscape.png,https://fan.books.rakuten.co.jp/articles/3866,7278848b2201956cf204afa42ed21b5c9eeb1053cd087e2fe32b244cbb119295,sukisugite_metsu_00116,embedded_relative
163941,https://fan.books.rakuten.co.jp/images/splash_screens/12.9__iPad_Pro_landscape.png,actual_media,好きすぎて滅！ 元曲・MV関連実媒体,media/page_sources_sukisugite_metsu/sukisugite_metsu_00118__12.9__iPad_Pro_landscape.png,image/png,https://fan.books.rakuten.co.jp/images/splash_screens/12.9__iPad_Pro_landscape.png,https://fan.books.rakuten.co.jp/articles/3866,9e8c1c790d8b6e552e19388e9a00f531a60422a0f31beff188426539163ed25c,sukisugite_metsu_00118,embedded_relative
166331,https://fan.books.rakuten.co.jp/images/splash_screens/13__iPad_Pro_M4_landscape.png,actual_media,好きすぎて滅！ 元曲・MV関連実媒体,media/page_sources_sukisugite_metsu/sukisugite_metsu_00117__13__iPad_Pro_M4_landscape.png,image/png,https://fan.books.rakuten.co.jp/images/splash_screens/13__iPad_Pro_M4_landscape.png,https://fan.books.rakuten.co.jp/articles/3866,e2a2cab7a6933807bd6e1206be72c291007b3bacffcd8d77857d33727ab2ac82,sukisugite_metsu_00117,embedded_relative
94718,https://fan.books.rakuten.co.jp/images/splash_screens/iPhone_8_Plus__iPhone_7_Plus__iPhone_6s_Plus__iPhone_6_Plus_landscape.png,actual_media,好きすぎて滅！ 元曲・MV関連実媒体,media/page_sources_sukisugite_metsu/sukisugite_metsu_00114__iPhone_8_Plus__iPhone_7_Plus__iPhone_6s_Plus__iPhone_6_Plus_landscape.png,image/png,https://fan.books.rakuten.co.jp/images/splash_screens/iPhone_8_Plus__iPhone_7_Plus__iPhone_6s_Plus__iPhone_6_Plus_landscape.png,https://fan.books.rakuten.co.jp/articles/3866,59c03df567bed0bec75c97d5d6b673be856070ef2db485efc4a1de8ae268e44a,sukisugite_metsu_00114,embedded_relative
103073,https://fan.books.rakuten.co.jp/images/splash_screens/iPhone_13_mini__iPhone_12_mini__iPhone_11_Pro__iPhone_XS__iPhone_X_portrait.png,actual_media,好きすぎて滅！ 元曲・MV関連実媒体,media/page_sources_sukisugite_metsu/sukisugite_metsu_00132__iPhone_13_mini__iPhone_12_mini__iPhone_11_Pro__iPhone_XS__iPhone_X_portrait.png,image/png,https://fan.books.rakuten.co.jp/images/splash_screens/iPhone_13_mini__iPhone_12_mini__iPhone_11_Pro__iPhone_XS__iPhone_X_portrait.png,https://fan.books.rakuten.co.jp/articles/3866,bd6e162a4368844c16dd7a066cde1859ef4f3cfd4cb882d3ffd6ea1eec544191,sukisugite_metsu_00132,embedded_relative
58866,https://fan.books.rakuten.co.jp/images/splash_screens/iPhone_11__iPhone_XR_portrait.png,actual_media,好きすぎて滅！ 元曲・MV関連実媒体,media/page_sources_sukisugite_metsu/sukisugite_metsu_00134__iPhone_11__iPhone_XR_portrait.png,image/png,https://fan.books.rakuten.co.jp/images/splash_screens/iPhone_11__iPhone_XR_portrait.png,https://fan.books.rakuten.co.jp/articles/3866,f827ac0658ffa319361cf39da1d6013a06c8cb2fbeb321dd4e0ee1402c7eac63,sukisugite_metsu_00134,embedded_relative
128869,https://fan.books.rakuten.co.jp/images/splash_screens/iPhone_16_Plus__iPhone_15_Pro_Max__iPhone_15_Plus__iPhone_14_Pro_Max_portrait.png,actual_media,好きすぎて滅！ 元曲・MV関連実媒体,media/page_sources_sukisugite_metsu/sukisugite_metsu_00128__iPhone_16_Plus__iPhone_15_Pro_Max__iPhone_15_Plus__iPhone_14_Pro_Max_portrait.png,image/png,https://fan.books.rakuten.co.jp/images/splash_screens/iPhone_16_Plus__iPhone_15_Pro_Max__iPhone_15_Plus__iPhone_14_Pro_Max_portrait.png,https://fan.books.rakuten.co.jp/articles/3866,c3e4da30bbbfbc920126e4bb0f249bd3d102af30c396882358e16fb12330f387,sukisugite_metsu_00128,embedded_relative
41673,https://fan.books.rakuten.co.jp/images/splash_screens/iPhone_8__iPhone_7__iPhone_6s__iPhone_6__4.7__iPhone_SE_portrait.png,actual_media,好きすぎて滅！ 元曲・MV関連実媒体,media/page_sources_sukisugite_metsu/sukisugite_metsu_00136__iPhone_8__iPhone_7__iPhone_6s__iPhone_6__4.7__iPhone_SE_portrait.png,image/png,https://fan.books.rakuten.co.jp/images/splash_screens/iPhone_8__iPhone_7__iPhone_6s__iPhone_6__4.7__iPhone_SE_portrait.png,https://fan.books.rakuten.co.jp/articles/3866,7762c7b58928e2c6dc9c741fa630edd23a1c0ce8a6541f58e29b4d4278f41607,sukisugite_metsu_00136,embedded_relative
115708,https://fan.books.rakuten.co.jp/images/splash_screens/iPhone_16_Pro_portrait.png,actual_media,好きすぎて滅！ 元曲・MV関連実媒体,media/page_sources_sukisugite_metsu/sukisugite_metsu_00127__iPhone_16_Pro_portrait.png,image/png,https://fan.books.rakuten.co.jp/images/splash_screens/iPhone_16_Pro_portrait.png,https://fan.books.rakuten.co.jp/articles/3866,27db2b9bd13a4ed44b67095736bc526e85a7ed5f55fe6c775e0d8e0531a08125,sukisugite_metsu_00127,embedded_relative
96153,https://fan.books.rakuten.co.jp/images/splash_screens/iPhone_8_Plus__iPhone_7_Plus__iPhone_6s_Plus__iPhone_6_Plus_portrait.png,actual_media,好きすぎて滅！ 元曲・MV関連実媒体,media/page_sources_sukisugite_metsu/sukisugite_metsu_00135__iPhone_8_Plus__iPhone_7_Plus__iPhone_6s_Plus__iPhone_6_Plus_portrait.png,image/png,https://fan.books.rakuten.co.jp/images/splash_screens/iPhone_8_Plus__iPhone_7_Plus__iPhone_6s_Plus__iPhone_6_Plus_portrait.png,https://fan.books.rakuten.co.jp/articles/3866,68439593edae9c2ad731845819482233b005bf14615729c9418618fa51a20d99,sukisugite_metsu_00135,embedded_relative
110390,https://fan.books.rakuten.co.jp/images/splash_screens/iPhone_16__iPhone_15_Pro__iPhone_15__iPhone_14_Pro_portrait.png,actual_media,好きすぎて滅！ 元曲・MV関連実媒体,media/page_sources_sukisugite_metsu/sukisugite_metsu_00129__iPhone_16__iPhone_15_Pro__iPhone_15__iPhone_14_Pro_portrait.png,image/png,https://fan.books.rakuten.co.jp/images/splash_screens/iPhone_16__iPhone_15_Pro__iPhone_15__iPhone_14_Pro_portrait.png,https://fan.books.rakuten.co.jp/articles/3866,8a74b7ab70d06e0e94d1dfaaf9bf7f1c47fd73a0e01d10238209a0a178ee2d2e,sukisugite_metsu_00129,embedded_relative
165912,https://fan.books.rakuten.co.jp/images/splash_screens/13__iPad_Pro_M4_portrait.png,actual_media,好きすぎて滅！ 元曲・MV関連実媒体,media/page_sources_sukisugite_metsu/sukisugite_metsu_00138__13__iPad_Pro_M4_portrait.png,image/png,https://fan.books.rakuten.co.jp/images/splash_screens/13__iPad_Pro_M4_portrait.png,https://fan.books.rakuten.co.jp/articles/3866,36dadc7ec6a0a7169e370496a7dd9f33ece183f90b78bd408a0399a37f412ed3,sukisugite_metsu_00138,embedded_relative
164734,https://fan.books.rakuten.co.jp/images/splash_screens/12.9__iPad_Pro_portrait.png,actual_media,好きすぎて滅！ 元曲・MV関連実媒体,media/page_sources_sukisugite_metsu/sukisugite_metsu_00139__12.9__iPad_Pro_portrait.png,image/png,https://fan.books.rakuten.co.jp/images/splash_screens/12.9__iPad_Pro_portrait.png,https://fan.books.rakuten.co.jp/articles/3866,1a30865181b199f3ad683482637b5b1a569baaad8ae70341d3ca23fd3ae5e788,sukisugite_metsu_00139,embedded_relative
128459,https://fan.books.rakuten.co.jp/images/splash_screens/iPhone_14_Plus__iPhone_13_Pro_Max__iPhone_12_Pro_Max_portrait.png,actual_media,好きすぎて滅！ 元曲・MV関連実媒体,media/page_sources_sukisugite_metsu/sukisugite_metsu_00130__iPhone_14_Plus__iPhone_13_Pro_Max__iPhone_12_Pro_Max_portrait.png,image/png,https://fan.books.rakuten.co.jp/images/splash_screens/iPhone_14_Plus__iPhone_13_Pro_Max__iPhone_12_Pro_Max_portrait.png,https://fan.books.rakuten.co.jp/articles/3866,ddd97f5157c1ea7581984463438f47ec9a68c42f6f7d282975973ea0b5310d0a,sukisugite_metsu_00130,embedded_relative
121555,https://fan.books.rakuten.co.jp/images/splash_screens/iPhone_11_Pro_Max__iPhone_XS_Max_portrait.png,actual_media,好きすぎて滅！ 元曲・MV関連実媒体,media/page_sources_sukisugite_metsu/sukisugite_metsu_00133__iPhone_11_Pro_Max__iPhone_XS_Max_portrait.png,image/png,https://fan.books.rakuten.co.jp/images/splash_screens/iPhone_11_Pro_Max__iPhone_XS_Max_portrait.png,https://fan.books.rakuten.co.jp/articles/3866,1d788e69486d826df0240c10eabd2586749926635891564d0b5d0685d70753c5,sukisugite_metsu_00133,embedded_relative
110019,https://fan.books.rakuten.co.jp/images/splash_screens/iPhone_14__iPhone_13_Pro__iPhone_13__iPhone_12_Pro__iPhone_12_portrait.png,actual_media,好きすぎて滅！ 元曲・MV関連実媒体,media/page_sources_sukisugite_metsu/sukisugite_metsu_00131__iPhone_14__iPhone_13_Pro__iPhone_13__iPhone_12_Pro__iPhone_12_portrait.png,image/png,https://fan.books.rakuten.co.jp/images/splash_screens/iPhone_14__iPhone_13_Pro__iPhone_13__iPhone_12_Pro__iPhone_12_portrait.png,https://fan.books.rakuten.co.jp/articles/3866,538927bb0a28b80500e4c63448f2a7c049f2e4d9ab4b22b9cfe1d2b141236f1d,sukisugite_metsu_00131,embedded_relative
43992,https://prcdn.freetls.fastly.net/release_image/15193/109/15193-109-045027f385066a05b4b3c0d4f7f2c5ee-1200x1600.jpg?format=jpeg&auto=webp&fit=bounds&width=720&height=480,actual_media,2026上半期ミーム掲載実画像,media/page_sources_modelpress_2026h1/modelpress_2026h1_00003__15193-109-045027f385066a05b4b3c0d4f7f2c5ee-1200x1600.jpg,image/jpeg,https://prcdn.freetls.fastly.net/release_image/15193/109/15193-109-045027f385066a05b4b3c0d4f7f2c5ee-1200x1600.jpg?format=jpeg&auto=webp&fit=bounds&width=720&height=480,https://prtimes.jp/main/html/rd/p/000000109.000015193.html,ceec295154c690abde35dcf48906b76b68250abfd220fe1a50daadedc57a9fa5,modelpress_2026h1_00003,html_media
183692,https://prcdn.freetls.fastly.net/release_image/15193/109/15193-109-045027f385066a05b4b3c0d4f7f2c5ee-1200x1600.jpg?width=1950&height=1350&quality=85%2C65&format=jpeg&auto=webp&fit=bounds&bg-color=fff,actual_media,2026上半期ミーム掲載実画像,media/page_sources_modelpress_2026h1/modelpress_2026h1_00002__15193-109-045027f385066a05b4b3c0d4f7f2c5ee-1200x1600.jpg,image/jpeg,https://prcdn.freetls.fastly.net/release_image/15193/109/15193-109-045027f385066a05b4b3c0d4f7f2c5ee-1200x1600.jpg?width=1950&height=1350&quality=85%2C65&format=jpeg&auto=webp&fit=bounds&bg-color=fff,https://prtimes.jp/main/html/rd/p/000000109.000015193.html,e371165633e6c14aaa90a4104fea5859c9b9133b20884958bada174372db6580,modelpress_2026h1_00002,html_media
166733,https://prcdn.freetls.fastly.net/release_image/15193/109/15193-109-045027f385066a05b4b3c0d4f7f2c5ee-1200x1600.jpg?format=jpeg&auto=webp&fit=bounds&width=2400&height=1260,actual_media,2026上半期ミーム掲載実画像,media/page_sources_modelpress_2026h1/modelpress_2026h1_00001__15193-109-045027f385066a05b4b3c0d4f7f2c5ee-1200x1600.jpg,image/jpeg,https://prcdn.freetls.fastly.net/release_image/15193/109/15193-109-045027f385066a05b4b3c0d4f7f2c5ee-1200x1600.jpg?format=jpeg&auto=webp&fit=bounds&width=2400&height=1260,https://prtimes.jp/main/html/rd/p/000000109.000015193.html,679be521cdc3d09d3ed485489ad56bb3eca7c3a39dd2d1201dfd6602dd35440a,modelpress_2026h1_00001,meta_image
838428,https://fan.books.rakuten.co.jp/images/og/logo.png,actual_media,好きすぎて滅！ 元曲・MV関連実媒体,media/page_sources_sukisugite_metsu/sukisugite_metsu_00050__logo.png,image/png,https://fan.books.rakuten.co.jp/images/og/logo.png,https://fan.books.rakuten.co.jp/articles/3866,925901f56e53da9b72c3947f595f8b046d9dc5d410a20a3f3796ddafa17c2b31,sukisugite_metsu_00050,embedded_absolute
121521,https://fan.books.rakuten.co.jp/images/splash_screens/11__iPad_Pro__10.5__iPad_Pro_portrait.png,actual_media,好きすぎて滅！ 元曲・MV関連実媒体,media/page_sources_sukisugite_metsu/sukisugite_metsu_00141__11__iPad_Pro__10.5__iPad_Pro_portrait.png,image/png,https://fan.books.rakuten.co.jp/images/splash_screens/11__iPad_Pro__10.5__iPad_Pro_portrait.png,https://fan.books.rakuten.co.jp/articles/3866,7180aaa104693c15573fa3ff2c07944e0ca5518482dec79f6783bc9fc5fbbf1d,sukisugite_metsu_00141,embedded_relative
113859,https://fan.books.rakuten.co.jp/images/splash_screens/10.5__iPad_Air_portrait.png,actual_media,好きすぎて滅！ 元曲・MV関連実媒体,media/page_sources_sukisugite_metsu/sukisugite_metsu_00143__10.5__iPad_Air_portrait.png,image/png,https://fan.books.rakuten.co.jp/images/splash_screens/10.5__iPad_Air_portrait.png,https://fan.books.rakuten.co.jp/articles/3866,cd05bc72e6cc4856bdc241964b412349e02bfb43b50e94bbc251e5895ae2851a,sukisugite_metsu_00143,embedded_relative
120418,https://fan.books.rakuten.co.jp/images/splash_screens/10.9__iPad_Air_portrait.png,actual_media,好きすぎて滅！ 元曲・MV関連実媒体,media/page_sources_sukisugite_metsu/sukisugite_metsu_00142__10.9__iPad_Air_portrait.png,image/png,https://fan.books.rakuten.co.jp/images/splash_screens/10.9__iPad_Air_portrait.png,https://fan.books.rakuten.co.jp/articles/3866,585ccaf44d3094b3ebfbd2265b96bdb3c2ba16689811e89e89c25035b999a143,sukisugite_metsu_00142,embedded_relative
109369,https://fan.books.rakuten.co.jp/images/splash_screens/10.2__iPad_portrait.png,actual_media,好きすぎて滅！ 元曲・MV関連実媒体,media/page_sources_sukisugite_metsu/sukisugite_metsu_00144__10.2__iPad_portrait.png,image/png,https://fan.books.rakuten.co.jp/images/splash_screens/10.2__iPad_portrait.png,https://fan.books.rakuten.co.jp/articles/3866,ea0211ec5d9c99d6e3748f6af739a404dfed3edf04c7d48aeb524eff9dd56d3c,sukisugite_metsu_00144,embedded_relative
122658,https://fan.books.rakuten.co.jp/images/splash_screens/11__iPad_Pro__10.5__iPad_Pro_landscape.png,actual_media,好きすぎて滅！ 元曲・MV関連実媒体,media/page_sources_sukisugite_metsu/sukisugite_metsu_00120__11__iPad_Pro__10.5__iPad_Pro_landscape.png,image/png,https://fan.books.rakuten.co.jp/images/splash_screens/11__iPad_Pro__10.5__iPad_Pro_landscape.png,https://fan.books.rakuten.co.jp/articles/3866,bffb63d8c57754f8ac7fb169175cf488f5d107c433cb99fa23e4df71a492429a,sukisugite_metsu_00120,embedded_relative
4691,https://fan.books.rakuten.co.jp/apple-icon.png?7223a757851d8479,actual_media,好きすぎて滅！ 元曲・MV関連実媒体,media/page_sources_sukisugite_metsu/sukisugite_metsu_00147__apple-icon.png,image/png,https://fan.books.rakuten.co.jp/apple-icon.png?7223a757851d8479,https://fan.books.rakuten.co.jp/articles/3866,9342085820c9efea9ea9a427fa02eca13e14ed2b14fa5e6e0555e467bb460098,sukisugite_metsu_00147,embedded_relative
228172,https://prcdn.freetls.fastly.net/release_image/15193/109/15193-109-045027f385066a05b4b3c0d4f7f2c5ee-1200x1600.jpg?format=jpeg,actual_media,2026上半期ミーム掲載実画像,media/page_sources_modelpress_2026h1/modelpress_2026h1_00005__15193-109-045027f385066a05b4b3c0d4f7f2c5ee-1200x1600.jpg,image/jpeg,https://prcdn.freetls.fastly.net/release_image/15193/109/15193-109-045027f385066a05b4b3c0d4f7f2c5ee-1200x1600.jpg?format=jpeg,https://prtimes.jp/main/html/rd/p/000000109.000015193.html,9c760e6141b1dc786d04aba5c9ccf524ca04c5af474eeece1c73acb625b2f366,modelpress_2026h1_00005,embedded_absolute
126933,https://prcdn.freetls.fastly.net/release_image/6410/970/6410-970-cdac85632de58e93dea0a9f3bf84c105-1366x690.png?format=jpeg&auto=webp&fit=bounds&width=2400&height=1260,actual_media,Simeji 2026上半期トレンド掲載実画像,media/page_sources_simeji_2026h1/simeji_2026h1_00001__6410-970-cdac85632de58e93dea0a9f3bf84c105-1366x690.jpg,image/jpeg,https://prcdn.freetls.fastly.net/release_image/6410/970/6410-970-cdac85632de58e93dea0a9f3bf84c105-1366x690.png?format=jpeg&auto=webp&fit=bounds&width=2400&height=1260,https://prtimes.jp/main/html/rd/p/000000970.000006410.html,b007803a5440db72d1c9f31c6f0f51575048469955a3ab1a6594f5214efd84a3,simeji_2026h1_00001,meta_image
108025,https://fan.books.rakuten.co.jp/images/splash_screens/8.3__iPad_Mini_landscape.png,actual_media,好きすぎて滅！ 元曲・MV関連実媒体,media/page_sources_sukisugite_metsu/sukisugite_metsu_00125__8.3__iPad_Mini_landscape.png,image/png,https://fan.books.rakuten.co.jp/images/splash_screens/8.3__iPad_Mini_landscape.png,https://fan.books.rakuten.co.jp/articles/3866,284c2e5410a24e278c7239c489a64e5bc71e08647930cd7f5987ec0db64d2a92,sukisugite_metsu_00125,embedded_relative
100133,https://prcdn.freetls.fastly.net/release_image/6410/970/6410-970-73560e7d1dc386367f17339cc63a2380-1366x710.png?width=1950&height=1350&quality=85%2C65&format=jpeg&auto=webp&fit=bounds&bg-color=fff,actual_media,Simeji 2026上半期トレンド掲載実画像,media/page_sources_simeji_2026h1/simeji_2026h1_00003__6410-970-73560e7d1dc386367f17339cc63a2380-1366x710.jpg,image/jpeg,https://prcdn.freetls.fastly.net/release_image/6410/970/6410-970-73560e7d1dc386367f17339cc63a2380-1366x710.png?width=1950&height=1350&quality=85%2C65&format=jpeg&auto=webp&fit=bounds&bg-color=fff,https://prtimes.jp/main/html/rd/p/000000970.000006410.html,08f3158a5938ffbcc3d03b55acfbb660aa4fdda1756f55b1818a24623185da2c,simeji_2026h1_00003,html_media
97126,https://fan.books.rakuten.co.jp/images/splash_screens/9.7__iPad_Pro__7.9__iPad_mini__9.7__iPad_Air__9.7__iPad_landscape.png,actual_media,好きすぎて滅！ 元曲・MV関連実媒体,media/page_sources_sukisugite_metsu/sukisugite_metsu_00124__9.7__iPad_Pro__7.9__iPad_mini__9.7__iPad_Air__9.7__iPad_landscape.png,image/png,https://fan.books.rakuten.co.jp/images/splash_screens/9.7__iPad_Pro__7.9__iPad_mini__9.7__iPad_Air__9.7__iPad_landscape.png,https://fan.books.rakuten.co.jp/articles/3866,7ab1f5a295e77888b1268604615771ac1015ec61a5a2f9f5973821d402424ebf,sukisugite_metsu_00124,embedded_relative
106647,https://fan.books.rakuten.co.jp/images/splash_screens/10.2__iPad_landscape.png,actual_media,好きすぎて滅！ 元曲・MV関連実媒体,media/page_sources_sukisugite_metsu/sukisugite_metsu_00123__10.2__iPad_landscape.png,image/png,https://fan.books.rakuten.co.jp/images/splash_screens/10.2__iPad_landscape.png,https://fan.books.rakuten.co.jp/articles/3866,d2b3e3b5b3c017062e0de5e2e55031e4781705d0071030512aa62fb83746503d,sukisugite_metsu_00123,embedded_relative
103155,https://prcdn.freetls.fastly.net/release_image/6410/970/6410-970-c03c580405507aa38bf30a630aac2112-1366x710.png?width=1950&height=1350&quality=85%2C65&format=jpeg&auto=webp&fit=bounds&bg-color=fff,actual_media,Simeji 2026上半期トレンド掲載実画像,media/page_sources_simeji_2026h1/simeji_2026h1_00004__6410-970-c03c580405507aa38bf30a630aac2112-1366x710.jpg,image/jpeg,https://prcdn.freetls.fastly.net/release_image/6410/970/6410-970-c03c580405507aa38bf30a630aac2112-1366x710.png?width=1950&height=1350&quality=85%2C65&format=jpeg&auto=webp&fit=bounds&bg-color=fff,https://prtimes.jp/main/html/rd/p/000000970.000006410.html,64bbd88f5adb3535c13f7f7f8ef53128018f99e8e293e08ee0cfbcf8c06954ca,simeji_2026h1_00004,html_media
110773,https://fan.books.rakuten.co.jp/images/splash_screens/8.3__iPad_Mini_portrait.png,actual_media,好きすぎて滅！ 元曲・MV関連実媒体,media/page_sources_sukisugite_metsu/sukisugite_metsu_00146__8.3__iPad_Mini_portrait.png,image/png,https://fan.books.rakuten.co.jp/images/splash_screens/8.3__iPad_Mini_portrait.png,https://fan.books.rakuten.co.jp/articles/3866,1020c919910e56bebb64d23a531dddd7da0d5a65ac119415a0a0d61466a8a136,sukisugite_metsu_00146,embedded_relative
98878,https://fan.books.rakuten.co.jp/images/splash_screens/9.7__iPad_Pro__7.9__iPad_mini__9.7__iPad_Air__9.7__iPad_portrait.png,actual_media,好きすぎて滅！ 元曲・MV関連実媒体,media/page_sources_sukisugite_metsu/sukisugite_metsu_00145__9.7__iPad_Pro__7.9__iPad_mini__9.7__iPad_Air__9.7__iPad_portrait.png,image/png,https://fan.books.rakuten.co.jp/images/splash_screens/9.7__iPad_Pro__7.9__iPad_mini__9.7__iPad_Air__9.7__iPad_portrait.png,https://fan.books.rakuten.co.jp/articles/3866,f087d49a25897d9548c2e69bf95a58ece95e993a6e4000546354baf9531124ec,sukisugite_metsu_00145,embedded_relative
120211,https://fan.books.rakuten.co.jp/images/splash_screens/10.9__iPad_Air_landscape.png,actual_media,好きすぎて滅！ 元曲・MV関連実媒体,media/page_sources_sukisugite_metsu/sukisugite_metsu_00121__10.9__iPad_Air_landscape.png,image/png,https://fan.books.rakuten.co.jp/images/splash_screens/10.9__iPad_Air_landscape.png,https://fan.books.rakuten.co.jp/articles/3866,b87e4408d3709405fd11765555fbcfd5dec81e7557bdf2fd9852db55515d3966,sukisugite_metsu_00121,embedded_relative
115174,https://fan.books.rakuten.co.jp/images/splash_screens/iPhone_16_Pro_landscape.png,actual_media,好きすぎて滅！ 元曲・MV関連実媒体,media/page_sources_sukisugite_metsu/sukisugite_metsu_00106__iPhone_16_Pro_landscape.png,image/png,https://fan.books.rakuten.co.jp/images/splash_screens/iPhone_16_Pro_landscape.png,https://fan.books.rakuten.co.jp/articles/3866,50b4aa43efc32402f5780131ee182ca1e232a24b9012212345292a7b48421fea,sukisugite_metsu_00106,embedded_relative
98421,https://prcdn.freetls.fastly.net/release_image/6410/970/6410-970-7312b938b03dedf646b20cf7f7e0b6dd-1366x710.png?width=1950&height=1350&quality=85%2C65&format=jpeg&auto=webp&fit=bounds&bg-color=fff,actual_media,Simeji 2026上半期トレンド掲載実画像,media/page_sources_simeji_2026h1/simeji_2026h1_00005__6410-970-7312b938b03dedf646b20cf7f7e0b6dd-1366x710.jpg,image/jpeg,https://prcdn.freetls.fastly.net/release_image/6410/970/6410-970-7312b938b03dedf646b20cf7f7e0b6dd-1366x710.png?width=1950&height=1350&quality=85%2C65&format=jpeg&auto=webp&fit=bounds&bg-color=fff,https://prtimes.jp/main/html/rd/p/000000970.000006410.html,4319416b87b30f61cd1c91fa484485818d474ebb1e79b46a37b5062849108835,simeji_2026h1_00005,html_media
135007,https://fan.books.rakuten.co.jp/images/splash_screens/iPhone_16_Pro_Max_portrait.png,actual_media,好きすぎて滅！ 元曲・MV関連実媒体,media/page_sources_sukisugite_metsu/sukisugite_metsu_00126__iPhone_16_Pro_Max_portrait.png,image/png,https://fan.books.rakuten.co.jp/images/splash_screens/iPhone_16_Pro_Max_portrait.png,https://fan.books.rakuten.co.jp/articles/3866,9a8d9481bf2e7206e1d09d5678f76c5db4a7ab0e137e35bb5ccb69a2c610bc22,sukisugite_metsu_00126,embedded_relative
112621,https://fan.books.rakuten.co.jp/images/splash_screens/10.5__iPad_Air_landscape.png,actual_media,好きすぎて滅！ 元曲・MV関連実媒体,media/page_sources_sukisugite_metsu/sukisugite_metsu_00122__10.5__iPad_Air_landscape.png,image/png,https://fan.books.rakuten.co.jp/images/splash_screens/10.5__iPad_Air_landscape.png,https://fan.books.rakuten.co.jp/articles/3866,2cfaf831ac485dfe5337be1e4df6e76b0e29554209f35d90e464787a2981f24a,sukisugite_metsu_00122,embedded_relative
16888,https://prtimes.jp/common/pc_v4/og.png,actual_media,2026上半期ミーム掲載実画像,media/page_sources_modelpress_2026h1/modelpress_2026h1_00004__og.png,image/png,https://prtimes.jp/common/pc_v4/og.png,https://prtimes.jp/main/html/rd/p/000000109.000015193.html,c91ca7b0afb9a68a4b3849bf13dc810375fcb06e7ee1e6018b1320589da314f4,modelpress_2026h1_00004,embedded_absolute
124118,https://fan.books.rakuten.co.jp/images/splash_screens/11__iPad_Pro_M4_landscape.png,actual_media,好きすぎて滅！ 元曲・MV関連実媒体,media/page_sources_sukisugite_metsu/sukisugite_metsu_00119__11__iPad_Pro_M4_landscape.png,image/png,https://fan.books.rakuten.co.jp/images/splash_screens/11__iPad_Pro_M4_landscape.png,https://fan.books.rakuten.co.jp/articles/3866,ff888e3e285e3d7db34081187390dc6c73ad6f03fb5255f5aa0802606759342e,sukisugite_metsu_00119,embedded_relative
105386,https://prcdn.freetls.fastly.net/release_image/6410/970/6410-970-08746c045032ffaf63bf40df3035bff3-1366x710.png?width=1950&height=1350&quality=85%2C65&format=jpeg&auto=webp&fit=bounds&bg-color=fff,actual_media,Simeji 2026上半期トレンド掲載実画像,media/page_sources_simeji_2026h1/simeji_2026h1_00009__6410-970-08746c045032ffaf63bf40df3035bff3-1366x710.jpg,image/jpeg,https://prcdn.freetls.fastly.net/release_image/6410/970/6410-970-08746c045032ffaf63bf40df3035bff3-1366x710.png?width=1950&height=1350&quality=85%2C65&format=jpeg&auto=webp&fit=bounds&bg-color=fff,https://prtimes.jp/main/html/rd/p/000000970.000006410.html,33cdc4ce2a6ec646f6a8928e76a34416dcf08727e243fa80e3ce6ee49dfc7452,simeji_2026h1_00009,html_media
100374,https://prcdn.freetls.fastly.net/release_image/6410/970/6410-970-ad5519c691f520e6c7a22afd429756de-1366x710.png?width=1950&height=1350&quality=85%2C65&format=jpeg&auto=webp&fit=bounds&bg-color=fff,actual_media,Simeji 2026上半期トレンド掲載実画像,media/page_sources_simeji_2026h1/simeji_2026h1_00006__6410-970-ad5519c691f520e6c7a22afd429756de-1366x710.jpg,image/jpeg,https://prcdn.freetls.fastly.net/release_image/6410/970/6410-970-ad5519c691f520e6c7a22afd429756de-1366x710.png?width=1950&height=1350&quality=85%2C65&format=jpeg&auto=webp&fit=bounds&bg-color=fff,https://prtimes.jp/main/html/rd/p/000000970.000006410.html,d7cb2d23bc141b69862ccb0d8273527913de981197379bb0f36eeed694121ed5,simeji_2026h1_00006,html_media
96450,https://prcdn.freetls.fastly.net/release_image/6410/970/6410-970-3215626b1447d51878f41d2e99d85dc3-1366x710.png?width=1950&height=1350&quality=85%2C65&format=jpeg&auto=webp&fit=bounds&bg-color=fff,actual_media,Simeji 2026上半期トレンド掲載実画像,media/page_sources_simeji_2026h1/simeji_2026h1_00007__6410-970-3215626b1447d51878f41d2e99d85dc3-1366x710.jpg,image/jpeg,https://prcdn.freetls.fastly.net/release_image/6410/970/6410-970-3215626b1447d51878f41d2e99d85dc3-1366x710.png?width=1950&height=1350&quality=85%2C65&format=jpeg&auto=webp&fit=bounds&bg-color=fff,https://prtimes.jp/main/html/rd/p/000000970.000006410.html,f5abe6bd7538677d083dba128ba6802cbd93fff4732c760e453c9e379074e6a5,simeji_2026h1_00007,html_media
30409,https://fan.books.rakuten.co.jp/images/splash_screens/4__iPhone_SE__iPod_touch_5th_generation_and_later_portrait.png,actual_media,好きすぎて滅！ 元曲・MV関連実媒体,media/page_sources_sukisugite_metsu/sukisugite_metsu_00137__4__iPhone_SE__iPod_touch_5th_generation_and_later_portrait.png,image/png,https://fan.books.rakuten.co.jp/images/splash_screens/4__iPhone_SE__iPod_touch_5th_generation_and_later_portrait.png,https://fan.books.rakuten.co.jp/articles/3866,ab62809cef3f00f08bef3db2cc196e33a1b4213a4432c5bdd19fb9df3a784b37,sukisugite_metsu_00137,embedded_relative
129514,https://prcdn.freetls.fastly.net/release_image/6410/970/6410-970-5b298d58fb29f4f33736fa6309547f7f-1366x907.png?width=1950&height=1350&quality=85%2C65&format=jpeg&auto=webp&fit=bounds&bg-color=fff,actual_media,Simeji 2026上半期トレンド掲載実画像,media/page_sources_simeji_2026h1/simeji_2026h1_00010__6410-970-5b298d58fb29f4f33736fa6309547f7f-1366x907.jpg,image/jpeg,https://prcdn.freetls.fastly.net/release_image/6410/970/6410-970-5b298d58fb29f4f33736fa6309547f7f-1366x907.png?width=1950&height=1350&quality=85%2C65&format=jpeg&auto=webp&fit=bounds&bg-color=fff,https://prtimes.jp/main/html/rd/p/000000970.000006410.html,0a8c38567b7abcd7edf710a5ce30940cdc101f1829181a4eaf33d4a98002d561,simeji_2026h1_00010,html_media
95393,https://prcdn.freetls.fastly.net/release_image/6410/970/6410-970-39a8e9b0f5ce0f41eadbc3aacad3e896-1366x710.png?width=1950&height=1350&quality=85%2C65&format=jpeg&auto=webp&fit=bounds&bg-color=fff,actual_media,Simeji 2026上半期トレンド掲載実画像,media/page_sources_simeji_2026h1/simeji_2026h1_00008__6410-970-39a8e9b0f5ce0f41eadbc3aacad3e896-1366x710.jpg,image/jpeg,https://prcdn.freetls.fastly.net/release_image/6410/970/6410-970-39a8e9b0f5ce0f41eadbc3aacad3e896-1366x710.png?width=1950&height=1350&quality=85%2C65&format=jpeg&auto=webp&fit=bounds&bg-color=fff,https://prtimes.jp/main/html/rd/p/000000970.000006410.html,7717628233355d5582d77ea533d123f95cafefa54224b284d586ab10ec5e566a,simeji_2026h1_00008,html_media
51610,https://prcdn.freetls.fastly.net/release_image/6410/970/6410-970-cdac85632de58e93dea0a9f3bf84c105-1366x690.png?format=jpeg&auto=webp&fit=bounds&width=720&height=480,actual_media,Simeji 2026上半期トレンド掲載実画像,media/page_sources_simeji_2026h1/simeji_2026h1_00012__6410-970-cdac85632de58e93dea0a9f3bf84c105-1366x690.jpg,image/jpeg,https://prcdn.freetls.fastly.net/release_image/6410/970/6410-970-cdac85632de58e93dea0a9f3bf84c105-1366x690.png?format=jpeg&auto=webp&fit=bounds&width=720&height=480,https://prtimes.jp/main/html/rd/p/000000970.000006410.html,5866b6544a875f3b4b6adfd0e4a4417d7717b154230aab043b88fe07c609d6b9,simeji_2026h1_00012,html_media
44295,https://prcdn.freetls.fastly.net/release_image/6410/970/6410-970-c03c580405507aa38bf30a630aac2112-1366x710.png?format=jpeg&auto=webp&fit=bounds&width=720&height=480,actual_media,Simeji 2026上半期トレンド掲載実画像,media/page_sources_simeji_2026h1/simeji_2026h1_00013__6410-970-c03c580405507aa38bf30a630aac2112-1366x710.jpg,image/jpeg,https://prcdn.freetls.fastly.net/release_image/6410/970/6410-970-c03c580405507aa38bf30a630aac2112-1366x710.png?format=jpeg&auto=webp&fit=bounds&width=720&height=480,https://prtimes.jp/main/html/rd/p/000000970.000006410.html,9f73f2cb44c54f6a0b5d14b03e9c1bbeb158c7602cb046e1b280c0211f78cb30,simeji_2026h1_00013,html_media
174725,https://prcdn.freetls.fastly.net/release_image/6410/970/6410-970-c43742466bf1366f395830bd86d4da1f-1366x1237.png?width=1950&height=1350&quality=85%2C65&format=jpeg&auto=webp&fit=bounds&bg-color=fff,actual_media,Simeji 2026上半期トレンド掲載実画像,media/page_sources_simeji_2026h1/simeji_2026h1_00011__6410-970-c43742466bf1366f395830bd86d4da1f-1366x1237.jpg,image/jpeg,https://prcdn.freetls.fastly.net/release_image/6410/970/6410-970-c43742466bf1366f395830bd86d4da1f-1366x1237.png?width=1950&height=1350&quality=85%2C65&format=jpeg&auto=webp&fit=bounds&bg-color=fff,https://prtimes.jp/main/html/rd/p/000000970.000006410.html,42f696ee35d8b0925257ce9faf30c0810f9127a62ed36949735ac109e5762749,simeji_2026h1_00011,html_media
40874,https://prcdn.freetls.fastly.net/release_image/6410/970/6410-970-39a8e9b0f5ce0f41eadbc3aacad3e896-1366x710.png?format=jpeg&auto=webp&fit=bounds&width=720&height=480,actual_media,Simeji 2026上半期トレンド掲載実画像,media/page_sources_simeji_2026h1/simeji_2026h1_00016__6410-970-39a8e9b0f5ce0f41eadbc3aacad3e896-1366x710.jpg,image/jpeg,https://prcdn.freetls.fastly.net/release_image/6410/970/6410-970-39a8e9b0f5ce0f41eadbc3aacad3e896-1366x710.png?format=jpeg&auto=webp&fit=bounds&width=720&height=480,https://prtimes.jp/main/html/rd/p/000000970.000006410.html,19087c686535c629dc3313c3cc275a40e3aa68d9050634cb5da0ea67644bc7f9,simeji_2026h1_00016,html_media
41682,https://prcdn.freetls.fastly.net/release_image/6410/970/6410-970-3215626b1447d51878f41d2e99d85dc3-1366x710.png?format=jpeg&auto=webp&fit=bounds&width=720&height=480,actual_media,Simeji 2026上半期トレンド掲載実画像,media/page_sources_simeji_2026h1/simeji_2026h1_00015__6410-970-3215626b1447d51878f41d2e99d85dc3-1366x710.jpg,image/jpeg,https://prcdn.freetls.fastly.net/release_image/6410/970/6410-970-3215626b1447d51878f41d2e99d85dc3-1366x710.png?format=jpeg&auto=webp&fit=bounds&width=720&height=480,https://prtimes.jp/main/html/rd/p/000000970.000006410.html,d662a5c3c4c7565b24b2236a50ba88889cca8eea6e1d0ea3347ec63ab2bb443c,simeji_2026h1_00015,html_media
41795,https://prcdn.freetls.fastly.net/release_image/6410/970/6410-970-7312b938b03dedf646b20cf7f7e0b6dd-1366x710.png?format=jpeg&auto=webp&fit=bounds&width=720&height=480,actual_media,Simeji 2026上半期トレンド掲載実画像,media/page_sources_simeji_2026h1/simeji_2026h1_00014__6410-970-7312b938b03dedf646b20cf7f7e0b6dd-1366x710.jpg,image/jpeg,https://prcdn.freetls.fastly.net/release_image/6410/970/6410-970-7312b938b03dedf646b20cf7f7e0b6dd-1366x710.png?format=jpeg&auto=webp&fit=bounds&width=720&height=480,https://prtimes.jp/main/html/rd/p/000000970.000006410.html,46f0ebeceee760c65b1e6a28ada3ccd1c5d951560406fdd99e0571c2e1becc4f,simeji_2026h1_00014,html_media
42970,https://prcdn.freetls.fastly.net/release_image/6410/970/6410-970-ad5519c691f520e6c7a22afd429756de-1366x710.png?format=jpeg&auto=webp&fit=bounds&width=720&height=480,actual_media,Simeji 2026上半期トレンド掲載実画像,media/page_sources_simeji_2026h1/simeji_2026h1_00020__6410-970-ad5519c691f520e6c7a22afd429756de-1366x710.jpg,image/jpeg,https://prcdn.freetls.fastly.net/release_image/6410/970/6410-970-ad5519c691f520e6c7a22afd429756de-1366x710.png?format=jpeg&auto=webp&fit=bounds&width=720&height=480,https://prtimes.jp/main/html/rd/p/000000970.000006410.html,67ade4020c154624dd1dd000943d66cd076f0a96773e4f74d0836e84aac11a3e,simeji_2026h1_00020,html_media
44067,https://prcdn.freetls.fastly.net/release_image/6410/970/6410-970-08746c045032ffaf63bf40df3035bff3-1366x710.png?format=jpeg&auto=webp&fit=bounds&width=720&height=480,actual_media,Simeji 2026上半期トレンド掲載実画像,media/page_sources_simeji_2026h1/simeji_2026h1_00017__6410-970-08746c045032ffaf63bf40df3035bff3-1366x710.jpg,image/jpeg,https://prcdn.freetls.fastly.net/release_image/6410/970/6410-970-08746c045032ffaf63bf40df3035bff3-1366x710.png?format=jpeg&auto=webp&fit=bounds&width=720&height=480,https://prtimes.jp/main/html/rd/p/000000970.000006410.html,59e6ea7d0aaf32c8b50233d2ad04b2ba54c624528b40dbdf5c2e21bbcb16efff,simeji_2026h1_00017,html_media
51138,https://prcdn.freetls.fastly.net/release_image/6410/970/6410-970-5b298d58fb29f4f33736fa6309547f7f-1366x907.png?format=jpeg&auto=webp&fit=bounds&width=720&height=480,actual_media,Simeji 2026上半期トレンド掲載実画像,media/page_sources_simeji_2026h1/simeji_2026h1_00018__6410-970-5b298d58fb29f4f33736fa6309547f7f-1366x907.jpg,image/jpeg,https://prcdn.freetls.fastly.net/release_image/6410/970/6410-970-5b298d58fb29f4f33736fa6309547f7f-1366x907.png?format=jpeg&auto=webp&fit=bounds&width=720&height=480,https://prtimes.jp/main/html/rd/p/000000970.000006410.html,86379e46ca2f12051c884530109e00a69e384d43b5e4df283005691877de0698,simeji_2026h1_00018,html_media
42657,https://prcdn.freetls.fastly.net/release_image/6410/970/6410-970-c43742466bf1366f395830bd86d4da1f-1366x1237.png?format=jpeg&auto=webp&fit=bounds&width=720&height=480,actual_media,Simeji 2026上半期トレンド掲載実画像,media/page_sources_simeji_2026h1/simeji_2026h1_00019__6410-970-c43742466bf1366f395830bd86d4da1f-1366x1237.jpg,image/jpeg,https://prcdn.freetls.fastly.net/release_image/6410/970/6410-970-c43742466bf1366f395830bd86d4da1f-1366x1237.png?format=jpeg&auto=webp&fit=bounds&width=720&height=480,https://prtimes.jp/main/html/rd/p/000000970.000006410.html,dcfaf43d6dd6df770bf9a9dd16618318b9c6ceeca6cb9d3a8ee938ded1433418,simeji_2026h1_00019,html_media
41772,https://prcdn.freetls.fastly.net/release_image/6410/970/6410-970-73560e7d1dc386367f17339cc63a2380-1366x710.png?format=jpeg&auto=webp&fit=bounds&width=720&height=480,actual_media,Simeji 2026上半期トレンド掲載実画像,media/page_sources_simeji_2026h1/simeji_2026h1_00021__6410-970-73560e7d1dc386367f17339cc63a2380-1366x710.jpg,image/jpeg,https://prcdn.freetls.fastly.net/release_image/6410/970/6410-970-73560e7d1dc386367f17339cc63a2380-1366x710.png?format=jpeg&auto=webp&fit=bounds&width=720&height=480,https://prtimes.jp/main/html/rd/p/000000970.000006410.html,013368cb95cc31a1a5c3f4144af0596c0ae3407fe2afb192eafd632f669c31f2,simeji_2026h1_00021,html_media
18301,https://prtimes.jp/data/corp/6410/ogp/tmp-fbeb57af6d78d301e956e8e44922156a-ddfdd551adc0e8cecb10b1e45e3112c2.jpg,actual_media,Simeji 2026上半期トレンド掲載実画像,media/page_sources_simeji_2026h1/simeji_2026h1_00025__tmp-fbeb57af6d78d301e956e8e44922156a-ddfdd551adc0e8cecb10b1e45e3112c2.jpg,image/jpeg,https://prtimes.jp/data/corp/6410/ogp/tmp-fbeb57af6d78d301e956e8e44922156a-ddfdd551adc0e8cecb10b1e45e3112c2.jpg,https://prtimes.jp/main/html/rd/p/000000970.000006410.html,db7f5993abfeeb64a50e663440a62af3f0568521c2d232fa6b733e5681a220d0,simeji_2026h1_00025,embedded_absolute
18029,https://prtimes.jp/data/corp/6410/tmp-fbeb57af6d78d301e956e8e44922156a-ddfdd551adc0e8cecb10b1e45e3112c2.jpg?auto=avif,actual_media,Simeji 2026上半期トレンド掲載実画像,media/page_sources_simeji_2026h1/simeji_2026h1_00022__tmp-fbeb57af6d78d301e956e8e44922156a-ddfdd551adc0e8cecb10b1e45e3112c2.jpg,image/jpeg,https://prtimes.jp/data/corp/6410/tmp-fbeb57af6d78d301e956e8e44922156a-ddfdd551adc0e8cecb10b1e45e3112c2.jpg?auto=avif,https://prtimes.jp/main/html/rd/p/000000970.000006410.html,bfa1b70bfc46746d204184821541731ee68b9ee07edd6bb67f0318770f87c2e9,simeji_2026h1_00022,html_media
218043,https://prcdn.freetls.fastly.net/release_image/6410/970/6410-970-c03c580405507aa38bf30a630aac2112-1366x710.png?width=1950,actual_media,Simeji 2026上半期トレンド掲載実画像,media/page_sources_simeji_2026h1/simeji_2026h1_00028__6410-970-c03c580405507aa38bf30a630aac2112-1366x710.png,image/png,https://prcdn.freetls.fastly.net/release_image/6410/970/6410-970-c03c580405507aa38bf30a630aac2112-1366x710.png?width=1950,https://prtimes.jp/main/html/rd/p/000000970.000006410.html,dd1cf431790f7d90679341b7b92c5370dcc1f41a7f574c961016ada7e6fb80e5,simeji_2026h1_00028,embedded_absolute
296827,https://prcdn.freetls.fastly.net/release_image/6410/970/6410-970-cdac85632de58e93dea0a9f3bf84c105-1366x690.png?width=1950,actual_media,Simeji 2026上半期トレンド掲載実画像,media/page_sources_simeji_2026h1/simeji_2026h1_00026__6410-970-cdac85632de58e93dea0a9f3bf84c105-1366x690.png,image/png,https://prcdn.freetls.fastly.net/release_image/6410/970/6410-970-cdac85632de58e93dea0a9f3bf84c105-1366x690.png?width=1950,https://prtimes.jp/main/html/rd/p/000000970.000006410.html,51ff05f2f4e12c52b0c0fef235db65bb0dc9f8bc2c16d54db369b2a8953129d2,simeji_2026h1_00026,embedded_absolute
210091,https://prcdn.freetls.fastly.net/release_image/6410/970/6410-970-73560e7d1dc386367f17339cc63a2380-1366x710.png?width=1950,actual_media,Simeji 2026上半期トレンド掲載実画像,media/page_sources_simeji_2026h1/simeji_2026h1_00027__6410-970-73560e7d1dc386367f17339cc63a2380-1366x710.png,image/png,https://prcdn.freetls.fastly.net/release_image/6410/970/6410-970-73560e7d1dc386367f17339cc63a2380-1366x710.png?width=1950,https://prtimes.jp/main/html/rd/p/000000970.000006410.html,beea7e831c8d2692e3e532393ffa78e101806c97dc7eac7c8edf7bc3144bcb80,simeji_2026h1_00027,embedded_absolute
210887,https://prcdn.freetls.fastly.net/release_image/6410/970/6410-970-ad5519c691f520e6c7a22afd429756de-1366x710.png?width=1950,actual_media,Simeji 2026上半期トレンド掲載実画像,media/page_sources_simeji_2026h1/simeji_2026h1_00030__6410-970-ad5519c691f520e6c7a22afd429756de-1366x710.png,image/png,https://prcdn.freetls.fastly.net/release_image/6410/970/6410-970-ad5519c691f520e6c7a22afd429756de-1366x710.png?width=1950,https://prtimes.jp/main/html/rd/p/000000970.000006410.html,8af8e44b66a13627b70f0daeeeda5503982376c8699fcf637f7c1fa4fcb2a5d2,simeji_2026h1_00030,embedded_absolute
216523,https://prcdn.freetls.fastly.net/release_image/6410/970/6410-970-7312b938b03dedf646b20cf7f7e0b6dd-1366x710.png?width=1950,actual_media,Simeji 2026上半期トレンド掲載実画像,media/page_sources_simeji_2026h1/simeji_2026h1_00029__6410-970-7312b938b03dedf646b20cf7f7e0b6dd-1366x710.png,image/png,https://prcdn.freetls.fastly.net/release_image/6410/970/6410-970-7312b938b03dedf646b20cf7f7e0b6dd-1366x710.png?width=1950,https://prtimes.jp/main/html/rd/p/000000970.000006410.html,72650fcc00c41ce435b2f90a8b572edea3bd14f4b91208a358f1a971ab7b0db0,simeji_2026h1_00029,embedded_absolute
208291,https://prcdn.freetls.fastly.net/release_image/6410/970/6410-970-39a8e9b0f5ce0f41eadbc3aacad3e896-1366x710.png?width=1950,actual_media,Simeji 2026上半期トレンド掲載実画像,media/page_sources_simeji_2026h1/simeji_2026h1_00032__6410-970-39a8e9b0f5ce0f41eadbc3aacad3e896-1366x710.png,image/png,https://prcdn.freetls.fastly.net/release_image/6410/970/6410-970-39a8e9b0f5ce0f41eadbc3aacad3e896-1366x710.png?width=1950,https://prtimes.jp/main/html/rd/p/000000970.000006410.html,01387c93d300d50089f92e1c3b427d9b8f29e817743ac7671ea822021e7577da,simeji_2026h1_00032,embedded_absolute
207002,https://prcdn.freetls.fastly.net/release_image/6410/970/6410-970-3215626b1447d51878f41d2e99d85dc3-1366x710.png?width=1950,actual_media,Simeji 2026上半期トレンド掲載実画像,media/page_sources_simeji_2026h1/simeji_2026h1_00031__6410-970-3215626b1447d51878f41d2e99d85dc3-1366x710.png,image/png,https://prcdn.freetls.fastly.net/release_image/6410/970/6410-970-3215626b1447d51878f41d2e99d85dc3-1366x710.png?width=1950,https://prtimes.jp/main/html/rd/p/000000970.000006410.html,d469a4fa505763f07b662f7f58e0d93a08bd9a3f28183f59319e22ea4b1006ed,simeji_2026h1_00031,embedded_absolute
220740,https://prcdn.freetls.fastly.net/release_image/6410/970/6410-970-08746c045032ffaf63bf40df3035bff3-1366x710.png?width=1950,actual_media,Simeji 2026上半期トレンド掲載実画像,media/page_sources_simeji_2026h1/simeji_2026h1_00033__6410-970-08746c045032ffaf63bf40df3035bff3-1366x710.png,image/png,https://prcdn.freetls.fastly.net/release_image/6410/970/6410-970-08746c045032ffaf63bf40df3035bff3-1366x710.png?width=1950,https://prtimes.jp/main/html/rd/p/000000970.000006410.html,5f1d37edecb6ae583d3247a2962bea88c51b96f702b05dea0e120d604ace52cb,simeji_2026h1_00033,embedded_absolute
60724,https://netmeme.genshun9.com/images/2025/2025_k96kmf.jpg,actual_media,ネットミームの森 実画像一覧,media/netmeme_forest/netmeme_forest_00006__2025_k96kmf.jpg,image/jpeg,https://netmeme.genshun9.com/images/2025/2025_k96kmf.jpg,https://netmeme.genshun9.com/,0459899e3a63328322fd925e12024a6e785c21d2ccee4d5e56f5f637940303e3,netmeme_forest_00006,html_media
26338,https://netmeme.genshun9.com/images/2025/2025_ovouem.jpg,actual_media,ネットミームの森 実画像一覧,media/netmeme_forest/netmeme_forest_00004__2025_ovouem.jpg,image/jpeg,https://netmeme.genshun9.com/images/2025/2025_ovouem.jpg,https://netmeme.genshun9.com/,0f380e33a5713bb42129e553e5b076269d6c350d824f150cf89483dc905b7706,netmeme_forest_00004,html_media
120860,https://netmeme.genshun9.com/images/2025/2025_rijda7.jpg,actual_media,ネットミームの森 実画像一覧,media/netmeme_forest/netmeme_forest_00003__2025_rijda7.jpg,image/jpeg,https://netmeme.genshun9.com/images/2025/2025_rijda7.jpg,https://netmeme.genshun9.com/,5aa709f84d3e96e30f033a6eba3bd095e0745fee2065b181e50239700d910943,netmeme_forest_00003,html_media
125670,https://fan.books.rakuten.co.jp/images/splash_screens/11__iPad_Pro_M4_portrait.png,actual_media,好きすぎて滅！ 元曲・MV関連実媒体,media/page_sources_sukisugite_metsu/sukisugite_metsu_00140__11__iPad_Pro_M4_portrait.png,image/png,https://fan.books.rakuten.co.jp/images/splash_screens/11__iPad_Pro_M4_portrait.png,https://fan.books.rakuten.co.jp/articles/3866,cfda5f90ca8b56f4f21e1b680f50b71da2f87c4099097a5db2b3bb9f7126309c,sukisugite_metsu_00140,embedded_relative
38491,https://netmeme.genshun9.com/images/2025/2025_zye3mi.jpg,actual_media,ネットミームの森 実画像一覧,media/netmeme_forest/netmeme_forest_00005__2025_zye3mi.jpg,image/jpeg,https://netmeme.genshun9.com/images/2025/2025_zye3mi.jpg,https://netmeme.genshun9.com/,ee9fb499260ea13245c011e58ee9cb7d2385301d4af76b2d1050cde3adbe4ea7,netmeme_forest_00005,html_media
47527,https://netmeme.genshun9.com/images/2025/2025_8bdnfv.jpg,actual_media,ネットミームの森 実画像一覧,media/netmeme_forest/netmeme_forest_00009__2025_8bdnfv.jpg,image/jpeg,https://netmeme.genshun9.com/images/2025/2025_8bdnfv.jpg,https://netmeme.genshun9.com/,c9e6ffc94094706d28de79e5b40340127995866195279936f49b985998bcda1f,netmeme_forest_00009,html_media
46762,https://netmeme.genshun9.com/images/2025/2025_hse4v1.jpg,actual_media,ネットミームの森 実画像一覧,media/netmeme_forest/netmeme_forest_00007__2025_hse4v1.jpg,image/jpeg,https://netmeme.genshun9.com/images/2025/2025_hse4v1.jpg,https://netmeme.genshun9.com/,018be212908f049c03e584ef1765209d3f6ca0683d9e2a76972b2901fe5f0814,netmeme_forest_00007,html_media
44464,https://netmeme.genshun9.com/images/2025/2025_4pyy28.jpg,actual_media,ネットミームの森 実画像一覧,media/netmeme_forest/netmeme_forest_00011__2025_4pyy28.jpg,image/jpeg,https://netmeme.genshun9.com/images/2025/2025_4pyy28.jpg,https://netmeme.genshun9.com/,e8b0303b293d26c374e24bbad6e65a87765c79e8ba96243d2d356847fc18210f,netmeme_forest_00011,html_media
87230,https://netmeme.genshun9.com/images/2025/2025_dodlsg.jpg,actual_media,ネットミームの森 実画像一覧,media/netmeme_forest/netmeme_forest_00008__2025_dodlsg.jpg,image/jpeg,https://netmeme.genshun9.com/images/2025/2025_dodlsg.jpg,https://netmeme.genshun9.com/,d0db0bff6c4f6e81eb7638a31733999146885d7aab2d596e00d7bfe9db43e807,netmeme_forest_00008,html_media
95132,https://netmeme.genshun9.com/images/2025/2025_84ztgy.jpg,actual_media,ネットミームの森 実画像一覧,media/netmeme_forest/netmeme_forest_00010__2025_84ztgy.jpg,image/jpeg,https://netmeme.genshun9.com/images/2025/2025_84ztgy.jpg,https://netmeme.genshun9.com/,1d693c9968699df3e571e58e4ef6b66d86e2152a04ef19b693e3b00ea7704e01,netmeme_forest_00010,html_media
276468,https://prcdn.freetls.fastly.net/release_image/6410/970/6410-970-5b298d58fb29f4f33736fa6309547f7f-1366x907.png?width=1950,actual_media,Simeji 2026上半期トレンド掲載実画像,media/page_sources_simeji_2026h1/simeji_2026h1_00034__6410-970-5b298d58fb29f4f33736fa6309547f7f-1366x907.png,image/png,https://prcdn.freetls.fastly.net/release_image/6410/970/6410-970-5b298d58fb29f4f33736fa6309547f7f-1366x907.png?width=1950,https://prtimes.jp/main/html/rd/p/000000970.000006410.html,e2f518f2f578e48d8fdd601035f317dcc01f7f414ed7ba0803b8a86707f7aead,simeji_2026h1_00034,embedded_absolute
84325,https://netmeme.genshun9.com/images/2025/2025_uwbox0.jpg,actual_media,ネットミームの森 実画像一覧,media/netmeme_forest/netmeme_forest_00012__2025_uwbox0.jpg,image/jpeg,https://netmeme.genshun9.com/images/2025/2025_uwbox0.jpg,https://netmeme.genshun9.com/,d69cdbc80db9a16ce219789a8228e012f65bccae98110f2366ae916324ad0808,netmeme_forest_00012,html_media
33434,https://netmeme.genshun9.com/images/2025/2025_khapob.jpg,actual_media,ネットミームの森 実画像一覧,media/netmeme_forest/netmeme_forest_00013__2025_khapob.jpg,image/jpeg,https://netmeme.genshun9.com/images/2025/2025_khapob.jpg,https://netmeme.genshun9.com/,6b9615d7ad376ffb3c8324f32be254140604ac9f33576671ec172fac47a35f58,netmeme_forest_00013,html_media
45035,https://netmeme.genshun9.com/images/2025/2025_8lzdfe.jpg,actual_media,ネットミームの森 実画像一覧,media/netmeme_forest/netmeme_forest_00014__2025_8lzdfe.jpg,image/jpeg,https://netmeme.genshun9.com/images/2025/2025_8lzdfe.jpg,https://netmeme.genshun9.com/,94c23fa824772bf4a65aedac0a4e02eb3aa607529d4796bfea4379cc04b176dd,netmeme_forest_00014,html_media
609735,https://prcdn.freetls.fastly.net/release_image/6410/970/6410-970-c43742466bf1366f395830bd86d4da1f-1366x1237.png?width=1950,actual_media,Simeji 2026上半期トレンド掲載実画像,media/page_sources_simeji_2026h1/simeji_2026h1_00035__6410-970-c43742466bf1366f395830bd86d4da1f-1366x1237.png,image/png,https://prcdn.freetls.fastly.net/release_image/6410/970/6410-970-c43742466bf1366f395830bd86d4da1f-1366x1237.png?width=1950,https://prtimes.jp/main/html/rd/p/000000970.000006410.html,ab7a2a356d7aebce8b86b8925a7c32e7ee47b436979437c055134bcbf4622bdd,simeji_2026h1_00035,embedded_absolute
36106,https://netmeme.genshun9.com/images/2025/2025_db1ih3.jpg,actual_media,ネットミームの森 実画像一覧,media/netmeme_forest/netmeme_forest_00019__2025_db1ih3.jpg,image/jpeg,https://netmeme.genshun9.com/images/2025/2025_db1ih3.jpg,https://netmeme.genshun9.com/,5aa4d5f26cf757074884c38fe9ccba58d13c60f4c7f398c3aa3fc4d868ccbc61,netmeme_forest_00019,html_media
75572,https://netmeme.genshun9.com/images/2025/2025_z10u3v.jpg,actual_media,ネットミームの森 実画像一覧,media/netmeme_forest/netmeme_forest_00016__2025_z10u3v.jpg,image/jpeg,https://netmeme.genshun9.com/images/2025/2025_z10u3v.jpg,https://netmeme.genshun9.com/,982a43165384638d66ea62d48a776adcff9ab92cb4e5e6dd1bd7f2812927684b,netmeme_forest_00016,html_media
25928,https://netmeme.genshun9.com/images/2025/2025_cq33cf.jpg,actual_media,ネットミームの森 実画像一覧,media/netmeme_forest/netmeme_forest_00017__2025_cq33cf.jpg,image/jpeg,https://netmeme.genshun9.com/images/2025/2025_cq33cf.jpg,https://netmeme.genshun9.com/,3f8587661128d7eb6537efacf2a310abb9910c348233a3e5ec354ccc804291ef,netmeme_forest_00017,html_media
166094,https://netmeme.genshun9.com/images/2025/2025_hnmq2u.jpg,actual_media,ネットミームの森 実画像一覧,media/netmeme_forest/netmeme_forest_00015__2025_hnmq2u.jpg,image/jpeg,https://netmeme.genshun9.com/images/2025/2025_hnmq2u.jpg,https://netmeme.genshun9.com/,d0af9c4729cb814b6f3aa153d46581e182dd539a9dbd0dafe8f39c36ed9ee444,netmeme_forest_00015,html_media
25696,https://netmeme.genshun9.com/images/2025/2025_akayys.jpg,actual_media,ネットミームの森 実画像一覧,media/netmeme_forest/netmeme_forest_00022__2025_akayys.jpg,image/jpeg,https://netmeme.genshun9.com/images/2025/2025_akayys.jpg,https://netmeme.genshun9.com/,fa79ceb05fccf13c9076602a294699b67dfda4454a0f9e56a65d7d94c1e1c7a2,netmeme_forest_00022,html_media
91097,https://netmeme.genshun9.com/images/2025/2025_cpt2fu.jpg,actual_media,ネットミームの森 実画像一覧,media/netmeme_forest/netmeme_forest_00020__2025_cpt2fu.jpg,image/jpeg,https://netmeme.genshun9.com/images/2025/2025_cpt2fu.jpg,https://netmeme.genshun9.com/,2b3085de338e4be5a2c87b680943bf4f15c7475d90e14f01d9374040adde0a65,netmeme_forest_00020,html_media
190302,https://netmeme.genshun9.com/images/2025/2025_euc9ws.jpg,actual_media,ネットミームの森 実画像一覧,media/netmeme_forest/netmeme_forest_00024__2025_euc9ws.jpg,image/jpeg,https://netmeme.genshun9.com/images/2025/2025_euc9ws.jpg,https://netmeme.genshun9.com/,22540c2b63aa8dc9b46d31eb6ecf3c48f44e353e2cff8805fabcb638da7793a2,netmeme_forest_00024,html_media
1532239,https://netmeme.genshun9.com/ogp-twitter.png,actual_media,ネットミームの森 実画像一覧,media/netmeme_forest/netmeme_forest_00001__ogp-twitter.png,image/png,https://netmeme.genshun9.com/ogp-twitter.png,https://netmeme.genshun9.com/,1e307fd0c533da4ea3c4008c29fbebbda1025466efc953dd4c45be30b6a6bf9c,netmeme_forest_00001,meta_image
59967,https://netmeme.genshun9.com/images/2025/2025_pv81z9.jpg,actual_media,ネットミームの森 実画像一覧,media/netmeme_forest/netmeme_forest_00018__2025_pv81z9.jpg,image/jpeg,https://netmeme.genshun9.com/images/2025/2025_pv81z9.jpg,https://netmeme.genshun9.com/,57d2810a242a0764458e1ab9dba0dd78e8c792142333668bc69b4bc85f9e506e,netmeme_forest_00018,html_media
42039,https://netmeme.genshun9.com/images/2025/2025_5stdv1.jpg,actual_media,ネットミームの森 実画像一覧,media/netmeme_forest/netmeme_forest_00026__2025_5stdv1.jpg,image/jpeg,https://netmeme.genshun9.com/images/2025/2025_5stdv1.jpg,https://netmeme.genshun9.com/,518aebcebb11069f565ab1f66ccdc5ef795486ff73fbcf8acf1a74be2227bc96,netmeme_forest_00026,html_media
35368,https://netmeme.genshun9.com/images/2025/2025_wjiw31.jpg,actual_media,ネットミームの森 実画像一覧,media/netmeme_forest/netmeme_forest_00027__2025_wjiw31.jpg,image/jpeg,https://netmeme.genshun9.com/images/2025/2025_wjiw31.jpg,https://netmeme.genshun9.com/,cf7ac19ff6506d8359323ae14dcec5ce45266999016b63c18abb024e89b8a2ef,netmeme_forest_00027,html_media
77532,https://netmeme.genshun9.com/images/2025/2025_oxq3g8.jpg,actual_media,ネットミームの森 実画像一覧,media/netmeme_forest/netmeme_forest_00023__2025_oxq3g8.jpg,image/jpeg,https://netmeme.genshun9.com/images/2025/2025_oxq3g8.jpg,https://netmeme.genshun9.com/,31c53443b6e3257703306b7b951c53334dbffcd3c5dd29fe1b233ce15c2138d9,netmeme_forest_00023,html_media
118300,https://netmeme.genshun9.com/images/2025/2025_kpjh9r.jpg,actual_media,ネットミームの森 実画像一覧,media/netmeme_forest/netmeme_forest_00025__2025_kpjh9r.jpg,image/jpeg,https://netmeme.genshun9.com/images/2025/2025_kpjh9r.jpg,https://netmeme.genshun9.com/,58af2e6a2b58ba075257f3487b2f7d956aee9aa8404df18a7d1692a7d0507f28,netmeme_forest_00025,html_media
79073,https://netmeme.genshun9.com/images/2025/2025_26tp32.jpg,actual_media,ネットミームの森 実画像一覧,media/netmeme_forest/netmeme_forest_00021__2025_26tp32.jpg,image/jpeg,https://netmeme.genshun9.com/images/2025/2025_26tp32.jpg,https://netmeme.genshun9.com/,cecf183e339b5f3da473bc3977814922c78836469351d9f41d070d571aab33a7,netmeme_forest_00021,html_media
122416,https://netmeme.genshun9.com/images/2025/2025_m9eacn.jpg,actual_media,ネットミームの森 実画像一覧,media/netmeme_forest/netmeme_forest_00028__2025_m9eacn.jpg,image/jpeg,https://netmeme.genshun9.com/images/2025/2025_m9eacn.jpg,https://netmeme.genshun9.com/,c193be04505adbe2b2af103107550ac9639d779dc19e79f1d8e9cab194d05651,netmeme_forest_00028,html_media
129058,https://netmeme.genshun9.com/images/2025/2025_hd3bv8.jpg,actual_media,ネットミームの森 実画像一覧,media/netmeme_forest/netmeme_forest_00031__2025_hd3bv8.jpg,image/jpeg,https://netmeme.genshun9.com/images/2025/2025_hd3bv8.jpg,https://netmeme.genshun9.com/,228410d424834a4a6aa7102a277e40df27781e747d87bf20f3541331de67ff78,netmeme_forest_00031,html_media
96957,https://netmeme.genshun9.com/images/2025/2025_ty00ea.jpg,actual_media,ネットミームの森 実画像一覧,media/netmeme_forest/netmeme_forest_00029__2025_ty00ea.jpg,image/jpeg,https://netmeme.genshun9.com/images/2025/2025_ty00ea.jpg,https://netmeme.genshun9.com/,5aaf5ced6cde2db649e87d1810d66c4cb84dad99ea810c5ab91547ea546f87f2,netmeme_forest_00029,html_media
42786,https://netmeme.genshun9.com/images/2026/2026_95vbmi.jpg,actual_media,ネットミームの森 実画像一覧,media/netmeme_forest/netmeme_forest_00002__2026_95vbmi.jpg,image/jpeg,https://netmeme.genshun9.com/images/2026/2026_95vbmi.jpg,https://netmeme.genshun9.com/,fc8ade92918e17df87454bec5c455e43551fb6f3f6767f6ba773f3ce6dada529,netmeme_forest_00002,html_media
159596,https://netmeme.genshun9.com/images/2025/2025_it2bz7.jpg,actual_media,ネットミームの森 実画像一覧,media/netmeme_forest/netmeme_forest_asset0013_00033__2025_it2bz7.jpg,image/jpeg,https://netmeme.genshun9.com/images/2025/2025_it2bz7.jpg,https://netmeme.genshun9.com/sitemap.xml,96105eaa678f4b3fd79436b9763509c0a5bfc5afcf310dd2daa862eabeeb5db0,netmeme_forest_asset0013_00033,embedded_absolute
4567,https://netmeme.genshun9.com/images/2024/2024_9ajbqs.jpg,actual_media,ネットミームの森 実画像一覧,media/netmeme_forest/netmeme_forest_asset0013_00040__2024_9ajbqs.jpg,image/jpeg,https://netmeme.genshun9.com/images/2024/2024_9ajbqs.jpg,https://netmeme.genshun9.com/sitemap.xml,29a2f1bbfe573a592b4f15f9f6f7c49d996c93ffff338bad8942522d95c47813,netmeme_forest_asset0013_00040,embedded_absolute
117162,https://netmeme.genshun9.com/images/2025/2025_7myfbf.jpg,actual_media,ネットミームの森 実画像一覧,media/netmeme_forest/netmeme_forest_asset0013_00032__2025_7myfbf.jpg,image/jpeg,https://netmeme.genshun9.com/images/2025/2025_7myfbf.jpg,https://netmeme.genshun9.com/sitemap.xml,c877f883ad5c135774d3b98a3004f498a17b4e30146d635f82375a569c8c19c6,netmeme_forest_asset0013_00032,embedded_absolute
67036,https://netmeme.genshun9.com/images/2025/2025_sooh90.jpg,actual_media,ネットミームの森 実画像一覧,media/netmeme_forest/netmeme_forest_asset0013_00039__2025_sooh90.jpg,image/jpeg,https://netmeme.genshun9.com/images/2025/2025_sooh90.jpg,https://netmeme.genshun9.com/sitemap.xml,3841bacf49593d56f9db3da492e637d3e0cc7b43ae17ca1105200133d780bc32,netmeme_forest_asset0013_00039,embedded_absolute
78227,https://netmeme.genshun9.com/images/2025/2025_vlwx7m.jpg,actual_media,ネットミームの森 実画像一覧,media/netmeme_forest/netmeme_forest_asset0013_00031__2025_vlwx7m.jpg,image/jpeg,https://netmeme.genshun9.com/images/2025/2025_vlwx7m.jpg,https://netmeme.genshun9.com/sitemap.xml,4f2706aac5de1747be8b98b25a1a2658ead17bdb146788e626ee3d04811ca919,netmeme_forest_asset0013_00031,embedded_absolute
56374,https://netmeme.genshun9.com/images/2025/2025_0jok30.jpg,actual_media,ネットミームの森 実画像一覧,media/netmeme_forest/netmeme_forest_asset0013_00038__2025_0jok30.jpg,image/jpeg,https://netmeme.genshun9.com/images/2025/2025_0jok30.jpg,https://netmeme.genshun9.com/sitemap.xml,f948c257f40e0762548854dd5529a40acd37f0e968ab6b87250268305a7012e9,netmeme_forest_asset0013_00038,embedded_absolute
37399,https://netmeme.genshun9.com/images/2025/2025_7i0x85.jpg,actual_media,ネットミームの森 実画像一覧,media/netmeme_forest/netmeme_forest_asset0013_00036__2025_7i0x85.jpg,image/jpeg,https://netmeme.genshun9.com/images/2025/2025_7i0x85.jpg,https://netmeme.genshun9.com/sitemap.xml,0ad2fd52a554bed9c2218d4f5acf9024ec3192494de561417d1152159d71c010,netmeme_forest_asset0013_00036,embedded_absolute
53658,https://netmeme.genshun9.com/images/2024/2024_xurhdp.jpg,actual_media,ネットミームの森 実画像一覧,media/netmeme_forest/netmeme_forest_asset0013_00045__2024_xurhdp.jpg,image/jpeg,https://netmeme.genshun9.com/images/2024/2024_xurhdp.jpg,https://netmeme.genshun9.com/sitemap.xml,10a8d70f3f428247121639c9e4e9fee1a0f1c7f7f0edb8e91be7362e3760e8fc,netmeme_forest_asset0013_00045,embedded_absolute
31751,https://netmeme.genshun9.com/images/2025/2025_wts134.jpg,actual_media,ネットミームの森 実画像一覧,media/netmeme_forest/netmeme_forest_asset0013_00034__2025_wts134.jpg,image/jpeg,https://netmeme.genshun9.com/images/2025/2025_wts134.jpg,https://netmeme.genshun9.com/sitemap.xml,92297029acaf04482ae6adc54d54172f18b4cdda2913230e63c890438d9bc174,netmeme_forest_asset0013_00034,embedded_absolute
220735,https://netmeme.genshun9.com/images/2024/2024_ge2moj.jpg,actual_media,ネットミームの森 実画像一覧,media/netmeme_forest/netmeme_forest_asset0013_00041__2024_ge2moj.jpg,image/jpeg,https://netmeme.genshun9.com/images/2024/2024_ge2moj.jpg,https://netmeme.genshun9.com/sitemap.xml,a9640ba9bcaf0d828c96b56389ac04a579945444ac57443f395fce276373afff,netmeme_forest_asset0013_00041,embedded_absolute
246737,https://netmeme.genshun9.com/images/2025/2025_74rrr1.jpg,actual_media,ネットミームの森 実画像一覧,media/netmeme_forest/netmeme_forest_asset0013_00037__2025_74rrr1.jpg,image/jpeg,https://netmeme.genshun9.com/images/2025/2025_74rrr1.jpg,https://netmeme.genshun9.com/sitemap.xml,ade255fe31e79b042ceb127fbd5578041d3bae5baf449b3ab648c84db7e4678f,netmeme_forest_asset0013_00037,embedded_absolute
219557,https://netmeme.genshun9.com/images/2025/2025_4hz6pw.jpg,actual_media,ネットミームの森 実画像一覧,media/netmeme_forest/netmeme_forest_asset0013_00035__2025_4hz6pw.jpg,image/jpeg,https://netmeme.genshun9.com/images/2025/2025_4hz6pw.jpg,https://netmeme.genshun9.com/sitemap.xml,033d489fc42b2d029c280cda10d5a3d926575c4ccdc5f5b15d315478e5a3072a,netmeme_forest_asset0013_00035,embedded_absolute
118080,https://netmeme.genshun9.com/images/2024/2024_tkqxi8.jpg,actual_media,ネットミームの森 実画像一覧,media/netmeme_forest/netmeme_forest_asset0013_00044__2024_tkqxi8.jpg,image/jpeg,https://netmeme.genshun9.com/images/2024/2024_tkqxi8.jpg,https://netmeme.genshun9.com/sitemap.xml,e177c5df067f428a5ac787b13f8eb82e5bd7ec88b96eee2561af94da8f470e05,netmeme_forest_asset0013_00044,embedded_absolute
50906,https://netmeme.genshun9.com/images/2024/2024_knz46z.jpg,actual_media,ネットミームの森 実画像一覧,media/netmeme_forest/netmeme_forest_asset0013_00042__2024_knz46z.jpg,image/jpeg,https://netmeme.genshun9.com/images/2024/2024_knz46z.jpg,https://netmeme.genshun9.com/sitemap.xml,0a43c2124e7bad06faac0b9323f9718a2415e8459df029f65e2b1d77148cde87,netmeme_forest_asset0013_00042,embedded_absolute
42770,https://netmeme.genshun9.com/images/2024/2024_00wt6o.jpg,actual_media,ネットミームの森 実画像一覧,media/netmeme_forest/netmeme_forest_asset0013_00050__2024_00wt6o.jpg,image/jpeg,https://netmeme.genshun9.com/images/2024/2024_00wt6o.jpg,https://netmeme.genshun9.com/sitemap.xml,a5f223992d6c58a2a517e8c5aeeb67e6936ff32547f9d479542147c7adae74c4,netmeme_forest_asset0013_00050,embedded_absolute
103054,https://netmeme.genshun9.com/images/2024/2024_ctptvm.jpg,actual_media,ネットミームの森 実画像一覧,media/netmeme_forest/netmeme_forest_asset0013_00043__2024_ctptvm.jpg,image/jpeg,https://netmeme.genshun9.com/images/2024/2024_ctptvm.jpg,https://netmeme.genshun9.com/sitemap.xml,4f2eaa0e760f3f4114c859a39a6baa3fb5580d6d081ac650d7c2bccc75633f24,netmeme_forest_asset0013_00043,embedded_absolute
109436,https://netmeme.genshun9.com/images/2024/2024_tdt5hq.jpg,actual_media,ネットミームの森 実画像一覧,media/netmeme_forest/netmeme_forest_asset0013_00047__2024_tdt5hq.jpg,image/jpeg,https://netmeme.genshun9.com/images/2024/2024_tdt5hq.jpg,https://netmeme.genshun9.com/sitemap.xml,53535b0b0fb687c4e0cdf2ab1058c26e8bd3cc5dddb63fc0b2e62afafb240f5b,netmeme_forest_asset0013_00047,embedded_absolute
94866,https://netmeme.genshun9.com/images/2024/2024_lu6ce8.jpg,actual_media,ネットミームの森 実画像一覧,media/netmeme_forest/netmeme_forest_asset0013_00048__2024_lu6ce8.jpg,image/jpeg,https://netmeme.genshun9.com/images/2024/2024_lu6ce8.jpg,https://netmeme.genshun9.com/sitemap.xml,0be27af572171e63614e5f9efc6dada4a1a13b799830a7927ea04b7c3c81ee15,netmeme_forest_asset0013_00048,embedded_absolute
41068,https://netmeme.genshun9.com/images/2024/2024_xduocq.jpg,actual_media,ネットミームの森 実画像一覧,media/netmeme_forest/netmeme_forest_asset0013_00046__2024_xduocq.jpg,image/jpeg,https://netmeme.genshun9.com/images/2024/2024_xduocq.jpg,https://netmeme.genshun9.com/sitemap.xml,56b495e7c455fb21a01e4a33f96934864edcd6243ea5b9ff1a674bd58eb281be,netmeme_forest_asset0013_00046,embedded_absolute
27780,https://netmeme.genshun9.com/images/2024/2024_64y70i.jpg,actual_media,ネットミームの森 実画像一覧,media/netmeme_forest/netmeme_forest_asset0013_00052__2024_64y70i.jpg,image/jpeg,https://netmeme.genshun9.com/images/2024/2024_64y70i.jpg,https://netmeme.genshun9.com/sitemap.xml,8891792c0f1c6e4dbfb03c864f8182472ba1941523b4b18b3dbe38390f2601e1,netmeme_forest_asset0013_00052,embedded_absolute
37652,https://netmeme.genshun9.com/images/2024/2024_hc29yr.jpg,actual_media,ネットミームの森 実画像一覧,media/netmeme_forest/netmeme_forest_asset0013_00053__2024_hc29yr.jpg,image/jpeg,https://netmeme.genshun9.com/images/2024/2024_hc29yr.jpg,https://netmeme.genshun9.com/sitemap.xml,943248db3c397560a0ce6e33b90f6e0393eea98682f0f7758c109492301ca070,netmeme_forest_asset0013_00053,embedded_absolute
63571,https://netmeme.genshun9.com/images/2024/2024_h4gc5y.jpg,actual_media,ネットミームの森 実画像一覧,media/netmeme_forest/netmeme_forest_asset0013_00055__2024_h4gc5y.jpg,image/jpeg,https://netmeme.genshun9.com/images/2024/2024_h4gc5y.jpg,https://netmeme.genshun9.com/sitemap.xml,fd3608536372a86f58b6e18e351d1c5edc6274f6a4b91677708633892a00e83d,netmeme_forest_asset0013_00055,embedded_absolute
72050,https://netmeme.genshun9.com/images/2024/2024_kt4h46.jpg,actual_media,ネットミームの森 実画像一覧,media/netmeme_forest/netmeme_forest_asset0013_00051__2024_kt4h46.jpg,image/jpeg,https://netmeme.genshun9.com/images/2024/2024_kt4h46.jpg,https://netmeme.genshun9.com/sitemap.xml,38313d6bfde177112af18fb9abbcbdea5c5aeee7ad060c0694502fa51403367b,netmeme_forest_asset0013_00051,embedded_absolute
102764,https://netmeme.genshun9.com/images/2024/2024_xfz7ly.jpg,actual_media,ネットミームの森 実画像一覧,media/netmeme_forest/netmeme_forest_asset0013_00054__2024_xfz7ly.jpg,image/jpeg,https://netmeme.genshun9.com/images/2024/2024_xfz7ly.jpg,https://netmeme.genshun9.com/sitemap.xml,3bbd6432642d0d256283b6fdabe8b23ae6ac87b85c698a832dae4fbf69bab480,netmeme_forest_asset0013_00054,embedded_absolute
16466,https://netmeme.genshun9.com/images/2024/2024_7oqjp7.jpg,actual_media,ネットミームの森 実画像一覧,media/netmeme_forest/netmeme_forest_asset0013_00059__2024_7oqjp7.jpg,image/jpeg,https://netmeme.genshun9.com/images/2024/2024_7oqjp7.jpg,https://netmeme.genshun9.com/sitemap.xml,ea5023387c183ee232f7498c5c60ca1bbc9fa8d3879e0a3c9e8e356f769f522b,netmeme_forest_asset0013_00059,embedded_absolute
42315,https://netmeme.genshun9.com/images/2024/2024_awj55e.jpg,actual_media,ネットミームの森 実画像一覧,media/netmeme_forest/netmeme_forest_asset0013_00058__2024_awj55e.jpg,image/jpeg,https://netmeme.genshun9.com/images/2024/2024_awj55e.jpg,https://netmeme.genshun9.com/sitemap.xml,74271cbf841448d7dd3a32d628be0a895f768f13955a7c8f7b1605536e6fada1,netmeme_forest_asset0013_00058,embedded_absolute
296014,https://netmeme.genshun9.com/images/2024/2024_phhnnk.jpg,actual_media,ネットミームの森 実画像一覧,media/netmeme_forest/netmeme_forest_asset0013_00049__2024_phhnnk.jpg,image/jpeg,https://netmeme.genshun9.com/images/2024/2024_phhnnk.jpg,https://netmeme.genshun9.com/sitemap.xml,b77429f0c82ce0b43c2704b51b28231b2e63556ff122973bf1018577f2e89908,netmeme_forest_asset0013_00049,embedded_absolute
50257,https://netmeme.genshun9.com/images/2024/2024_6hbkqk.jpg,actual_media,ネットミームの森 実画像一覧,media/netmeme_forest/netmeme_forest_asset0013_00056__2024_6hbkqk.jpg,image/jpeg,https://netmeme.genshun9.com/images/2024/2024_6hbkqk.jpg,https://netmeme.genshun9.com/sitemap.xml,38b9eb79ec93e875bd2c321acba98f7253ed78d9865928c49866290b7a1e84e4,netmeme_forest_asset0013_00056,embedded_absolute
23201,https://netmeme.genshun9.com/images/2024/2024_uqyixf.jpg,actual_media,ネットミームの森 実画像一覧,media/netmeme_forest/netmeme_forest_asset0013_00064__2024_uqyixf.jpg,image/jpeg,https://netmeme.genshun9.com/images/2024/2024_uqyixf.jpg,https://netmeme.genshun9.com/sitemap.xml,d1f6fec5c6aea7f6c7f51cd1912e8850945044bb010106ee52200bdd45045771,netmeme_forest_asset0013_00064,embedded_absolute
124546,https://netmeme.genshun9.com/images/2024/2024_6u71lt.jpg,actual_media,ネットミームの森 実画像一覧,media/netmeme_forest/netmeme_forest_asset0013_00060__2024_6u71lt.jpg,image/jpeg,https://netmeme.genshun9.com/images/2024/2024_6u71lt.jpg,https://netmeme.genshun9.com/sitemap.xml,0788cfa01fed2198a8b51a2558aa9899a8d9d09f050e3231075a9555f5ada2b7,netmeme_forest_asset0013_00060,embedded_absolute
54501,https://netmeme.genshun9.com/images/2024/2024_w7gvzd.jpg,actual_media,ネットミームの森 実画像一覧,media/netmeme_forest/netmeme_forest_asset0013_00061__2024_w7gvzd.jpg,image/jpeg,https://netmeme.genshun9.com/images/2024/2024_w7gvzd.jpg,https://netmeme.genshun9.com/sitemap.xml,9002c63dcb86cd4d5c1fad7ceed1b73d38f075ec9ef25f43dcd31eba87b5ac3d,netmeme_forest_asset0013_00061,embedded_absolute
40338,https://netmeme.genshun9.com/images/2024/2024_sg2hzi.jpg,actual_media,ネットミームの森 実画像一覧,media/netmeme_forest/netmeme_forest_asset0013_00063__2024_sg2hzi.jpg,image/jpeg,https://netmeme.genshun9.com/images/2024/2024_sg2hzi.jpg,https://netmeme.genshun9.com/sitemap.xml,69bd4f78ae348945df0b69d0d21d9da1a91bcef20934b3b4cc1855027374e315,netmeme_forest_asset0013_00063,embedded_absolute
129232,https://netmeme.genshun9.com/images/2024/2024_nkbpko.jpg,actual_media,ネットミームの森 実画像一覧,media/netmeme_forest/netmeme_forest_asset0013_00062__2024_nkbpko.jpg,image/jpeg,https://netmeme.genshun9.com/images/2024/2024_nkbpko.jpg,https://netmeme.genshun9.com/sitemap.xml,9ebd7d6d4ca27cdd0b6c7eb59afad03eac980fc5e4949af8a2e10930529da7b7,netmeme_forest_asset0013_00062,embedded_absolute
276358,https://netmeme.genshun9.com/images/2024/2024_bedin3.jpg,actual_media,ネットミームの森 実画像一覧,media/netmeme_forest/netmeme_forest_asset0013_00057__2024_bedin3.jpg,image/jpeg,https://netmeme.genshun9.com/images/2024/2024_bedin3.jpg,https://netmeme.genshun9.com/sitemap.xml,c68dc78bc2ad638235ca7bf02aefc5b4225cc566f74ef3011fa29f80a75db44a,netmeme_forest_asset0013_00057,embedded_absolute
38078,https://netmeme.genshun9.com/images/2024/2024_g02a0j.jpg,actual_media,ネットミームの森 実画像一覧,media/netmeme_forest/netmeme_forest_asset0013_00068__2024_g02a0j.jpg,image/jpeg,https://netmeme.genshun9.com/images/2024/2024_g02a0j.jpg,https://netmeme.genshun9.com/sitemap.xml,f9038d4b32793a9d035d2f0b89523340cf2786d43552230d19c5231f09ef3eff,netmeme_forest_asset0013_00068,embedded_absolute
24027,https://netmeme.genshun9.com/images/2024/2024_sz2sdl.jpg,actual_media,ネットミームの森 実画像一覧,media/netmeme_forest/netmeme_forest_asset0013_00067__2024_sz2sdl.jpg,image/jpeg,https://netmeme.genshun9.com/images/2024/2024_sz2sdl.jpg,https://netmeme.genshun9.com/sitemap.xml,79a620a3e01cf71f7505cb025552e0e6049d6aa4e4ecc67f0d4ae57a954b021f,netmeme_forest_asset0013_00067,embedded_absolute
64956,https://netmeme.genshun9.com/images/2024/2024_ldb8bf.jpg,actual_media,ネットミームの森 実画像一覧,media/netmeme_forest/netmeme_forest_asset0013_00065__2024_ldb8bf.jpg,image/jpeg,https://netmeme.genshun9.com/images/2024/2024_ldb8bf.jpg,https://netmeme.genshun9.com/sitemap.xml,c435f4c8160fb52dc5e126dd8c4ec3cd00b8620b1ddb4fe2cd6a87d63d17f159,netmeme_forest_asset0013_00065,embedded_absolute
66629,https://netmeme.genshun9.com/images/2024/2024_8z5uwe.jpg,actual_media,ネットミームの森 実画像一覧,media/netmeme_forest/netmeme_forest_asset0013_00070__2024_8z5uwe.jpg,image/jpeg,https://netmeme.genshun9.com/images/2024/2024_8z5uwe.jpg,https://netmeme.genshun9.com/sitemap.xml,30e13b41933ef280ee930e9dc20be1bc1269d2b6fc6626c28a1d4bd0702e7e12,netmeme_forest_asset0013_00070,embedded_absolute
55108,https://netmeme.genshun9.com/images/2024/2024_3hoqb4.jpg,actual_media,ネットミームの森 実画像一覧,media/netmeme_forest/netmeme_forest_asset0013_00072__2024_3hoqb4.jpg,image/jpeg,https://netmeme.genshun9.com/images/2024/2024_3hoqb4.jpg,https://netmeme.genshun9.com/sitemap.xml,f44da917ffb96e8474855a1d494244cb97e17e4b2e83234440ad51f5b4525148,netmeme_forest_asset0013_00072,embedded_absolute
192703,https://netmeme.genshun9.com/images/2024/2024_l65305.jpg,actual_media,ネットミームの森 実画像一覧,media/netmeme_forest/netmeme_forest_asset0013_00069__2024_l65305.jpg,image/jpeg,https://netmeme.genshun9.com/images/2024/2024_l65305.jpg,https://netmeme.genshun9.com/sitemap.xml,ce4a87f29cf12f51e2ba2206f815a201a87e937f4fe0fef5471418f6c6a3e71e,netmeme_forest_asset0013_00069,embedded_absolute
82308,https://netmeme.genshun9.com/images/2024/2024_1zs9yb.jpg,actual_media,ネットミームの森 実画像一覧,media/netmeme_forest/netmeme_forest_asset0013_00066__2024_1zs9yb.jpg,image/jpeg,https://netmeme.genshun9.com/images/2024/2024_1zs9yb.jpg,https://netmeme.genshun9.com/sitemap.xml,5e0e2ea4b0d6c397ffdc198234ba8bbfb70d855b54ada5e202f13556e6407e77,netmeme_forest_asset0013_00066,embedded_absolute
2132460,https://netmeme.genshun9.com/images/2025/2025_t5ttkt.jpg,actual_media,ネットミームの森 実画像一覧,media/netmeme_forest/netmeme_forest_00030__2025_t5ttkt.jpg,image/jpeg,https://netmeme.genshun9.com/images/2025/2025_t5ttkt.jpg,https://netmeme.genshun9.com/,40cc304f3ef4559a360689261d55f2952b028ce601f51ba67d1c611792a0dd42,netmeme_forest_00030,html_media
52094,https://netmeme.genshun9.com/images/2024/2024_octlc6.jpg,actual_media,ネットミームの森 実画像一覧,media/netmeme_forest/netmeme_forest_asset0013_00075__2024_octlc6.jpg,image/jpeg,https://netmeme.genshun9.com/images/2024/2024_octlc6.jpg,https://netmeme.genshun9.com/sitemap.xml,ea008b5c4522dfd876cc3e00447dd806d85e090a3850f3628e84fec35202e0ed,netmeme_forest_asset0013_00075,embedded_absolute
91361,https://netmeme.genshun9.com/images/2024/2024_td2na8.jpg,actual_media,ネットミームの森 実画像一覧,media/netmeme_forest/netmeme_forest_asset0013_00071__2024_td2na8.jpg,image/jpeg,https://netmeme.genshun9.com/images/2024/2024_td2na8.jpg,https://netmeme.genshun9.com/sitemap.xml,7f0636b4070f97679d2d62f4777047edd6effa9579b7e90b7076daee71c69951,netmeme_forest_asset0013_00071,embedded_absolute
17266,https://netmeme.genshun9.com/images/2024/2024_5swsls.jpg,actual_media,ネットミームの森 実画像一覧,media/netmeme_forest/netmeme_forest_asset0013_00077__2024_5swsls.jpg,image/jpeg,https://netmeme.genshun9.com/images/2024/2024_5swsls.jpg,https://netmeme.genshun9.com/sitemap.xml,dcdf9624105c1e4c60c1a7d0a0610c2c270219785ff34ea0feddf16261bf4fda,netmeme_forest_asset0013_00077,embedded_absolute
97310,https://netmeme.genshun9.com/images/2024/2024_oyc5nl.jpg,actual_media,ネットミームの森 実画像一覧,media/netmeme_forest/netmeme_forest_asset0013_00073__2024_oyc5nl.jpg,image/jpeg,https://netmeme.genshun9.com/images/2024/2024_oyc5nl.jpg,https://netmeme.genshun9.com/sitemap.xml,98658f9616f4f10c8fbaebcb9d441800249657aae8dd81ede93f446c30e9e882,netmeme_forest_asset0013_00073,embedded_absolute
12796,https://netmeme.genshun9.com/images/2024/2024_pwaiso.jpg,actual_media,ネットミームの森 実画像一覧,media/netmeme_forest/netmeme_forest_asset0013_00078__2024_pwaiso.jpg,image/jpeg,https://netmeme.genshun9.com/images/2024/2024_pwaiso.jpg,https://netmeme.genshun9.com/sitemap.xml,c08c6e243452d6cbf972fe74cd3eca5cbfc6f9b66068c7099b7237c496e557f8,netmeme_forest_asset0013_00078,embedded_absolute
58068,https://netmeme.genshun9.com/images/2024/2024_km9uis.jpg,actual_media,ネットミームの森 実画像一覧,media/netmeme_forest/netmeme_forest_asset0013_00079__2024_km9uis.jpg,image/jpeg,https://netmeme.genshun9.com/images/2024/2024_km9uis.jpg,https://netmeme.genshun9.com/sitemap.xml,39fe55b11a02cfa84d7e3c2fb7ea7d5fb3e3c08751f2e057eaad8207396ae8b0,netmeme_forest_asset0013_00079,embedded_absolute
92487,https://netmeme.genshun9.com/images/2024/2024_fu74le.jpg,actual_media,ネットミームの森 実画像一覧,media/netmeme_forest/netmeme_forest_asset0013_00074__2024_fu74le.jpg,image/jpeg,https://netmeme.genshun9.com/images/2024/2024_fu74le.jpg,https://netmeme.genshun9.com/sitemap.xml,c03d013eb234a29a358a44580851084539b8d672b78f2c56c48864a910a0ad76,netmeme_forest_asset0013_00074,embedded_absolute
107328,https://netmeme.genshun9.com/images/2024/2024_246whg.jpg,actual_media,ネットミームの森 実画像一覧,media/netmeme_forest/netmeme_forest_asset0013_00076__2024_246whg.jpg,image/jpeg,https://netmeme.genshun9.com/images/2024/2024_246whg.jpg,https://netmeme.genshun9.com/sitemap.xml,7e3f79175413843d0b90cd68aba27634a375b1ee4fa618f2a5f3995ab80eb358,netmeme_forest_asset0013_00076,embedded_absolute
14352,https://netmeme.genshun9.com/images/2024/2024_fqniq4.jpg,actual_media,ネットミームの森 実画像一覧,media/netmeme_forest/netmeme_forest_asset0013_00083__2024_fqniq4.jpg,image/jpeg,https://netmeme.genshun9.com/images/2024/2024_fqniq4.jpg,https://netmeme.genshun9.com/sitemap.xml,24c1d90f06d918774f1761b67c855ac71e124932196a9b123d302899e317d7e8,netmeme_forest_asset0013_00083,embedded_absolute
20442,https://netmeme.genshun9.com/images/2024/2024_xp0efj.jpg,actual_media,ネットミームの森 実画像一覧,media/netmeme_forest/netmeme_forest_asset0013_00082__2024_xp0efj.jpg,image/jpeg,https://netmeme.genshun9.com/images/2024/2024_xp0efj.jpg,https://netmeme.genshun9.com/sitemap.xml,53d2a6aa13418ae624219c9fbd820c5588b5cf87b4e8756f2fb8ab19536d8fb2,netmeme_forest_asset0013_00082,embedded_absolute
77677,https://netmeme.genshun9.com/images/2024/2024_ehgwwe.jpg,actual_media,ネットミームの森 実画像一覧,media/netmeme_forest/netmeme_forest_asset0013_00080__2024_ehgwwe.jpg,image/jpeg,https://netmeme.genshun9.com/images/2024/2024_ehgwwe.jpg,https://netmeme.genshun9.com/sitemap.xml,55a47bdae3d6bb26f7054f1fb653df04712384d294a9fd8a82f25263fd405d62,netmeme_forest_asset0013_00080,embedded_absolute
18941,https://netmeme.genshun9.com/images/2024/2024_43bzif.jpg,actual_media,ネットミームの森 実画像一覧,media/netmeme_forest/netmeme_forest_asset0013_00081__2024_43bzif.jpg,image/jpeg,https://netmeme.genshun9.com/images/2024/2024_43bzif.jpg,https://netmeme.genshun9.com/sitemap.xml,070e5fc261b8f8f8e8a40964a81f6fd090eae03378b0b76e400f3b9d9554280c,netmeme_forest_asset0013_00081,embedded_absolute
17126,https://netmeme.genshun9.com/images/2024/2024_2aiktu.jpg,actual_media,ネットミームの森 実画像一覧,media/netmeme_forest/netmeme_forest_asset0013_00084__2024_2aiktu.jpg,image/jpeg,https://netmeme.genshun9.com/images/2024/2024_2aiktu.jpg,https://netmeme.genshun9.com/sitemap.xml,256de2338d96b94f914da7b273aedcc0d2d4d15d60743b94843048e54b85803f,netmeme_forest_asset0013_00084,embedded_absolute
14151,https://netmeme.genshun9.com/images/2024/2024_cqj42i.jpg,actual_media,ネットミームの森 実画像一覧,media/netmeme_forest/netmeme_forest_asset0013_00085__2024_cqj42i.jpg,image/jpeg,https://netmeme.genshun9.com/images/2024/2024_cqj42i.jpg,https://netmeme.genshun9.com/sitemap.xml,cebbd2392ce9d6b1368b53309380cc73d87c8ec14c39becde3821b7fc60c9c2c,netmeme_forest_asset0013_00085,embedded_absolute
84889,https://netmeme.genshun9.com/images/2024/2024_qiayf7.jpg,actual_media,ネットミームの森 実画像一覧,media/netmeme_forest/netmeme_forest_asset0013_00087__2024_qiayf7.jpg,image/jpeg,https://netmeme.genshun9.com/images/2024/2024_qiayf7.jpg,https://netmeme.genshun9.com/sitemap.xml,eb53ae96627a5ee5004faeabd3b11051ebe0bc99fd3194eae8da8d77c9fb4068,netmeme_forest_asset0013_00087,embedded_absolute
76912,https://netmeme.genshun9.com/images/2024/2024_2rlmkh.jpg,actual_media,ネットミームの森 実画像一覧,media/netmeme_forest/netmeme_forest_asset0013_00090__2024_2rlmkh.jpg,image/jpeg,https://netmeme.genshun9.com/images/2024/2024_2rlmkh.jpg,https://netmeme.genshun9.com/sitemap.xml,05772c6e0350a3760d981285dc1e4a9e621ab70a5fe6629e67c313158bbb0c31,netmeme_forest_asset0013_00090,embedded_absolute
70326,https://netmeme.genshun9.com/images/2024/2024_mzero7.jpg,actual_media,ネットミームの森 実画像一覧,media/netmeme_forest/netmeme_forest_asset0013_00086__2024_mzero7.jpg,image/jpeg,https://netmeme.genshun9.com/images/2024/2024_mzero7.jpg,https://netmeme.genshun9.com/sitemap.xml,a264022a4132e29afe0dbf6547795b306e10a626430c621c0e93f44ebeb0a6cf,netmeme_forest_asset0013_00086,embedded_absolute
113219,https://netmeme.genshun9.com/images/2024/2024_w8iv7v.jpg,actual_media,ネットミームの森 実画像一覧,media/netmeme_forest/netmeme_forest_asset0013_00088__2024_w8iv7v.jpg,image/jpeg,https://netmeme.genshun9.com/images/2024/2024_w8iv7v.jpg,https://netmeme.genshun9.com/sitemap.xml,c10d87bb05191925ec2e74ec0c9b761f9dec4853fa8de53d983dd4019b266c14,netmeme_forest_asset0013_00088,embedded_absolute
129560,https://netmeme.genshun9.com/images/2024/2024_psr2i5.jpg,actual_media,ネットミームの森 実画像一覧,media/netmeme_forest/netmeme_forest_asset0013_00091__2024_psr2i5.jpg,image/jpeg,https://netmeme.genshun9.com/images/2024/2024_psr2i5.jpg,https://netmeme.genshun9.com/sitemap.xml,b93e18fd7f3e811b4b79b0bed4897329f788c17879a80a3c3e8a8e854d5c1fc9,netmeme_forest_asset0013_00091,embedded_absolute
25859,https://netmeme.genshun9.com/images/2023/2023_34ycsr.jpg,actual_media,ネットミームの森 実画像一覧,media/netmeme_forest/netmeme_forest_asset0013_00094__2023_34ycsr.jpg,image/jpeg,https://netmeme.genshun9.com/images/2023/2023_34ycsr.jpg,https://netmeme.genshun9.com/sitemap.xml,8830b65481dd95792560c801af3eb95a9fa6dc8af5e01e981c5219a78c3a684d,netmeme_forest_asset0013_00094,embedded_absolute
54552,https://netmeme.genshun9.com/images/2024/2024_tu2rbx.jpg,actual_media,ネットミームの森 実画像一覧,media/netmeme_forest/netmeme_forest_asset0013_00093__2024_tu2rbx.jpg,image/jpeg,https://netmeme.genshun9.com/images/2024/2024_tu2rbx.jpg,https://netmeme.genshun9.com/sitemap.xml,d1e73cfe973e3e07b519391a853f80edbfc4f02792f68cb12ad71d905fa90d26,netmeme_forest_asset0013_00093,embedded_absolute
26594,https://netmeme.genshun9.com/images/2023/2023_4ct9dz.jpg,actual_media,ネットミームの森 実画像一覧,media/netmeme_forest/netmeme_forest_asset0013_00096__2023_4ct9dz.jpg,image/jpeg,https://netmeme.genshun9.com/images/2023/2023_4ct9dz.jpg,https://netmeme.genshun9.com/sitemap.xml,c72a813e909e628b06875b1925b866daf33ed3ab637c3d49da254a9cd589ee97,netmeme_forest_asset0013_00096,embedded_absolute
80878,https://netmeme.genshun9.com/images/2024/2024_4p1rft.jpg,actual_media,ネットミームの森 実画像一覧,media/netmeme_forest/netmeme_forest_asset0013_00092__2024_4p1rft.jpg,image/jpeg,https://netmeme.genshun9.com/images/2024/2024_4p1rft.jpg,https://netmeme.genshun9.com/sitemap.xml,b065cf0f6c5d2cebd315b439de2c3df6ea55193e71d19ade3e7b6606e77d44fb,netmeme_forest_asset0013_00092,embedded_absolute
137968,https://netmeme.genshun9.com/images/2024/2024_r3h4hm.jpg,actual_media,ネットミームの森 実画像一覧,media/netmeme_forest/netmeme_forest_asset0013_00089__2024_r3h4hm.jpg,image/jpeg,https://netmeme.genshun9.com/images/2024/2024_r3h4hm.jpg,https://netmeme.genshun9.com/sitemap.xml,e4de75bf7c694bbb37fbc661217933d4cbf5f0ad6914734d55d44ccd89f477f7,netmeme_forest_asset0013_00089,embedded_absolute
77572,https://netmeme.genshun9.com/images/2023/2023_vm8mn0.jpg,actual_media,ネットミームの森 実画像一覧,media/netmeme_forest/netmeme_forest_asset0013_00098__2023_vm8mn0.jpg,image/jpeg,https://netmeme.genshun9.com/images/2023/2023_vm8mn0.jpg,https://netmeme.genshun9.com/sitemap.xml,af8e134e48a343e6002e179d460738854edc03e3d8f09866df465a57993fe696,netmeme_forest_asset0013_00098,embedded_absolute
13083,https://netmeme.genshun9.com/images/2023/2023_c29gap.jpg,actual_media,ネットミームの森 実画像一覧,media/netmeme_forest/netmeme_forest_asset0013_00099__2023_c29gap.jpg,image/jpeg,https://netmeme.genshun9.com/images/2023/2023_c29gap.jpg,https://netmeme.genshun9.com/sitemap.xml,585b43821593274fc8419f9798d9083c94c4e69653e210ac098b992207db4352,netmeme_forest_asset0013_00099,embedded_absolute
78713,https://netmeme.genshun9.com/images/2023/2023_9yjlaq.jpg,actual_media,ネットミームの森 実画像一覧,media/netmeme_forest/netmeme_forest_asset0013_00097__2023_9yjlaq.jpg,image/jpeg,https://netmeme.genshun9.com/images/2023/2023_9yjlaq.jpg,https://netmeme.genshun9.com/sitemap.xml,fd3e901e6f692470c1817d5f210a313222388133706c91b5770772f0ed009aa7,netmeme_forest_asset0013_00097,embedded_absolute
28305,https://netmeme.genshun9.com/images/2023/2023_7b2wpr.jpg,actual_media,ネットミームの森 実画像一覧,media/netmeme_forest/netmeme_forest_asset0013_00095__2023_7b2wpr.jpg,image/jpeg,https://netmeme.genshun9.com/images/2023/2023_7b2wpr.jpg,https://netmeme.genshun9.com/sitemap.xml,4c636a8d4c2a69d01039229984c984736d10fe6e990df6e93ee86663438a4de1,netmeme_forest_asset0013_00095,embedded_absolute
12756,https://netmeme.genshun9.com/images/2023/2023_bxqurk.jpg,actual_media,ネットミームの森 実画像一覧,media/netmeme_forest/netmeme_forest_asset0013_00100__2023_bxqurk.jpg,image/jpeg,https://netmeme.genshun9.com/images/2023/2023_bxqurk.jpg,https://netmeme.genshun9.com/sitemap.xml,3242cf1cac1b689d4e29a42b09f5bb0af27064701981c6a5d5200abdda8012bc,netmeme_forest_asset0013_00100,embedded_absolute
20577,https://netmeme.genshun9.com/images/2023/2023_gw7yfh.jpg,actual_media,ネットミームの森 実画像一覧,media/netmeme_forest/netmeme_forest_asset0013_00106__2023_gw7yfh.jpg,image/jpeg,https://netmeme.genshun9.com/images/2023/2023_gw7yfh.jpg,https://netmeme.genshun9.com/sitemap.xml,7c45f50889350937ae1ed7a097a755eb8aa995e197892562fbd6874afc3d8611,netmeme_forest_asset0013_00106,embedded_absolute
71563,https://netmeme.genshun9.com/images/2023/2023_6x7kgw.jpg,actual_media,ネットミームの森 実画像一覧,media/netmeme_forest/netmeme_forest_asset0013_00105__2023_6x7kgw.jpg,image/jpeg,https://netmeme.genshun9.com/images/2023/2023_6x7kgw.jpg,https://netmeme.genshun9.com/sitemap.xml,38bcfcdd89cb339ebfbc9de166426a0fea25f653e26c4f6d145cd47dcb19e509,netmeme_forest_asset0013_00105,embedded_absolute
22687,https://netmeme.genshun9.com/images/2023/2023_taleti.jpg,actual_media,ネットミームの森 実画像一覧,media/netmeme_forest/netmeme_forest_asset0013_00108__2023_taleti.jpg,image/jpeg,https://netmeme.genshun9.com/images/2023/2023_taleti.jpg,https://netmeme.genshun9.com/sitemap.xml,24453f0457ea6d860ffa7390ff3c583b05abbd87e0fb3a8389d0ba3151550a95,netmeme_forest_asset0013_00108,embedded_absolute
78601,https://netmeme.genshun9.com/images/2023/2023_7l5434.jpg,actual_media,ネットミームの森 実画像一覧,media/netmeme_forest/netmeme_forest_asset0013_00101__2023_7l5434.jpg,image/jpeg,https://netmeme.genshun9.com/images/2023/2023_7l5434.jpg,https://netmeme.genshun9.com/sitemap.xml,bae324dde0c0197fa82a59f931a4528109e2f519f54f4d56a6cdcd5f19a1e6ba,netmeme_forest_asset0013_00101,embedded_absolute
45164,https://netmeme.genshun9.com/images/2023/2023_vlon1r.jpg,actual_media,ネットミームの森 実画像一覧,media/netmeme_forest/netmeme_forest_asset0013_00104__2023_vlon1r.jpg,image/jpeg,https://netmeme.genshun9.com/images/2023/2023_vlon1r.jpg,https://netmeme.genshun9.com/sitemap.xml,f8e39b612815a00c0953bc289ab07e29b5a2eeecdbc89469c6a4a5013a8b3c13,netmeme_forest_asset0013_00104,embedded_absolute
73896,https://netmeme.genshun9.com/images/2023/2023_24e92m.jpg,actual_media,ネットミームの森 実画像一覧,media/netmeme_forest/netmeme_forest_asset0013_00102__2023_24e92m.jpg,image/jpeg,https://netmeme.genshun9.com/images/2023/2023_24e92m.jpg,https://netmeme.genshun9.com/sitemap.xml,8af0103bb0f15ebb4e9b33a1cb184f516459aba3fcb9c24051bd05c6cbbce929,netmeme_forest_asset0013_00102,embedded_absolute
51806,https://netmeme.genshun9.com/images/2023/2023_szj8z2.jpg,actual_media,ネットミームの森 実画像一覧,media/netmeme_forest/netmeme_forest_asset0013_00109__2023_szj8z2.jpg,image/jpeg,https://netmeme.genshun9.com/images/2023/2023_szj8z2.jpg,https://netmeme.genshun9.com/sitemap.xml,5d31481eb023b52a099be312222579121f6320294332230eee2ac77ec3355b05,netmeme_forest_asset0013_00109,embedded_absolute
65647,https://netmeme.genshun9.com/images/2023/2023_y80rmt.jpg,actual_media,ネットミームの森 実画像一覧,media/netmeme_forest/netmeme_forest_asset0013_00103__2023_y80rmt.jpg,image/jpeg,https://netmeme.genshun9.com/images/2023/2023_y80rmt.jpg,https://netmeme.genshun9.com/sitemap.xml,531d2c1b80b2918f7042cf42ed45a022f3edc64b3f13d5bd71bb108c963b5dca,netmeme_forest_asset0013_00103,embedded_absolute
55333,https://netmeme.genshun9.com/images/2022/2022_zpwhof.jpg,actual_media,ネットミームの森 実画像一覧,media/netmeme_forest/netmeme_forest_asset0013_00115__2022_zpwhof.jpg,image/jpeg,https://netmeme.genshun9.com/images/2022/2022_zpwhof.jpg,https://netmeme.genshun9.com/sitemap.xml,13ceafb14a8080ea05219be27f467e38cc06d5030ed5516357f7691a5c39a48f,netmeme_forest_asset0013_00115,embedded_absolute
40093,https://netmeme.genshun9.com/images/2023/2023_ydxzy9.jpg,actual_media,ネットミームの森 実画像一覧,media/netmeme_forest/netmeme_forest_asset0013_00113__2023_ydxzy9.jpg,image/jpeg,https://netmeme.genshun9.com/images/2023/2023_ydxzy9.jpg,https://netmeme.genshun9.com/sitemap.xml,81c4cc23e95fa9e70473e47afcb658b1cead9baba64b5f6786e6c8ea0055cc88,netmeme_forest_asset0013_00113,embedded_absolute
24173,https://netmeme.genshun9.com/images/2022/2022_kg3psl.jpg,actual_media,ネットミームの森 実画像一覧,media/netmeme_forest/netmeme_forest_asset0013_00118__2022_kg3psl.jpg,image/jpeg,https://netmeme.genshun9.com/images/2022/2022_kg3psl.jpg,https://netmeme.genshun9.com/sitemap.xml,3f947cc2f93adfc0e0587ad76c777e8a408e8733179049e3b0d7836aa04e51dd,netmeme_forest_asset0013_00118,embedded_absolute
53573,https://netmeme.genshun9.com/images/2022/2022_7jpkuq.jpg,actual_media,ネットミームの森 実画像一覧,media/netmeme_forest/netmeme_forest_asset0013_00117__2022_7jpkuq.jpg,image/jpeg,https://netmeme.genshun9.com/images/2022/2022_7jpkuq.jpg,https://netmeme.genshun9.com/sitemap.xml,4ed865ba879fcd2c50abe933519abf463fea62ca6c461dafc3a16fba58241152,netmeme_forest_asset0013_00117,embedded_absolute
79011,https://netmeme.genshun9.com/images/2023/2023_4pr3e0.jpg,actual_media,ネットミームの森 実画像一覧,media/netmeme_forest/netmeme_forest_asset0013_00112__2023_4pr3e0.jpg,image/jpeg,https://netmeme.genshun9.com/images/2023/2023_4pr3e0.jpg,https://netmeme.genshun9.com/sitemap.xml,847a687467db181a6f432edb5dbe1d2c01dc0861ec6064c9ff4bb0a7148a5b9e,netmeme_forest_asset0013_00112,embedded_absolute
51785,https://netmeme.genshun9.com/images/2023/2023_pn0mxe.jpg,actual_media,ネットミームの森 実画像一覧,media/netmeme_forest/netmeme_forest_asset0013_00114__2023_pn0mxe.jpg,image/jpeg,https://netmeme.genshun9.com/images/2023/2023_pn0mxe.jpg,https://netmeme.genshun9.com/sitemap.xml,848025e72e16d9a25ace282b9f79446519f1fe3b123554ab39b66477d3bc8ea9,netmeme_forest_asset0013_00114,embedded_absolute
23628,https://netmeme.genshun9.com/images/2022/2022_d1xrji.jpg,actual_media,ネットミームの森 実画像一覧,media/netmeme_forest/netmeme_forest_asset0013_00119__2022_d1xrji.jpg,image/jpeg,https://netmeme.genshun9.com/images/2022/2022_d1xrji.jpg,https://netmeme.genshun9.com/sitemap.xml,6fcb8343ff27bbfa1e1483fa9503a2ca5fb12b5c834a2f2c6339957576b15e5c,netmeme_forest_asset0013_00119,embedded_absolute
85016,https://netmeme.genshun9.com/images/2023/2023_ri8jp9.jpg,actual_media,ネットミームの森 実画像一覧,media/netmeme_forest/netmeme_forest_asset0013_00110__2023_ri8jp9.jpg,image/jpeg,https://netmeme.genshun9.com/images/2023/2023_ri8jp9.jpg,https://netmeme.genshun9.com/sitemap.xml,e93f9300f04f94e87e262362f2a9f69d360bba1a8f9f4124a34bdee3453e2aa9,netmeme_forest_asset0013_00110,embedded_absolute
231636,https://netmeme.genshun9.com/images/2023/2023_kdc2ef.jpg,actual_media,ネットミームの森 実画像一覧,media/netmeme_forest/netmeme_forest_asset0013_00107__2023_kdc2ef.jpg,image/jpeg,https://netmeme.genshun9.com/images/2023/2023_kdc2ef.jpg,https://netmeme.genshun9.com/sitemap.xml,f836c608d6391ee8ec7c9fd6c732350f175d8871a5dc82b8e27f1b02f4ef4710,netmeme_forest_asset0013_00107,embedded_absolute
63557,https://netmeme.genshun9.com/images/2022/2022_4v4w3x.jpg,actual_media,ネットミームの森 実画像一覧,media/netmeme_forest/netmeme_forest_asset0013_00122__2022_4v4w3x.jpg,image/jpeg,https://netmeme.genshun9.com/images/2022/2022_4v4w3x.jpg,https://netmeme.genshun9.com/sitemap.xml,438fa278c77a0395b1fea6f4c1ef43bc43bf407e3bf2453721cece31f9598293,netmeme_forest_asset0013_00122,embedded_absolute
121166,https://netmeme.genshun9.com/images/2022/2022_biohw5.jpg,actual_media,ネットミームの森 実画像一覧,media/netmeme_forest/netmeme_forest_asset0013_00116__2022_biohw5.jpg,image/jpeg,https://netmeme.genshun9.com/images/2022/2022_biohw5.jpg,https://netmeme.genshun9.com/sitemap.xml,dbcae0ef466357c82f0ae0338b7032e0af1edb99884139e85d3f2b7f50a11c57,netmeme_forest_asset0013_00116,embedded_absolute
11046,https://netmeme.genshun9.com/images/2022/2022_omdf77.jpg,actual_media,ネットミームの森 実画像一覧,media/netmeme_forest/netmeme_forest_asset0013_00124__2022_omdf77.jpg,image/jpeg,https://netmeme.genshun9.com/images/2022/2022_omdf77.jpg,https://netmeme.genshun9.com/sitemap.xml,8f15f230cd8a19416983e6cc7b388f4c5abb18873a3fd1d3b649cbfcf4cb5be8,netmeme_forest_asset0013_00124,embedded_absolute
14791,https://netmeme.genshun9.com/images/2022/2022_m2p9i7.jpg,actual_media,ネットミームの森 実画像一覧,media/netmeme_forest/netmeme_forest_asset0013_00125__2022_m2p9i7.jpg,image/jpeg,https://netmeme.genshun9.com/images/2022/2022_m2p9i7.jpg,https://netmeme.genshun9.com/sitemap.xml,5d4a44438e412b9aaae82c2ca0e298da4caab13e3c968d175792ca317c65ace2,netmeme_forest_asset0013_00125,embedded_absolute
30052,https://netmeme.genshun9.com/images/2022/2022_sg2hzi.jpg,actual_media,ネットミームの森 実画像一覧,media/netmeme_forest/netmeme_forest_asset0013_00126__2022_sg2hzi.jpg,image/jpeg,https://netmeme.genshun9.com/images/2022/2022_sg2hzi.jpg,https://netmeme.genshun9.com/sitemap.xml,60cea6e20d1a0b50bf70a95c4caceaccb22880c464950ce1729cc6c9bc096b19,netmeme_forest_asset0013_00126,embedded_absolute
287758,https://netmeme.genshun9.com/images/2023/2023_1thfdn.jpg,actual_media,ネットミームの森 実画像一覧,media/netmeme_forest/netmeme_forest_asset0013_00111__2023_1thfdn.jpg,image/jpeg,https://netmeme.genshun9.com/images/2023/2023_1thfdn.jpg,https://netmeme.genshun9.com/sitemap.xml,74e7ac03a01b4fba283c274d89e58ae1b961813debbc0fa454876d967553c622,netmeme_forest_asset0013_00111,embedded_absolute
49371,https://netmeme.genshun9.com/images/2022/2022_55hr0k.jpg,actual_media,ネットミームの森 実画像一覧,media/netmeme_forest/netmeme_forest_asset0013_00120__2022_55hr0k.jpg,image/jpeg,https://netmeme.genshun9.com/images/2022/2022_55hr0k.jpg,https://netmeme.genshun9.com/sitemap.xml,0b93e4c6c90865d39b4ae28b310be7c8b21b411f160c5859b8c23ce272025a23,netmeme_forest_asset0013_00120,embedded_absolute
32460,https://netmeme.genshun9.com/images/2022/2022_sa4ax6.jpg,actual_media,ネットミームの森 実画像一覧,media/netmeme_forest/netmeme_forest_asset0013_00127__2022_sa4ax6.jpg,image/jpeg,https://netmeme.genshun9.com/images/2022/2022_sa4ax6.jpg,https://netmeme.genshun9.com/sitemap.xml,2170e8be3657208fecb85f03d27bb6a0213727d7f4cc7dd54c55e7b6748cde95,netmeme_forest_asset0013_00127,embedded_absolute
51960,https://netmeme.genshun9.com/images/2022/2022_621vj5.jpg,actual_media,ネットミームの森 実画像一覧,media/netmeme_forest/netmeme_forest_asset0013_00121__2022_621vj5.jpg,image/jpeg,https://netmeme.genshun9.com/images/2022/2022_621vj5.jpg,https://netmeme.genshun9.com/sitemap.xml,f317debc1df020a2f3035b033f1df68a79736d7af66d7b5bb6c5910fbe21e50b,netmeme_forest_asset0013_00121,embedded_absolute
17965,https://netmeme.genshun9.com/images/2021/2021_vfy6m5.jpg,actual_media,ネットミームの森 実画像一覧,media/netmeme_forest/netmeme_forest_asset0013_00132__2021_vfy6m5.jpg,image/jpeg,https://netmeme.genshun9.com/images/2021/2021_vfy6m5.jpg,https://netmeme.genshun9.com/sitemap.xml,a62c97cb961be8cd3bd1715f0de2717d8ec63085ac7b4b3d00bf7de50144cec5,netmeme_forest_asset0013_00132,embedded_absolute
152221,https://netmeme.genshun9.com/images/2022/2022_36iyzz.jpg,actual_media,ネットミームの森 実画像一覧,media/netmeme_forest/netmeme_forest_asset0013_00123__2022_36iyzz.jpg,image/jpeg,https://netmeme.genshun9.com/images/2022/2022_36iyzz.jpg,https://netmeme.genshun9.com/sitemap.xml,16124d4185f26f3d7681dc2774b60d677c54e4f651e9bd78090cb183f35a39ba,netmeme_forest_asset0013_00123,embedded_absolute
90840,https://netmeme.genshun9.com/images/2021/2021_s6lu5p.jpg,actual_media,ネットミームの森 実画像一覧,media/netmeme_forest/netmeme_forest_asset0013_00131__2021_s6lu5p.jpg,image/jpeg,https://netmeme.genshun9.com/images/2021/2021_s6lu5p.jpg,https://netmeme.genshun9.com/sitemap.xml,a6d3bbf76638639fbce7b72e0d004fd7b6b9cdd403bd91eddc00b0ce0fa52e8f,netmeme_forest_asset0013_00131,embedded_absolute
71896,https://netmeme.genshun9.com/images/2022/2022_ftw7q3.jpg,actual_media,ネットミームの森 実画像一覧,media/netmeme_forest/netmeme_forest_asset0013_00128__2022_ftw7q3.jpg,image/jpeg,https://netmeme.genshun9.com/images/2022/2022_ftw7q3.jpg,https://netmeme.genshun9.com/sitemap.xml,f6a1c557296f13cfb0035f16dbfc62d275c4e4fcdbd2a5c3a70fa8f7af9d65e6,netmeme_forest_asset0013_00128,embedded_absolute
49279,https://netmeme.genshun9.com/images/2022/2022_fqpsd1.jpg,actual_media,ネットミームの森 実画像一覧,media/netmeme_forest/netmeme_forest_asset0013_00129__2022_fqpsd1.jpg,image/jpeg,https://netmeme.genshun9.com/images/2022/2022_fqpsd1.jpg,https://netmeme.genshun9.com/sitemap.xml,d1dbdf2585950ec586eb1aeb8382e7cdb8a75f238d2d955fea0571cc87e38c83,netmeme_forest_asset0013_00129,embedded_absolute
19098,https://netmeme.genshun9.com/images/2021/2021_3j9c7z.jpg,actual_media,ネットミームの森 実画像一覧,media/netmeme_forest/netmeme_forest_asset0013_00133__2021_3j9c7z.jpg,image/jpeg,https://netmeme.genshun9.com/images/2021/2021_3j9c7z.jpg,https://netmeme.genshun9.com/sitemap.xml,94e8e28feaf2fac311dee175698e35c5a8e5b856b62ffe865b4a1675578796f8,netmeme_forest_asset0013_00133,embedded_absolute
95227,https://netmeme.genshun9.com/images/2022/2022_c2lupg.jpg,actual_media,ネットミームの森 実画像一覧,media/netmeme_forest/netmeme_forest_asset0013_00130__2022_c2lupg.jpg,image/jpeg,https://netmeme.genshun9.com/images/2022/2022_c2lupg.jpg,https://netmeme.genshun9.com/sitemap.xml,1b28b7ef1174cced3c85197e99964b31d103a575074acb962197cadefe68a895,netmeme_forest_asset0013_00130,embedded_absolute
30899,https://netmeme.genshun9.com/images/2021/2021_03ls50.jpg,actual_media,ネットミームの森 実画像一覧,media/netmeme_forest/netmeme_forest_asset0013_00134__2021_03ls50.jpg,image/jpeg,https://netmeme.genshun9.com/images/2021/2021_03ls50.jpg,https://netmeme.genshun9.com/sitemap.xml,66449ebb793de5e3cee1c6f52d604083b92d5bdc9dbf04ee437361d0b3b04ee7,netmeme_forest_asset0013_00134,embedded_absolute
15131,https://netmeme.genshun9.com/images/2021/2021_1qoncg.jpg,actual_media,ネットミームの森 実画像一覧,media/netmeme_forest/netmeme_forest_asset0013_00135__2021_1qoncg.jpg,image/jpeg,https://netmeme.genshun9.com/images/2021/2021_1qoncg.jpg,https://netmeme.genshun9.com/sitemap.xml,4204689c9b78fd47b56daea5e891a6033364a32fccc70d9f70fdc00e018b99c9,netmeme_forest_asset0013_00135,embedded_absolute
57117,https://netmeme.genshun9.com/images/2021/2021_5wwzag.jpg,actual_media,ネットミームの森 実画像一覧,media/netmeme_forest/netmeme_forest_asset0013_00136__2021_5wwzag.jpg,image/jpeg,https://netmeme.genshun9.com/images/2021/2021_5wwzag.jpg,https://netmeme.genshun9.com/sitemap.xml,8ff3c98877c814967d21e4e1e9f61bc29bf7b49783f25c16365b195043cdf1ee,netmeme_forest_asset0013_00136,embedded_absolute
48131,https://netmeme.genshun9.com/images/2021/2021_4pvs4t.jpg,actual_media,ネットミームの森 実画像一覧,media/netmeme_forest/netmeme_forest_asset0013_00138__2021_4pvs4t.jpg,image/jpeg,https://netmeme.genshun9.com/images/2021/2021_4pvs4t.jpg,https://netmeme.genshun9.com/sitemap.xml,e65c6e7e70612287a51f311b4ad0cf4686ce47218ebf07f63634e64ab84b277f,netmeme_forest_asset0013_00138,embedded_absolute
14513,https://netmeme.genshun9.com/images/2021/2021_lt5wkq.jpg,actual_media,ネットミームの森 実画像一覧,media/netmeme_forest/netmeme_forest_asset0013_00140__2021_lt5wkq.jpg,image/jpeg,https://netmeme.genshun9.com/images/2021/2021_lt5wkq.jpg,https://netmeme.genshun9.com/sitemap.xml,4ab1280691f39df4788dbf9380e25885c4bb450771137fd62557e43fa345bc3a,netmeme_forest_asset0013_00140,embedded_absolute
59434,https://netmeme.genshun9.com/images/2021/2021_aewje3.jpg,actual_media,ネットミームの森 実画像一覧,media/netmeme_forest/netmeme_forest_asset0013_00137__2021_aewje3.jpg,image/jpeg,https://netmeme.genshun9.com/images/2021/2021_aewje3.jpg,https://netmeme.genshun9.com/sitemap.xml,1c6fce8fcffea6088af908dd7fd193a34ba168e00b97964c1864c900a259cd73,netmeme_forest_asset0013_00137,embedded_absolute
24181,https://netmeme.genshun9.com/images/2021/2021_gsnoh4.jpg,actual_media,ネットミームの森 実画像一覧,media/netmeme_forest/netmeme_forest_asset0013_00144__2021_gsnoh4.jpg,image/jpeg,https://netmeme.genshun9.com/images/2021/2021_gsnoh4.jpg,https://netmeme.genshun9.com/sitemap.xml,46e9777bcf2a72a39838188f7991768ba12b8bfa977ef2bd4dc1c63ec938c636,netmeme_forest_asset0013_00144,embedded_absolute
92994,https://netmeme.genshun9.com/images/2021/2021_eoaw4d.jpg,actual_media,ネットミームの森 実画像一覧,media/netmeme_forest/netmeme_forest_asset0013_00141__2021_eoaw4d.jpg,image/jpeg,https://netmeme.genshun9.com/images/2021/2021_eoaw4d.jpg,https://netmeme.genshun9.com/sitemap.xml,1ee67ca5baed3e7e2692a6c9cbaf408d2549d8de6412411af86940f0f224c89e,netmeme_forest_asset0013_00141,embedded_absolute
69153,https://netmeme.genshun9.com/images/2021/2021_8naejp.jpg,actual_media,ネットミームの森 実画像一覧,media/netmeme_forest/netmeme_forest_asset0013_00143__2021_8naejp.jpg,image/jpeg,https://netmeme.genshun9.com/images/2021/2021_8naejp.jpg,https://netmeme.genshun9.com/sitemap.xml,afd725dcebb52fc44c68140ac522498fd025d4497ed6a7870c99a166bdde0472,netmeme_forest_asset0013_00143,embedded_absolute
89693,https://netmeme.genshun9.com/images/2021/2021_z6twqr.jpg,actual_media,ネットミームの森 実画像一覧,media/netmeme_forest/netmeme_forest_asset0013_00139__2021_z6twqr.jpg,image/jpeg,https://netmeme.genshun9.com/images/2021/2021_z6twqr.jpg,https://netmeme.genshun9.com/sitemap.xml,c0a8a1aac2e482f4f6730fb293da55d11d6e1f750b751ff7934f74b32193a53d,netmeme_forest_asset0013_00139,embedded_absolute
26053,https://netmeme.genshun9.com/images/2021/2021_yjsq5n.jpg,actual_media,ネットミームの森 実画像一覧,media/netmeme_forest/netmeme_forest_asset0013_00146__2021_yjsq5n.jpg,image/jpeg,https://netmeme.genshun9.com/images/2021/2021_yjsq5n.jpg,https://netmeme.genshun9.com/sitemap.xml,e4fbdc25bb16807e4ba13e2a5b13756bb8b2a16e2c76edb60bf3ccd9434593a0,netmeme_forest_asset0013_00146,embedded_absolute
82463,https://netmeme.genshun9.com/images/2021/2021_bd8fgf.jpg,actual_media,ネットミームの森 実画像一覧,media/netmeme_forest/netmeme_forest_asset0013_00147__2021_bd8fgf.jpg,image/jpeg,https://netmeme.genshun9.com/images/2021/2021_bd8fgf.jpg,https://netmeme.genshun9.com/sitemap.xml,b9cdfb2c99c5abdf7299da9d70a050ef37f7e2fd81ed355633fcb4e1543ce4c5,netmeme_forest_asset0013_00147,embedded_absolute
69787,https://netmeme.genshun9.com/images/2021/2021_utfgpm.jpg,actual_media,ネットミームの森 実画像一覧,media/netmeme_forest/netmeme_forest_asset0013_00142__2021_utfgpm.jpg,image/jpeg,https://netmeme.genshun9.com/images/2021/2021_utfgpm.jpg,https://netmeme.genshun9.com/sitemap.xml,4d00e96abfad82816241fa3f5f2a09d0a3c90d972f2d7ad69056e9399e2b87b4,netmeme_forest_asset0013_00142,embedded_absolute
14745,https://netmeme.genshun9.com/images/2020/2020_cy09sp.jpg,actual_media,ネットミームの森 実画像一覧,media/netmeme_forest/netmeme_forest_asset0013_00149__2020_cy09sp.jpg,image/jpeg,https://netmeme.genshun9.com/images/2020/2020_cy09sp.jpg,https://netmeme.genshun9.com/sitemap.xml,b0aa2ed8e4e1d8055bff7e84d2af781b4a5cd3b9bb90256c9e403657aab32300,netmeme_forest_asset0013_00149,embedded_absolute
65768,https://netmeme.genshun9.com/images/2020/2020_9l77zj.jpg,actual_media,ネットミームの森 実画像一覧,media/netmeme_forest/netmeme_forest_asset0013_00154__2020_9l77zj.jpg,image/jpeg,https://netmeme.genshun9.com/images/2020/2020_9l77zj.jpg,https://netmeme.genshun9.com/sitemap.xml,3fa68442e0c2f905143a22d5fc0a0780de3999e5ff713845e8fa934b747c32a3,netmeme_forest_asset0013_00154,embedded_absolute
61621,https://netmeme.genshun9.com/images/2020/2020_cq0rbc.jpg,actual_media,ネットミームの森 実画像一覧,media/netmeme_forest/netmeme_forest_asset0013_00152__2020_cq0rbc.jpg,image/jpeg,https://netmeme.genshun9.com/images/2020/2020_cq0rbc.jpg,https://netmeme.genshun9.com/sitemap.xml,41dcaf0b74709961233e78c9e20f72f614aee0fa75cc9fce840e7af05ae6ad4a,netmeme_forest_asset0013_00152,embedded_absolute
67628,https://netmeme.genshun9.com/images/2020/2020_jalv0p.jpg,actual_media,ネットミームの森 実画像一覧,media/netmeme_forest/netmeme_forest_asset0013_00151__2020_jalv0p.jpg,image/jpeg,https://netmeme.genshun9.com/images/2020/2020_jalv0p.jpg,https://netmeme.genshun9.com/sitemap.xml,57afa7df5fe854c3257ed65c0edb8d23a61e01121fe264d3b1a9faf5190cbd58,netmeme_forest_asset0013_00151,embedded_absolute
63136,https://netmeme.genshun9.com/images/2020/2020_usnamz.jpg,actual_media,ネットミームの森 実画像一覧,media/netmeme_forest/netmeme_forest_asset0013_00155__2020_usnamz.jpg,image/jpeg,https://netmeme.genshun9.com/images/2020/2020_usnamz.jpg,https://netmeme.genshun9.com/sitemap.xml,1b98150d070b0bc27b631f7f4166bdad5f48f685029f8aa7c4636db68961d5d6,netmeme_forest_asset0013_00155,embedded_absolute
8160,https://netmeme.genshun9.com/images/2020/2020_3jegdd.jpg,actual_media,ネットミームの森 実画像一覧,media/netmeme_forest/netmeme_forest_asset0013_00158__2020_3jegdd.jpg,image/jpeg,https://netmeme.genshun9.com/images/2020/2020_3jegdd.jpg,https://netmeme.genshun9.com/sitemap.xml,2ba893839b8f8e7fbf54392aaf34cbf0a23c03663eeab5d52d69bf2a2f53b70b,netmeme_forest_asset0013_00158,embedded_absolute
38598,https://netmeme.genshun9.com/images/2020/2020_5zctzz.jpg,actual_media,ネットミームの森 実画像一覧,media/netmeme_forest/netmeme_forest_asset0013_00153__2020_5zctzz.jpg,image/jpeg,https://netmeme.genshun9.com/images/2020/2020_5zctzz.jpg,https://netmeme.genshun9.com/sitemap.xml,099d2ccec2ff9b2342f11572cfa8a2c01468f0db21f6fc531d80f1866be895ce,netmeme_forest_asset0013_00153,embedded_absolute
55300,https://netmeme.genshun9.com/images/2020/2020_blp0k8.jpg,actual_media,ネットミームの森 実画像一覧,media/netmeme_forest/netmeme_forest_asset0013_00159__2020_blp0k8.jpg,image/jpeg,https://netmeme.genshun9.com/images/2020/2020_blp0k8.jpg,https://netmeme.genshun9.com/sitemap.xml,4b81635ca0626511a4687a4d104cd944305e7befa8f77d524a6d2529632706bd,netmeme_forest_asset0013_00159,embedded_absolute
24132,https://netmeme.genshun9.com/images/2020/2020_8yzzz2.jpg,actual_media,ネットミームの森 実画像一覧,media/netmeme_forest/netmeme_forest_asset0013_00156__2020_8yzzz2.jpg,image/jpeg,https://netmeme.genshun9.com/images/2020/2020_8yzzz2.jpg,https://netmeme.genshun9.com/sitemap.xml,d7c1d2808f73a3bb383c05a383a0d21962b2c99d57eabdfe66ab42b090a30006,netmeme_forest_asset0013_00156,embedded_absolute
39062,https://netmeme.genshun9.com/images/2020/2020_c6ye9b.jpg,actual_media,ネットミームの森 実画像一覧,media/netmeme_forest/netmeme_forest_asset0013_00150__2020_c6ye9b.jpg,image/jpeg,https://netmeme.genshun9.com/images/2020/2020_c6ye9b.jpg,https://netmeme.genshun9.com/sitemap.xml,83a7fd753f801035120364f97ef1542809789d82145ff698f648a8854c410a9f,netmeme_forest_asset0013_00150,embedded_absolute
17654,https://netmeme.genshun9.com/images/2020/2020_uo2hf1.jpg,actual_media,ネットミームの森 実画像一覧,media/netmeme_forest/netmeme_forest_asset0013_00167__2020_uo2hf1.jpg,image/jpeg,https://netmeme.genshun9.com/images/2020/2020_uo2hf1.jpg,https://netmeme.genshun9.com/sitemap.xml,81ad94d1fd3f2b4887362a4e5cac047d79a05b7b1d9d7ee7845c393276a37422,netmeme_forest_asset0013_00167,embedded_absolute
69502,https://netmeme.genshun9.com/images/2020/2020_uyns8t.jpg,actual_media,ネットミームの森 実画像一覧,media/netmeme_forest/netmeme_forest_asset0013_00160__2020_uyns8t.jpg,image/jpeg,https://netmeme.genshun9.com/images/2020/2020_uyns8t.jpg,https://netmeme.genshun9.com/sitemap.xml,d528307182edd3d7ff087f4c20f53e095e1c7709da8e64ac6026086144cbafd2,netmeme_forest_asset0013_00160,embedded_absolute
88669,https://netmeme.genshun9.com/images/2020/2020_7kbvmy.jpg,actual_media,ネットミームの森 実画像一覧,media/netmeme_forest/netmeme_forest_asset0013_00157__2020_7kbvmy.jpg,image/jpeg,https://netmeme.genshun9.com/images/2020/2020_7kbvmy.jpg,https://netmeme.genshun9.com/sitemap.xml,4b7e14903517fe56bde55d7a7b87e0f22e42382d5cd08fb149f8bd886af8d804,netmeme_forest_asset0013_00157,embedded_absolute
29624,https://netmeme.genshun9.com/images/2020/2020_a7m3aw.jpg,actual_media,ネットミームの森 実画像一覧,media/netmeme_forest/netmeme_forest_asset0013_00169__2020_a7m3aw.jpg,image/jpeg,https://netmeme.genshun9.com/images/2020/2020_a7m3aw.jpg,https://netmeme.genshun9.com/sitemap.xml,be2138114134610c321e41cb8a91dc85d3e294650ff3f3f96157903fee3a16db,netmeme_forest_asset0013_00169,embedded_absolute
22933,https://netmeme.genshun9.com/images/2020/2020_j1b508.jpg,actual_media,ネットミームの森 実画像一覧,media/netmeme_forest/netmeme_forest_asset0013_00168__2020_j1b508.jpg,image/jpeg,https://netmeme.genshun9.com/images/2020/2020_j1b508.jpg,https://netmeme.genshun9.com/sitemap.xml,6ec79ac956b12f2eabe5343144315b4cb61ba52a2d2693f48b7700698e657abd,netmeme_forest_asset0013_00168,embedded_absolute
222116,https://netmeme.genshun9.com/images/2021/2021_4glhlt.jpg,actual_media,ネットミームの森 実画像一覧,media/netmeme_forest/netmeme_forest_asset0013_00148__2021_4glhlt.jpg,image/jpeg,https://netmeme.genshun9.com/images/2021/2021_4glhlt.jpg,https://netmeme.genshun9.com/sitemap.xml,6bcbc5a27ddc5317c151dc6442725cf09c0c35d785afdeb2d72fa4842e8c017a,netmeme_forest_asset0013_00148,embedded_absolute
30482,https://netmeme.genshun9.com/images/2020/2020_9j7kp8.jpg,actual_media,ネットミームの森 実画像一覧,media/netmeme_forest/netmeme_forest_asset0013_00163__2020_9j7kp8.jpg,image/jpeg,https://netmeme.genshun9.com/images/2020/2020_9j7kp8.jpg,https://netmeme.genshun9.com/sitemap.xml,f1f34630b3570d794baf2ccda23f606f476cbf1d9c639b914774429c7aa62667,netmeme_forest_asset0013_00163,embedded_absolute
33312,https://netmeme.genshun9.com/images/2020/2020_4ag8lk.jpg,actual_media,ネットミームの森 実画像一覧,media/netmeme_forest/netmeme_forest_asset0013_00166__2020_4ag8lk.jpg,image/jpeg,https://netmeme.genshun9.com/images/2020/2020_4ag8lk.jpg,https://netmeme.genshun9.com/sitemap.xml,4ebf64da879958935be65828e087d498f33fae628e180bbb4b7157a3eac64ac2,netmeme_forest_asset0013_00166,embedded_absolute
51082,https://netmeme.genshun9.com/images/2020/2020_h0io58.jpg,actual_media,ネットミームの森 実画像一覧,media/netmeme_forest/netmeme_forest_asset0013_00164__2020_h0io58.jpg,image/jpeg,https://netmeme.genshun9.com/images/2020/2020_h0io58.jpg,https://netmeme.genshun9.com/sitemap.xml,48ba372a783fc83a0f8dffc4a3c60401f0b5797a40c5df7580150ad1df3d06df,netmeme_forest_asset0013_00164,embedded_absolute
23213,https://netmeme.genshun9.com/images/2020/2020_vmj1of.jpg,actual_media,ネットミームの森 実画像一覧,media/netmeme_forest/netmeme_forest_asset0013_00170__2020_vmj1of.jpg,image/jpeg,https://netmeme.genshun9.com/images/2020/2020_vmj1of.jpg,https://netmeme.genshun9.com/sitemap.xml,c82f52ecafe9e81bd7deedacd5f0546d6ca57d789ef24b1b90199ab1870844ed,netmeme_forest_asset0013_00170,embedded_absolute
99459,https://netmeme.genshun9.com/images/2020/2020_she0o5.jpg,actual_media,ネットミームの森 実画像一覧,media/netmeme_forest/netmeme_forest_asset0013_00172__2020_she0o5.jpg,image/jpeg,https://netmeme.genshun9.com/images/2020/2020_she0o5.jpg,https://netmeme.genshun9.com/sitemap.xml,22eedc91312528f8794409938291817895a2a36d12b4d27645dc181a8f3df0a5,netmeme_forest_asset0013_00172,embedded_absolute
30229,https://netmeme.genshun9.com/images/2020/2020_yxbilk.jpg,actual_media,ネットミームの森 実画像一覧,media/netmeme_forest/netmeme_forest_asset0013_00173__2020_yxbilk.jpg,image/jpeg,https://netmeme.genshun9.com/images/2020/2020_yxbilk.jpg,https://netmeme.genshun9.com/sitemap.xml,1f22c7eb40af1bea95348345dbfde3e13d892ee368e07bf3ab2f2e7dbba1d158,netmeme_forest_asset0013_00173,embedded_absolute
130425,https://netmeme.genshun9.com/images/2020/2020_1n6g4s.jpg,actual_media,ネットミームの森 実画像一覧,media/netmeme_forest/netmeme_forest_asset0013_00165__2020_1n6g4s.jpg,image/jpeg,https://netmeme.genshun9.com/images/2020/2020_1n6g4s.jpg,https://netmeme.genshun9.com/sitemap.xml,1a4ea480649c693d3b73a289a05cdd429d5bbfae914f01d802bfa027d3a24125,netmeme_forest_asset0013_00165,embedded_absolute
88463,https://netmeme.genshun9.com/images/2020/2020_pr3t0c.jpg,actual_media,ネットミームの森 実画像一覧,media/netmeme_forest/netmeme_forest_asset0013_00162__2020_pr3t0c.jpg,image/jpeg,https://netmeme.genshun9.com/images/2020/2020_pr3t0c.jpg,https://netmeme.genshun9.com/sitemap.xml,6f614532aa73cfb14d288aa9cf39e6f2dbd917383982462d9743d76c3826ea99,netmeme_forest_asset0013_00162,embedded_absolute
68452,https://netmeme.genshun9.com/images/2020/2020_ceaaed.jpg,actual_media,ネットミームの森 実画像一覧,media/netmeme_forest/netmeme_forest_asset0013_00174__2020_ceaaed.jpg,image/jpeg,https://netmeme.genshun9.com/images/2020/2020_ceaaed.jpg,https://netmeme.genshun9.com/sitemap.xml,d843ab9f298d84ab116969a7d6f15b9b9db2256b49ccac64443c968c8d4c643e,netmeme_forest_asset0013_00174,embedded_absolute
41344,https://netmeme.genshun9.com/images/2019/2019_k1y97u.jpg,actual_media,ネットミームの森 実画像一覧,media/netmeme_forest/netmeme_forest_asset0013_00176__2019_k1y97u.jpg,image/jpeg,https://netmeme.genshun9.com/images/2019/2019_k1y97u.jpg,https://netmeme.genshun9.com/sitemap.xml,1ca57d236c7294880a84b64eb9523f0f65882c243aafe837040b50f8fffa12f5,netmeme_forest_asset0013_00176,embedded_absolute
242205,https://netmeme.genshun9.com/images/2020/2020_ewvasw.jpg,actual_media,ネットミームの森 実画像一覧,media/netmeme_forest/netmeme_forest_asset0013_00171__2020_ewvasw.jpg,image/jpeg,https://netmeme.genshun9.com/images/2020/2020_ewvasw.jpg,https://netmeme.genshun9.com/sitemap.xml,ab8ba96d74e5db8eeef5910896c4a103f64a89aee3e57e40258bda519bdf815f,netmeme_forest_asset0013_00171,embedded_absolute
20424,https://netmeme.genshun9.com/images/2019/2019_gr4d15.jpg,actual_media,ネットミームの森 実画像一覧,media/netmeme_forest/netmeme_forest_asset0013_00177__2019_gr4d15.jpg,image/jpeg,https://netmeme.genshun9.com/images/2019/2019_gr4d15.jpg,https://netmeme.genshun9.com/sitemap.xml,579f1b7577173656dfd59c31703e5cfe85c36d4d2fd2eda7ab3285661a379072,netmeme_forest_asset0013_00177,embedded_absolute
349366,https://netmeme.genshun9.com/images/2020/2020_6xcc9y.jpg,actual_media,ネットミームの森 実画像一覧,media/netmeme_forest/netmeme_forest_asset0013_00161__2020_6xcc9y.jpg,image/jpeg,https://netmeme.genshun9.com/images/2020/2020_6xcc9y.jpg,https://netmeme.genshun9.com/sitemap.xml,59140617a26ba8be048b3cf3874326d9d05669a173d0f802ea23fc291afce566,netmeme_forest_asset0013_00161,embedded_absolute
36068,https://netmeme.genshun9.com/images/2019/2019_pcv7m4.jpg,actual_media,ネットミームの森 実画像一覧,media/netmeme_forest/netmeme_forest_asset0013_00175__2019_pcv7m4.jpg,image/jpeg,https://netmeme.genshun9.com/images/2019/2019_pcv7m4.jpg,https://netmeme.genshun9.com/sitemap.xml,0248c4823601bf002af71cf27d2998118b6ac1c6e192b4bf15131e6a9f5b9b50,netmeme_forest_asset0013_00175,embedded_absolute
70798,https://netmeme.genshun9.com/images/2019/2019_g52soq.jpg,actual_media,ネットミームの森 実画像一覧,media/netmeme_forest/netmeme_forest_asset0013_00178__2019_g52soq.jpg,image/jpeg,https://netmeme.genshun9.com/images/2019/2019_g52soq.jpg,https://netmeme.genshun9.com/sitemap.xml,c378e9b435f147bc4d852eb8e701ad979167945471844adade4aaf20304cc678,netmeme_forest_asset0013_00178,embedded_absolute
56371,https://netmeme.genshun9.com/images/2019/2019_70atcp.jpg,actual_media,ネットミームの森 実画像一覧,media/netmeme_forest/netmeme_forest_asset0013_00180__2019_70atcp.jpg,image/jpeg,https://netmeme.genshun9.com/images/2019/2019_70atcp.jpg,https://netmeme.genshun9.com/sitemap.xml,31e16998335a7d5f703bde8788aec73fa52c957a40e8da57909bf4065debaf9d,netmeme_forest_asset0013_00180,embedded_absolute
105751,https://netmeme.genshun9.com/images/2019/2019_bzn0c7.jpg,actual_media,ネットミームの森 実画像一覧,media/netmeme_forest/netmeme_forest_asset0013_00179__2019_bzn0c7.jpg,image/jpeg,https://netmeme.genshun9.com/images/2019/2019_bzn0c7.jpg,https://netmeme.genshun9.com/sitemap.xml,08e9c7234cf05bbfaf127b3ed086b653efaf1ad31559c44839bc13a3b382074d,netmeme_forest_asset0013_00179,embedded_absolute
83266,https://netmeme.genshun9.com/images/2019/2019_7lfc04.jpg,actual_media,ネットミームの森 実画像一覧,media/netmeme_forest/netmeme_forest_asset0013_00182__2019_7lfc04.jpg,image/jpeg,https://netmeme.genshun9.com/images/2019/2019_7lfc04.jpg,https://netmeme.genshun9.com/sitemap.xml,96023a6e8cddf34c5a8be394d473c0587d8b2556efc7e6cafa1a3accced27c17,netmeme_forest_asset0013_00182,embedded_absolute
35412,https://netmeme.genshun9.com/images/2019/2019_5r4220.jpg,actual_media,ネットミームの森 実画像一覧,media/netmeme_forest/netmeme_forest_asset0013_00185__2019_5r4220.jpg,image/jpeg,https://netmeme.genshun9.com/images/2019/2019_5r4220.jpg,https://netmeme.genshun9.com/sitemap.xml,03585547c3b8df55a705ee93cc5bc2513ef24c5ddab3fad36b8739279b322d77,netmeme_forest_asset0013_00185,embedded_absolute
37265,https://netmeme.genshun9.com/images/2019/2019_wd6f8p.jpg,actual_media,ネットミームの森 実画像一覧,media/netmeme_forest/netmeme_forest_asset0013_00181__2019_wd6f8p.jpg,image/jpeg,https://netmeme.genshun9.com/images/2019/2019_wd6f8p.jpg,https://netmeme.genshun9.com/sitemap.xml,fed53e8fc3638e257f3fef1f841d0ac5672a4c6add223b6e8141fe9c33149573,netmeme_forest_asset0013_00181,embedded_absolute
82478,https://netmeme.genshun9.com/images/2019/2019_rad5ur.jpg,actual_media,ネットミームの森 実画像一覧,media/netmeme_forest/netmeme_forest_asset0013_00183__2019_rad5ur.jpg,image/jpeg,https://netmeme.genshun9.com/images/2019/2019_rad5ur.jpg,https://netmeme.genshun9.com/sitemap.xml,01d36c452c7a857c5b084478f47dbcf7b82d9db45699db371c653c2896da46ae,netmeme_forest_asset0013_00183,embedded_absolute
59238,https://netmeme.genshun9.com/images/2019/2019_5n23ep.jpg,actual_media,ネットミームの森 実画像一覧,media/netmeme_forest/netmeme_forest_asset0013_00187__2019_5n23ep.jpg,image/jpeg,https://netmeme.genshun9.com/images/2019/2019_5n23ep.jpg,https://netmeme.genshun9.com/sitemap.xml,c0e992208f27cab4fba6bd6971108d599ed6f5b82a79b36988205be9492b7686,netmeme_forest_asset0013_00187,embedded_absolute
67122,https://netmeme.genshun9.com/images/2019/2019_7rp75v.jpg,actual_media,ネットミームの森 実画像一覧,media/netmeme_forest/netmeme_forest_asset0013_00184__2019_7rp75v.jpg,image/jpeg,https://netmeme.genshun9.com/images/2019/2019_7rp75v.jpg,https://netmeme.genshun9.com/sitemap.xml,cc470b2ee55ee7f15fa84f0b4c0e6d227ebe5449525976621269f00b62b6e7a3,netmeme_forest_asset0013_00184,embedded_absolute
94913,https://netmeme.genshun9.com/images/2019/2019_3gzlxs.jpg,actual_media,ネットミームの森 実画像一覧,media/netmeme_forest/netmeme_forest_asset0013_00186__2019_3gzlxs.jpg,image/jpeg,https://netmeme.genshun9.com/images/2019/2019_3gzlxs.jpg,https://netmeme.genshun9.com/sitemap.xml,619f3acd2ad8eb5d635d3c4a16098ee8d567d109e212d318e9f2848d181fcfca,netmeme_forest_asset0013_00186,embedded_absolute
28053,https://netmeme.genshun9.com/images/2019/2019_4b0bs6.jpg,actual_media,ネットミームの森 実画像一覧,media/netmeme_forest/netmeme_forest_asset0013_00188__2019_4b0bs6.jpg,image/jpeg,https://netmeme.genshun9.com/images/2019/2019_4b0bs6.jpg,https://netmeme.genshun9.com/sitemap.xml,c5f4b6efb27db73e3ad27d51e997ad2a1c5006d3bc579e95f55da5f7b8af7fdf,netmeme_forest_asset0013_00188,embedded_absolute
56470,https://netmeme.genshun9.com/images/2019/2019_z8yvsf.jpg,actual_media,ネットミームの森 実画像一覧,media/netmeme_forest/netmeme_forest_asset0013_00189__2019_z8yvsf.jpg,image/jpeg,https://netmeme.genshun9.com/images/2019/2019_z8yvsf.jpg,https://netmeme.genshun9.com/sitemap.xml,b6d817e6e56e3cf364299d5d1f4c483610bdada3b678ce4c32f64dd9ab947c2c,netmeme_forest_asset0013_00189,embedded_absolute
35108,https://netmeme.genshun9.com/images/2019/2019_tsm5a6.jpg,actual_media,ネットミームの森 実画像一覧,media/netmeme_forest/netmeme_forest_asset0013_00190__2019_tsm5a6.jpg,image/jpeg,https://netmeme.genshun9.com/images/2019/2019_tsm5a6.jpg,https://netmeme.genshun9.com/sitemap.xml,241778a7590ce0189c29c36707e03266a7109312646c3d96653c5ee08f65abbc,netmeme_forest_asset0013_00190,embedded_absolute
46972,https://netmeme.genshun9.com/images/2019/2019_7aaauy.jpg,actual_media,ネットミームの森 実画像一覧,media/netmeme_forest/netmeme_forest_asset0013_00191__2019_7aaauy.jpg,image/jpeg,https://netmeme.genshun9.com/images/2019/2019_7aaauy.jpg,https://netmeme.genshun9.com/sitemap.xml,bd903c80c15a641e97ca2751688703ce8204602d714af1e48da67d5f5e32e663,netmeme_forest_asset0013_00191,embedded_absolute
80591,https://netmeme.genshun9.com/images/2019/2019_x8b3l7.jpg,actual_media,ネットミームの森 実画像一覧,media/netmeme_forest/netmeme_forest_asset0013_00195__2019_x8b3l7.jpg,image/jpeg,https://netmeme.genshun9.com/images/2019/2019_x8b3l7.jpg,https://netmeme.genshun9.com/sitemap.xml,637d39cfc6e165163e19a0c43b526b7d89365d455a529e3c2c60ba1ab42b05eb,netmeme_forest_asset0013_00195,embedded_absolute
22688,https://netmeme.genshun9.com/images/2019/2019_vasu46.jpg,actual_media,ネットミームの森 実画像一覧,media/netmeme_forest/netmeme_forest_asset0013_00196__2019_vasu46.jpg,image/jpeg,https://netmeme.genshun9.com/images/2019/2019_vasu46.jpg,https://netmeme.genshun9.com/sitemap.xml,401886761b448bb2e1800364aa2779592abe45c07049df5310a5e1b11adbe15c,netmeme_forest_asset0013_00196,embedded_absolute
96659,https://netmeme.genshun9.com/images/2019/2019_g35fsb.jpg,actual_media,ネットミームの森 実画像一覧,media/netmeme_forest/netmeme_forest_asset0013_00192__2019_g35fsb.jpg,image/jpeg,https://netmeme.genshun9.com/images/2019/2019_g35fsb.jpg,https://netmeme.genshun9.com/sitemap.xml,35cd842e578304e5d556a801dc0a2c470835c2db2d76f0c2448a7ebdb2dce46e,netmeme_forest_asset0013_00192,embedded_absolute
8144,https://netmeme.genshun9.com/images/2018/2018_7ylnq2.jpg,actual_media,ネットミームの森 実画像一覧,media/netmeme_forest/netmeme_forest_asset0013_00208__2018_7ylnq2.jpg,image/jpeg,https://netmeme.genshun9.com/images/2018/2018_7ylnq2.jpg,https://netmeme.genshun9.com/sitemap.xml,4bc2714b175f144ff98b6e67f13e52861089fd5e7f94aaae6828e5bb340d5c74,netmeme_forest_asset0013_00208,embedded_absolute
34614,https://netmeme.genshun9.com/images/2019/2019_odwdtu.jpg,actual_media,ネットミームの森 実画像一覧,media/netmeme_forest/netmeme_forest_asset0013_00204__2019_odwdtu.jpg,image/jpeg,https://netmeme.genshun9.com/images/2019/2019_odwdtu.jpg,https://netmeme.genshun9.com/sitemap.xml,51e1df8d4641a64d31838e925040b26b8e169b6099a09dc98d21e0fd06b0ae3e,netmeme_forest_asset0013_00204,embedded_absolute
19278,https://netmeme.genshun9.com/images/2019/2019_e82yyj.jpg,actual_media,ネットミームの森 実画像一覧,media/netmeme_forest/netmeme_forest_asset0013_00201__2019_e82yyj.jpg,image/jpeg,https://netmeme.genshun9.com/images/2019/2019_e82yyj.jpg,https://netmeme.genshun9.com/sitemap.xml,163a1c2c7e883977c5c8a85d08d835c3ee37f8702b1cc0139e271d1d47a8983a,netmeme_forest_asset0013_00201,embedded_absolute
153869,https://netmeme.genshun9.com/images/2019/2019_m9r53o.jpg,actual_media,ネットミームの森 実画像一覧,media/netmeme_forest/netmeme_forest_asset0013_00194__2019_m9r53o.jpg,image/jpeg,https://netmeme.genshun9.com/images/2019/2019_m9r53o.jpg,https://netmeme.genshun9.com/sitemap.xml,7a1d15c9b0f3273ff8f0d771a8bcd5244860e8dbc3bec9e4ed43ee6d3d0de1b4,netmeme_forest_asset0013_00194,embedded_absolute
20259,https://netmeme.genshun9.com/images/2019/2019_m9cr3y.jpg,actual_media,ネットミームの森 実画像一覧,media/netmeme_forest/netmeme_forest_asset0013_00199__2019_m9cr3y.jpg,image/jpeg,https://netmeme.genshun9.com/images/2019/2019_m9cr3y.jpg,https://netmeme.genshun9.com/sitemap.xml,92c643dec00707a211a5fe4f5a8ad8c33f49433de7b7de06596a2594aa85396a,netmeme_forest_asset0013_00199,embedded_absolute
69114,https://netmeme.genshun9.com/images/2019/2019_lhbbpa.jpg,actual_media,ネットミームの森 実画像一覧,media/netmeme_forest/netmeme_forest_asset0013_00200__2019_lhbbpa.jpg,image/jpeg,https://netmeme.genshun9.com/images/2019/2019_lhbbpa.jpg,https://netmeme.genshun9.com/sitemap.xml,f16d9adb0b6f683a930753c2c6e61b9130081ff9b221455f8a1e0b5f0530a237,netmeme_forest_asset0013_00200,embedded_absolute
70286,https://netmeme.genshun9.com/images/2019/2019_sko6bx.jpg,actual_media,ネットミームの森 実画像一覧,media/netmeme_forest/netmeme_forest_asset0013_00193__2019_sko6bx.jpg,image/jpeg,https://netmeme.genshun9.com/images/2019/2019_sko6bx.jpg,https://netmeme.genshun9.com/sitemap.xml,59a33db5e8c48c2a48dc49dbb85f8b1dda17e3832938b68669b2445bc02d856a,netmeme_forest_asset0013_00193,embedded_absolute
47028,https://netmeme.genshun9.com/images/2019/2019_ld7ujx.jpg,actual_media,ネットミームの森 実画像一覧,media/netmeme_forest/netmeme_forest_asset0013_00198__2019_ld7ujx.jpg,image/jpeg,https://netmeme.genshun9.com/images/2019/2019_ld7ujx.jpg,https://netmeme.genshun9.com/sitemap.xml,b5cada15c3faa97130bf1727aa8026e71cfaf735a33b74ce12ec694082e5e6b4,netmeme_forest_asset0013_00198,embedded_absolute
81520,https://netmeme.genshun9.com/images/2019/2019_gqg5nz.jpg,actual_media,ネットミームの森 実画像一覧,media/netmeme_forest/netmeme_forest_asset0013_00202__2019_gqg5nz.jpg,image/jpeg,https://netmeme.genshun9.com/images/2019/2019_gqg5nz.jpg,https://netmeme.genshun9.com/sitemap.xml,b312ff904665409ee4b6cf3180341c7a25c386540708824b06e0c9982e1c1c65,netmeme_forest_asset0013_00202,embedded_absolute
21879,https://netmeme.genshun9.com/images/2018/2018_x0hq6o.jpg,actual_media,ネットミームの森 実画像一覧,media/netmeme_forest/netmeme_forest_asset0013_00207__2018_x0hq6o.jpg,image/jpeg,https://netmeme.genshun9.com/images/2018/2018_x0hq6o.jpg,https://netmeme.genshun9.com/sitemap.xml,2b9f7f3d7cae4e3340ff81cf0e24aea6ea8bf044e7b580f24a468ec8ad1a720b,netmeme_forest_asset0013_00207,embedded_absolute
70284,https://netmeme.genshun9.com/images/2019/2019_2f30ni.jpg,actual_media,ネットミームの森 実画像一覧,media/netmeme_forest/netmeme_forest_asset0013_00197__2019_2f30ni.jpg,image/jpeg,https://netmeme.genshun9.com/images/2019/2019_2f30ni.jpg,https://netmeme.genshun9.com/sitemap.xml,8758aa7022cbe65c18cdaf40f3f3c5879d392aa643a1035b83f2b54f99e28c1e,netmeme_forest_asset0013_00197,embedded_absolute
26310,https://netmeme.genshun9.com/images/2018/2018_lqo538.jpg,actual_media,ネットミームの森 実画像一覧,media/netmeme_forest/netmeme_forest_asset0013_00211__2018_lqo538.jpg,image/jpeg,https://netmeme.genshun9.com/images/2018/2018_lqo538.jpg,https://netmeme.genshun9.com/sitemap.xml,a3fc2199d913ac0aa388ee941532346dcb7be3f3173da1453af9f969f6239665,netmeme_forest_asset0013_00211,embedded_absolute
25920,https://netmeme.genshun9.com/images/2018/2018_j4zs1v.jpg,actual_media,ネットミームの森 実画像一覧,media/netmeme_forest/netmeme_forest_asset0013_00215__2018_j4zs1v.jpg,image/jpeg,https://netmeme.genshun9.com/images/2018/2018_j4zs1v.jpg,https://netmeme.genshun9.com/sitemap.xml,a247b5bdabcb3013f79ea991107893cd25bac33cb8293d3d43c6c6fc203318df,netmeme_forest_asset0013_00215,embedded_absolute
17602,https://netmeme.genshun9.com/images/2018/2018_5s8fai.jpg,actual_media,ネットミームの森 実画像一覧,media/netmeme_forest/netmeme_forest_asset0013_00216__2018_5s8fai.jpg,image/jpeg,https://netmeme.genshun9.com/images/2018/2018_5s8fai.jpg,https://netmeme.genshun9.com/sitemap.xml,38016f15032f0e0fe5e88e2730d3569e219a8f9031efcc0645a5f458dad74a85,netmeme_forest_asset0013_00216,embedded_absolute
32409,https://netmeme.genshun9.com/images/2018/2018_no4mmw.jpg,actual_media,ネットミームの森 実画像一覧,media/netmeme_forest/netmeme_forest_asset0013_00210__2018_no4mmw.jpg,image/jpeg,https://netmeme.genshun9.com/images/2018/2018_no4mmw.jpg,https://netmeme.genshun9.com/sitemap.xml,f18c23da58f15319e817be055c152ffff8d1e436b71bf5ae04b49c9d08ec42de,netmeme_forest_asset0013_00210,embedded_absolute
265593,https://netmeme.genshun9.com/images/2018/2018_4s0z8l.jpg,actual_media,ネットミームの森 実画像一覧,media/netmeme_forest/netmeme_forest_asset0013_00206__2018_4s0z8l.jpg,image/jpeg,https://netmeme.genshun9.com/images/2018/2018_4s0z8l.jpg,https://netmeme.genshun9.com/sitemap.xml,53a9d810e242cac29e2f656058494303dc3d0802624c6f2a3cb1a2e7d1c9145a,netmeme_forest_asset0013_00206,embedded_absolute
89109,https://netmeme.genshun9.com/images/2019/2019_e3hy28.jpg,actual_media,ネットミームの森 実画像一覧,media/netmeme_forest/netmeme_forest_asset0013_00205__2019_e3hy28.jpg,image/jpeg,https://netmeme.genshun9.com/images/2019/2019_e3hy28.jpg,https://netmeme.genshun9.com/sitemap.xml,3ca8e574b6222d83316fab1617ce6d2ad208ec6d5330f4be4599e068f21feaac,netmeme_forest_asset0013_00205,embedded_absolute
141888,https://netmeme.genshun9.com/images/2019/2019_v6vrcd.jpg,actual_media,ネットミームの森 実画像一覧,media/netmeme_forest/netmeme_forest_asset0013_00203__2019_v6vrcd.jpg,image/jpeg,https://netmeme.genshun9.com/images/2019/2019_v6vrcd.jpg,https://netmeme.genshun9.com/sitemap.xml,268a055c7c6eb13983ac71aa2550919745f93f20790144388b6fb6a2d8a08af1,netmeme_forest_asset0013_00203,embedded_absolute
22428,https://netmeme.genshun9.com/images/2018/2018_qulqi0.jpg,actual_media,ネットミームの森 実画像一覧,media/netmeme_forest/netmeme_forest_asset0013_00223__2018_qulqi0.jpg,image/jpeg,https://netmeme.genshun9.com/images/2018/2018_qulqi0.jpg,https://netmeme.genshun9.com/sitemap.xml,af5386a918704fc33c3326e3031194fec81752612023e7f326ad1eb005ddf707,netmeme_forest_asset0013_00223,embedded_absolute
59834,https://netmeme.genshun9.com/images/2018/2018_sj6obp.jpg,actual_media,ネットミームの森 実画像一覧,media/netmeme_forest/netmeme_forest_asset0013_00212__2018_sj6obp.jpg,image/jpeg,https://netmeme.genshun9.com/images/2018/2018_sj6obp.jpg,https://netmeme.genshun9.com/sitemap.xml,c183f9e94c9b95245d542e7d493d21b4734af7aa38927c422a440d437ef5aad0,netmeme_forest_asset0013_00212,embedded_absolute
81091,https://netmeme.genshun9.com/images/2018/2018_sd5ytu.jpg,actual_media,ネットミームの森 実画像一覧,media/netmeme_forest/netmeme_forest_asset0013_00214__2018_sd5ytu.jpg,image/jpeg,https://netmeme.genshun9.com/images/2018/2018_sd5ytu.jpg,https://netmeme.genshun9.com/sitemap.xml,37c5ee776a76e8d4a5e542179917d5f73c90b909bb51e284ed67f4bfd190d083,netmeme_forest_asset0013_00214,embedded_absolute
95736,https://netmeme.genshun9.com/images/2018/2018_wdj6c7.jpg,actual_media,ネットミームの森 実画像一覧,media/netmeme_forest/netmeme_forest_asset0013_00209__2018_wdj6c7.jpg,image/jpeg,https://netmeme.genshun9.com/images/2018/2018_wdj6c7.jpg,https://netmeme.genshun9.com/sitemap.xml,094dbff00080fdb675a3a712e19de5870e90694cb78af2c0af86f5f0c48ac620,netmeme_forest_asset0013_00209,embedded_absolute
33421,https://netmeme.genshun9.com/images/2018/2018_1bikno.jpg,actual_media,ネットミームの森 実画像一覧,media/netmeme_forest/netmeme_forest_asset0013_00218__2018_1bikno.jpg,image/jpeg,https://netmeme.genshun9.com/images/2018/2018_1bikno.jpg,https://netmeme.genshun9.com/sitemap.xml,55632054d6cd0aa73db184b3d0cfccdd75e276eb099b24ce93df5dac021e0cc2,netmeme_forest_asset0013_00218,embedded_absolute
82790,https://netmeme.genshun9.com/images/2018/2018_p16vy8.jpg,actual_media,ネットミームの森 実画像一覧,media/netmeme_forest/netmeme_forest_asset0013_00213__2018_p16vy8.jpg,image/jpeg,https://netmeme.genshun9.com/images/2018/2018_p16vy8.jpg,https://netmeme.genshun9.com/sitemap.xml,3141ed0eabcba2e57d6872844b434a9051fa8bdad6b54247a2fbbfb4b2b579f7,netmeme_forest_asset0013_00213,embedded_absolute
25314,https://netmeme.genshun9.com/images/2018/2018_ggzdr4.jpg,actual_media,ネットミームの森 実画像一覧,media/netmeme_forest/netmeme_forest_asset0013_00219__2018_ggzdr4.jpg,image/jpeg,https://netmeme.genshun9.com/images/2018/2018_ggzdr4.jpg,https://netmeme.genshun9.com/sitemap.xml,85e5f6f08e6ad8ae1377334b0b1dad4a50c85a287633b5237deca22b2a8409ea,netmeme_forest_asset0013_00219,embedded_absolute
25226,https://netmeme.genshun9.com/images/2018/2018_jln880.jpg,actual_media,ネットミームの森 実画像一覧,media/netmeme_forest/netmeme_forest_asset0013_00221__2018_jln880.jpg,image/jpeg,https://netmeme.genshun9.com/images/2018/2018_jln880.jpg,https://netmeme.genshun9.com/sitemap.xml,6b1ace351685b0001e238bcf49712c14f2e56d89b0129211ed30c1389c5d86c2,netmeme_forest_asset0013_00221,embedded_absolute
19462,https://netmeme.genshun9.com/images/2018/2018_53cvro.jpg,actual_media,ネットミームの森 実画像一覧,media/netmeme_forest/netmeme_forest_asset0013_00220__2018_53cvro.jpg,image/jpeg,https://netmeme.genshun9.com/images/2018/2018_53cvro.jpg,https://netmeme.genshun9.com/sitemap.xml,4aa7d603cb2978bebd27d2136025e764ff380288b42f98a1896bd789a9830566,netmeme_forest_asset0013_00220,embedded_absolute
60846,https://netmeme.genshun9.com/images/2018/2018_3df6dk.jpg,actual_media,ネットミームの森 実画像一覧,media/netmeme_forest/netmeme_forest_asset0013_00217__2018_3df6dk.jpg,image/jpeg,https://netmeme.genshun9.com/images/2018/2018_3df6dk.jpg,https://netmeme.genshun9.com/sitemap.xml,2474525d9e902ad34a4732bacc43445b9335c723b719fbb65c5bef93665a98ce,netmeme_forest_asset0013_00217,embedded_absolute
54853,https://netmeme.genshun9.com/images/2018/2018_lawlkm.jpg,actual_media,ネットミームの森 実画像一覧,media/netmeme_forest/netmeme_forest_asset0013_00222__2018_lawlkm.jpg,image/jpeg,https://netmeme.genshun9.com/images/2018/2018_lawlkm.jpg,https://netmeme.genshun9.com/sitemap.xml,eec5282065314e421ab8cff818ff8b034051726369b48705b24ecf5b309a9bc1,netmeme_forest_asset0013_00222,embedded_absolute
47501,https://netmeme.genshun9.com/images/2018/2018_na0ch9.jpg,actual_media,ネットミームの森 実画像一覧,media/netmeme_forest/netmeme_forest_asset0013_00225__2018_na0ch9.jpg,image/jpeg,https://netmeme.genshun9.com/images/2018/2018_na0ch9.jpg,https://netmeme.genshun9.com/sitemap.xml,2ee1f99a45afd2e05ff4c63ad6de4ceadf17de63577236d09ee13e203117d014,netmeme_forest_asset0013_00225,embedded_absolute
47762,https://netmeme.genshun9.com/images/2018/2018_d2gn27.jpg,actual_media,ネットミームの森 実画像一覧,media/netmeme_forest/netmeme_forest_asset0013_00228__2018_d2gn27.jpg,image/jpeg,https://netmeme.genshun9.com/images/2018/2018_d2gn27.jpg,https://netmeme.genshun9.com/sitemap.xml,5ad8278bc1e06998f807f9f95d14362883f82171a230b3c1625df8bc3d570deb,netmeme_forest_asset0013_00228,embedded_absolute
30858,https://netmeme.genshun9.com/images/2018/2018_m45s43.jpg,actual_media,ネットミームの森 実画像一覧,media/netmeme_forest/netmeme_forest_asset0013_00224__2018_m45s43.jpg,image/jpeg,https://netmeme.genshun9.com/images/2018/2018_m45s43.jpg,https://netmeme.genshun9.com/sitemap.xml,efbc2d630f6d87445dcf2b3edd2a5d4a1ec506af7d89c430a9a0aef1c760fa21,netmeme_forest_asset0013_00224,embedded_absolute
26688,https://netmeme.genshun9.com/images/2018/2018_uvt90n.jpg,actual_media,ネットミームの森 実画像一覧,media/netmeme_forest/netmeme_forest_asset0013_00226__2018_uvt90n.jpg,image/jpeg,https://netmeme.genshun9.com/images/2018/2018_uvt90n.jpg,https://netmeme.genshun9.com/sitemap.xml,46212c99f618dff305cbe6cbefd17d353b1e455796c83fa5b11e296845d0a51a,netmeme_forest_asset0013_00226,embedded_absolute
153087,https://netmeme.genshun9.com/images/2018/2018_8x0l3d.jpg,actual_media,ネットミームの森 実画像一覧,media/netmeme_forest/netmeme_forest_asset0013_00230__2018_8x0l3d.jpg,image/jpeg,https://netmeme.genshun9.com/images/2018/2018_8x0l3d.jpg,https://netmeme.genshun9.com/sitemap.xml,ba209840d1a7321311d1a3a213ee0c6a11cdfac296eea9c5bca9e1b13384b1ba,netmeme_forest_asset0013_00230,embedded_absolute
98659,https://netmeme.genshun9.com/images/2018/2018_jygnki.jpg,actual_media,ネットミームの森 実画像一覧,media/netmeme_forest/netmeme_forest_asset0013_00227__2018_jygnki.jpg,image/jpeg,https://netmeme.genshun9.com/images/2018/2018_jygnki.jpg,https://netmeme.genshun9.com/sitemap.xml,07b7bcff2c6c6444bd75b9f3a54bd2fd2b1c7feca5b72fa972ab1d08d0fb1372,netmeme_forest_asset0013_00227,embedded_absolute
71071,https://netmeme.genshun9.com/images/2018/2018_jw6qwy.jpg,actual_media,ネットミームの森 実画像一覧,media/netmeme_forest/netmeme_forest_asset0013_00231__2018_jw6qwy.jpg,image/jpeg,https://netmeme.genshun9.com/images/2018/2018_jw6qwy.jpg,https://netmeme.genshun9.com/sitemap.xml,d8c3fcbc5ce8bfcf0cb3404ee6345dab0064090c98316e68eed374ffc728e8a3,netmeme_forest_asset0013_00231,embedded_absolute
60874,https://netmeme.genshun9.com/images/2017/2017_hlarqi.jpg,actual_media,ネットミームの森 実画像一覧,media/netmeme_forest/netmeme_forest_asset0013_00232__2017_hlarqi.jpg,image/jpeg,https://netmeme.genshun9.com/images/2017/2017_hlarqi.jpg,https://netmeme.genshun9.com/sitemap.xml,8a72e4c51f3b9b70e5b958b83847fef504f43c75cfcac4d5c4fe3a0ad7311bef,netmeme_forest_asset0013_00232,embedded_absolute
12300,https://netmeme.genshun9.com/images/2017/2017_f820w7.jpg,actual_media,ネットミームの森 実画像一覧,media/netmeme_forest/netmeme_forest_asset0013_00235__2017_f820w7.jpg,image/jpeg,https://netmeme.genshun9.com/images/2017/2017_f820w7.jpg,https://netmeme.genshun9.com/sitemap.xml,b328e87d22b4adfdd9073a35b990b1b28ad407dc94ec348173b5f23d88d73902,netmeme_forest_asset0013_00235,embedded_absolute
39041,https://netmeme.genshun9.com/images/2017/2017_6u1rgk.jpg,actual_media,ネットミームの森 実画像一覧,media/netmeme_forest/netmeme_forest_asset0013_00234__2017_6u1rgk.jpg,image/jpeg,https://netmeme.genshun9.com/images/2017/2017_6u1rgk.jpg,https://netmeme.genshun9.com/sitemap.xml,a92e728846cbb5debc8b7a30dbc3a6b9cb80da77d10054abc68d0cf2cb7614b5,netmeme_forest_asset0013_00234,embedded_absolute
32350,https://netmeme.genshun9.com/images/2018/2018_ezml8y.jpg,actual_media,ネットミームの森 実画像一覧,media/netmeme_forest/netmeme_forest_asset0013_00229__2018_ezml8y.jpg,image/jpeg,https://netmeme.genshun9.com/images/2018/2018_ezml8y.jpg,https://netmeme.genshun9.com/sitemap.xml,e654e5ea9a15fd324f0aedb3f5fecaea1156c7c40e1400c915314ae76a5e2647,netmeme_forest_asset0013_00229,embedded_absolute
14192,https://netmeme.genshun9.com/images/2017/2017_t0gve9.jpg,actual_media,ネットミームの森 実画像一覧,media/netmeme_forest/netmeme_forest_asset0013_00233__2017_t0gve9.jpg,image/jpeg,https://netmeme.genshun9.com/images/2017/2017_t0gve9.jpg,https://netmeme.genshun9.com/sitemap.xml,f532a6381652048469f2bb52aa41ed6cf835965139730ff4d44f59c5a5a025b1,netmeme_forest_asset0013_00233,embedded_absolute
50649,https://netmeme.genshun9.com/images/2017/2017_ns01q0.jpg,actual_media,ネットミームの森 実画像一覧,media/netmeme_forest/netmeme_forest_asset0013_00240__2017_ns01q0.jpg,image/jpeg,https://netmeme.genshun9.com/images/2017/2017_ns01q0.jpg,https://netmeme.genshun9.com/sitemap.xml,c96047444086801ebbd2f6ee0036258a9116fb9cefcd8a08c01f9b6df4e97105,netmeme_forest_asset0013_00240,embedded_absolute
25221,https://netmeme.genshun9.com/images/2017/2017_jcsu7m.jpg,actual_media,ネットミームの森 実画像一覧,media/netmeme_forest/netmeme_forest_asset0013_00236__2017_jcsu7m.jpg,image/jpeg,https://netmeme.genshun9.com/images/2017/2017_jcsu7m.jpg,https://netmeme.genshun9.com/sitemap.xml,41a457790a0b3b9d0528f1edbdeaee2973b999c404eb32ce5961f684b44222fc,netmeme_forest_asset0013_00236,embedded_absolute
10224,https://netmeme.genshun9.com/images/2017/2017_kybuz4.jpg,actual_media,ネットミームの森 実画像一覧,media/netmeme_forest/netmeme_forest_asset0013_00242__2017_kybuz4.jpg,image/jpeg,https://netmeme.genshun9.com/images/2017/2017_kybuz4.jpg,https://netmeme.genshun9.com/sitemap.xml,a70842352756ac65e20574a95bd241991f416acad14811305bd2c054b4a43d87,netmeme_forest_asset0013_00242,embedded_absolute
43195,https://netmeme.genshun9.com/images/2017/2017_h6bool.jpg,actual_media,ネットミームの森 実画像一覧,media/netmeme_forest/netmeme_forest_asset0013_00239__2017_h6bool.jpg,image/jpeg,https://netmeme.genshun9.com/images/2017/2017_h6bool.jpg,https://netmeme.genshun9.com/sitemap.xml,98ef2fd540630cd77025cfe446736006319f1221afc494c55d719527b38dcea8,netmeme_forest_asset0013_00239,embedded_absolute
37014,https://netmeme.genshun9.com/images/2017/2017_3jruap.jpg,actual_media,ネットミームの森 実画像一覧,media/netmeme_forest/netmeme_forest_asset0013_00237__2017_3jruap.jpg,image/jpeg,https://netmeme.genshun9.com/images/2017/2017_3jruap.jpg,https://netmeme.genshun9.com/sitemap.xml,29e7f75d26842fcf7e94c923435090f88be5a1a6b543c0e5b4665fe2d0df4ccd,netmeme_forest_asset0013_00237,embedded_absolute
48596,https://netmeme.genshun9.com/images/2017/2017_339th3.jpg,actual_media,ネットミームの森 実画像一覧,media/netmeme_forest/netmeme_forest_asset0013_00250__2017_339th3.jpg,image/jpeg,https://netmeme.genshun9.com/images/2017/2017_339th3.jpg,https://netmeme.genshun9.com/sitemap.xml,0ad0d7d326b5e725fe2707b860be0fdbc11cc3363dbef43fbc406850f6e7481e,netmeme_forest_asset0013_00250,embedded_absolute
33485,https://netmeme.genshun9.com/images/2017/2017_5u15ys.jpg,actual_media,ネットミームの森 実画像一覧,media/netmeme_forest/netmeme_forest_asset0013_00243__2017_5u15ys.jpg,image/jpeg,https://netmeme.genshun9.com/images/2017/2017_5u15ys.jpg,https://netmeme.genshun9.com/sitemap.xml,07855175ac992c10f077ee1a1c80e82ca81b2552cf773cfea2233fdb34894a54,netmeme_forest_asset0013_00243,embedded_absolute
16214,https://netmeme.genshun9.com/images/2017/2017_hazazl.jpg,actual_media,ネットミームの森 実画像一覧,media/netmeme_forest/netmeme_forest_asset0013_00245__2017_hazazl.jpg,image/jpeg,https://netmeme.genshun9.com/images/2017/2017_hazazl.jpg,https://netmeme.genshun9.com/sitemap.xml,6d128e24c8bfb262c701617b99df47c24730d267d35e8c198751be9acc502051,netmeme_forest_asset0013_00245,embedded_absolute
43132,https://netmeme.genshun9.com/images/2017/2017_lhdfyc.jpg,actual_media,ネットミームの森 実画像一覧,media/netmeme_forest/netmeme_forest_asset0013_00248__2017_lhdfyc.jpg,image/jpeg,https://netmeme.genshun9.com/images/2017/2017_lhdfyc.jpg,https://netmeme.genshun9.com/sitemap.xml,18b9dc740a30b73bbfa4a831af285c0e80f542b57dd2b36c764d6320e9972c32,netmeme_forest_asset0013_00248,embedded_absolute
66882,https://netmeme.genshun9.com/images/2017/2017_7n36e0.jpg,actual_media,ネットミームの森 実画像一覧,media/netmeme_forest/netmeme_forest_asset0013_00247__2017_7n36e0.jpg,image/jpeg,https://netmeme.genshun9.com/images/2017/2017_7n36e0.jpg,https://netmeme.genshun9.com/sitemap.xml,edecc03edb0ca95b92d79112fc18e54b72fa4c5960626e166f63a0619562061d,netmeme_forest_asset0013_00247,embedded_absolute
23027,https://netmeme.genshun9.com/images/2017/2017_mgusqn.jpg,actual_media,ネットミームの森 実画像一覧,media/netmeme_forest/netmeme_forest_asset0013_00252__2017_mgusqn.jpg,image/jpeg,https://netmeme.genshun9.com/images/2017/2017_mgusqn.jpg,https://netmeme.genshun9.com/sitemap.xml,3a36a90e1afadb46f25ac7bb848f346889a4cfe843a07bd925659cc1087251f9,netmeme_forest_asset0013_00252,embedded_absolute
83689,https://netmeme.genshun9.com/images/2017/2017_f9jft6.jpg,actual_media,ネットミームの森 実画像一覧,media/netmeme_forest/netmeme_forest_asset0013_00238__2017_f9jft6.jpg,image/jpeg,https://netmeme.genshun9.com/images/2017/2017_f9jft6.jpg,https://netmeme.genshun9.com/sitemap.xml,e6129e947b241e3aebd8a1fbfe791a605241244566cc4685ea8206f1ea9cdd03,netmeme_forest_asset0013_00238,embedded_absolute
84516,https://netmeme.genshun9.com/images/2017/2017_lq4ie4.jpg,actual_media,ネットミームの森 実画像一覧,media/netmeme_forest/netmeme_forest_asset0013_00244__2017_lq4ie4.jpg,image/jpeg,https://netmeme.genshun9.com/images/2017/2017_lq4ie4.jpg,https://netmeme.genshun9.com/sitemap.xml,73b648d47e70f68ba49cc2082d2df04b5c1ff342c66686c65792333a181edece,netmeme_forest_asset0013_00244,embedded_absolute
42775,https://netmeme.genshun9.com/images/2017/2017_svhvg5.jpg,actual_media,ネットミームの森 実画像一覧,media/netmeme_forest/netmeme_forest_asset0013_00241__2017_svhvg5.jpg,image/jpeg,https://netmeme.genshun9.com/images/2017/2017_svhvg5.jpg,https://netmeme.genshun9.com/sitemap.xml,8fc891fdd01963b7b9741b49edf4e1a5de67bdea3a8d976f1ec144fe251761ec,netmeme_forest_asset0013_00241,embedded_absolute
72257,https://netmeme.genshun9.com/images/2017/2017_pin51w.jpg,actual_media,ネットミームの森 実画像一覧,media/netmeme_forest/netmeme_forest_asset0013_00249__2017_pin51w.jpg,image/jpeg,https://netmeme.genshun9.com/images/2017/2017_pin51w.jpg,https://netmeme.genshun9.com/sitemap.xml,08662f0d4b6b6c73618db027d5edc78173366d64c3d1a1f6067a597e644528dd,netmeme_forest_asset0013_00249,embedded_absolute
39765,https://netmeme.genshun9.com/images/2017/2017_5a2er3.jpg,actual_media,ネットミームの森 実画像一覧,media/netmeme_forest/netmeme_forest_asset0013_00254__2017_5a2er3.jpg,image/jpeg,https://netmeme.genshun9.com/images/2017/2017_5a2er3.jpg,https://netmeme.genshun9.com/sitemap.xml,5581ad4dc19f87f2ba3f8e889c653d29f825895e074fccab23c03ce936a45581,netmeme_forest_asset0013_00254,embedded_absolute
39036,https://netmeme.genshun9.com/images/2017/2017_gw76gf.jpg,actual_media,ネットミームの森 実画像一覧,media/netmeme_forest/netmeme_forest_asset0013_00253__2017_gw76gf.jpg,image/jpeg,https://netmeme.genshun9.com/images/2017/2017_gw76gf.jpg,https://netmeme.genshun9.com/sitemap.xml,3d36f171f9fd46457589cd232b2373396b45fd01c252d3f968ea188bfb660671,netmeme_forest_asset0013_00253,embedded_absolute
131816,https://netmeme.genshun9.com/images/2017/2017_ayfl9i.jpg,actual_media,ネットミームの森 実画像一覧,media/netmeme_forest/netmeme_forest_asset0013_00246__2017_ayfl9i.jpg,image/jpeg,https://netmeme.genshun9.com/images/2017/2017_ayfl9i.jpg,https://netmeme.genshun9.com/sitemap.xml,a7fcd52ec69d180255a1ddf4d6afe2a0bdab44d1836c4d0741d50081a5f48b2e,netmeme_forest_asset0013_00246,embedded_absolute
66272,https://netmeme.genshun9.com/images/2017/2017_yf97br.jpg,actual_media,ネットミームの森 実画像一覧,media/netmeme_forest/netmeme_forest_asset0013_00257__2017_yf97br.jpg,image/jpeg,https://netmeme.genshun9.com/images/2017/2017_yf97br.jpg,https://netmeme.genshun9.com/sitemap.xml,11e59fc0a635353aa2152187e58738b0f3e63cec9c6f104a2a79fb17fc61056c,netmeme_forest_asset0013_00257,embedded_absolute
22898,https://netmeme.genshun9.com/images/2016/2016_xi0nl0.jpg,actual_media,ネットミームの森 実画像一覧,media/netmeme_forest/netmeme_forest_asset0013_00260__2016_xi0nl0.jpg,image/jpeg,https://netmeme.genshun9.com/images/2016/2016_xi0nl0.jpg,https://netmeme.genshun9.com/sitemap.xml,93d0c4b51e5f15eb48fe72104b2b68fb65ccd55d32882c69c4128cd993881b08,netmeme_forest_asset0013_00260,embedded_absolute
117941,https://netmeme.genshun9.com/images/2016/2016_053sjg.jpg,actual_media,ネットミームの森 実画像一覧,media/netmeme_forest/netmeme_forest_asset0013_00258__2016_053sjg.jpg,image/jpeg,https://netmeme.genshun9.com/images/2016/2016_053sjg.jpg,https://netmeme.genshun9.com/sitemap.xml,37aa710f355efa938126e4c13bdbe54c189b74961a894aa204f7a44d4806e950,netmeme_forest_asset0013_00258,embedded_absolute
168134,https://netmeme.genshun9.com/images/2017/2017_33to3x.jpg,actual_media,ネットミームの森 実画像一覧,media/netmeme_forest/netmeme_forest_asset0013_00251__2017_33to3x.jpg,image/jpeg,https://netmeme.genshun9.com/images/2017/2017_33to3x.jpg,https://netmeme.genshun9.com/sitemap.xml,5e5c638c1762d4931fa5f09f116bed6801d8191f52ca79f0ef8807a3a1cf3a82,netmeme_forest_asset0013_00251,embedded_absolute
63255,https://netmeme.genshun9.com/images/2016/2016_2gw897.jpg,actual_media,ネットミームの森 実画像一覧,media/netmeme_forest/netmeme_forest_asset0013_00259__2016_2gw897.jpg,image/jpeg,https://netmeme.genshun9.com/images/2016/2016_2gw897.jpg,https://netmeme.genshun9.com/sitemap.xml,cc8ddbd106978d8a34c73e2a2b22f668595dc71cf966849726145323dd00bbf4,netmeme_forest_asset0013_00259,embedded_absolute
27695,https://netmeme.genshun9.com/images/2016/2016_z3jt9p.jpg,actual_media,ネットミームの森 実画像一覧,media/netmeme_forest/netmeme_forest_asset0013_00262__2016_z3jt9p.jpg,image/jpeg,https://netmeme.genshun9.com/images/2016/2016_z3jt9p.jpg,https://netmeme.genshun9.com/sitemap.xml,110e4f96e251d863bf00bef1923f13b727d9d26c44806541733b2ce165dc922d,netmeme_forest_asset0013_00262,embedded_absolute
160662,https://netmeme.genshun9.com/images/2017/2017_x1fkah.jpg,actual_media,ネットミームの森 実画像一覧,media/netmeme_forest/netmeme_forest_asset0013_00256__2017_x1fkah.jpg,image/jpeg,https://netmeme.genshun9.com/images/2017/2017_x1fkah.jpg,https://netmeme.genshun9.com/sitemap.xml,5ceef51757c21bd4bb046d2c445a15faef3b1ec51090117fe00dbfbfc6da49eb,netmeme_forest_asset0013_00256,embedded_absolute
11511,https://netmeme.genshun9.com/images/2016/2016_mkklwa.jpg,actual_media,ネットミームの森 実画像一覧,media/netmeme_forest/netmeme_forest_asset0013_00261__2016_mkklwa.jpg,image/jpeg,https://netmeme.genshun9.com/images/2016/2016_mkklwa.jpg,https://netmeme.genshun9.com/sitemap.xml,2177084396bcee075adedec0a5444d73774984c1a9e0a008abf6690bf84576dc,netmeme_forest_asset0013_00261,embedded_absolute
93195,https://netmeme.genshun9.com/images/2016/2016_jz22ht.jpg,actual_media,ネットミームの森 実画像一覧,media/netmeme_forest/netmeme_forest_asset0013_00264__2016_jz22ht.jpg,image/jpeg,https://netmeme.genshun9.com/images/2016/2016_jz22ht.jpg,https://netmeme.genshun9.com/sitemap.xml,3d1cb627a985f6dca48d564d2e15acedcab4ebb506bcd9e267ce8d99cdc3c069,netmeme_forest_asset0013_00264,embedded_absolute
76680,https://netmeme.genshun9.com/images/2016/2016_4d19ih.jpg,actual_media,ネットミームの森 実画像一覧,media/netmeme_forest/netmeme_forest_asset0013_00263__2016_4d19ih.jpg,image/jpeg,https://netmeme.genshun9.com/images/2016/2016_4d19ih.jpg,https://netmeme.genshun9.com/sitemap.xml,d99d22036ae7af04dbea89c83ea83a9d23b60dfc0df47029737ca559b828dbd8,netmeme_forest_asset0013_00263,embedded_absolute
67501,https://netmeme.genshun9.com/images/2016/2016_2vztld.jpg,actual_media,ネットミームの森 実画像一覧,media/netmeme_forest/netmeme_forest_asset0013_00265__2016_2vztld.jpg,image/jpeg,https://netmeme.genshun9.com/images/2016/2016_2vztld.jpg,https://netmeme.genshun9.com/sitemap.xml,fb7019870103511003b65a6432f62897703f52c737a85f9f389a6d99c4b602e3,netmeme_forest_asset0013_00265,embedded_absolute
228065,https://netmeme.genshun9.com/images/2017/2017_3934zg.jpg,actual_media,ネットミームの森 実画像一覧,media/netmeme_forest/netmeme_forest_asset0013_00255__2017_3934zg.jpg,image/jpeg,https://netmeme.genshun9.com/images/2017/2017_3934zg.jpg,https://netmeme.genshun9.com/sitemap.xml,d3437c2c10916a06304723d8c15c34071b1176bc0171dd288230e82d90bf089b,netmeme_forest_asset0013_00255,embedded_absolute
54580,https://netmeme.genshun9.com/images/2016/2016_tvhytw.jpg,actual_media,ネットミームの森 実画像一覧,media/netmeme_forest/netmeme_forest_asset0013_00266__2016_tvhytw.jpg,image/jpeg,https://netmeme.genshun9.com/images/2016/2016_tvhytw.jpg,https://netmeme.genshun9.com/sitemap.xml,438fe5876168fe2c591b61dec5eec8a5ee8aa02282dc70d9c0b75060692a1482,netmeme_forest_asset0013_00266,embedded_absolute
82067,https://netmeme.genshun9.com/images/2016/2016_lrf2fg.jpg,actual_media,ネットミームの森 実画像一覧,media/netmeme_forest/netmeme_forest_asset0013_00268__2016_lrf2fg.jpg,image/jpeg,https://netmeme.genshun9.com/images/2016/2016_lrf2fg.jpg,https://netmeme.genshun9.com/sitemap.xml,0d801ed9a8ed205f5051d9b16e8dcbe4f5944534f8b47c0f9c93ff896334f940,netmeme_forest_asset0013_00268,embedded_absolute
26577,https://netmeme.genshun9.com/images/2016/2016_rso5m6.jpg,actual_media,ネットミームの森 実画像一覧,media/netmeme_forest/netmeme_forest_asset0013_00267__2016_rso5m6.jpg,image/jpeg,https://netmeme.genshun9.com/images/2016/2016_rso5m6.jpg,https://netmeme.genshun9.com/sitemap.xml,cf283703136145957c3ff6744773175978efb3ca9626e7fa567e74f8ace1cd7c,netmeme_forest_asset0013_00267,embedded_absolute
50984,https://netmeme.genshun9.com/images/2016/2016_by6u8c.jpg,actual_media,ネットミームの森 実画像一覧,media/netmeme_forest/netmeme_forest_asset0013_00271__2016_by6u8c.jpg,image/jpeg,https://netmeme.genshun9.com/images/2016/2016_by6u8c.jpg,https://netmeme.genshun9.com/sitemap.xml,384846d7b79199883e7202ddb6f7ed8d9636a60d047a2f7db37e8c0505073171,netmeme_forest_asset0013_00271,embedded_absolute
135417,https://netmeme.genshun9.com/images/2016/2016_suvgqg.jpg,actual_media,ネットミームの森 実画像一覧,media/netmeme_forest/netmeme_forest_asset0013_00270__2016_suvgqg.jpg,image/jpeg,https://netmeme.genshun9.com/images/2016/2016_suvgqg.jpg,https://netmeme.genshun9.com/sitemap.xml,a1b5c2c709c357a2bedcde3ce79e9388b980222ca7f99bf60f0ff439e535f9a8,netmeme_forest_asset0013_00270,embedded_absolute
98281,https://netmeme.genshun9.com/images/2016/2016_m3oy60.jpg,actual_media,ネットミームの森 実画像一覧,media/netmeme_forest/netmeme_forest_asset0013_00275__2016_m3oy60.jpg,image/jpeg,https://netmeme.genshun9.com/images/2016/2016_m3oy60.jpg,https://netmeme.genshun9.com/sitemap.xml,8fff195f60628e1c1d62c6356f1213072d74e685227641a5d5b7bd0f8ecdd495,netmeme_forest_asset0013_00275,embedded_absolute
221815,https://netmeme.genshun9.com/images/2016/2016_4hi91y.jpg,actual_media,ネットミームの森 実画像一覧,media/netmeme_forest/netmeme_forest_asset0013_00269__2016_4hi91y.jpg,image/jpeg,https://netmeme.genshun9.com/images/2016/2016_4hi91y.jpg,https://netmeme.genshun9.com/sitemap.xml,75dc10fbf1ec027c5807176a6fcbffa6f3c3184a021c37efb8ae03e2b60f1c9d,netmeme_forest_asset0013_00269,embedded_absolute
11980,https://netmeme.genshun9.com/images/2016/2016_ivacdq.jpg,actual_media,ネットミームの森 実画像一覧,media/netmeme_forest/netmeme_forest_asset0013_00272__2016_ivacdq.jpg,image/jpeg,https://netmeme.genshun9.com/images/2016/2016_ivacdq.jpg,https://netmeme.genshun9.com/sitemap.xml,60f37a7397a7959ec636b74f0e26537df925a45adf5eb74fe677200a3cefbd05,netmeme_forest_asset0013_00272,embedded_absolute
41059,https://netmeme.genshun9.com/images/2016/2016_nki4fb.jpg,actual_media,ネットミームの森 実画像一覧,media/netmeme_forest/netmeme_forest_asset0013_00273__2016_nki4fb.jpg,image/jpeg,https://netmeme.genshun9.com/images/2016/2016_nki4fb.jpg,https://netmeme.genshun9.com/sitemap.xml,0c6b26db524fa9e6b1f5879c2cda501a6e61cb6d06200ec16730e1b7d956bd98,netmeme_forest_asset0013_00273,embedded_absolute
72184,https://netmeme.genshun9.com/images/2016/2016_fe3i11.jpg,actual_media,ネットミームの森 実画像一覧,media/netmeme_forest/netmeme_forest_asset0013_00274__2016_fe3i11.jpg,image/jpeg,https://netmeme.genshun9.com/images/2016/2016_fe3i11.jpg,https://netmeme.genshun9.com/sitemap.xml,6f533610e8c059d176a51070c552c2ea2405bda1489b5dcee5cded5d532232a8,netmeme_forest_asset0013_00274,embedded_absolute
24829,https://netmeme.genshun9.com/images/2016/2016_70vi8t.jpg,actual_media,ネットミームの森 実画像一覧,media/netmeme_forest/netmeme_forest_asset0013_00280__2016_70vi8t.jpg,image/jpeg,https://netmeme.genshun9.com/images/2016/2016_70vi8t.jpg,https://netmeme.genshun9.com/sitemap.xml,19b5c134a914081f7d8b697bd2f76fe1cb2e90d46745ddbc60c647f86ee13381,netmeme_forest_asset0013_00280,embedded_absolute
116211,https://netmeme.genshun9.com/images/2016/2016_7slnrh.jpg,actual_media,ネットミームの森 実画像一覧,media/netmeme_forest/netmeme_forest_asset0013_00281__2016_7slnrh.jpg,image/jpeg,https://netmeme.genshun9.com/images/2016/2016_7slnrh.jpg,https://netmeme.genshun9.com/sitemap.xml,6674c10567705b900d79d5761c5e9c821b09fb25dea25042a6064161a1411a30,netmeme_forest_asset0013_00281,embedded_absolute
11493,https://netmeme.genshun9.com/images/2015/2015_wpzxhe.jpg,actual_media,ネットミームの森 実画像一覧,media/netmeme_forest/netmeme_forest_asset0013_00284__2015_wpzxhe.jpg,image/jpeg,https://netmeme.genshun9.com/images/2015/2015_wpzxhe.jpg,https://netmeme.genshun9.com/sitemap.xml,1d366c03202e62d63e43cf606a6a421d8da2fdac89ffa27d8fd69b8c3ad0e838,netmeme_forest_asset0013_00284,embedded_absolute
118354,https://netmeme.genshun9.com/images/2016/2016_m6vwcc.jpg,actual_media,ネットミームの森 実画像一覧,media/netmeme_forest/netmeme_forest_asset0013_00277__2016_m6vwcc.jpg,image/jpeg,https://netmeme.genshun9.com/images/2016/2016_m6vwcc.jpg,https://netmeme.genshun9.com/sitemap.xml,4c2eb393ebb2955b7e1ffc1eae7c934c62404fe831e7b6302c20fbbdc5fc93b8,netmeme_forest_asset0013_00277,embedded_absolute
103255,https://netmeme.genshun9.com/images/2016/2016_m4dszi.jpg,actual_media,ネットミームの森 実画像一覧,media/netmeme_forest/netmeme_forest_asset0013_00278__2016_m4dszi.jpg,image/jpeg,https://netmeme.genshun9.com/images/2016/2016_m4dszi.jpg,https://netmeme.genshun9.com/sitemap.xml,004487bbe5e0b163e40289ba3e5f5bde1f636cfb3a7705d64f5b5aea8da4c1f3,netmeme_forest_asset0013_00278,embedded_absolute
29699,https://netmeme.genshun9.com/images/2015/2015_y2qrhf.jpg,actual_media,ネットミームの森 実画像一覧,media/netmeme_forest/netmeme_forest_asset0013_00288__2015_y2qrhf.jpg,image/jpeg,https://netmeme.genshun9.com/images/2015/2015_y2qrhf.jpg,https://netmeme.genshun9.com/sitemap.xml,883f7e59b4d7912b9b4544e1ebc73f138ef12ffe462bb5958834985b0630ab4b,netmeme_forest_asset0013_00288,embedded_absolute
46335,https://netmeme.genshun9.com/images/2016/2016_6zdyqo.jpg,actual_media,ネットミームの森 実画像一覧,media/netmeme_forest/netmeme_forest_asset0013_00276__2016_6zdyqo.jpg,image/jpeg,https://netmeme.genshun9.com/images/2016/2016_6zdyqo.jpg,https://netmeme.genshun9.com/sitemap.xml,937b24e07dc7d53839e1458582a807294f4c458746e31a56bb90059640673964,netmeme_forest_asset0013_00276,embedded_absolute
47914,https://netmeme.genshun9.com/images/2016/2016_t2uin6.jpg,actual_media,ネットミームの森 実画像一覧,media/netmeme_forest/netmeme_forest_asset0013_00283__2016_t2uin6.jpg,image/jpeg,https://netmeme.genshun9.com/images/2016/2016_t2uin6.jpg,https://netmeme.genshun9.com/sitemap.xml,d5d9fe1d25ad216cacf7587f4c073d0a8d526c9a600c360468fb56f8a9666dcd,netmeme_forest_asset0013_00283,embedded_absolute
190230,https://netmeme.genshun9.com/images/2016/2016_t573h8.jpg,actual_media,ネットミームの森 実画像一覧,media/netmeme_forest/netmeme_forest_asset0013_00279__2016_t573h8.jpg,image/jpeg,https://netmeme.genshun9.com/images/2016/2016_t573h8.jpg,https://netmeme.genshun9.com/sitemap.xml,aae9cdcab23f6f084919f5bcd1e85e8b3d084acd9965e437f55066e8b1490ef0,netmeme_forest_asset0013_00279,embedded_absolute
29561,https://netmeme.genshun9.com/images/2015/2015_53qd51.jpg,actual_media,ネットミームの森 実画像一覧,media/netmeme_forest/netmeme_forest_asset0013_00285__2015_53qd51.jpg,image/jpeg,https://netmeme.genshun9.com/images/2015/2015_53qd51.jpg,https://netmeme.genshun9.com/sitemap.xml,83d9f9f412cbd5e17ec9dc27c13aac4dc6db76b335d94cc2045ed3fd278adbb1,netmeme_forest_asset0013_00285,embedded_absolute
11117,https://netmeme.genshun9.com/images/2015/2015_tegui0.jpg,actual_media,ネットミームの森 実画像一覧,media/netmeme_forest/netmeme_forest_asset0013_00287__2015_tegui0.jpg,image/jpeg,https://netmeme.genshun9.com/images/2015/2015_tegui0.jpg,https://netmeme.genshun9.com/sitemap.xml,5ca52f3f9255fe53693fcd0877a97f57105f21f970dfed75c2ef091327e5ae1e,netmeme_forest_asset0013_00287,embedded_absolute
41284,https://netmeme.genshun9.com/images/2015/2015_p7bl2z.jpg,actual_media,ネットミームの森 実画像一覧,media/netmeme_forest/netmeme_forest_asset0013_00293__2015_p7bl2z.jpg,image/jpeg,https://netmeme.genshun9.com/images/2015/2015_p7bl2z.jpg,https://netmeme.genshun9.com/sitemap.xml,f6091231d9e47ef006b9fa07a53908d81c7f09ee075cd2d0513b928c32bb8084,netmeme_forest_asset0013_00293,embedded_absolute
11096,https://netmeme.genshun9.com/images/2015/2015_fjf0ug.jpg,actual_media,ネットミームの森 実画像一覧,media/netmeme_forest/netmeme_forest_asset0013_00299__2015_fjf0ug.jpg,image/jpeg,https://netmeme.genshun9.com/images/2015/2015_fjf0ug.jpg,https://netmeme.genshun9.com/sitemap.xml,c67c1f50aaf13918ee8e2fe378245317ff2f2775d17650f0fcfb1c7417c5c7c6,netmeme_forest_asset0013_00299,embedded_absolute
37939,https://netmeme.genshun9.com/images/2015/2015_hq8zwm.jpg,actual_media,ネットミームの森 実画像一覧,media/netmeme_forest/netmeme_forest_asset0013_00289__2015_hq8zwm.jpg,image/jpeg,https://netmeme.genshun9.com/images/2015/2015_hq8zwm.jpg,https://netmeme.genshun9.com/sitemap.xml,936ed3cf9709f881f354216462333e063f66deec477b70a0ee9b717a5a870242,netmeme_forest_asset0013_00289,embedded_absolute
24012,https://netmeme.genshun9.com/images/2015/2015_qfg02v.jpg,actual_media,ネットミームの森 実画像一覧,media/netmeme_forest/netmeme_forest_asset0013_00302__2015_qfg02v.jpg,image/jpeg,https://netmeme.genshun9.com/images/2015/2015_qfg02v.jpg,https://netmeme.genshun9.com/sitemap.xml,9df048a53f91fbd89844b9215efe1ca89f11f52c43bf5306dbc92c6de145cf21,netmeme_forest_asset0013_00302,embedded_absolute
131451,https://netmeme.genshun9.com/images/2016/2016_76ky2c.jpg,actual_media,ネットミームの森 実画像一覧,media/netmeme_forest/netmeme_forest_asset0013_00282__2016_76ky2c.jpg,image/jpeg,https://netmeme.genshun9.com/images/2016/2016_76ky2c.jpg,https://netmeme.genshun9.com/sitemap.xml,2c92bddf8b57949e389df2707142608fb17d89decc029d76d9ad8638c55961af,netmeme_forest_asset0013_00282,embedded_absolute
43972,https://netmeme.genshun9.com/images/2015/2015_7qdwrp.jpg,actual_media,ネットミームの森 実画像一覧,media/netmeme_forest/netmeme_forest_asset0013_00292__2015_7qdwrp.jpg,image/jpeg,https://netmeme.genshun9.com/images/2015/2015_7qdwrp.jpg,https://netmeme.genshun9.com/sitemap.xml,d3d81d4ef2647eaf838d4869f69aff566573df6ede153dbddb21e399efae40fe,netmeme_forest_asset0013_00292,embedded_absolute
42753,https://netmeme.genshun9.com/images/2015/2015_4qjuvp.jpg,actual_media,ネットミームの森 実画像一覧,media/netmeme_forest/netmeme_forest_asset0013_00301__2015_4qjuvp.jpg,image/jpeg,https://netmeme.genshun9.com/images/2015/2015_4qjuvp.jpg,https://netmeme.genshun9.com/sitemap.xml,682eb6533b907a6fc35beb96c0dea154efef2b71559ad94939d113968b70ed52,netmeme_forest_asset0013_00301,embedded_absolute
93782,https://netmeme.genshun9.com/images/2015/2015_1hzmz8.jpg,actual_media,ネットミームの森 実画像一覧,media/netmeme_forest/netmeme_forest_asset0013_00286__2015_1hzmz8.jpg,image/jpeg,https://netmeme.genshun9.com/images/2015/2015_1hzmz8.jpg,https://netmeme.genshun9.com/sitemap.xml,aab2e65a5714284f2e3664fb497cc3234d7f199050bee6ae8d7749a16ddc9f02,netmeme_forest_asset0013_00286,embedded_absolute
40290,https://netmeme.genshun9.com/images/2015/2015_6euw7v.jpg,actual_media,ネットミームの森 実画像一覧,media/netmeme_forest/netmeme_forest_asset0013_00296__2015_6euw7v.jpg,image/jpeg,https://netmeme.genshun9.com/images/2015/2015_6euw7v.jpg,https://netmeme.genshun9.com/sitemap.xml,92b4b5ebcf0b5838104901070d53001c9bdc18a0c9c43ad3c5f2a8651820e0ca,netmeme_forest_asset0013_00296,embedded_absolute
79892,https://netmeme.genshun9.com/images/2015/2015_ivob9s.jpg,actual_media,ネットミームの森 実画像一覧,media/netmeme_forest/netmeme_forest_asset0013_00290__2015_ivob9s.jpg,image/jpeg,https://netmeme.genshun9.com/images/2015/2015_ivob9s.jpg,https://netmeme.genshun9.com/sitemap.xml,85e9975a30a17a16c8d15b62642a273d85fa1bfbe983b637b380e3ccc8836532,netmeme_forest_asset0013_00290,embedded_absolute
30394,https://netmeme.genshun9.com/images/2015/2015_0ab28s.jpg,actual_media,ネットミームの森 実画像一覧,media/netmeme_forest/netmeme_forest_asset0013_00295__2015_0ab28s.jpg,image/jpeg,https://netmeme.genshun9.com/images/2015/2015_0ab28s.jpg,https://netmeme.genshun9.com/sitemap.xml,689d9cb27ce93d300ad43495c118b9149b1d4669356675c568bc0d9a982058fd,netmeme_forest_asset0013_00295,embedded_absolute
66695,https://netmeme.genshun9.com/images/2015/2015_br34un.jpg,actual_media,ネットミームの森 実画像一覧,media/netmeme_forest/netmeme_forest_asset0013_00291__2015_br34un.jpg,image/jpeg,https://netmeme.genshun9.com/images/2015/2015_br34un.jpg,https://netmeme.genshun9.com/sitemap.xml,f13706168d280f83f4575bf543f518bb0d579f0af3697e22ecd8c3676d1754af,netmeme_forest_asset0013_00291,embedded_absolute
72019,https://netmeme.genshun9.com/images/2015/2015_wozjkt.jpg,actual_media,ネットミームの森 実画像一覧,media/netmeme_forest/netmeme_forest_asset0013_00298__2015_wozjkt.jpg,image/jpeg,https://netmeme.genshun9.com/images/2015/2015_wozjkt.jpg,https://netmeme.genshun9.com/sitemap.xml,742a393db0ebf5046a863049ce7a917c2ba415681803b164dbf07506d4be97a2,netmeme_forest_asset0013_00298,embedded_absolute
163700,https://netmeme.genshun9.com/images/2015/2015_uov035.jpg,actual_media,ネットミームの森 実画像一覧,media/netmeme_forest/netmeme_forest_asset0013_00309__2015_uov035.jpg,image/jpeg,https://netmeme.genshun9.com/images/2015/2015_uov035.jpg,https://netmeme.genshun9.com/sitemap.xml,83d66f554175e2ed17ae6d9c62e80475a90ab69875da292433e11e799664bd16,netmeme_forest_asset0013_00309,embedded_absolute
26325,https://netmeme.genshun9.com/images/2015/2015_vumjz2.jpg,actual_media,ネットミームの森 実画像一覧,media/netmeme_forest/netmeme_forest_asset0013_00306__2015_vumjz2.jpg,image/jpeg,https://netmeme.genshun9.com/images/2015/2015_vumjz2.jpg,https://netmeme.genshun9.com/sitemap.xml,217c42454ef3019b5141145479809cca811c2fd159a885f6a8e2cdeacf0c27b8,netmeme_forest_asset0013_00306,embedded_absolute
50432,https://netmeme.genshun9.com/images/2015/2015_g30ph4.jpg,actual_media,ネットミームの森 実画像一覧,media/netmeme_forest/netmeme_forest_asset0013_00303__2015_g30ph4.jpg,image/jpeg,https://netmeme.genshun9.com/images/2015/2015_g30ph4.jpg,https://netmeme.genshun9.com/sitemap.xml,015f31b09f15dcc1c7d66e70030e1601887cff6d4c0f3e65be32f3793361a11f,netmeme_forest_asset0013_00303,embedded_absolute
19308,https://netmeme.genshun9.com/images/2015/2015_y26uzk.jpg,actual_media,ネットミームの森 実画像一覧,media/netmeme_forest/netmeme_forest_asset0013_00305__2015_y26uzk.jpg,image/jpeg,https://netmeme.genshun9.com/images/2015/2015_y26uzk.jpg,https://netmeme.genshun9.com/sitemap.xml,bfe759dd708d7aaeefee04c14ca6a726f070bfa07a770fe8bc4588d9432673cc,netmeme_forest_asset0013_00305,embedded_absolute
130058,https://netmeme.genshun9.com/images/2015/2015_k4q3ar.jpg,actual_media,ネットミームの森 実画像一覧,media/netmeme_forest/netmeme_forest_asset0013_00294__2015_k4q3ar.jpg,image/jpeg,https://netmeme.genshun9.com/images/2015/2015_k4q3ar.jpg,https://netmeme.genshun9.com/sitemap.xml,5f8e5bb069537ebb422afe4739dd3ac44d7aedad29edfa9f267d7ba69a08fb08,netmeme_forest_asset0013_00294,embedded_absolute
38226,https://netmeme.genshun9.com/images/2015/2015_qjzdsh.jpg,actual_media,ネットミームの森 実画像一覧,media/netmeme_forest/netmeme_forest_asset0013_00307__2015_qjzdsh.jpg,image/jpeg,https://netmeme.genshun9.com/images/2015/2015_qjzdsh.jpg,https://netmeme.genshun9.com/sitemap.xml,b6525e80033f8c634039df492a5c0c618debdb547b2ba4577d78122fa8762101,netmeme_forest_asset0013_00307,embedded_absolute
105647,https://netmeme.genshun9.com/images/2015/2015_y0nxeh.jpg,actual_media,ネットミームの森 実画像一覧,media/netmeme_forest/netmeme_forest_asset0013_00308__2015_y0nxeh.jpg,image/jpeg,https://netmeme.genshun9.com/images/2015/2015_y0nxeh.jpg,https://netmeme.genshun9.com/sitemap.xml,fd9e6d367afcdd3b5f3c8f86a3e9e105ec194cda126d39d9e5a20aa6415ec299,netmeme_forest_asset0013_00308,embedded_absolute
30243,https://netmeme.genshun9.com/images/2014/2014_wh5uf5.jpg,actual_media,ネットミームの森 実画像一覧,media/netmeme_forest/netmeme_forest_asset0013_00310__2014_wh5uf5.jpg,image/jpeg,https://netmeme.genshun9.com/images/2014/2014_wh5uf5.jpg,https://netmeme.genshun9.com/sitemap.xml,b71b884496ac1ad8a2ba6987d8da74a6c76bded600c1849819fa511d02bbcdb9,netmeme_forest_asset0013_00310,embedded_absolute
38937,https://netmeme.genshun9.com/images/2014/2014_2e786s.jpg,actual_media,ネットミームの森 実画像一覧,media/netmeme_forest/netmeme_forest_asset0013_00312__2014_2e786s.jpg,image/jpeg,https://netmeme.genshun9.com/images/2014/2014_2e786s.jpg,https://netmeme.genshun9.com/sitemap.xml,00e817d0e3cc4e35fdbbeebfd190a59107ca995a9bdbdcf3b70bdf75a4186578,netmeme_forest_asset0013_00312,embedded_absolute
751776,https://netmeme.genshun9.com/images/2015/2015_3ks67n.jpg,actual_media,ネットミームの森 実画像一覧,media/netmeme_forest/netmeme_forest_asset0013_00300__2015_3ks67n.jpg,image/jpeg,https://netmeme.genshun9.com/images/2015/2015_3ks67n.jpg,https://netmeme.genshun9.com/sitemap.xml,602012a70c1b624492c17fcdc8c502ee792c9d1409f5be645738d73a2d03c06c,netmeme_forest_asset0013_00300,embedded_absolute
74553,https://netmeme.genshun9.com/images/2015/2015_xpiubd.jpg,actual_media,ネットミームの森 実画像一覧,media/netmeme_forest/netmeme_forest_asset0013_00297__2015_xpiubd.jpg,image/jpeg,https://netmeme.genshun9.com/images/2015/2015_xpiubd.jpg,https://netmeme.genshun9.com/sitemap.xml,3692a23785d17f195f26e8bf5bb839c065b67a79829a6947b1444d5ad7a40705,netmeme_forest_asset0013_00297,embedded_absolute
224743,https://netmeme.genshun9.com/images/2015/2015_vxuxjk.jpg,actual_media,ネットミームの森 実画像一覧,media/netmeme_forest/netmeme_forest_asset0013_00304__2015_vxuxjk.jpg,image/jpeg,https://netmeme.genshun9.com/images/2015/2015_vxuxjk.jpg,https://netmeme.genshun9.com/sitemap.xml,e43c83857ef5f7a716fbf7b36126bb7e37f994e5603f9543b43a2dde6e551a82,netmeme_forest_asset0013_00304,embedded_absolute
22127,https://netmeme.genshun9.com/images/2014/2014_426z60.jpg,actual_media,ネットミームの森 実画像一覧,media/netmeme_forest/netmeme_forest_asset0013_00311__2014_426z60.jpg,image/jpeg,https://netmeme.genshun9.com/images/2014/2014_426z60.jpg,https://netmeme.genshun9.com/sitemap.xml,10e81fcdce12090332fabee7ef31998b769e65115ff916b440723a7ee030ed6e,netmeme_forest_asset0013_00311,embedded_absolute
105168,https://netmeme.genshun9.com/images/2014/2014_ajpxwk.jpg,actual_media,ネットミームの森 実画像一覧,media/netmeme_forest/netmeme_forest_asset0013_00317__2014_ajpxwk.jpg,image/jpeg,https://netmeme.genshun9.com/images/2014/2014_ajpxwk.jpg,https://netmeme.genshun9.com/sitemap.xml,16c1e025cbafe3e9479656ba58364e5acc2cb28801732013f9a9291a0db57771,netmeme_forest_asset0013_00317,embedded_absolute
27251,https://netmeme.genshun9.com/images/2014/2014_xmdrfv.jpg,actual_media,ネットミームの森 実画像一覧,media/netmeme_forest/netmeme_forest_asset0013_00315__2014_xmdrfv.jpg,image/jpeg,https://netmeme.genshun9.com/images/2014/2014_xmdrfv.jpg,https://netmeme.genshun9.com/sitemap.xml,e6ade19729fc91571a4c3fbdc2e3c080a8e4f50a28a9eec40efa2254a843cae0,netmeme_forest_asset0013_00315,embedded_absolute
30005,https://netmeme.genshun9.com/images/2014/2014_cmlpqh.jpg,actual_media,ネットミームの森 実画像一覧,media/netmeme_forest/netmeme_forest_asset0013_00313__2014_cmlpqh.jpg,image/jpeg,https://netmeme.genshun9.com/images/2014/2014_cmlpqh.jpg,https://netmeme.genshun9.com/sitemap.xml,2af07bdec6141dd65f76b2d9f7426c33ba2c85aadff48766b3a0a8977f6f346a,netmeme_forest_asset0013_00313,embedded_absolute
52782,https://netmeme.genshun9.com/images/2014/2014_zjv8jc.jpg,actual_media,ネットミームの森 実画像一覧,media/netmeme_forest/netmeme_forest_asset0013_00314__2014_zjv8jc.jpg,image/jpeg,https://netmeme.genshun9.com/images/2014/2014_zjv8jc.jpg,https://netmeme.genshun9.com/sitemap.xml,597633acab436c93770fec019d5636e1878955eb3293f916f899f8939eec45d1,netmeme_forest_asset0013_00314,embedded_absolute
7662,https://netmeme.genshun9.com/images/2014/2014_zck2lk.jpg,actual_media,ネットミームの森 実画像一覧,media/netmeme_forest/netmeme_forest_asset0013_00319__2014_zck2lk.jpg,image/jpeg,https://netmeme.genshun9.com/images/2014/2014_zck2lk.jpg,https://netmeme.genshun9.com/sitemap.xml,0a92553c70e0ff190b2b7e11bffe1b09fdffc5d2153524221b5b3bd0f1313c57,netmeme_forest_asset0013_00319,embedded_absolute
53212,https://netmeme.genshun9.com/images/2014/2014_j76kmq.jpg,actual_media,ネットミームの森 実画像一覧,media/netmeme_forest/netmeme_forest_asset0013_00316__2014_j76kmq.jpg,image/jpeg,https://netmeme.genshun9.com/images/2014/2014_j76kmq.jpg,https://netmeme.genshun9.com/sitemap.xml,ecb56501ba0a591fc8d32a1b8658d64dfbd3bfe46d8330f0a510fa53fb980a97,netmeme_forest_asset0013_00316,embedded_absolute
5638,https://netmeme.genshun9.com/images/2014/2014_ag33x0.jpg,actual_media,ネットミームの森 実画像一覧,media/netmeme_forest/netmeme_forest_asset0013_00323__2014_ag33x0.jpg,image/jpeg,https://netmeme.genshun9.com/images/2014/2014_ag33x0.jpg,https://netmeme.genshun9.com/sitemap.xml,9843e520b0c6e743c74efa73ed1b1c0b19f8bbe6f831bcf8c92a9509cd1b731b,netmeme_forest_asset0013_00323,embedded_absolute
38441,https://netmeme.genshun9.com/images/2014/2014_oim6fw.jpg,actual_media,ネットミームの森 実画像一覧,media/netmeme_forest/netmeme_forest_asset0013_00320__2014_oim6fw.jpg,image/jpeg,https://netmeme.genshun9.com/images/2014/2014_oim6fw.jpg,https://netmeme.genshun9.com/sitemap.xml,2d2e80de48e33967f63473dbd7c34bbc36893df35ea3a0e9931915d85118efde,netmeme_forest_asset0013_00320,embedded_absolute
100103,https://netmeme.genshun9.com/images/2014/2014_l18sr6.jpg,actual_media,ネットミームの森 実画像一覧,media/netmeme_forest/netmeme_forest_asset0013_00326__2014_l18sr6.jpg,image/jpeg,https://netmeme.genshun9.com/images/2014/2014_l18sr6.jpg,https://netmeme.genshun9.com/sitemap.xml,f3089e1bef3b2b0dba6fb4d33505b8bb12390226dd22b0292d0e2cb7041f4c70,netmeme_forest_asset0013_00326,embedded_absolute
43022,https://netmeme.genshun9.com/images/2014/2014_a0nihk.jpg,actual_media,ネットミームの森 実画像一覧,media/netmeme_forest/netmeme_forest_asset0013_00322__2014_a0nihk.jpg,image/jpeg,https://netmeme.genshun9.com/images/2014/2014_a0nihk.jpg,https://netmeme.genshun9.com/sitemap.xml,fc46b7cd6d008aa70c56bdfa2795f2454fd0ea6644a8a78155ba9cf0975b961d,netmeme_forest_asset0013_00322,embedded_absolute
21157,https://netmeme.genshun9.com/images/2014/2014_op14ec.jpg,actual_media,ネットミームの森 実画像一覧,media/netmeme_forest/netmeme_forest_asset0013_00328__2014_op14ec.jpg,image/jpeg,https://netmeme.genshun9.com/images/2014/2014_op14ec.jpg,https://netmeme.genshun9.com/sitemap.xml,3585fecaa1d6d8fe0ab9d013037754b216ed28cab8330c070b46821c37f60a1e,netmeme_forest_asset0013_00328,embedded_absolute
171759,https://netmeme.genshun9.com/images/2014/2014_fezn84.jpg,actual_media,ネットミームの森 実画像一覧,media/netmeme_forest/netmeme_forest_asset0013_00318__2014_fezn84.jpg,image/jpeg,https://netmeme.genshun9.com/images/2014/2014_fezn84.jpg,https://netmeme.genshun9.com/sitemap.xml,c2f4ddd4d19b919648b6e9a872833926c9029d9a8f8d195c05bfefc78db39a1e,netmeme_forest_asset0013_00318,embedded_absolute
65852,https://netmeme.genshun9.com/images/2014/2014_976mlq.jpg,actual_media,ネットミームの森 実画像一覧,media/netmeme_forest/netmeme_forest_asset0013_00324__2014_976mlq.jpg,image/jpeg,https://netmeme.genshun9.com/images/2014/2014_976mlq.jpg,https://netmeme.genshun9.com/sitemap.xml,efcd24e6b4203572f9611f7199aebf8233e6c7772ffc21dafb128f0e73bfc2d7,netmeme_forest_asset0013_00324,embedded_absolute
67867,https://netmeme.genshun9.com/images/2014/2014_q00kjj.jpg,actual_media,ネットミームの森 実画像一覧,media/netmeme_forest/netmeme_forest_asset0013_00327__2014_q00kjj.jpg,image/jpeg,https://netmeme.genshun9.com/images/2014/2014_q00kjj.jpg,https://netmeme.genshun9.com/sitemap.xml,d396cad449ace95981a85f900e0a03da643f7d11e694db5224c09d1bdd7b1233,netmeme_forest_asset0013_00327,embedded_absolute
129924,https://netmeme.genshun9.com/images/2014/2014_1cbrpf.jpg,actual_media,ネットミームの森 実画像一覧,media/netmeme_forest/netmeme_forest_asset0013_00325__2014_1cbrpf.jpg,image/jpeg,https://netmeme.genshun9.com/images/2014/2014_1cbrpf.jpg,https://netmeme.genshun9.com/sitemap.xml,0b5a716947683d513e03a56c9b6a5052d80ec4030593c03ad72ecc9fe0d96346,netmeme_forest_asset0013_00325,embedded_absolute
45143,https://netmeme.genshun9.com/images/2014/2014_d7n36l.jpg,actual_media,ネットミームの森 実画像一覧,media/netmeme_forest/netmeme_forest_asset0013_00331__2014_d7n36l.jpg,image/jpeg,https://netmeme.genshun9.com/images/2014/2014_d7n36l.jpg,https://netmeme.genshun9.com/sitemap.xml,fff33e3aa7223a675fe752dd753f37f078bcc632a0af403958ad626341d5e74a,netmeme_forest_asset0013_00331,embedded_absolute
31225,https://netmeme.genshun9.com/images/2014/2014_eqs9r7.jpg,actual_media,ネットミームの森 実画像一覧,media/netmeme_forest/netmeme_forest_asset0013_00330__2014_eqs9r7.jpg,image/jpeg,https://netmeme.genshun9.com/images/2014/2014_eqs9r7.jpg,https://netmeme.genshun9.com/sitemap.xml,f7db7959aba429aa50fa08b5421ce5f85b17e6a0dad02576607744130e0c2db4,netmeme_forest_asset0013_00330,embedded_absolute
48452,https://netmeme.genshun9.com/images/2014/2014_czqa57.jpg,actual_media,ネットミームの森 実画像一覧,media/netmeme_forest/netmeme_forest_asset0013_00329__2014_czqa57.jpg,image/jpeg,https://netmeme.genshun9.com/images/2014/2014_czqa57.jpg,https://netmeme.genshun9.com/sitemap.xml,a1fe7dce6c974eebe553874276d64e9ef80ead34c996d408689d761519e05dbe,netmeme_forest_asset0013_00329,embedded_absolute
40043,https://netmeme.genshun9.com/images/2014/2014_8ccuvj.jpg,actual_media,ネットミームの森 実画像一覧,media/netmeme_forest/netmeme_forest_asset0013_00332__2014_8ccuvj.jpg,image/jpeg,https://netmeme.genshun9.com/images/2014/2014_8ccuvj.jpg,https://netmeme.genshun9.com/sitemap.xml,c0d62df2bb2d5b2e7d043e79efdbe5c65671e50368a3f8e7188b11c8267d169b,netmeme_forest_asset0013_00332,embedded_absolute
34004,https://netmeme.genshun9.com/images/2014/2014_chso6n.jpg,actual_media,ネットミームの森 実画像一覧,media/netmeme_forest/netmeme_forest_asset0013_00333__2014_chso6n.jpg,image/jpeg,https://netmeme.genshun9.com/images/2014/2014_chso6n.jpg,https://netmeme.genshun9.com/sitemap.xml,70e70f6ad4ce19bb4a7227331cd9d2f57e42053e95967384d63ff2102960b807,netmeme_forest_asset0013_00333,embedded_absolute
46547,https://netmeme.genshun9.com/images/2014/2014_v9ee10.jpg,actual_media,ネットミームの森 実画像一覧,media/netmeme_forest/netmeme_forest_asset0013_00334__2014_v9ee10.jpg,image/jpeg,https://netmeme.genshun9.com/images/2014/2014_v9ee10.jpg,https://netmeme.genshun9.com/sitemap.xml,38d91009f7591e85a21b8ebf9fca5e7571077b3ffaa99731927fa81db8e7eb16,netmeme_forest_asset0013_00334,embedded_absolute
717292,https://netmeme.genshun9.com/images/2014/2014_eyzypq.jpg,actual_media,ネットミームの森 実画像一覧,media/netmeme_forest/netmeme_forest_asset0013_00321__2014_eyzypq.jpg,image/jpeg,https://netmeme.genshun9.com/images/2014/2014_eyzypq.jpg,https://netmeme.genshun9.com/sitemap.xml,77210915b3569e34434fef04dce0a1b5c532443fec3b35f4a51c8b89313c1c57,netmeme_forest_asset0013_00321,embedded_absolute
197287,https://netmeme.genshun9.com/images/2014/2014_nznf62.jpg,actual_media,ネットミームの森 実画像一覧,media/netmeme_forest/netmeme_forest_asset0013_00335__2014_nznf62.jpg,image/jpeg,https://netmeme.genshun9.com/images/2014/2014_nznf62.jpg,https://netmeme.genshun9.com/sitemap.xml,e08acc1d6bca02210882b55779b1f2cb9b3f86b8bd03a8175abf8d3307a6db20,netmeme_forest_asset0013_00335,embedded_absolute
30747,https://netmeme.genshun9.com/images/2014/2014_9f956q.jpg,actual_media,ネットミームの森 実画像一覧,media/netmeme_forest/netmeme_forest_asset0013_00337__2014_9f956q.jpg,image/jpeg,https://netmeme.genshun9.com/images/2014/2014_9f956q.jpg,https://netmeme.genshun9.com/sitemap.xml,36ac98b6e0e53ae9f125d1c22e57b3c76b5b70e06841b4656c3ffddda6002837,netmeme_forest_asset0013_00337,embedded_absolute
8631,https://netmeme.genshun9.com/images/2013/2013_9zlis3.jpg,actual_media,ネットミームの森 実画像一覧,media/netmeme_forest/netmeme_forest_asset0013_00342__2013_9zlis3.jpg,image/jpeg,https://netmeme.genshun9.com/images/2013/2013_9zlis3.jpg,https://netmeme.genshun9.com/sitemap.xml,4aaf757e895747a373f67bc8948945ba764e044e898de144dd0da7895dd7c3f4,netmeme_forest_asset0013_00342,embedded_absolute
41810,https://netmeme.genshun9.com/images/2014/2014_zkgxn7.jpg,actual_media,ネットミームの森 実画像一覧,media/netmeme_forest/netmeme_forest_asset0013_00336__2014_zkgxn7.jpg,image/jpeg,https://netmeme.genshun9.com/images/2014/2014_zkgxn7.jpg,https://netmeme.genshun9.com/sitemap.xml,9641965305d2c840edc1a86f5197872446ef5db39fefe499442b1bbdfa3384e0,netmeme_forest_asset0013_00336,embedded_absolute
68756,https://netmeme.genshun9.com/images/2014/2014_ihtl5o.jpg,actual_media,ネットミームの森 実画像一覧,media/netmeme_forest/netmeme_forest_asset0013_00340__2014_ihtl5o.jpg,image/jpeg,https://netmeme.genshun9.com/images/2014/2014_ihtl5o.jpg,https://netmeme.genshun9.com/sitemap.xml,35d685c52006f12c4edb0ba5ba6b711e4c7d515b2019b97647cadf4803d1180c,netmeme_forest_asset0013_00340,embedded_absolute
39280,https://netmeme.genshun9.com/images/2014/2014_bebqmv.jpg,actual_media,ネットミームの森 実画像一覧,media/netmeme_forest/netmeme_forest_asset0013_00338__2014_bebqmv.jpg,image/jpeg,https://netmeme.genshun9.com/images/2014/2014_bebqmv.jpg,https://netmeme.genshun9.com/sitemap.xml,c94ee3d6d45bb2bc3b0101f3f37723e5c31b40d181f958fbe587c0c5911c8304,netmeme_forest_asset0013_00338,embedded_absolute
10062,https://netmeme.genshun9.com/images/2013/2013_3mot3j.jpg,actual_media,ネットミームの森 実画像一覧,media/netmeme_forest/netmeme_forest_asset0013_00344__2013_3mot3j.jpg,image/jpeg,https://netmeme.genshun9.com/images/2013/2013_3mot3j.jpg,https://netmeme.genshun9.com/sitemap.xml,b5485ab077af1116268c98b82cacca7bbccf068aa4ab722d3c4e6310cec3d588,netmeme_forest_asset0013_00344,embedded_absolute
21530,https://netmeme.genshun9.com/images/2013/2013_ngokiz.jpg,actual_media,ネットミームの森 実画像一覧,media/netmeme_forest/netmeme_forest_asset0013_00345__2013_ngokiz.jpg,image/jpeg,https://netmeme.genshun9.com/images/2013/2013_ngokiz.jpg,https://netmeme.genshun9.com/sitemap.xml,6f7f65b3f02632daf880e3957ed8703fca680c6f473b67dbe42f57bc382525ca,netmeme_forest_asset0013_00345,embedded_absolute
80885,https://netmeme.genshun9.com/images/2014/2014_11ulrh.jpg,actual_media,ネットミームの森 実画像一覧,media/netmeme_forest/netmeme_forest_asset0013_00341__2014_11ulrh.jpg,image/jpeg,https://netmeme.genshun9.com/images/2014/2014_11ulrh.jpg,https://netmeme.genshun9.com/sitemap.xml,5ea2b039fc5c8f8e0f0345c3743196abc9e54de7f9692635e0fae43ed8e2ae56,netmeme_forest_asset0013_00341,embedded_absolute
88448,https://netmeme.genshun9.com/images/2013/2013_qpf43k.jpg,actual_media,ネットミームの森 実画像一覧,media/netmeme_forest/netmeme_forest_asset0013_00343__2013_qpf43k.jpg,image/jpeg,https://netmeme.genshun9.com/images/2013/2013_qpf43k.jpg,https://netmeme.genshun9.com/sitemap.xml,2e69bc86b08c2cfd80db7d9cfc6de80c4a964c52a46c0ce81aed7866620e6e97,netmeme_forest_asset0013_00343,embedded_absolute
83395,https://netmeme.genshun9.com/images/2013/2013_z36vwh.jpg,actual_media,ネットミームの森 実画像一覧,media/netmeme_forest/netmeme_forest_asset0013_00346__2013_z36vwh.jpg,image/jpeg,https://netmeme.genshun9.com/images/2013/2013_z36vwh.jpg,https://netmeme.genshun9.com/sitemap.xml,d62c70ad7480404782d7e6ee91adc99355e6901e0e899d12e434daeb124e25cf,netmeme_forest_asset0013_00346,embedded_absolute
102833,https://netmeme.genshun9.com/images/2013/2013_5r8f4z.jpg,actual_media,ネットミームの森 実画像一覧,media/netmeme_forest/netmeme_forest_asset0013_00348__2013_5r8f4z.jpg,image/jpeg,https://netmeme.genshun9.com/images/2013/2013_5r8f4z.jpg,https://netmeme.genshun9.com/sitemap.xml,7b4c7f2b9592ca378c9fe8fc6f825937874229e30e148781855e20f3b424440a,netmeme_forest_asset0013_00348,embedded_absolute
33673,https://netmeme.genshun9.com/images/2013/2013_t893qb.jpg,actual_media,ネットミームの森 実画像一覧,media/netmeme_forest/netmeme_forest_asset0013_00349__2013_t893qb.jpg,image/jpeg,https://netmeme.genshun9.com/images/2013/2013_t893qb.jpg,https://netmeme.genshun9.com/sitemap.xml,0b642f5ec54cc225b99b707b154d80cbddc99d40df451d8ba6e42c6f468ae06e,netmeme_forest_asset0013_00349,embedded_absolute
43821,https://netmeme.genshun9.com/images/2013/2013_qipyz2.jpg,actual_media,ネットミームの森 実画像一覧,media/netmeme_forest/netmeme_forest_asset0013_00353__2013_qipyz2.jpg,image/jpeg,https://netmeme.genshun9.com/images/2013/2013_qipyz2.jpg,https://netmeme.genshun9.com/sitemap.xml,fbb696ee5f123d92c2d9eeea1411666e964e65b9fdec211afd55a7705deb4f30,netmeme_forest_asset0013_00353,embedded_absolute
48752,https://netmeme.genshun9.com/images/2013/2013_z67519.jpg,actual_media,ネットミームの森 実画像一覧,media/netmeme_forest/netmeme_forest_asset0013_00350__2013_z67519.jpg,image/jpeg,https://netmeme.genshun9.com/images/2013/2013_z67519.jpg,https://netmeme.genshun9.com/sitemap.xml,f24a773548ece697687a4d8dd91595ff143742cac82029c5dc8934bcda5bd940,netmeme_forest_asset0013_00350,embedded_absolute
75785,https://netmeme.genshun9.com/images/2013/2013_a87a79.jpg,actual_media,ネットミームの森 実画像一覧,media/netmeme_forest/netmeme_forest_asset0013_00347__2013_a87a79.jpg,image/jpeg,https://netmeme.genshun9.com/images/2013/2013_a87a79.jpg,https://netmeme.genshun9.com/sitemap.xml,9c23993ee8a8820be63e851effcef72a70732ca84b1d0b1ad96ce39d9199dfec,netmeme_forest_asset0013_00347,embedded_absolute
66394,https://netmeme.genshun9.com/images/2013/2013_qxc55t.jpg,actual_media,ネットミームの森 実画像一覧,media/netmeme_forest/netmeme_forest_asset0013_00351__2013_qxc55t.jpg,image/jpeg,https://netmeme.genshun9.com/images/2013/2013_qxc55t.jpg,https://netmeme.genshun9.com/sitemap.xml,05b4580a065df8f520937c02426a3ccdba83ae6b70a5976ad30f349b0c835e3f,netmeme_forest_asset0013_00351,embedded_absolute
50727,https://netmeme.genshun9.com/images/2013/2013_mb3b23.jpg,actual_media,ネットミームの森 実画像一覧,media/netmeme_forest/netmeme_forest_asset0013_00354__2013_mb3b23.jpg,image/jpeg,https://netmeme.genshun9.com/images/2013/2013_mb3b23.jpg,https://netmeme.genshun9.com/sitemap.xml,b97407b1fed072f61c227f4acdbeff511109292d7afa5d54b24ff6fb73a2a9fa,netmeme_forest_asset0013_00354,embedded_absolute
18034,https://netmeme.genshun9.com/images/2013/2013_43etrl.jpg,actual_media,ネットミームの森 実画像一覧,media/netmeme_forest/netmeme_forest_asset0013_00357__2013_43etrl.jpg,image/jpeg,https://netmeme.genshun9.com/images/2013/2013_43etrl.jpg,https://netmeme.genshun9.com/sitemap.xml,f35e7dc8cc769c6cf04d408002e52779cc78a8083698cf9fa4839b2d89f433a4,netmeme_forest_asset0013_00357,embedded_absolute
27518,https://netmeme.genshun9.com/images/2013/2013_l4tucc.jpg,actual_media,ネットミームの森 実画像一覧,media/netmeme_forest/netmeme_forest_asset0013_00352__2013_l4tucc.jpg,image/jpeg,https://netmeme.genshun9.com/images/2013/2013_l4tucc.jpg,https://netmeme.genshun9.com/sitemap.xml,7765389d7f34e2651941327e7b1e8585c4d9cb192a148300ef9882d7187ff594,netmeme_forest_asset0013_00352,embedded_absolute
44986,https://netmeme.genshun9.com/images/2013/2013_c24ong.jpg,actual_media,ネットミームの森 実画像一覧,media/netmeme_forest/netmeme_forest_asset0013_00358__2013_c24ong.jpg,image/jpeg,https://netmeme.genshun9.com/images/2013/2013_c24ong.jpg,https://netmeme.genshun9.com/sitemap.xml,e711f0962dc246cf26ed314e17d48e1ac8a71cd4ed4489e65ebd782c9f7c3f3a,netmeme_forest_asset0013_00358,embedded_absolute
79522,https://netmeme.genshun9.com/images/2013/2013_xc3ifu.jpg,actual_media,ネットミームの森 実画像一覧,media/netmeme_forest/netmeme_forest_asset0013_00356__2013_xc3ifu.jpg,image/jpeg,https://netmeme.genshun9.com/images/2013/2013_xc3ifu.jpg,https://netmeme.genshun9.com/sitemap.xml,44d4d9ab4560e6687d5be87e75b2d40d9146ec40d6c84d2f33b72943dc64d1cf,netmeme_forest_asset0013_00356,embedded_absolute
694912,https://netmeme.genshun9.com/images/2014/2014_fk6m6w.jpg,actual_media,ネットミームの森 実画像一覧,media/netmeme_forest/netmeme_forest_asset0013_00339__2014_fk6m6w.jpg,image/jpeg,https://netmeme.genshun9.com/images/2014/2014_fk6m6w.jpg,https://netmeme.genshun9.com/sitemap.xml,8119f7119c9ff83ab234c6650d136d58a5c323b0a6477743bd76c8186e1a0280,netmeme_forest_asset0013_00339,embedded_absolute
70823,https://netmeme.genshun9.com/images/2013/2013_gpsj3c.jpg,actual_media,ネットミームの森 実画像一覧,media/netmeme_forest/netmeme_forest_asset0013_00359__2013_gpsj3c.jpg,image/jpeg,https://netmeme.genshun9.com/images/2013/2013_gpsj3c.jpg,https://netmeme.genshun9.com/sitemap.xml,1c2c63200d4a434a59afee6cf09727833f364d57c022292452c6dfed566b0ad2,netmeme_forest_asset0013_00359,embedded_absolute
53562,https://netmeme.genshun9.com/images/2013/2013_cvtbxa.jpg,actual_media,ネットミームの森 実画像一覧,media/netmeme_forest/netmeme_forest_asset0013_00360__2013_cvtbxa.jpg,image/jpeg,https://netmeme.genshun9.com/images/2013/2013_cvtbxa.jpg,https://netmeme.genshun9.com/sitemap.xml,e1e87e750f0bdf644f8023b22f382b12298ae3321eed63f8263ad26695235062,netmeme_forest_asset0013_00360,embedded_absolute
43316,https://netmeme.genshun9.com/images/2013/2013_h1n5b1.jpg,actual_media,ネットミームの森 実画像一覧,media/netmeme_forest/netmeme_forest_asset0013_00361__2013_h1n5b1.jpg,image/jpeg,https://netmeme.genshun9.com/images/2013/2013_h1n5b1.jpg,https://netmeme.genshun9.com/sitemap.xml,6fe1b9364930dd33c28e5a34482fd8bd5644471b7942b4db86d346cadc8a4a16,netmeme_forest_asset0013_00361,embedded_absolute
238798,https://netmeme.genshun9.com/images/2013/2013_9al9n1.jpg,actual_media,ネットミームの森 実画像一覧,media/netmeme_forest/netmeme_forest_asset0013_00355__2013_9al9n1.jpg,image/jpeg,https://netmeme.genshun9.com/images/2013/2013_9al9n1.jpg,https://netmeme.genshun9.com/sitemap.xml,8849fc2d72f39b0502156095b9a09a60829042b62fc0f2e595807cc09f0c2781,netmeme_forest_asset0013_00355,embedded_absolute
73388,https://netmeme.genshun9.com/images/2012/2012_9z1t08.jpg,actual_media,ネットミームの森 実画像一覧,media/netmeme_forest/netmeme_forest_asset0013_00364__2012_9z1t08.jpg,image/jpeg,https://netmeme.genshun9.com/images/2012/2012_9z1t08.jpg,https://netmeme.genshun9.com/sitemap.xml,f55f1b979a4b8c51c56e1ae0cf190c6ac2370bd63916cc5c419df92a0733e86d,netmeme_forest_asset0013_00364,embedded_absolute
102354,https://netmeme.genshun9.com/images/2012/2012_4y5ra9.jpg,actual_media,ネットミームの森 実画像一覧,media/netmeme_forest/netmeme_forest_asset0013_00363__2012_4y5ra9.jpg,image/jpeg,https://netmeme.genshun9.com/images/2012/2012_4y5ra9.jpg,https://netmeme.genshun9.com/sitemap.xml,632e0b1c82e254f7af70df77d136b8dc6645c94a3ef5ec2bef1d1d92d5d57c54,netmeme_forest_asset0013_00363,embedded_absolute
7470,https://netmeme.genshun9.com/images/2012/2012_or8enf.jpg,actual_media,ネットミームの森 実画像一覧,media/netmeme_forest/netmeme_forest_asset0013_00369__2012_or8enf.jpg,image/jpeg,https://netmeme.genshun9.com/images/2012/2012_or8enf.jpg,https://netmeme.genshun9.com/sitemap.xml,dbb08e9223d8efecf09120e058e139c4496ce7d3be48d6e827d2e1e40a5c5359,netmeme_forest_asset0013_00369,embedded_absolute
37974,https://netmeme.genshun9.com/images/2012/2012_8gfdgd.jpg,actual_media,ネットミームの森 実画像一覧,media/netmeme_forest/netmeme_forest_asset0013_00365__2012_8gfdgd.jpg,image/jpeg,https://netmeme.genshun9.com/images/2012/2012_8gfdgd.jpg,https://netmeme.genshun9.com/sitemap.xml,5aa607414cb07071f3a7307af740bf306b97df599e36ddff1e1f6c9eacf23c4e,netmeme_forest_asset0013_00365,embedded_absolute
160210,https://netmeme.genshun9.com/images/2013/2013_zvr4eo.jpg,actual_media,ネットミームの森 実画像一覧,media/netmeme_forest/netmeme_forest_asset0013_00362__2013_zvr4eo.jpg,image/jpeg,https://netmeme.genshun9.com/images/2013/2013_zvr4eo.jpg,https://netmeme.genshun9.com/sitemap.xml,be70501268dde7be1d7795bb5475eb210269df618740c2758b21219a6727ff03,netmeme_forest_asset0013_00362,embedded_absolute
40839,https://netmeme.genshun9.com/images/2012/2012_bqxza8.jpg,actual_media,ネットミームの森 実画像一覧,media/netmeme_forest/netmeme_forest_asset0013_00370__2012_bqxza8.jpg,image/jpeg,https://netmeme.genshun9.com/images/2012/2012_bqxza8.jpg,https://netmeme.genshun9.com/sitemap.xml,325402663aac050f6630d29e50f801aa792be748fdb2adf058e81248878d17c7,netmeme_forest_asset0013_00370,embedded_absolute
28317,https://netmeme.genshun9.com/images/2012/2012_v4kgqa.jpg,actual_media,ネットミームの森 実画像一覧,media/netmeme_forest/netmeme_forest_asset0013_00368__2012_v4kgqa.jpg,image/jpeg,https://netmeme.genshun9.com/images/2012/2012_v4kgqa.jpg,https://netmeme.genshun9.com/sitemap.xml,a1534ad228bebbefaef93ae6b826911ce7edac0f39bda32e828fe7daf5deabfa,netmeme_forest_asset0013_00368,embedded_absolute
35132,https://netmeme.genshun9.com/images/2011/2011_4duv3x.jpg,actual_media,ネットミームの森 実画像一覧,media/netmeme_forest/netmeme_forest_asset0013_00375__2011_4duv3x.jpg,image/jpeg,https://netmeme.genshun9.com/images/2011/2011_4duv3x.jpg,https://netmeme.genshun9.com/sitemap.xml,9654d666409ba6edf99c2da1bb239209b47bdf9df2492aa0c18d99fadc68e7f4,netmeme_forest_asset0013_00375,embedded_absolute
91458,https://netmeme.genshun9.com/images/2012/2012_rykayf.jpg,actual_media,ネットミームの森 実画像一覧,media/netmeme_forest/netmeme_forest_asset0013_00367__2012_rykayf.jpg,image/jpeg,https://netmeme.genshun9.com/images/2012/2012_rykayf.jpg,https://netmeme.genshun9.com/sitemap.xml,7acc50f79c7a58dde027a1c9d8440d255431cee1196c200b5816b3ef72178159,netmeme_forest_asset0013_00367,embedded_absolute
49803,https://netmeme.genshun9.com/images/2012/2012_lvni9y.jpg,actual_media,ネットミームの森 実画像一覧,media/netmeme_forest/netmeme_forest_asset0013_00366__2012_lvni9y.jpg,image/jpeg,https://netmeme.genshun9.com/images/2012/2012_lvni9y.jpg,https://netmeme.genshun9.com/sitemap.xml,ffc61c4d3e7a0ab61c24f9ddc0ab39fc4c79a8331ad3fcbe6c6ebe8edd337bc1,netmeme_forest_asset0013_00366,embedded_absolute
38726,https://netmeme.genshun9.com/images/2012/2012_n7gwas.jpg,actual_media,ネットミームの森 実画像一覧,media/netmeme_forest/netmeme_forest_asset0013_00371__2012_n7gwas.jpg,image/jpeg,https://netmeme.genshun9.com/images/2012/2012_n7gwas.jpg,https://netmeme.genshun9.com/sitemap.xml,51f9b4e48e5e05bd1d387b4f0c5754bd43a2a63d19ae0aa6a1fdffd8d007bb5f,netmeme_forest_asset0013_00371,embedded_absolute
28136,https://netmeme.genshun9.com/images/2012/2012_iz125w.jpg,actual_media,ネットミームの森 実画像一覧,media/netmeme_forest/netmeme_forest_asset0013_00372__2012_iz125w.jpg,image/jpeg,https://netmeme.genshun9.com/images/2012/2012_iz125w.jpg,https://netmeme.genshun9.com/sitemap.xml,fc363940902306a08c4eb8b5355a9b82a24326d3903bc76fff834e55c8df0dd4,netmeme_forest_asset0013_00372,embedded_absolute
47174,https://netmeme.genshun9.com/images/2011/2011_9z3w59.jpg,actual_media,ネットミームの森 実画像一覧,media/netmeme_forest/netmeme_forest_asset0013_00374__2011_9z3w59.jpg,image/jpeg,https://netmeme.genshun9.com/images/2011/2011_9z3w59.jpg,https://netmeme.genshun9.com/sitemap.xml,fdc45b9bd99dde9936542d873fc57531784d8077016917647bb9b66977fafbf8,netmeme_forest_asset0013_00374,embedded_absolute
30667,https://netmeme.genshun9.com/images/2011/2011_i9ecnt.jpg,actual_media,ネットミームの森 実画像一覧,media/netmeme_forest/netmeme_forest_asset0013_00377__2011_i9ecnt.jpg,image/jpeg,https://netmeme.genshun9.com/images/2011/2011_i9ecnt.jpg,https://netmeme.genshun9.com/sitemap.xml,4ebf268ecadb36749a73cbd943092da76feec80e7c6fc1e7b1c69736e674d7fd,netmeme_forest_asset0013_00377,embedded_absolute
26603,https://netmeme.genshun9.com/images/2011/2011_o4fybn.jpg,actual_media,ネットミームの森 実画像一覧,media/netmeme_forest/netmeme_forest_asset0013_00378__2011_o4fybn.jpg,image/jpeg,https://netmeme.genshun9.com/images/2011/2011_o4fybn.jpg,https://netmeme.genshun9.com/sitemap.xml,836e75d9f925d47e88241c212d7c3cdf3e8e5d8e20a74620e1a2d2002110d7f0,netmeme_forest_asset0013_00378,embedded_absolute
17467,https://netmeme.genshun9.com/images/2011/2011_0ypshg.jpg,actual_media,ネットミームの森 実画像一覧,media/netmeme_forest/netmeme_forest_asset0013_00376__2011_0ypshg.jpg,image/jpeg,https://netmeme.genshun9.com/images/2011/2011_0ypshg.jpg,https://netmeme.genshun9.com/sitemap.xml,48fed005f89115c7df1c5aeed488e3e50093ed53c79c3491035be5a87d74f005,netmeme_forest_asset0013_00376,embedded_absolute
12585,https://netmeme.genshun9.com/images/2011/2011_5eu3c9.jpg,actual_media,ネットミームの森 実画像一覧,media/netmeme_forest/netmeme_forest_asset0013_00379__2011_5eu3c9.jpg,image/jpeg,https://netmeme.genshun9.com/images/2011/2011_5eu3c9.jpg,https://netmeme.genshun9.com/sitemap.xml,6011aa2ddaccdba68e59b1cf8c2d03d0980f46cfd03ead725307d9e3a8ce3ce3,netmeme_forest_asset0013_00379,embedded_absolute
85454,https://netmeme.genshun9.com/images/2011/2011_1iwulc.jpg,actual_media,ネットミームの森 実画像一覧,media/netmeme_forest/netmeme_forest_asset0013_00373__2011_1iwulc.jpg,image/jpeg,https://netmeme.genshun9.com/images/2011/2011_1iwulc.jpg,https://netmeme.genshun9.com/sitemap.xml,ab72118b8588613022407cf700700123cfaf553310ca8be83e82d40e624e4e39,netmeme_forest_asset0013_00373,embedded_absolute
47671,https://netmeme.genshun9.com/images/2011/2011_b18i8s.jpg,actual_media,ネットミームの森 実画像一覧,media/netmeme_forest/netmeme_forest_asset0013_00384__2011_b18i8s.jpg,image/jpeg,https://netmeme.genshun9.com/images/2011/2011_b18i8s.jpg,https://netmeme.genshun9.com/sitemap.xml,5aaeab4ec46f622ad3b7cb92bc225ef16af9cbc9af63980d1af158dc990737a9,netmeme_forest_asset0013_00384,embedded_absolute
29886,https://netmeme.genshun9.com/images/2011/2011_bj3f95.jpg,actual_media,ネットミームの森 実画像一覧,media/netmeme_forest/netmeme_forest_asset0013_00380__2011_bj3f95.jpg,image/jpeg,https://netmeme.genshun9.com/images/2011/2011_bj3f95.jpg,https://netmeme.genshun9.com/sitemap.xml,1381ef8f095bf819b0781107e93f4fd7139191b817ebb403cb1281719e38d938,netmeme_forest_asset0013_00380,embedded_absolute
73930,https://netmeme.genshun9.com/images/2011/2011_czhjuv.jpg,actual_media,ネットミームの森 実画像一覧,media/netmeme_forest/netmeme_forest_asset0013_00381__2011_czhjuv.jpg,image/jpeg,https://netmeme.genshun9.com/images/2011/2011_czhjuv.jpg,https://netmeme.genshun9.com/sitemap.xml,22171d09d61c59c445293023386c7deec59b7c10ce25c2dad2b5fa20e89cb65d,netmeme_forest_asset0013_00381,embedded_absolute
54967,https://netmeme.genshun9.com/images/2011/2011_1f74w1.jpg,actual_media,ネットミームの森 実画像一覧,media/netmeme_forest/netmeme_forest_asset0013_00385__2011_1f74w1.jpg,image/jpeg,https://netmeme.genshun9.com/images/2011/2011_1f74w1.jpg,https://netmeme.genshun9.com/sitemap.xml,2fad3f46b949537fc156b776fef87c5de14f8c9fc01471a78b3c9741c388ed52,netmeme_forest_asset0013_00385,embedded_absolute
24238,https://netmeme.genshun9.com/images/2011/2011_y4qlp5.jpg,actual_media,ネットミームの森 実画像一覧,media/netmeme_forest/netmeme_forest_asset0013_00382__2011_y4qlp5.jpg,image/jpeg,https://netmeme.genshun9.com/images/2011/2011_y4qlp5.jpg,https://netmeme.genshun9.com/sitemap.xml,757231828d0e4f4aad48e4df7f7536b413f9533ec335098c960f1a47e962ab5a,netmeme_forest_asset0013_00382,embedded_absolute
16820,https://netmeme.genshun9.com/images/2010/2010_8u1a0z.jpg,actual_media,ネットミームの森 実画像一覧,media/netmeme_forest/netmeme_forest_asset0013_00386__2010_8u1a0z.jpg,image/jpeg,https://netmeme.genshun9.com/images/2010/2010_8u1a0z.jpg,https://netmeme.genshun9.com/sitemap.xml,784c6e9caa2326c3c91c97d6846228d5941057886ec78106c43e65faef6ed444,netmeme_forest_asset0013_00386,embedded_absolute
32614,https://netmeme.genshun9.com/images/2010/2010_ij0bm2.jpg,actual_media,ネットミームの森 実画像一覧,media/netmeme_forest/netmeme_forest_asset0013_00389__2010_ij0bm2.jpg,image/jpeg,https://netmeme.genshun9.com/images/2010/2010_ij0bm2.jpg,https://netmeme.genshun9.com/sitemap.xml,f245b266d7317dd8260cbfe78a04f4adc1bcc3daf3d93a93b6e0b4e580210b07,netmeme_forest_asset0013_00389,embedded_absolute
101505,https://netmeme.genshun9.com/images/2010/2010_f7krln.jpg,actual_media,ネットミームの森 実画像一覧,media/netmeme_forest/netmeme_forest_asset0013_00388__2010_f7krln.jpg,image/jpeg,https://netmeme.genshun9.com/images/2010/2010_f7krln.jpg,https://netmeme.genshun9.com/sitemap.xml,b2ab2fc002c8d2a2b651c73e72e519214ed5d639616756ebd90ef7bc7b26bd50,netmeme_forest_asset0013_00388,embedded_absolute
42564,https://netmeme.genshun9.com/images/2010/2010_f45cu0.jpg,actual_media,ネットミームの森 実画像一覧,media/netmeme_forest/netmeme_forest_asset0013_00390__2010_f45cu0.jpg,image/jpeg,https://netmeme.genshun9.com/images/2010/2010_f45cu0.jpg,https://netmeme.genshun9.com/sitemap.xml,68f1ab95875c523eec299d46f380c16b6cf3c7040c320fd82680fe1281813420,netmeme_forest_asset0013_00390,embedded_absolute
222454,https://netmeme.genshun9.com/images/2010/2010_kxnbpu.jpg,actual_media,ネットミームの森 実画像一覧,media/netmeme_forest/netmeme_forest_asset0013_00387__2010_kxnbpu.jpg,image/jpeg,https://netmeme.genshun9.com/images/2010/2010_kxnbpu.jpg,https://netmeme.genshun9.com/sitemap.xml,281062189fead3354402399a09aacaf06b108d4c43e87247918a952f12f38e58,netmeme_forest_asset0013_00387,embedded_absolute
13144,https://netmeme.genshun9.com/images/old/old_40q3iw.jpg,actual_media,ネットミームの森 実画像一覧,media/netmeme_forest/netmeme_forest_asset0013_00401__old_40q3iw.jpg,image/jpeg,https://netmeme.genshun9.com/images/old/old_40q3iw.jpg,https://netmeme.genshun9.com/sitemap.xml,8601d94f35f7b25747f4306f38a73ab98180b6e6488037e151c5fde8f69d2ed3,netmeme_forest_asset0013_00401,embedded_absolute
21450,https://netmeme.genshun9.com/images/2011/2011_78d8dl.jpg,actual_media,ネットミームの森 実画像一覧,media/netmeme_forest/netmeme_forest_asset0013_00383__2011_78d8dl.jpg,image/jpeg,https://netmeme.genshun9.com/images/2011/2011_78d8dl.jpg,https://netmeme.genshun9.com/sitemap.xml,6066077d824dbdf2c057042f23a75e55c114fbeb6f32559a86d2d703079cd394,netmeme_forest_asset0013_00383,embedded_absolute
53299,https://netmeme.genshun9.com/images/2010/2010_7wsc3j.jpg,actual_media,ネットミームの森 実画像一覧,media/netmeme_forest/netmeme_forest_asset0013_00395__2010_7wsc3j.jpg,image/jpeg,https://netmeme.genshun9.com/images/2010/2010_7wsc3j.jpg,https://netmeme.genshun9.com/sitemap.xml,c563da18625ca4744bb4e3a041570fee9360997f5f53d11f315417fb2eafa6b2,netmeme_forest_asset0013_00395,embedded_absolute
26127,https://netmeme.genshun9.com/images/old/old_ybdb8z.jpg,actual_media,ネットミームの森 実画像一覧,media/netmeme_forest/netmeme_forest_asset0013_00399__old_ybdb8z.jpg,image/jpeg,https://netmeme.genshun9.com/images/old/old_ybdb8z.jpg,https://netmeme.genshun9.com/sitemap.xml,6b17cc45d599d7f3a66691a29c797a5572f49d9583127f6793705a4ef52d8bc4,netmeme_forest_asset0013_00399,embedded_absolute
37488,https://netmeme.genshun9.com/images/2010/2010_aol9lo.jpg,actual_media,ネットミームの森 実画像一覧,media/netmeme_forest/netmeme_forest_asset0013_00392__2010_aol9lo.jpg,image/jpeg,https://netmeme.genshun9.com/images/2010/2010_aol9lo.jpg,https://netmeme.genshun9.com/sitemap.xml,fe4121da165b6569ff697a6a626884ca370a6997ab18f43afd9b9ac0132a8331,netmeme_forest_asset0013_00392,embedded_absolute
15342,https://netmeme.genshun9.com/images/2010/2010_k3k6p4.jpg,actual_media,ネットミームの森 実画像一覧,media/netmeme_forest/netmeme_forest_asset0013_00393__2010_k3k6p4.jpg,image/jpeg,https://netmeme.genshun9.com/images/2010/2010_k3k6p4.jpg,https://netmeme.genshun9.com/sitemap.xml,d441dfe8c64a3e670e4734f2a868c564a8f51470709de8dddf2144dcfc435123,netmeme_forest_asset0013_00393,embedded_absolute
47606,https://netmeme.genshun9.com/images/old/old_cbdl44.jpg,actual_media,ネットミームの森 実画像一覧,media/netmeme_forest/netmeme_forest_asset0013_00404__old_cbdl44.jpg,image/jpeg,https://netmeme.genshun9.com/images/old/old_cbdl44.jpg,https://netmeme.genshun9.com/sitemap.xml,1e1f1b33d87ac191854d29e283b974c440413485ff0787de0f99c6beac9972a6,netmeme_forest_asset0013_00404,embedded_absolute
11220,https://netmeme.genshun9.com/images/old/old_e4r0o4.jpg,actual_media,ネットミームの森 実画像一覧,media/netmeme_forest/netmeme_forest_asset0013_00405__old_e4r0o4.jpg,image/jpeg,https://netmeme.genshun9.com/images/old/old_e4r0o4.jpg,https://netmeme.genshun9.com/sitemap.xml,5a0aa8abad7c752ca335fdf19d6e6526b7864f22fa757dff811eac6f5c0b9c83,netmeme_forest_asset0013_00405,embedded_absolute
62031,https://netmeme.genshun9.com/images/old/old_za7se3.jpg,actual_media,ネットミームの森 実画像一覧,media/netmeme_forest/netmeme_forest_asset0013_00397__old_za7se3.jpg,image/jpeg,https://netmeme.genshun9.com/images/old/old_za7se3.jpg,https://netmeme.genshun9.com/sitemap.xml,bcd213c63d4ccfd21e6c6b0e2f1e703c175a9818e69cdd03d5d885fa261246cc,netmeme_forest_asset0013_00397,embedded_absolute
56602,https://netmeme.genshun9.com/images/2010/2010_cqw3q4.jpg,actual_media,ネットミームの森 実画像一覧,media/netmeme_forest/netmeme_forest_asset0013_00391__2010_cqw3q4.jpg,image/jpeg,https://netmeme.genshun9.com/images/2010/2010_cqw3q4.jpg,https://netmeme.genshun9.com/sitemap.xml,a081f9b0860bb66ddfbf86e59e049e4aa7f2c657cc8a57c02d37e5a8ffc77d8b,netmeme_forest_asset0013_00391,embedded_absolute
11784,https://netmeme.genshun9.com/images/old/old_zjeh7l.jpg,actual_media,ネットミームの森 実画像一覧,media/netmeme_forest/netmeme_forest_asset0013_00414__old_zjeh7l.jpg,image/jpeg,https://netmeme.genshun9.com/images/old/old_zjeh7l.jpg,https://netmeme.genshun9.com/sitemap.xml,7e00b081d545487d1d9604648607d23ef43162f7c740a716f2c05aeb2b458c51,netmeme_forest_asset0013_00414,embedded_absolute
217881,https://netmeme.genshun9.com/images/old/old_klfjcj.jpg,actual_media,ネットミームの森 実画像一覧,media/netmeme_forest/netmeme_forest_asset0013_00402__old_klfjcj.jpg,image/jpeg,https://netmeme.genshun9.com/images/old/old_klfjcj.jpg,https://netmeme.genshun9.com/sitemap.xml,e2b53fdbed1ff5a54106a3d78cb1a9e2ee5914b0a6bda657eb99ccf68a02db16,netmeme_forest_asset0013_00402,embedded_absolute
29224,https://netmeme.genshun9.com/images/old/old_wm6g5r.jpg,actual_media,ネットミームの森 実画像一覧,media/netmeme_forest/netmeme_forest_asset0013_00412__old_wm6g5r.jpg,image/jpeg,https://netmeme.genshun9.com/images/old/old_wm6g5r.jpg,https://netmeme.genshun9.com/sitemap.xml,8c59bec697a5ac7383245f9504bbd2ecdc39308a410de1fb66d574410b21fa3f,netmeme_forest_asset0013_00412,embedded_absolute
73721,https://netmeme.genshun9.com/images/old/old_6cf4zs.jpg,actual_media,ネットミームの森 実画像一覧,media/netmeme_forest/netmeme_forest_asset0013_00409__old_6cf4zs.jpg,image/jpeg,https://netmeme.genshun9.com/images/old/old_6cf4zs.jpg,https://netmeme.genshun9.com/sitemap.xml,feb72f3b4512887cfd60d6c90b23503c1b866f90bde5dbb8c66a2e7176852a76,netmeme_forest_asset0013_00409,embedded_absolute
47917,https://netmeme.genshun9.com/images/2010/2010_y2tuos.jpg,actual_media,ネットミームの森 実画像一覧,media/netmeme_forest/netmeme_forest_asset0013_00394__2010_y2tuos.jpg,image/jpeg,https://netmeme.genshun9.com/images/2010/2010_y2tuos.jpg,https://netmeme.genshun9.com/sitemap.xml,6523ca5f72a1f9b88dd87c4d6ffede030eec0b3b04858260460530b230cdb689,netmeme_forest_asset0013_00394,embedded_absolute
34548,https://netmeme.genshun9.com/images/old/old_0ny7cr.jpg,actual_media,ネットミームの森 実画像一覧,media/netmeme_forest/netmeme_forest_asset0013_00413__old_0ny7cr.jpg,image/jpeg,https://netmeme.genshun9.com/images/old/old_0ny7cr.jpg,https://netmeme.genshun9.com/sitemap.xml,d8dc091ab4526e190ab21bad7134a8d90a45e1596a74a68e9e0ee324b10dcede,netmeme_forest_asset0013_00413,embedded_absolute
46095,https://netmeme.genshun9.com/images/old/old_wsuy44.jpg,actual_media,ネットミームの森 実画像一覧,media/netmeme_forest/netmeme_forest_asset0013_00410__old_wsuy44.jpg,image/jpeg,https://netmeme.genshun9.com/images/old/old_wsuy44.jpg,https://netmeme.genshun9.com/sitemap.xml,db4364b0cfbcaffe6518e08d45a2d179615509ac4bcc8e7e3523f5740124f4b4,netmeme_forest_asset0013_00410,embedded_absolute
111562,https://netmeme.genshun9.com/images/old/old_rs0ftt.jpg,actual_media,ネットミームの森 実画像一覧,media/netmeme_forest/netmeme_forest_asset0013_00406__old_rs0ftt.jpg,image/jpeg,https://netmeme.genshun9.com/images/old/old_rs0ftt.jpg,https://netmeme.genshun9.com/sitemap.xml,013f2781442927fb4d48b3cb3ac8734e29ed8777d9b2bf0470c8a74c7e6431a7,netmeme_forest_asset0013_00406,embedded_absolute
46238,https://netmeme.genshun9.com/images/old/old_eli6ab.jpg,actual_media,ネットミームの森 実画像一覧,media/netmeme_forest/netmeme_forest_asset0013_00411__old_eli6ab.jpg,image/jpeg,https://netmeme.genshun9.com/images/old/old_eli6ab.jpg,https://netmeme.genshun9.com/sitemap.xml,4c1f75046492d7ba05266d9eb8df76f821729d65b1977444e508ee5c69dd7d92,netmeme_forest_asset0013_00411,embedded_absolute
43933,https://netmeme.genshun9.com/images/old/old_b1lfsb.jpg,actual_media,ネットミームの森 実画像一覧,media/netmeme_forest/netmeme_forest_asset0013_00408__old_b1lfsb.jpg,image/jpeg,https://netmeme.genshun9.com/images/old/old_b1lfsb.jpg,https://netmeme.genshun9.com/sitemap.xml,05bad68e3e0a4f4ffc3643340e030a12bdd945d8523528408ac2fe173ada4bdc,netmeme_forest_asset0013_00408,embedded_absolute
19203,https://netmeme.genshun9.com/images/old/old_p7mgqc.jpg,actual_media,ネットミームの森 実画像一覧,media/netmeme_forest/netmeme_forest_asset0013_00403__old_p7mgqc.jpg,image/jpeg,https://netmeme.genshun9.com/images/old/old_p7mgqc.jpg,https://netmeme.genshun9.com/sitemap.xml,f53b5175f7b61ca0546edc520c9695f035af533258bc9cdc814e1f74f063dd50,netmeme_forest_asset0013_00403,embedded_absolute
64534,https://netmeme.genshun9.com/images/old/old_c3irw9.jpg,actual_media,ネットミームの森 実画像一覧,media/netmeme_forest/netmeme_forest_asset0013_00407__old_c3irw9.jpg,image/jpeg,https://netmeme.genshun9.com/images/old/old_c3irw9.jpg,https://netmeme.genshun9.com/sitemap.xml,0651ff520acf3afc5979827f1427648744debe4f4261006e0c29e3881de42a03,netmeme_forest_asset0013_00407,embedded_absolute
122921,https://netmeme.genshun9.com/images/old/old_x56mpe.jpg,actual_media,ネットミームの森 実画像一覧,media/netmeme_forest/netmeme_forest_asset0013_00398__old_x56mpe.jpg,image/jpeg,https://netmeme.genshun9.com/images/old/old_x56mpe.jpg,https://netmeme.genshun9.com/sitemap.xml,a128ed7c3a5455f12be8b44c0685705f40daa8da85963a29e36155207027a911,netmeme_forest_asset0013_00398,embedded_absolute
100837,https://netmeme.genshun9.com/images/old/old_phr5hp.jpg,actual_media,ネットミームの森 実画像一覧,media/netmeme_forest/netmeme_forest_asset0013_00396__old_phr5hp.jpg,image/jpeg,https://netmeme.genshun9.com/images/old/old_phr5hp.jpg,https://netmeme.genshun9.com/sitemap.xml,2d0f8eba0cd6d30bd50ede7b4da53556185facf2b4a900b6ca59b83cd4467443,netmeme_forest_asset0013_00396,embedded_absolute
287776,https://netmeme.genshun9.com/images/old/old_egnhdf.jpg,actual_media,ネットミームの森 実画像一覧,media/netmeme_forest/netmeme_forest_asset0013_00400__old_egnhdf.jpg,image/jpeg,https://netmeme.genshun9.com/images/old/old_egnhdf.jpg,https://netmeme.genshun9.com/sitemap.xml,0c9c5298c173bb3cbe8fb83e3f255c801e646a353adf1db68c4232756c6130a8,netmeme_forest_asset0013_00400,embedded_absolute
69077,https://netmeme.genshun9.com/images/old/old_onek2h.jpg,actual_media,ネットミームの森 実画像一覧,media/netmeme_forest/netmeme_forest_asset0013_00415__old_onek2h.jpg,image/jpeg,https://netmeme.genshun9.com/images/old/old_onek2h.jpg,https://netmeme.genshun9.com/sitemap.xml,58c3af0f68f2c8ff367eff8d9b54af682f05f27e6ee1782dabf8784ef3dea859,netmeme_forest_asset0013_00415,embedded_absolute
56920,https://netmeme.genshun9.com/images/old/old_h9pv0k.jpg,actual_media,ネットミームの森 実画像一覧,media/netmeme_forest/netmeme_forest_asset0013_00419__old_h9pv0k.jpg,image/jpeg,https://netmeme.genshun9.com/images/old/old_h9pv0k.jpg,https://netmeme.genshun9.com/sitemap.xml,d9dc1fa665cc6a33a8d5906678ab062cb45c1c7b029dd57478558bf33116cc1d,netmeme_forest_asset0013_00419,embedded_absolute
9353,https://netmeme.genshun9.com/images/old/old_i0yim0.jpg,actual_media,ネットミームの森 実画像一覧,media/netmeme_forest/netmeme_forest_asset0013_00421__old_i0yim0.jpg,image/jpeg,https://netmeme.genshun9.com/images/old/old_i0yim0.jpg,https://netmeme.genshun9.com/sitemap.xml,907047c09fc84c676ddfd6f707060a6bba9ebd5ed9fe6478a1d68d86c5b323d6,netmeme_forest_asset0013_00421,embedded_absolute
62932,https://netmeme.genshun9.com/images/old/old_luld0r.jpg,actual_media,ネットミームの森 実画像一覧,media/netmeme_forest/netmeme_forest_asset0013_00416__old_luld0r.jpg,image/jpeg,https://netmeme.genshun9.com/images/old/old_luld0r.jpg,https://netmeme.genshun9.com/sitemap.xml,4b704585625eee110efff6d6efd243e715f6b251c1dfe1a313af7a798f01ea54,netmeme_forest_asset0013_00416,embedded_absolute
18679,https://netmeme.genshun9.com/images/old/old_tu576q.jpg,actual_media,ネットミームの森 実画像一覧,media/netmeme_forest/netmeme_forest_asset0013_00422__old_tu576q.jpg,image/jpeg,https://netmeme.genshun9.com/images/old/old_tu576q.jpg,https://netmeme.genshun9.com/sitemap.xml,2df608e30e12ef8864f7a5bd17cc856afc4b15de07c404a95a97cad257b3f443,netmeme_forest_asset0013_00422,embedded_absolute
50370,https://netmeme.genshun9.com/images/old/old_2kzidi.jpg,actual_media,ネットミームの森 実画像一覧,media/netmeme_forest/netmeme_forest_asset0013_00420__old_2kzidi.jpg,image/jpeg,https://netmeme.genshun9.com/images/old/old_2kzidi.jpg,https://netmeme.genshun9.com/sitemap.xml,378d6fe8e02dd418600df8cb6fec8cffad423dc29e6adb402c24a3fac142f225,netmeme_forest_asset0013_00420,embedded_absolute
96848,https://netmeme.genshun9.com/images/old/old_4zzftd.jpg,actual_media,ネットミームの森 実画像一覧,media/netmeme_forest/netmeme_forest_asset0013_00417__old_4zzftd.jpg,image/jpeg,https://netmeme.genshun9.com/images/old/old_4zzftd.jpg,https://netmeme.genshun9.com/sitemap.xml,117d2ea697293b6506a3934ec71ab9ae779c87000023575f750a896e35afe0b2,netmeme_forest_asset0013_00417,embedded_absolute
107076,https://netmeme.genshun9.com/images/old/old_qi4hl5.jpg,actual_media,ネットミームの森 実画像一覧,media/netmeme_forest/netmeme_forest_asset0013_00418__old_qi4hl5.jpg,image/jpeg,https://netmeme.genshun9.com/images/old/old_qi4hl5.jpg,https://netmeme.genshun9.com/sitemap.xml,f2e67a9a44caf51dd3897eeaff14332a460eaf24d0d65b73bd42cc891273e916,netmeme_forest_asset0013_00418,embedded_absolute
10189,https://netmeme.genshun9.com/images/old/old_r4l8er.jpg,actual_media,ネットミームの森 実画像一覧,media/netmeme_forest/netmeme_forest_asset0013_00430__old_r4l8er.jpg,image/jpeg,https://netmeme.genshun9.com/images/old/old_r4l8er.jpg,https://netmeme.genshun9.com/sitemap.xml,2256a6a64845bca68e5d5390460dab7120b3a402995430b94b07f944dac100ff,netmeme_forest_asset0013_00430,embedded_absolute
7220,https://netmeme.genshun9.com/images/old/old_1dtcr9.jpg,actual_media,ネットミームの森 実画像一覧,media/netmeme_forest/netmeme_forest_asset0013_00424__old_1dtcr9.jpg,image/jpeg,https://netmeme.genshun9.com/images/old/old_1dtcr9.jpg,https://netmeme.genshun9.com/sitemap.xml,56bfc20dc11d0041ccc9e41458c983aaf44e3472c2d9b7e62cbea36e04ca7c8a,netmeme_forest_asset0013_00424,embedded_absolute
17286,https://netmeme.genshun9.com/images/old/old_fw9jqf.jpg,actual_media,ネットミームの森 実画像一覧,media/netmeme_forest/netmeme_forest_asset0013_00428__old_fw9jqf.jpg,image/jpeg,https://netmeme.genshun9.com/images/old/old_fw9jqf.jpg,https://netmeme.genshun9.com/sitemap.xml,62c27097d3df529099e982e4ea5fe060a0923966f1ffc839df613ac3ed6d61e7,netmeme_forest_asset0013_00428,embedded_absolute
23744,https://netmeme.genshun9.com/images/old/old_wxzw7w.jpg,actual_media,ネットミームの森 実画像一覧,media/netmeme_forest/netmeme_forest_asset0013_00426__old_wxzw7w.jpg,image/jpeg,https://netmeme.genshun9.com/images/old/old_wxzw7w.jpg,https://netmeme.genshun9.com/sitemap.xml,ba68a6b3e9cc111beee795dec7c2534f4c4b19c7fe0fba63bfbb67824d60883b,netmeme_forest_asset0013_00426,embedded_absolute
14000,https://netmeme.genshun9.com/images/old/old_kqh6o4.jpg,actual_media,ネットミームの森 実画像一覧,media/netmeme_forest/netmeme_forest_asset0013_00427__old_kqh6o4.jpg,image/jpeg,https://netmeme.genshun9.com/images/old/old_kqh6o4.jpg,https://netmeme.genshun9.com/sitemap.xml,ce060dff6ee3bb3696830ce8060039360498a633e5ed410497f513c92a340cc2,netmeme_forest_asset0013_00427,embedded_absolute
23596,https://netmeme.genshun9.com/images/old/old_qi8xu4.jpg,actual_media,ネットミームの森 実画像一覧,media/netmeme_forest/netmeme_forest_asset0013_00425__old_qi8xu4.jpg,image/jpeg,https://netmeme.genshun9.com/images/old/old_qi8xu4.jpg,https://netmeme.genshun9.com/sitemap.xml,1132a23f6f77a45d9ffa2784298a2c9a23febfbcaca05bc6adcaf8826d9bac63,netmeme_forest_asset0013_00425,embedded_absolute
41451,https://netmeme.genshun9.com/images/old/old_pog7ar.jpg,actual_media,ネットミームの森 実画像一覧,media/netmeme_forest/netmeme_forest_asset0013_00429__old_pog7ar.jpg,image/jpeg,https://netmeme.genshun9.com/images/old/old_pog7ar.jpg,https://netmeme.genshun9.com/sitemap.xml,a053851ce3dacaa3cccf58c557e300d042a87eba00a3ab08ad000f7e55db61e2,netmeme_forest_asset0013_00429,embedded_absolute
23664,https://netmeme.genshun9.com/images/old/old_ku2gfw.jpg,actual_media,ネットミームの森 実画像一覧,media/netmeme_forest/netmeme_forest_asset0013_00423__old_ku2gfw.jpg,image/jpeg,https://netmeme.genshun9.com/images/old/old_ku2gfw.jpg,https://netmeme.genshun9.com/sitemap.xml,f25feb447663de8d511902170a09aa1934c7bcd7c8eeacbf4ac317c3092c5944,netmeme_forest_asset0013_00423,embedded_absolute
18694,https://netmeme.genshun9.com/images/old/old_qipfyw.jpg,actual_media,ネットミームの森 実画像一覧,media/netmeme_forest/netmeme_forest_asset0013_00432__old_qipfyw.jpg,image/jpeg,https://netmeme.genshun9.com/images/old/old_qipfyw.jpg,https://netmeme.genshun9.com/sitemap.xml,1ea2b00159aed99ad76d9d631e2de3603aff46213560442eb2fe877686c4ebdc,netmeme_forest_asset0013_00432,embedded_absolute
22843,https://netmeme.genshun9.com/images/old/old_jzkd51.jpg,actual_media,ネットミームの森 実画像一覧,media/netmeme_forest/netmeme_forest_asset0013_00431__old_jzkd51.jpg,image/jpeg,https://netmeme.genshun9.com/images/old/old_jzkd51.jpg,https://netmeme.genshun9.com/sitemap.xml,9b47663e7c3b1c3c7fa54f5549df63e63bc238dd3e3851c918b9d2d258e891a6,netmeme_forest_asset0013_00431,embedded_absolute
62920,https://netmeme.genshun9.com/images/old/old_cq5bue.jpg,actual_media,ネットミームの森 実画像一覧,media/netmeme_forest/netmeme_forest_asset0013_00433__old_cq5bue.jpg,image/jpeg,https://netmeme.genshun9.com/images/old/old_cq5bue.jpg,https://netmeme.genshun9.com/sitemap.xml,2e8e1e4530a5b3861684d715d25566a8307b63545de2f31f70f0cd1a93438665,netmeme_forest_asset0013_00433,embedded_absolute
49523,https://netmeme.genshun9.com/images/old/old_9w628e.jpg,actual_media,ネットミームの森 実画像一覧,media/netmeme_forest/netmeme_forest_asset0013_00434__old_9w628e.jpg,image/jpeg,https://netmeme.genshun9.com/images/old/old_9w628e.jpg,https://netmeme.genshun9.com/sitemap.xml,b96b03338ca074a258496d38f1c70725f0f7f7ee7b8db96713152e0137bcd60a,netmeme_forest_asset0013_00434,embedded_absolute
55448,https://netmeme.genshun9.com/images/old/old_3uhef8.jpg,actual_media,ネットミームの森 実画像一覧,media/netmeme_forest/netmeme_forest_asset0013_00439__old_3uhef8.jpg,image/jpeg,https://netmeme.genshun9.com/images/old/old_3uhef8.jpg,https://netmeme.genshun9.com/sitemap.xml,b9b1ed9d5da46dede567a5df061037b41ef0b9673af49087452f96dd04a581a4,netmeme_forest_asset0013_00439,embedded_absolute
40702,https://netmeme.genshun9.com/images/old/old_twzw2b.jpg,actual_media,ネットミームの森 実画像一覧,media/netmeme_forest/netmeme_forest_asset0013_00437__old_twzw2b.jpg,image/jpeg,https://netmeme.genshun9.com/images/old/old_twzw2b.jpg,https://netmeme.genshun9.com/sitemap.xml,0138ee2ee79c52f8b150239b4b85161c30a6ca08d9b0927b9b7e6e0c4edf83be,netmeme_forest_asset0013_00437,embedded_absolute
35117,https://netmeme.genshun9.com/images/old/old_30iukj.jpg,actual_media,ネットミームの森 実画像一覧,media/netmeme_forest/netmeme_forest_asset0013_00440__old_30iukj.jpg,image/jpeg,https://netmeme.genshun9.com/images/old/old_30iukj.jpg,https://netmeme.genshun9.com/sitemap.xml,2b2517ff46b12af6a4d9fc85e9185c5dcfc2e45d2a57c16b0d1e04addb11335b,netmeme_forest_asset0013_00440,embedded_absolute
34979,https://netmeme.genshun9.com/images/old/old_ir7p48.jpg,actual_media,ネットミームの森 実画像一覧,media/netmeme_forest/netmeme_forest_asset0013_00443__old_ir7p48.jpg,image/jpeg,https://netmeme.genshun9.com/images/old/old_ir7p48.jpg,https://netmeme.genshun9.com/sitemap.xml,9e9f8331f8fdb860160ae5238ded478e3a187124f9d5410ae4b023bb5f0cbd35,netmeme_forest_asset0013_00443,embedded_absolute
6940,https://netmeme.genshun9.com/images/old/old_7m4qqi.jpg,actual_media,ネットミームの森 実画像一覧,media/netmeme_forest/netmeme_forest_asset0013_00445__old_7m4qqi.jpg,image/jpeg,https://netmeme.genshun9.com/images/old/old_7m4qqi.jpg,https://netmeme.genshun9.com/sitemap.xml,79496fb4fde02c7f1cc774e6b05ee8ac87b6c879bc87e5685c983313317b48aa,netmeme_forest_asset0013_00445,embedded_absolute
44183,https://netmeme.genshun9.com/images/old/old_5u6j7h.jpg,actual_media,ネットミームの森 実画像一覧,media/netmeme_forest/netmeme_forest_asset0013_00441__old_5u6j7h.jpg,image/jpeg,https://netmeme.genshun9.com/images/old/old_5u6j7h.jpg,https://netmeme.genshun9.com/sitemap.xml,79de1d6a543e4dc5a480594659b56b0563fc0cce5dc79d1fce2390ae5353d19d,netmeme_forest_asset0013_00441,embedded_absolute
33842,https://netmeme.genshun9.com/images/old/old_rev6ga.jpg,actual_media,ネットミームの森 実画像一覧,media/netmeme_forest/netmeme_forest_asset0013_00447__old_rev6ga.jpg,image/jpeg,https://netmeme.genshun9.com/images/old/old_rev6ga.jpg,https://netmeme.genshun9.com/sitemap.xml,e0e2d1162a4589961d8c66bbd9eb2ad18b62b39351aec08dd4548ae997031ec5,netmeme_forest_asset0013_00447,embedded_absolute
126910,https://netmeme.genshun9.com/images/old/old_anw5vt.jpg,actual_media,ネットミームの森 実画像一覧,media/netmeme_forest/netmeme_forest_asset0013_00438__old_anw5vt.jpg,image/jpeg,https://netmeme.genshun9.com/images/old/old_anw5vt.jpg,https://netmeme.genshun9.com/sitemap.xml,20a0d37a296728100aa670458aee446587a1ebbaf876f45330e0a0d4fad8eba5,netmeme_forest_asset0013_00438,embedded_absolute
53006,https://netmeme.genshun9.com/images/old/old_6lk659.jpg,actual_media,ネットミームの森 実画像一覧,media/netmeme_forest/netmeme_forest_asset0013_00444__old_6lk659.jpg,image/jpeg,https://netmeme.genshun9.com/images/old/old_6lk659.jpg,https://netmeme.genshun9.com/sitemap.xml,1b1a83075baa8bc5a702d9474ccebae86d3245c8d7c52dffa03643aa7ada64fc,netmeme_forest_asset0013_00444,embedded_absolute
216392,https://netmeme.genshun9.com/images/old/old_ez2w1d.jpg,actual_media,ネットミームの森 実画像一覧,media/netmeme_forest/netmeme_forest_asset0013_00435__old_ez2w1d.jpg,image/jpeg,https://netmeme.genshun9.com/images/old/old_ez2w1d.jpg,https://netmeme.genshun9.com/sitemap.xml,6fd28d67a7eb5527c06a3fcdc94bde033aa73ca5d2a23d7b91f3ec16a418f04f,netmeme_forest_asset0013_00435,embedded_absolute
41920,https://netmeme.genshun9.com/images/old/old_50k4j9.jpg,actual_media,ネットミームの森 実画像一覧,media/netmeme_forest/netmeme_forest_asset0013_00448__old_50k4j9.jpg,image/jpeg,https://netmeme.genshun9.com/images/old/old_50k4j9.jpg,https://netmeme.genshun9.com/sitemap.xml,ebca47d70535d4622a2e9cc9e9fe792421b27bfda3c39c8dad31f877daa3bec1,netmeme_forest_asset0013_00448,embedded_absolute
86452,https://netmeme.genshun9.com/images/old/old_w6gldi.jpg,actual_media,ネットミームの森 実画像一覧,media/netmeme_forest/netmeme_forest_asset0013_00442__old_w6gldi.jpg,image/jpeg,https://netmeme.genshun9.com/images/old/old_w6gldi.jpg,https://netmeme.genshun9.com/sitemap.xml,4fd58117af50ccb666cd731aab313d09b159ff61dc765d67a08e9548613e99a1,netmeme_forest_asset0013_00442,embedded_absolute
32617,https://netmeme.genshun9.com/images/old/old_15oxl7.jpg,actual_media,ネットミームの森 実画像一覧,media/netmeme_forest/netmeme_forest_asset0013_00449__old_15oxl7.jpg,image/jpeg,https://netmeme.genshun9.com/images/old/old_15oxl7.jpg,https://netmeme.genshun9.com/sitemap.xml,b8852f35923b3db69ba85d8b83e1c34b3c1e3719314729299dc9dc95f25d2bf5,netmeme_forest_asset0013_00449,embedded_absolute
137221,https://netmeme.genshun9.com/images/old/old_95riut.jpg,actual_media,ネットミームの森 実画像一覧,media/netmeme_forest/netmeme_forest_asset0013_00454__old_95riut.jpg,image/jpeg,https://netmeme.genshun9.com/images/old/old_95riut.jpg,https://netmeme.genshun9.com/sitemap.xml,144bc30c911245db6ceb9c5b610a359d86ff861a0ff05ef5b8c71de95db67ff8,netmeme_forest_asset0013_00454,embedded_absolute
12155,https://netmeme.genshun9.com/images/old/old_256r7z.jpg,actual_media,ネットミームの森 実画像一覧,media/netmeme_forest/netmeme_forest_asset0013_00450__old_256r7z.jpg,image/jpeg,https://netmeme.genshun9.com/images/old/old_256r7z.jpg,https://netmeme.genshun9.com/sitemap.xml,029be741f742ad1ee46cb2779cbfda0f27e79eb855b7e267bd4192eb0111ac95,netmeme_forest_asset0013_00450,embedded_absolute
288840,https://netmeme.genshun9.com/images/old/old_zyl2dy.jpg,actual_media,ネットミームの森 実画像一覧,media/netmeme_forest/netmeme_forest_asset0013_00436__old_zyl2dy.jpg,image/jpeg,https://netmeme.genshun9.com/images/old/old_zyl2dy.jpg,https://netmeme.genshun9.com/sitemap.xml,b7aa685197b5a3d5d3c82c1f6c42b12eee581b21cec2bfdbad95b2030109e916,netmeme_forest_asset0013_00436,embedded_absolute
17694,https://netmeme.genshun9.com/images/old/old_miyhfp.jpg,actual_media,ネットミームの森 実画像一覧,media/netmeme_forest/netmeme_forest_asset0013_00457__old_miyhfp.jpg,image/jpeg,https://netmeme.genshun9.com/images/old/old_miyhfp.jpg,https://netmeme.genshun9.com/sitemap.xml,19ccd361a932198592c88caa8f0af98c74299b609c929bc57be159fe4358d906,netmeme_forest_asset0013_00457,embedded_absolute
12584,https://netmeme.genshun9.com/images/old/old_csdt1i.jpg,actual_media,ネットミームの森 実画像一覧,media/netmeme_forest/netmeme_forest_asset0013_00455__old_csdt1i.jpg,image/jpeg,https://netmeme.genshun9.com/images/old/old_csdt1i.jpg,https://netmeme.genshun9.com/sitemap.xml,70caa02223422fc4e47f36010196b2919b5d5255d7cf1812ea3b766b6f97a357,netmeme_forest_asset0013_00455,embedded_absolute
15780,https://netmeme.genshun9.com/images/old/old_5vbd2s.jpg,actual_media,ネットミームの森 実画像一覧,media/netmeme_forest/netmeme_forest_asset0013_00456__old_5vbd2s.jpg,image/jpeg,https://netmeme.genshun9.com/images/old/old_5vbd2s.jpg,https://netmeme.genshun9.com/sitemap.xml,3793aa73db1348f364f7378b7795cc480fd87c96529bf354c28d7ed6e6b4c876,netmeme_forest_asset0013_00456,embedded_absolute
50931,https://netmeme.genshun9.com/images/old/old_kzaoqr.jpg,actual_media,ネットミームの森 実画像一覧,media/netmeme_forest/netmeme_forest_asset0013_00451__old_kzaoqr.jpg,image/jpeg,https://netmeme.genshun9.com/images/old/old_kzaoqr.jpg,https://netmeme.genshun9.com/sitemap.xml,ec2bad0f02b1b33299a003ab7c1c886ec9cfcb6c19dda74f8af27bd4463f2dd5,netmeme_forest_asset0013_00451,embedded_absolute
38778,https://netmeme.genshun9.com/images/old/old_ouhiwh.jpg,actual_media,ネットミームの森 実画像一覧,media/netmeme_forest/netmeme_forest_asset0013_00452__old_ouhiwh.jpg,image/jpeg,https://netmeme.genshun9.com/images/old/old_ouhiwh.jpg,https://netmeme.genshun9.com/sitemap.xml,6641f907cea81cc44023d8a1152cc631090153e3f623f902c85b3258ec55edfc,netmeme_forest_asset0013_00452,embedded_absolute
72933,https://netmeme.genshun9.com/images/old/old_v1num8.jpg,actual_media,ネットミームの森 実画像一覧,media/netmeme_forest/netmeme_forest_asset0013_00458__old_v1num8.jpg,image/jpeg,https://netmeme.genshun9.com/images/old/old_v1num8.jpg,https://netmeme.genshun9.com/sitemap.xml,068fb2b77e1c7c5d647827123749168a24fe6455a8e2b1891414edd33e00a774,netmeme_forest_asset0013_00458,embedded_absolute
210586,https://netmeme.genshun9.com/images/old/old_ln9ci9.jpg,actual_media,ネットミームの森 実画像一覧,media/netmeme_forest/netmeme_forest_asset0013_00446__old_ln9ci9.jpg,image/jpeg,https://netmeme.genshun9.com/images/old/old_ln9ci9.jpg,https://netmeme.genshun9.com/sitemap.xml,032ae720850b509f030600d242d772239e1ab12985e5dab1ec22ec5f4ea1ce39,netmeme_forest_asset0013_00446,embedded_absolute
7193,https://netmeme.genshun9.com/images/old/old_zdj2ki.jpg,actual_media,ネットミームの森 実画像一覧,media/netmeme_forest/netmeme_forest_asset0013_00460__old_zdj2ki.jpg,image/jpeg,https://netmeme.genshun9.com/images/old/old_zdj2ki.jpg,https://netmeme.genshun9.com/sitemap.xml,bea556d43583e0077f19298a3a16fe6675077d0ae1cc2269d671aad5edff6f1a,netmeme_forest_asset0013_00460,embedded_absolute
125069,https://netmeme.genshun9.com/images/old/old_334k7l.jpg,actual_media,ネットミームの森 実画像一覧,media/netmeme_forest/netmeme_forest_asset0013_00453__old_334k7l.jpg,image/jpeg,https://netmeme.genshun9.com/images/old/old_334k7l.jpg,https://netmeme.genshun9.com/sitemap.xml,6ed46b4448c354d82b93eb2580fc5508f04857ae3f8cb2e85d9d66ad81facbf2,netmeme_forest_asset0013_00453,embedded_absolute
134887,https://netmeme.genshun9.com/images/old/old_4nzp73.jpg,actual_media,ネットミームの森 実画像一覧,media/netmeme_forest/netmeme_forest_asset0013_00461__old_4nzp73.jpg,image/jpeg,https://netmeme.genshun9.com/images/old/old_4nzp73.jpg,https://netmeme.genshun9.com/sitemap.xml,c2303720cbcefbee70ccd9015c3d72c44ed5ba3402ccc8f4fd893a3ab15edea9,netmeme_forest_asset0013_00461,embedded_absolute
66539,https://netmeme.genshun9.com/images/old/old_jmpusv.jpg,actual_media,ネットミームの森 実画像一覧,media/netmeme_forest/netmeme_forest_asset0013_00462__old_jmpusv.jpg,image/jpeg,https://netmeme.genshun9.com/images/old/old_jmpusv.jpg,https://netmeme.genshun9.com/sitemap.xml,5e1e8f610d9ed86da6964d7530080967d31c5e0bcb906e6d538c839e969df7e4,netmeme_forest_asset0013_00462,embedded_absolute
104873,https://netmeme.genshun9.com/images/old/old_hxvukw.jpg,actual_media,ネットミームの森 実画像一覧,media/netmeme_forest/netmeme_forest_asset0013_00463__old_hxvukw.jpg,image/jpeg,https://netmeme.genshun9.com/images/old/old_hxvukw.jpg,https://netmeme.genshun9.com/sitemap.xml,342689255b31dd659720fae10c37ca6c5e5fa10c4a84d3bd1af399dbb748503c,netmeme_forest_asset0013_00463,embedded_absolute
39699,https://netmeme.genshun9.com/images/old/old_hgblvk.jpg,actual_media,ネットミームの森 実画像一覧,media/netmeme_forest/netmeme_forest_asset0013_00464__old_hgblvk.jpg,image/jpeg,https://netmeme.genshun9.com/images/old/old_hgblvk.jpg,https://netmeme.genshun9.com/sitemap.xml,05b3abd347648d8626b18bb6b417ed4ca36d854c73dd838a1df693b7b22a25fb,netmeme_forest_asset0013_00464,embedded_absolute
19489,https://netmeme.genshun9.com/images/old/old_wb1cho.jpg,actual_media,ネットミームの森 実画像一覧,media/netmeme_forest/netmeme_forest_asset0013_00471__old_wb1cho.jpg,image/jpeg,https://netmeme.genshun9.com/images/old/old_wb1cho.jpg,https://netmeme.genshun9.com/sitemap.xml,8a7b641e2304c2b5ce55889744d5aedf93934afafd6232b3fabb3f5a27bc4788,netmeme_forest_asset0013_00471,embedded_absolute
65304,https://netmeme.genshun9.com/images/old/old_sm580q.jpg,actual_media,ネットミームの森 実画像一覧,media/netmeme_forest/netmeme_forest_asset0013_00465__old_sm580q.jpg,image/jpeg,https://netmeme.genshun9.com/images/old/old_sm580q.jpg,https://netmeme.genshun9.com/sitemap.xml,869ebfce469bcf8523db8831aadb78fc5f1c62a00e2405acc42387733c0a4b0d,netmeme_forest_asset0013_00465,embedded_absolute
71982,https://netmeme.genshun9.com/images/old/old_6by8ny.jpg,actual_media,ネットミームの森 実画像一覧,media/netmeme_forest/netmeme_forest_asset0013_00466__old_6by8ny.jpg,image/jpeg,https://netmeme.genshun9.com/images/old/old_6by8ny.jpg,https://netmeme.genshun9.com/sitemap.xml,c82e4f63fa7cf714c7491b8b96949e1f1ce1cc984f6779086fc458ef32ed04cc,netmeme_forest_asset0013_00466,embedded_absolute
7968,https://netmeme.genshun9.com/images/old/old_2hhma1.jpg,actual_media,ネットミームの森 実画像一覧,media/netmeme_forest/netmeme_forest_asset0013_00474__old_2hhma1.jpg,image/jpeg,https://netmeme.genshun9.com/images/old/old_2hhma1.jpg,https://netmeme.genshun9.com/sitemap.xml,19f8f417794ad17c95b3649a2b6264d1f41665d3eb9482257dda6f5aac326541,netmeme_forest_asset0013_00474,embedded_absolute
70710,https://netmeme.genshun9.com/images/old/old_90tdr4.jpg,actual_media,ネットミームの森 実画像一覧,media/netmeme_forest/netmeme_forest_asset0013_00467__old_90tdr4.jpg,image/jpeg,https://netmeme.genshun9.com/images/old/old_90tdr4.jpg,https://netmeme.genshun9.com/sitemap.xml,383f3afa37e384140b3bba20df7eff191b0fc7241a36544a607cd3f1508845eb,netmeme_forest_asset0013_00467,embedded_absolute
79747,https://netmeme.genshun9.com/images/old/old_f9bk3z.jpg,actual_media,ネットミームの森 実画像一覧,media/netmeme_forest/netmeme_forest_asset0013_00468__old_f9bk3z.jpg,image/jpeg,https://netmeme.genshun9.com/images/old/old_f9bk3z.jpg,https://netmeme.genshun9.com/sitemap.xml,f1556db87bba6b16ebe759251ae83aae735359a17047d8821a889b8e223e324f,netmeme_forest_asset0013_00468,embedded_absolute
62649,https://netmeme.genshun9.com/images/old/old_ia7ql1.jpg,actual_media,ネットミームの森 実画像一覧,media/netmeme_forest/netmeme_forest_asset0013_00470__old_ia7ql1.jpg,image/jpeg,https://netmeme.genshun9.com/images/old/old_ia7ql1.jpg,https://netmeme.genshun9.com/sitemap.xml,32ff37d81cd84469b36e68122edc738f05ff8e337b408bde56b5d0b52c21a694,netmeme_forest_asset0013_00470,embedded_absolute
25149,https://netmeme.genshun9.com/images/old/old_p8u5fr.jpg,actual_media,ネットミームの森 実画像一覧,media/netmeme_forest/netmeme_forest_asset0013_00476__old_p8u5fr.jpg,image/jpeg,https://netmeme.genshun9.com/images/old/old_p8u5fr.jpg,https://netmeme.genshun9.com/sitemap.xml,50bc8e0b7735862ea7a60db0175c3f4226e7727b298f0f2e1f2ca3b0c150e64d,netmeme_forest_asset0013_00476,embedded_absolute
37997,https://netmeme.genshun9.com/images/old/old_unw009.jpg,actual_media,ネットミームの森 実画像一覧,media/netmeme_forest/netmeme_forest_asset0013_00469__old_unw009.jpg,image/jpeg,https://netmeme.genshun9.com/images/old/old_unw009.jpg,https://netmeme.genshun9.com/sitemap.xml,d6a4927078c8c57f41104c2c7406f0fa0a87ce52c644bd296fe4cddb9a4e0f53,netmeme_forest_asset0013_00469,embedded_absolute
12530,https://netmeme.genshun9.com/images/old/old_kyg0ss.jpg,actual_media,ネットミームの森 実画像一覧,media/netmeme_forest/netmeme_forest_asset0013_00472__old_kyg0ss.jpg,image/jpeg,https://netmeme.genshun9.com/images/old/old_kyg0ss.jpg,https://netmeme.genshun9.com/sitemap.xml,fbbdde0a859bd85f3024b6f8e3a219b5a73bb9c0a7a843d3c18d21e5b4537956,netmeme_forest_asset0013_00472,embedded_absolute
17105,https://netmeme.genshun9.com/images/old/old_7wq39t.jpg,actual_media,ネットミームの森 実画像一覧,media/netmeme_forest/netmeme_forest_asset0013_00475__old_7wq39t.jpg,image/jpeg,https://netmeme.genshun9.com/images/old/old_7wq39t.jpg,https://netmeme.genshun9.com/sitemap.xml,f5f1854426e24620f8d3bb4f7821400491fee81bdd0ca7aa664d561655fc77ca,netmeme_forest_asset0013_00475,embedded_absolute
17732,https://netmeme.genshun9.com/images/old/old_xs6405.jpg,actual_media,ネットミームの森 実画像一覧,media/netmeme_forest/netmeme_forest_asset0013_00480__old_xs6405.jpg,image/jpeg,https://netmeme.genshun9.com/images/old/old_xs6405.jpg,https://netmeme.genshun9.com/sitemap.xml,88f39ba7c8ac43d6774a289c56071fffd8896da2a8a4db1b68f62bba0693899d,netmeme_forest_asset0013_00480,embedded_absolute
11942,https://netmeme.genshun9.com/images/old/old_blage2.jpg,actual_media,ネットミームの森 実画像一覧,media/netmeme_forest/netmeme_forest_asset0013_00477__old_blage2.jpg,image/jpeg,https://netmeme.genshun9.com/images/old/old_blage2.jpg,https://netmeme.genshun9.com/sitemap.xml,43cc1f27194e9f65d4b3904b7e3f1995f642a3e7b70555c62eea74ca9eb0d4a7,netmeme_forest_asset0013_00477,embedded_absolute
51215,https://netmeme.genshun9.com/images/old/old_p0pjdo.jpg,actual_media,ネットミームの森 実画像一覧,media/netmeme_forest/netmeme_forest_asset0013_00478__old_p0pjdo.jpg,image/jpeg,https://netmeme.genshun9.com/images/old/old_p0pjdo.jpg,https://netmeme.genshun9.com/sitemap.xml,c6c6214e666933bafbf1b46d1106a481b289c681b4e5f87bb51834147e3fc5f2,netmeme_forest_asset0013_00478,embedded_absolute
5466,https://netmeme.genshun9.com/images/old/old_1jyzrt.jpg,actual_media,ネットミームの森 実画像一覧,media/netmeme_forest/netmeme_forest_asset0013_00481__old_1jyzrt.jpg,image/jpeg,https://netmeme.genshun9.com/images/old/old_1jyzrt.jpg,https://netmeme.genshun9.com/sitemap.xml,17aec890c8c43899267c2d6d7ac43c26ba1fd9da4f3a8d8c8efa7276f0e3a4e1,netmeme_forest_asset0013_00481,embedded_absolute
82973,https://netmeme.genshun9.com/images/old/old_9drhuj.jpg,actual_media,ネットミームの森 実画像一覧,media/netmeme_forest/netmeme_forest_asset0013_00479__old_9drhuj.jpg,image/jpeg,https://netmeme.genshun9.com/images/old/old_9drhuj.jpg,https://netmeme.genshun9.com/sitemap.xml,1780c51f379ae4223020aefc67fc1631db227333e79e0e2bc8bc2d034c8cbce2,netmeme_forest_asset0013_00479,embedded_absolute
144805,https://netmeme.genshun9.com/images/old/old_bgqdxz.jpg,actual_media,ネットミームの森 実画像一覧,media/netmeme_forest/netmeme_forest_asset0013_00473__old_bgqdxz.jpg,image/jpeg,https://netmeme.genshun9.com/images/old/old_bgqdxz.jpg,https://netmeme.genshun9.com/sitemap.xml,70bc67d2295b5d6e99720a1fffe0e2f1cf8f9f673eba2556e308e1279e449379,netmeme_forest_asset0013_00473,embedded_absolute
12278,https://netmeme.genshun9.com/images/old/old_gvn7q7.jpg,actual_media,ネットミームの森 実画像一覧,media/netmeme_forest/netmeme_forest_asset0013_00483__old_gvn7q7.jpg,image/jpeg,https://netmeme.genshun9.com/images/old/old_gvn7q7.jpg,https://netmeme.genshun9.com/sitemap.xml,4bdbbeff82de251f328c0f1ff17b78f5ed47ba060dfecab99f3cb23dadede090,netmeme_forest_asset0013_00483,embedded_absolute
59883,https://netmeme.genshun9.com/images/old/old_6thaux.jpg,actual_media,ネットミームの森 実画像一覧,media/netmeme_forest/netmeme_forest_asset0013_00484__old_6thaux.jpg,image/jpeg,https://netmeme.genshun9.com/images/old/old_6thaux.jpg,https://netmeme.genshun9.com/sitemap.xml,d01b0da98bcee34125fe7b65ecdb1d2f92da759ba30d65e19ac0b6d26f0b78b4,netmeme_forest_asset0013_00484,embedded_absolute
110692,https://netmeme.genshun9.com/images/old/old_wdd2p0.jpg,actual_media,ネットミームの森 実画像一覧,media/netmeme_forest/netmeme_forest_asset0013_00482__old_wdd2p0.jpg,image/jpeg,https://netmeme.genshun9.com/images/old/old_wdd2p0.jpg,https://netmeme.genshun9.com/sitemap.xml,91d44cbe6df97314da8bb39844988ab4911d07b45be91ecaeadf47d9522ec7dd,netmeme_forest_asset0013_00482,embedded_absolute
35641,https://netmeme.genshun9.com/images/old/old_f3kz08.jpg,actual_media,ネットミームの森 実画像一覧,media/netmeme_forest/netmeme_forest_asset0013_00489__old_f3kz08.jpg,image/jpeg,https://netmeme.genshun9.com/images/old/old_f3kz08.jpg,https://netmeme.genshun9.com/sitemap.xml,f158a538e7b4e147dbc33e5dc164b69a9e9c841c78512ee6fe8892278737bb57,netmeme_forest_asset0013_00489,embedded_absolute
17501,https://netmeme.genshun9.com/images/old/old_vf25cn.jpg,actual_media,ネットミームの森 実画像一覧,media/netmeme_forest/netmeme_forest_asset0013_00487__old_vf25cn.jpg,image/jpeg,https://netmeme.genshun9.com/images/old/old_vf25cn.jpg,https://netmeme.genshun9.com/sitemap.xml,caf732a9ef8ed84a15b077ee813bf1b274e3b3010f36a49e7ae8552284bf231a,netmeme_forest_asset0013_00487,embedded_absolute
34398,https://netmeme.genshun9.com/images/old/old_6ll5tg.jpg,actual_media,ネットミームの森 実画像一覧,media/netmeme_forest/netmeme_forest_asset0013_00485__old_6ll5tg.jpg,image/jpeg,https://netmeme.genshun9.com/images/old/old_6ll5tg.jpg,https://netmeme.genshun9.com/sitemap.xml,6c9c4244d73aa3b982cd06b072c9aef7455af3ce0f437f6a2ced630066e3dfea,netmeme_forest_asset0013_00485,embedded_absolute
28064,https://netmeme.genshun9.com/images/old/old_wm7xp4.jpg,actual_media,ネットミームの森 実画像一覧,media/netmeme_forest/netmeme_forest_asset0013_00499__old_wm7xp4.jpg,image/jpeg,https://netmeme.genshun9.com/images/old/old_wm7xp4.jpg,https://netmeme.genshun9.com/sitemap.xml,5dc7e6ecdcbd27a20f2f81aa3543e86a9956855cb157cf4dd2638e8b41fdfd79,netmeme_forest_asset0013_00499,embedded_absolute
33154,https://netmeme.genshun9.com/images/old/old_h9ggxx.jpg,actual_media,ネットミームの森 実画像一覧,media/netmeme_forest/netmeme_forest_asset0013_00497__old_h9ggxx.jpg,image/jpeg,https://netmeme.genshun9.com/images/old/old_h9ggxx.jpg,https://netmeme.genshun9.com/sitemap.xml,df623d77c2498b11dd1f1680f2f55ed392b0c738e157de4150aae33d40986eb3,netmeme_forest_asset0013_00497,embedded_absolute
75965,https://netmeme.genshun9.com/images/old/old_di42ht.jpg,actual_media,ネットミームの森 実画像一覧,media/netmeme_forest/netmeme_forest_asset0013_00486__old_di42ht.jpg,image/jpeg,https://netmeme.genshun9.com/images/old/old_di42ht.jpg,https://netmeme.genshun9.com/sitemap.xml,fc2213f38904913cc3bcc922c88ec629ed8f14c76a579e77e295562a1a744e25,netmeme_forest_asset0013_00486,embedded_absolute
41030,https://netmeme.genshun9.com/images/old/old_sjokxo.jpg,actual_media,ネットミームの森 実画像一覧,media/netmeme_forest/netmeme_forest_asset0013_00491__old_sjokxo.jpg,image/jpeg,https://netmeme.genshun9.com/images/old/old_sjokxo.jpg,https://netmeme.genshun9.com/sitemap.xml,d5156cb69b0772ce990ce5595ef89580fa0e1c9c552e8c83456c6143c3eeeb20,netmeme_forest_asset0013_00491,embedded_absolute
7867,https://netmeme.genshun9.com/images/old/old_8ttpe9.jpg,actual_media,ネットミームの森 実画像一覧,media/netmeme_forest/netmeme_forest_asset0013_00496__old_8ttpe9.jpg,image/jpeg,https://netmeme.genshun9.com/images/old/old_8ttpe9.jpg,https://netmeme.genshun9.com/sitemap.xml,be53b9d692b9877e6555c787832e1ec253a51fb7e322bdcf3fdbd6de3b9c7862,netmeme_forest_asset0013_00496,embedded_absolute
41868,https://netmeme.genshun9.com/images/old/old_kshjbg.jpg,actual_media,ネットミームの森 実画像一覧,media/netmeme_forest/netmeme_forest_asset0013_00495__old_kshjbg.jpg,image/jpeg,https://netmeme.genshun9.com/images/old/old_kshjbg.jpg,https://netmeme.genshun9.com/sitemap.xml,565e264e758b6abd94f52b4fd6cfcdfe54e8089f45b551b6b944f14a32926982,netmeme_forest_asset0013_00495,embedded_absolute
30059,https://netmeme.genshun9.com/images/old/old_iqzbtf.jpg,actual_media,ネットミームの森 実画像一覧,media/netmeme_forest/netmeme_forest_asset0013_00490__old_iqzbtf.jpg,image/jpeg,https://netmeme.genshun9.com/images/old/old_iqzbtf.jpg,https://netmeme.genshun9.com/sitemap.xml,0de5f1d430e0a78e6c6c92eca8daa3f8acd0d3fb244fb098424056326e80d48a,netmeme_forest_asset0013_00490,embedded_absolute
17675,https://netmeme.genshun9.com/images/old/old_mphbec.jpg,actual_media,ネットミームの森 実画像一覧,media/netmeme_forest/netmeme_forest_asset0013_00488__old_mphbec.jpg,image/jpeg,https://netmeme.genshun9.com/images/old/old_mphbec.jpg,https://netmeme.genshun9.com/sitemap.xml,5a9802ddacdc2af5587696b198ab0599f84c60fc7bbcf26c493ca3e4377767a1,netmeme_forest_asset0013_00488,embedded_absolute
54568,https://netmeme.genshun9.com/images/old/old_6twzrf.jpg,actual_media,ネットミームの森 実画像一覧,media/netmeme_forest/netmeme_forest_asset0013_00493__old_6twzrf.jpg,image/jpeg,https://netmeme.genshun9.com/images/old/old_6twzrf.jpg,https://netmeme.genshun9.com/sitemap.xml,b4665a4e8f5174ce797f3e1a981924bf5018670fe937c7428868a71d92f98de3,netmeme_forest_asset0013_00493,embedded_absolute
13532,https://netmeme.genshun9.com/images/old/old_4kxoom.jpg,actual_media,ネットミームの森 実画像一覧,media/netmeme_forest/netmeme_forest_asset0013_00501__old_4kxoom.jpg,image/jpeg,https://netmeme.genshun9.com/images/old/old_4kxoom.jpg,https://netmeme.genshun9.com/sitemap.xml,7fca7ab14b289c204cf3358714202a82c87f929c13af52a2731b7dd430f70b2c,netmeme_forest_asset0013_00501,embedded_absolute
6456,https://netmeme.genshun9.com/images/old/old_lndwhg.jpg,actual_media,ネットミームの森 実画像一覧,media/netmeme_forest/netmeme_forest_asset0013_00502__old_lndwhg.jpg,image/jpeg,https://netmeme.genshun9.com/images/old/old_lndwhg.jpg,https://netmeme.genshun9.com/sitemap.xml,cb8e79186755502560c7c248324ca03e99464970659e80daada8434b8039242c,netmeme_forest_asset0013_00502,embedded_absolute
124619,https://netmeme.genshun9.com/images/old/old_34wdgg.jpg,actual_media,ネットミームの森 実画像一覧,media/netmeme_forest/netmeme_forest_asset0013_00492__old_34wdgg.jpg,image/jpeg,https://netmeme.genshun9.com/images/old/old_34wdgg.jpg,https://netmeme.genshun9.com/sitemap.xml,923067b06f5190ef82ed7a7acecfdce2967bf74252061855c8fb45957d63674a,netmeme_forest_asset0013_00492,embedded_absolute
14216,https://netmeme.genshun9.com/images/old/old_fxp3td.jpg,actual_media,ネットミームの森 実画像一覧,media/netmeme_forest/netmeme_forest_asset0013_00505__old_fxp3td.jpg,image/jpeg,https://netmeme.genshun9.com/images/old/old_fxp3td.jpg,https://netmeme.genshun9.com/sitemap.xml,8cf4455aeaabf7a0c36d7a7ad453f4d59b6ddc1de10fec6e5ecdc7af9247970b,netmeme_forest_asset0013_00505,embedded_absolute
213435,https://netmeme.genshun9.com/images/old/old_80spgb.jpg,actual_media,ネットミームの森 実画像一覧,media/netmeme_forest/netmeme_forest_asset0013_00494__old_80spgb.jpg,image/jpeg,https://netmeme.genshun9.com/images/old/old_80spgb.jpg,https://netmeme.genshun9.com/sitemap.xml,4df4a630635918700afcc3b46eaad59171da556b263ba8097f58568c2d45a374,netmeme_forest_asset0013_00494,embedded_absolute
20509,https://netmeme.genshun9.com/images/old/old_inas5g.jpg,actual_media,ネットミームの森 実画像一覧,media/netmeme_forest/netmeme_forest_asset0013_00503__old_inas5g.jpg,image/jpeg,https://netmeme.genshun9.com/images/old/old_inas5g.jpg,https://netmeme.genshun9.com/sitemap.xml,d8920747d080a39f44d1930105d3458fc04c4855374efdaaffe56856d543999a,netmeme_forest_asset0013_00503,embedded_absolute
20116,https://netmeme.genshun9.com/images/old/old_gignvl.jpg,actual_media,ネットミームの森 実画像一覧,media/netmeme_forest/netmeme_forest_asset0013_00508__old_gignvl.jpg,image/jpeg,https://netmeme.genshun9.com/images/old/old_gignvl.jpg,https://netmeme.genshun9.com/sitemap.xml,443b27be6c8b0e598995ffedc6d6c3dd441bd0cc945f236ec1fa7310b7aca4db,netmeme_forest_asset0013_00508,embedded_absolute
27820,https://netmeme.genshun9.com/images/old/old_f5wkje.jpg,actual_media,ネットミームの森 実画像一覧,media/netmeme_forest/netmeme_forest_asset0013_00504__old_f5wkje.jpg,image/jpeg,https://netmeme.genshun9.com/images/old/old_f5wkje.jpg,https://netmeme.genshun9.com/sitemap.xml,a8ba6b36f8d7ca655898482648666f549e55841850a920be6fef19f469aa442e,netmeme_forest_asset0013_00504,embedded_absolute
21378,https://netmeme.genshun9.com/images/old/old_sv56jp.jpg,actual_media,ネットミームの森 実画像一覧,media/netmeme_forest/netmeme_forest_asset0013_00506__old_sv56jp.jpg,image/jpeg,https://netmeme.genshun9.com/images/old/old_sv56jp.jpg,https://netmeme.genshun9.com/sitemap.xml,05e04dbce1bd5744ffd9d166fd6fa893be6250e669f4202e46b943a5a9e057af,netmeme_forest_asset0013_00506,embedded_absolute
63040,https://netmeme.genshun9.com/images/old/old_41tty8.jpg,actual_media,ネットミームの森 実画像一覧,media/netmeme_forest/netmeme_forest_asset0013_00498__old_41tty8.jpg,image/jpeg,https://netmeme.genshun9.com/images/old/old_41tty8.jpg,https://netmeme.genshun9.com/sitemap.xml,349db97d16d2bc37b228af45fb98e956607bcb0f4d3ae3f29b1e46c9320f1132,netmeme_forest_asset0013_00498,embedded_absolute
49740,https://netmeme.genshun9.com/images/old/old_vl1yn6.jpg,actual_media,ネットミームの森 実画像一覧,media/netmeme_forest/netmeme_forest_asset0013_00507__old_vl1yn6.jpg,image/jpeg,https://netmeme.genshun9.com/images/old/old_vl1yn6.jpg,https://netmeme.genshun9.com/sitemap.xml,c5a8ff3ab37af900cc29674c19edf57a314faeca4ffe0659891ac029c95fa831,netmeme_forest_asset0013_00507,embedded_absolute
24533,https://netmeme.genshun9.com/images/old/old_x0n2k0.jpg,actual_media,ネットミームの森 実画像一覧,media/netmeme_forest/netmeme_forest_asset0013_00509__old_x0n2k0.jpg,image/jpeg,https://netmeme.genshun9.com/images/old/old_x0n2k0.jpg,https://netmeme.genshun9.com/sitemap.xml,62a2cd6884765a0f5961f776e2d5fcfab450fef7533d434d343e771472322041,netmeme_forest_asset0013_00509,embedded_absolute
86898,https://netmeme.genshun9.com/images/old/old_7pvwex.jpg,actual_media,ネットミームの森 実画像一覧,media/netmeme_forest/netmeme_forest_asset0013_00500__old_7pvwex.jpg,image/jpeg,https://netmeme.genshun9.com/images/old/old_7pvwex.jpg,https://netmeme.genshun9.com/sitemap.xml,d864faa61067a2336277a991011ab0209882babb055a534c842bb1f6ed42476d,netmeme_forest_asset0013_00500,embedded_absolute
8987,https://netmeme.genshun9.com/images/old/old_ata10i.jpg,actual_media,ネットミームの森 実画像一覧,media/netmeme_forest/netmeme_forest_asset0013_00519__old_ata10i.jpg,image/jpeg,https://netmeme.genshun9.com/images/old/old_ata10i.jpg,https://netmeme.genshun9.com/sitemap.xml,1c355affa1abe7451b1ee945f768e96237229fff937fc6c4dfa985d405e3e008,netmeme_forest_asset0013_00519,embedded_absolute
16392,https://netmeme.genshun9.com/images/old/old_puumuk.jpg,actual_media,ネットミームの森 実画像一覧,media/netmeme_forest/netmeme_forest_asset0013_00520__old_puumuk.jpg,image/jpeg,https://netmeme.genshun9.com/images/old/old_puumuk.jpg,https://netmeme.genshun9.com/sitemap.xml,a41a1a788f563bde155dc26c54fcc770aea072e670e8433d33dcc8cc5467f40d,netmeme_forest_asset0013_00520,embedded_absolute
60259,https://netmeme.genshun9.com/images/old/old_zaeyj3.jpg,actual_media,ネットミームの森 実画像一覧,media/netmeme_forest/netmeme_forest_asset0013_00510__old_zaeyj3.jpg,image/jpeg,https://netmeme.genshun9.com/images/old/old_zaeyj3.jpg,https://netmeme.genshun9.com/sitemap.xml,168d2942d6b7b3aa9cfa73e039135308d36f4d52946013e190b721ac4fa96447,netmeme_forest_asset0013_00510,embedded_absolute
49620,https://netmeme.genshun9.com/images/old/old_x4ebd4.jpg,actual_media,ネットミームの森 実画像一覧,media/netmeme_forest/netmeme_forest_asset0013_00512__old_x4ebd4.jpg,image/jpeg,https://netmeme.genshun9.com/images/old/old_x4ebd4.jpg,https://netmeme.genshun9.com/sitemap.xml,b00b6a247d01f43f4a8fa193511fc306dd7d69e84ce43c121a393b8c35ef8301,netmeme_forest_asset0013_00512,embedded_absolute
68212,https://netmeme.genshun9.com/images/old/old_6dvpc8.jpg,actual_media,ネットミームの森 実画像一覧,media/netmeme_forest/netmeme_forest_asset0013_00516__old_6dvpc8.jpg,image/jpeg,https://netmeme.genshun9.com/images/old/old_6dvpc8.jpg,https://netmeme.genshun9.com/sitemap.xml,548c2e4d5f3985055817993c25a398b86ed7180406dcbe889f8cc065352679c3,netmeme_forest_asset0013_00516,embedded_absolute
83290,https://netmeme.genshun9.com/images/old/old_9qdv66.jpg,actual_media,ネットミームの森 実画像一覧,media/netmeme_forest/netmeme_forest_asset0013_00511__old_9qdv66.jpg,image/jpeg,https://netmeme.genshun9.com/images/old/old_9qdv66.jpg,https://netmeme.genshun9.com/sitemap.xml,9e4ee39c875013a04a38aae66921358fcf10c4d9dd9bd1383f0914eca6df7201,netmeme_forest_asset0013_00511,embedded_absolute
58588,https://netmeme.genshun9.com/images/old/old_k1mp7m.jpg,actual_media,ネットミームの森 実画像一覧,media/netmeme_forest/netmeme_forest_asset0013_00517__old_k1mp7m.jpg,image/jpeg,https://netmeme.genshun9.com/images/old/old_k1mp7m.jpg,https://netmeme.genshun9.com/sitemap.xml,755623ace4f71e50974e4a0b5be794c31d2de11ce07214e89f0087914446b820,netmeme_forest_asset0013_00517,embedded_absolute
73842,https://netmeme.genshun9.com/images/old/old_lwi2c1.jpg,actual_media,ネットミームの森 実画像一覧,media/netmeme_forest/netmeme_forest_asset0013_00518__old_lwi2c1.jpg,image/jpeg,https://netmeme.genshun9.com/images/old/old_lwi2c1.jpg,https://netmeme.genshun9.com/sitemap.xml,39469396ff3d07d298b2fcb651e8b723e0e573a4556d678fd473188536eae9e7,netmeme_forest_asset0013_00518,embedded_absolute
80501,https://netmeme.genshun9.com/images/old/old_2vogiu.jpg,actual_media,ネットミームの森 実画像一覧,media/netmeme_forest/netmeme_forest_asset0013_00513__old_2vogiu.jpg,image/jpeg,https://netmeme.genshun9.com/images/old/old_2vogiu.jpg,https://netmeme.genshun9.com/sitemap.xml,fb78d43d81b0672cf02fd77922202a997bc439356a9659dea6870267ea90de6b,netmeme_forest_asset0013_00513,embedded_absolute
39810,https://netmeme.genshun9.com/images/old/old_tn4eih.jpg,actual_media,ネットミームの森 実画像一覧,media/netmeme_forest/netmeme_forest_asset0013_00514__old_tn4eih.jpg,image/jpeg,https://netmeme.genshun9.com/images/old/old_tn4eih.jpg,https://netmeme.genshun9.com/sitemap.xml,0e8e02742b6782c5a66765368cf6a99bf3bdff7a98e2c442c46a537970489fbc,netmeme_forest_asset0013_00514,embedded_absolute
17419,https://netmeme.genshun9.com/images/old/old_5feppp.jpg,actual_media,ネットミームの森 実画像一覧,media/netmeme_forest/netmeme_forest_asset0013_00522__old_5feppp.jpg,image/jpeg,https://netmeme.genshun9.com/images/old/old_5feppp.jpg,https://netmeme.genshun9.com/sitemap.xml,a8c15b46a4cc90fc0b20e494932100e8ee0b0769518f4570ab7d1e5efb64096c,netmeme_forest_asset0013_00522,embedded_absolute
120572,https://netmeme.genshun9.com/images/old/old_bull6s.jpg,actual_media,ネットミームの森 実画像一覧,media/netmeme_forest/netmeme_forest_asset0013_00515__old_bull6s.jpg,image/jpeg,https://netmeme.genshun9.com/images/old/old_bull6s.jpg,https://netmeme.genshun9.com/sitemap.xml,3ce82ec963d6fe6cedd88793987f4da46cf71a14b0104323d0face83cfcb4d0b,netmeme_forest_asset0013_00515,embedded_absolute
11033,https://netmeme.genshun9.com/images/old/old_f2f1rt.jpg,actual_media,ネットミームの森 実画像一覧,media/netmeme_forest/netmeme_forest_asset0013_00523__old_f2f1rt.jpg,image/jpeg,https://netmeme.genshun9.com/images/old/old_f2f1rt.jpg,https://netmeme.genshun9.com/sitemap.xml,f2c04e182d97aaf99be62a2bb42f8168dbc30bfca61256677022aef113202375,netmeme_forest_asset0013_00523,embedded_absolute
24783,https://netmeme.genshun9.com/images/old/old_nqggt0.jpg,actual_media,ネットミームの森 実画像一覧,media/netmeme_forest/netmeme_forest_asset0013_00525__old_nqggt0.jpg,image/jpeg,https://netmeme.genshun9.com/images/old/old_nqggt0.jpg,https://netmeme.genshun9.com/sitemap.xml,495cd718ab26474c2925627b6e4afe53e3304c2d2546a5946f871495499570fb,netmeme_forest_asset0013_00525,embedded_absolute
19112,https://netmeme.genshun9.com/images/old/old_0fi4pr.jpg,actual_media,ネットミームの森 実画像一覧,media/netmeme_forest/netmeme_forest_asset0013_00526__old_0fi4pr.jpg,image/jpeg,https://netmeme.genshun9.com/images/old/old_0fi4pr.jpg,https://netmeme.genshun9.com/sitemap.xml,15951144f012e4a72fc403a634405fc3c4ed4ebdf48d893b8f81600234d58e9d,netmeme_forest_asset0013_00526,embedded_absolute
103963,https://netmeme.genshun9.com/images/old/old_dfie12.jpg,actual_media,ネットミームの森 実画像一覧,media/netmeme_forest/netmeme_forest_asset0013_00521__old_dfie12.jpg,image/jpeg,https://netmeme.genshun9.com/images/old/old_dfie12.jpg,https://netmeme.genshun9.com/sitemap.xml,2a9c169a96b17be446cef1c9533b99e5689be65bb0b4e091b27f97a8a8675589,netmeme_forest_asset0013_00521,embedded_absolute
76138,https://netmeme.genshun9.com/images/old/old_tb3k43.jpg,actual_media,ネットミームの森 実画像一覧,media/netmeme_forest/netmeme_forest_asset0013_00524__old_tb3k43.jpg,image/jpeg,https://netmeme.genshun9.com/images/old/old_tb3k43.jpg,https://netmeme.genshun9.com/sitemap.xml,9d365019608f05c85f4a91b860a1274e8c9cb4e2279cbcc50f3ab6e4e483ffd1,netmeme_forest_asset0013_00524,embedded_absolute
57538,https://netmeme.genshun9.com/images/old/old_prtoh6.jpg,actual_media,ネットミームの森 実画像一覧,media/netmeme_forest/netmeme_forest_asset0013_00527__old_prtoh6.jpg,image/jpeg,https://netmeme.genshun9.com/images/old/old_prtoh6.jpg,https://netmeme.genshun9.com/sitemap.xml,1bad6e075257bb8fee0e5c91ae959997712db7d67ec87536c91723ccf4ba585e,netmeme_forest_asset0013_00527,embedded_absolute
25598,https://netmeme.genshun9.com/images/old/old_w8p54e.jpg,actual_media,ネットミームの森 実画像一覧,media/netmeme_forest/netmeme_forest_asset0013_00530__old_w8p54e.jpg,image/jpeg,https://netmeme.genshun9.com/images/old/old_w8p54e.jpg,https://netmeme.genshun9.com/sitemap.xml,d3872389d0108cc0fa97933041923ef88b0e397b1a9b308f40e07a8e522aeef9,netmeme_forest_asset0013_00530,embedded_absolute
46482,https://netmeme.genshun9.com/images/old/old_u1iza5.jpg,actual_media,ネットミームの森 実画像一覧,media/netmeme_forest/netmeme_forest_asset0013_00532__old_u1iza5.jpg,image/jpeg,https://netmeme.genshun9.com/images/old/old_u1iza5.jpg,https://netmeme.genshun9.com/sitemap.xml,82793cf59f5194b32f0d9fd336bfa000979eee601547e03aa5aaf8da4af2f094,netmeme_forest_asset0013_00532,embedded_absolute
15312,https://netmeme.genshun9.com/images/old/old_o7qkap.jpg,actual_media,ネットミームの森 実画像一覧,media/netmeme_forest/netmeme_forest_asset0013_00536__old_o7qkap.jpg,image/jpeg,https://netmeme.genshun9.com/images/old/old_o7qkap.jpg,https://netmeme.genshun9.com/sitemap.xml,b25d13101f30c856762bd93de276f7a2921d8b20031708b92a5ab4bffe4f9f3a,netmeme_forest_asset0013_00536,embedded_absolute
126830,https://netmeme.genshun9.com/images/old/old_cot0ce.jpg,actual_media,ネットミームの森 実画像一覧,media/netmeme_forest/netmeme_forest_asset0013_00529__old_cot0ce.jpg,image/jpeg,https://netmeme.genshun9.com/images/old/old_cot0ce.jpg,https://netmeme.genshun9.com/sitemap.xml,7a19a3459f07dc3b48b09f64a8852f7f67fdd7ead5df6b9f8e0fadab27d5e2ab,netmeme_forest_asset0013_00529,embedded_absolute
93844,https://netmeme.genshun9.com/images/old/old_n8nepk.jpg,actual_media,ネットミームの森 実画像一覧,media/netmeme_forest/netmeme_forest_asset0013_00531__old_n8nepk.jpg,image/jpeg,https://netmeme.genshun9.com/images/old/old_n8nepk.jpg,https://netmeme.genshun9.com/sitemap.xml,50be1cf322e01b36cfc2d8c49465360e54d24a39b9b479e37ea9a781a6d635e4,netmeme_forest_asset0013_00531,embedded_absolute
137911,https://netmeme.genshun9.com/images/old/old_igyaqg.jpg,actual_media,ネットミームの森 実画像一覧,media/netmeme_forest/netmeme_forest_asset0013_00528__old_igyaqg.jpg,image/jpeg,https://netmeme.genshun9.com/images/old/old_igyaqg.jpg,https://netmeme.genshun9.com/sitemap.xml,21767029bcdd077b01e2b46ddfbf661f586b84ae482bf24c8ca5feb302e457f5,netmeme_forest_asset0013_00528,embedded_absolute
17404,https://netmeme.genshun9.com/images/old/old_nqnu1j.jpg,actual_media,ネットミームの森 実画像一覧,media/netmeme_forest/netmeme_forest_asset0013_00537__old_nqnu1j.jpg,image/jpeg,https://netmeme.genshun9.com/images/old/old_nqnu1j.jpg,https://netmeme.genshun9.com/sitemap.xml,2d81b252bf71d005e6e1d58884f9a676146853e44ee4241d99b596c10b303b77,netmeme_forest_asset0013_00537,embedded_absolute
21083,https://netmeme.genshun9.com/images/old/old_e21iyk.jpg,actual_media,ネットミームの森 実画像一覧,media/netmeme_forest/netmeme_forest_asset0013_00534__old_e21iyk.jpg,image/jpeg,https://netmeme.genshun9.com/images/old/old_e21iyk.jpg,https://netmeme.genshun9.com/sitemap.xml,debaa7b1797aeec088f410b21a482ec6e650fc66fd4f66e9f2b9f6ab9a78e55d,netmeme_forest_asset0013_00534,embedded_absolute
35189,https://netmeme.genshun9.com/images/old/old_tkru8m.jpg,actual_media,ネットミームの森 実画像一覧,media/netmeme_forest/netmeme_forest_asset0013_00546__old_tkru8m.jpg,image/jpeg,https://netmeme.genshun9.com/images/old/old_tkru8m.jpg,https://netmeme.genshun9.com/sitemap.xml,f24b0eac34ec92dfe43409cd52b3159a1c5f9ef312fe7c40e77105b776a29201,netmeme_forest_asset0013_00546,embedded_absolute
20430,https://netmeme.genshun9.com/images/old/old_2f17e5.jpg,actual_media,ネットミームの森 実画像一覧,media/netmeme_forest/netmeme_forest_asset0013_00539__old_2f17e5.jpg,image/jpeg,https://netmeme.genshun9.com/images/old/old_2f17e5.jpg,https://netmeme.genshun9.com/sitemap.xml,ff5f2788e3a3ac74760c34eb66ffea9847e6d65fe6a598bcbc3ce6f29c9b03b5,netmeme_forest_asset0013_00539,embedded_absolute
20861,https://netmeme.genshun9.com/images/old/old_ovel1a.jpg,actual_media,ネットミームの森 実画像一覧,media/netmeme_forest/netmeme_forest_asset0013_00538__old_ovel1a.jpg,image/jpeg,https://netmeme.genshun9.com/images/old/old_ovel1a.jpg,https://netmeme.genshun9.com/sitemap.xml,8371db19b1a85f03467ab5fe24246bb51dc25f668f67ea25aa8a2c306cf90234,netmeme_forest_asset0013_00538,embedded_absolute
54810,https://netmeme.genshun9.com/images/old/old_0u7p0n.jpg,actual_media,ネットミームの森 実画像一覧,media/netmeme_forest/netmeme_forest_asset0013_00535__old_0u7p0n.jpg,image/jpeg,https://netmeme.genshun9.com/images/old/old_0u7p0n.jpg,https://netmeme.genshun9.com/sitemap.xml,451c9f05f8d82c2003b5e52cd82ade30062df2acc3c0765a38ba096253027c60,netmeme_forest_asset0013_00535,embedded_absolute
14199,https://netmeme.genshun9.com/images/old/old_c1fwmp.jpg,actual_media,ネットミームの森 実画像一覧,media/netmeme_forest/netmeme_forest_asset0013_00542__old_c1fwmp.jpg,image/jpeg,https://netmeme.genshun9.com/images/old/old_c1fwmp.jpg,https://netmeme.genshun9.com/sitemap.xml,99c289f7b8c5029de3962889713ab16a9ba6dcf49a2150548490f709e73ec292,netmeme_forest_asset0013_00542,embedded_absolute
51743,https://netmeme.genshun9.com/images/old/old_3xe2l3.jpg,actual_media,ネットミームの森 実画像一覧,media/netmeme_forest/netmeme_forest_asset0013_00540__old_3xe2l3.jpg,image/jpeg,https://netmeme.genshun9.com/images/old/old_3xe2l3.jpg,https://netmeme.genshun9.com/sitemap.xml,2a33b22f60d2fe8244b5e56de8223eaf5301eaba030cf37eebc18a7665b55fe9,netmeme_forest_asset0013_00540,embedded_absolute
25667,https://netmeme.genshun9.com/images/old/old_9dljbv.jpg,actual_media,ネットミームの森 実画像一覧,media/netmeme_forest/netmeme_forest_asset0013_00541__old_9dljbv.jpg,image/jpeg,https://netmeme.genshun9.com/images/old/old_9dljbv.jpg,https://netmeme.genshun9.com/sitemap.xml,8ffc1a05e679ad6f81209165d062f0d9b11d60ef506ca5ac0127c2b32af7e8cb,netmeme_forest_asset0013_00541,embedded_absolute
30978,https://netmeme.genshun9.com/images/old/old_l31nye.jpg,actual_media,ネットミームの森 実画像一覧,media/netmeme_forest/netmeme_forest_asset0013_00533__old_l31nye.jpg,image/jpeg,https://netmeme.genshun9.com/images/old/old_l31nye.jpg,https://netmeme.genshun9.com/sitemap.xml,9850fd6ce7e44435b8eb1b12d27d7bfa78478f19ebeb7e3a4135edf1b0b5c2ee,netmeme_forest_asset0013_00533,embedded_absolute
31313,https://netmeme.genshun9.com/images/old/old_0g1wp7.jpg,actual_media,ネットミームの森 実画像一覧,media/netmeme_forest/netmeme_forest_asset0013_00545__old_0g1wp7.jpg,image/jpeg,https://netmeme.genshun9.com/images/old/old_0g1wp7.jpg,https://netmeme.genshun9.com/sitemap.xml,a25574d4fa408c1be11139becac1787f4c82d17cc76156d6b39e1accb1488092,netmeme_forest_asset0013_00545,embedded_absolute
2992,https://netmeme.genshun9.com/images/old/old_b9urq2.jpg,actual_media,ネットミームの森 実画像一覧,media/netmeme_forest/netmeme_forest_asset0013_00551__old_b9urq2.jpg,image/jpeg,https://netmeme.genshun9.com/images/old/old_b9urq2.jpg,https://netmeme.genshun9.com/sitemap.xml,a1441813afd3f61d0aaa63d9ebd503ab45612ac7cf1da4734342493b089e9aa7,netmeme_forest_asset0013_00551,embedded_absolute
31812,https://netmeme.genshun9.com/images/old/old_be51zy.jpg,actual_media,ネットミームの森 実画像一覧,media/netmeme_forest/netmeme_forest_asset0013_00543__old_be51zy.jpg,image/jpeg,https://netmeme.genshun9.com/images/old/old_be51zy.jpg,https://netmeme.genshun9.com/sitemap.xml,91351968b4a7ef172bb2bc4c8e2f4d7ca8fe8c25fc753b500df4b812e67a6064,netmeme_forest_asset0013_00543,embedded_absolute
79616,https://netmeme.genshun9.com/images/old/old_8q4cp1.jpg,actual_media,ネットミームの森 実画像一覧,media/netmeme_forest/netmeme_forest_asset0013_00547__old_8q4cp1.jpg,image/jpeg,https://netmeme.genshun9.com/images/old/old_8q4cp1.jpg,https://netmeme.genshun9.com/sitemap.xml,e2685d81bcae97030da2375c8c58bb4da68e4104f5f952cc1fa48fd08e5995ee,netmeme_forest_asset0013_00547,embedded_absolute
33878,https://netmeme.genshun9.com/images/old/old_rfrijr.jpg,actual_media,ネットミームの森 実画像一覧,media/netmeme_forest/netmeme_forest_asset0013_00549__old_rfrijr.jpg,image/jpeg,https://netmeme.genshun9.com/images/old/old_rfrijr.jpg,https://netmeme.genshun9.com/sitemap.xml,f710b2a362ad44fefad4845ccc4f1bf366cfc0a64b46c5f6e868548188ec2c82,netmeme_forest_asset0013_00549,embedded_absolute
21846,https://netmeme.genshun9.com/images/old/old_issqps.jpg,actual_media,ネットミームの森 実画像一覧,media/netmeme_forest/netmeme_forest_asset0013_00548__old_issqps.jpg,image/jpeg,https://netmeme.genshun9.com/images/old/old_issqps.jpg,https://netmeme.genshun9.com/sitemap.xml,b71cc0c6e7b0f2430a0774af40b17cd6c26c5c2bd130777ec9ce234f42dfc54c,netmeme_forest_asset0013_00548,embedded_absolute
53661,https://netmeme.genshun9.com/images/old/old_udyv9w.jpg,actual_media,ネットミームの森 実画像一覧,media/netmeme_forest/netmeme_forest_asset0013_00544__old_udyv9w.jpg,image/jpeg,https://netmeme.genshun9.com/images/old/old_udyv9w.jpg,https://netmeme.genshun9.com/sitemap.xml,48fdc936b4bd65d5e16d33b860c4c21b5c9ee89c59aa963f8ad25c75a7538102,netmeme_forest_asset0013_00544,embedded_absolute
52531,https://netmeme.genshun9.com/images/old/old_zc1cno.jpg,actual_media,ネットミームの森 実画像一覧,media/netmeme_forest/netmeme_forest_asset0013_00555__old_zc1cno.jpg,image/jpeg,https://netmeme.genshun9.com/images/old/old_zc1cno.jpg,https://netmeme.genshun9.com/sitemap.xml,f9012be098e4109cb9fa052b7b9c929886b0403fad61ba00585fbb136d87e786,netmeme_forest_asset0013_00555,embedded_absolute
81229,https://netmeme.genshun9.com/images/old/old_ldb8bf.jpg,actual_media,ネットミームの森 実画像一覧,media/netmeme_forest/netmeme_forest_asset0013_00552__old_ldb8bf.jpg,image/jpeg,https://netmeme.genshun9.com/images/old/old_ldb8bf.jpg,https://netmeme.genshun9.com/sitemap.xml,132eb862b1060cd72dfc430efc77b7af6f4e1faf53a47004a64842671601a05f,netmeme_forest_asset0013_00552,embedded_absolute
111611,https://netmeme.genshun9.com/images/old/old_1bvdul.jpg,actual_media,ネットミームの森 実画像一覧,media/netmeme_forest/netmeme_forest_asset0013_00550__old_1bvdul.jpg,image/jpeg,https://netmeme.genshun9.com/images/old/old_1bvdul.jpg,https://netmeme.genshun9.com/sitemap.xml,42f059a74a1ac67a665190a2968ddfd6f09937433c098e5a1569f4554ce67900,netmeme_forest_asset0013_00550,embedded_absolute
85648,https://netmeme.genshun9.com/images/old/old_p5chdk.jpg,actual_media,ネットミームの森 実画像一覧,media/netmeme_forest/netmeme_forest_asset0013_00553__old_p5chdk.jpg,image/jpeg,https://netmeme.genshun9.com/images/old/old_p5chdk.jpg,https://netmeme.genshun9.com/sitemap.xml,e94a46bb35c7347f702453f343673faad53bb423eadb76cf16b911469d231f13,netmeme_forest_asset0013_00553,embedded_absolute
42136,https://netmeme.genshun9.com/images/old/old_ii0ew5.jpg,actual_media,ネットミームの森 実画像一覧,media/netmeme_forest/netmeme_forest_asset0013_00562__old_ii0ew5.jpg,image/jpeg,https://netmeme.genshun9.com/images/old/old_ii0ew5.jpg,https://netmeme.genshun9.com/sitemap.xml,ab16d9bcf8dc06b5f18c73390ab914fa3e5ddef8e556daa8554640651cc12d30,netmeme_forest_asset0013_00562,embedded_absolute
26821,https://netmeme.genshun9.com/images/old/old_q742md.jpg,actual_media,ネットミームの森 実画像一覧,media/netmeme_forest/netmeme_forest_asset0013_00554__old_q742md.jpg,image/jpeg,https://netmeme.genshun9.com/images/old/old_q742md.jpg,https://netmeme.genshun9.com/sitemap.xml,5ff63732c40892118f1133e20c4a838fa4ee5f5dfab6efea4d3aaccdfab26a66,netmeme_forest_asset0013_00554,embedded_absolute
162081,https://netmeme.genshun9.com/images/old/old_rphqrj.jpg,actual_media,ネットミームの森 実画像一覧,media/netmeme_forest/netmeme_forest_asset0013_00559__old_rphqrj.jpg,image/jpeg,https://netmeme.genshun9.com/images/old/old_rphqrj.jpg,https://netmeme.genshun9.com/sitemap.xml,d0aaa250c16143370c7ac6431a3c59e7a2bfefcb9c71f6983da8ea9f9974b37b,netmeme_forest_asset0013_00559,embedded_absolute
31319,https://netmeme.genshun9.com/images/old/old_kixygs.jpg,actual_media,ネットミームの森 実画像一覧,media/netmeme_forest/netmeme_forest_asset0013_00564__old_kixygs.jpg,image/jpeg,https://netmeme.genshun9.com/images/old/old_kixygs.jpg,https://netmeme.genshun9.com/sitemap.xml,19528bcf08561a9080e754c7d99b1f9ff4a61b126afe310ec44f6167a40cc64a,netmeme_forest_asset0013_00564,embedded_absolute
33267,https://netmeme.genshun9.com/images/old/old_lju7k4.jpg,actual_media,ネットミームの森 実画像一覧,media/netmeme_forest/netmeme_forest_asset0013_00566__old_lju7k4.jpg,image/jpeg,https://netmeme.genshun9.com/images/old/old_lju7k4.jpg,https://netmeme.genshun9.com/sitemap.xml,be56490e25724f4227f2c996d01001227a001753c873b5c673b57c250552a814,netmeme_forest_asset0013_00566,embedded_absolute
51974,https://netmeme.genshun9.com/images/old/old_c0de34.jpg,actual_media,ネットミームの森 実画像一覧,media/netmeme_forest/netmeme_forest_asset0013_00558__old_c0de34.jpg,image/jpeg,https://netmeme.genshun9.com/images/old/old_c0de34.jpg,https://netmeme.genshun9.com/sitemap.xml,de91c682652f06023655e93c5e739b816fafeecb486822879bce713863117345,netmeme_forest_asset0013_00558,embedded_absolute
59293,https://netmeme.genshun9.com/images/old/old_5vib58.jpg,actual_media,ネットミームの森 実画像一覧,media/netmeme_forest/netmeme_forest_asset0013_00563__old_5vib58.jpg,image/jpeg,https://netmeme.genshun9.com/images/old/old_5vib58.jpg,https://netmeme.genshun9.com/sitemap.xml,5a64b62dc77adcd532f42440d43400532613e459da03db7154fbf65b4edc6d19,netmeme_forest_asset0013_00563,embedded_absolute
74084,https://netmeme.genshun9.com/images/old/old_cp9nd1.jpg,actual_media,ネットミームの森 実画像一覧,media/netmeme_forest/netmeme_forest_asset0013_00565__old_cp9nd1.jpg,image/jpeg,https://netmeme.genshun9.com/images/old/old_cp9nd1.jpg,https://netmeme.genshun9.com/sitemap.xml,8da5ab2d70171e9927a4707f11a37385441034e8124e643704851bb011d7049f,netmeme_forest_asset0013_00565,embedded_absolute
79154,https://netmeme.genshun9.com/images/old/old_zt10lp.jpg,actual_media,ネットミームの森 実画像一覧,media/netmeme_forest/netmeme_forest_asset0013_00567__old_zt10lp.jpg,image/jpeg,https://netmeme.genshun9.com/images/old/old_zt10lp.jpg,https://netmeme.genshun9.com/sitemap.xml,2158e292fc6e2e696abad7851461256ebe6becdd9d341872205014b1a53ab8ba,netmeme_forest_asset0013_00567,embedded_absolute
85550,https://netmeme.genshun9.com/images/old/old_hisyz9.jpg,actual_media,ネットミームの森 実画像一覧,media/netmeme_forest/netmeme_forest_asset0013_00556__old_hisyz9.jpg,image/jpeg,https://netmeme.genshun9.com/images/old/old_hisyz9.jpg,https://netmeme.genshun9.com/sitemap.xml,fa306e430fc5fc25a2970f0b7c83da08c940e4aff05d179d6e5d39f710dd8d16,netmeme_forest_asset0013_00556,embedded_absolute
59574,https://netmeme.genshun9.com/images/old/old_8mqlvf.jpg,actual_media,ネットミームの森 実画像一覧,media/netmeme_forest/netmeme_forest_asset0013_00569__old_8mqlvf.jpg,image/jpeg,https://netmeme.genshun9.com/images/old/old_8mqlvf.jpg,https://netmeme.genshun9.com/sitemap.xml,9bdf527d8a23ad82d48a26bb646ac77f7467a53067f56ba3df6208977603ac36,netmeme_forest_asset0013_00569,embedded_absolute
35049,https://netmeme.genshun9.com/images/old/old_nikc2i.jpg,actual_media,ネットミームの森 実画像一覧,media/netmeme_forest/netmeme_forest_asset0013_00572__old_nikc2i.jpg,image/jpeg,https://netmeme.genshun9.com/images/old/old_nikc2i.jpg,https://netmeme.genshun9.com/sitemap.xml,803fd4085beb0e5b24048bf370758af279d5e5f51c13624c92f85b3ca5a1d3d7,netmeme_forest_asset0013_00572,embedded_absolute
37727,https://netmeme.genshun9.com/images/old/old_5ceb2o.jpg,actual_media,ネットミームの森 実画像一覧,media/netmeme_forest/netmeme_forest_asset0013_00571__old_5ceb2o.jpg,image/jpeg,https://netmeme.genshun9.com/images/old/old_5ceb2o.jpg,https://netmeme.genshun9.com/sitemap.xml,42fc29facc9b3b55d114bd7b81c72ff78ecc7808dfa94ee0cc927e066a6d21cf,netmeme_forest_asset0013_00571,embedded_absolute
100743,https://netmeme.genshun9.com/images/old/old_wwbwhn.jpg,actual_media,ネットミームの森 実画像一覧,media/netmeme_forest/netmeme_forest_asset0013_00561__old_wwbwhn.jpg,image/jpeg,https://netmeme.genshun9.com/images/old/old_wwbwhn.jpg,https://netmeme.genshun9.com/sitemap.xml,d26478b4135f01fae008b97a7e4d2c18c706611876d71797b768d8f70c2cc64c,netmeme_forest_asset0013_00561,embedded_absolute
38837,https://netmeme.genshun9.com/images/old/old_m43dif.jpg,actual_media,ネットミームの森 実画像一覧,media/netmeme_forest/netmeme_forest_asset0013_00573__old_m43dif.jpg,image/jpeg,https://netmeme.genshun9.com/images/old/old_m43dif.jpg,https://netmeme.genshun9.com/sitemap.xml,cc665a0651420bc3f1dd6d33575430cb62bab0f8afbf49a1891c0eee0a9469c2,netmeme_forest_asset0013_00573,embedded_absolute
126568,https://netmeme.genshun9.com/images/old/old_ait21c.jpg,actual_media,ネットミームの森 実画像一覧,media/netmeme_forest/netmeme_forest_asset0013_00560__old_ait21c.jpg,image/jpeg,https://netmeme.genshun9.com/images/old/old_ait21c.jpg,https://netmeme.genshun9.com/sitemap.xml,d9c9980c8554ee00d0bc1480ed19a171d39be49b639816cd745ab11bd5d55b95,netmeme_forest_asset0013_00560,embedded_absolute
59039,https://netmeme.genshun9.com/images/old/old_st0e2y.jpg,actual_media,ネットミームの森 実画像一覧,media/netmeme_forest/netmeme_forest_asset0013_00568__old_st0e2y.jpg,image/jpeg,https://netmeme.genshun9.com/images/old/old_st0e2y.jpg,https://netmeme.genshun9.com/sitemap.xml,280dcb74a464f2a31de04b5d8c2d62b525def7e50bd10424b472d3fff3c48075,netmeme_forest_asset0013_00568,embedded_absolute
369848,https://netmeme.genshun9.com/images/old/old_sblkkj.jpg,actual_media,ネットミームの森 実画像一覧,media/netmeme_forest/netmeme_forest_asset0013_00557__old_sblkkj.jpg,image/jpeg,https://netmeme.genshun9.com/images/old/old_sblkkj.jpg,https://netmeme.genshun9.com/sitemap.xml,e6557f66b2a98565c94161d000b196c3ecc3491413dbc0beb05a1bb00bb87ed8,netmeme_forest_asset0013_00557,embedded_absolute
42135,https://netmeme.genshun9.com/images/old/old_o0z1w6.jpg,actual_media,ネットミームの森 実画像一覧,media/netmeme_forest/netmeme_forest_asset0013_00574__old_o0z1w6.jpg,image/jpeg,https://netmeme.genshun9.com/images/old/old_o0z1w6.jpg,https://netmeme.genshun9.com/sitemap.xml,0fb1c7f29a8c4172fbe3c8b826aeada88bf65be03513f7645fe5b7402b4809ae,netmeme_forest_asset0013_00574,embedded_absolute
111695,https://netmeme.genshun9.com/images/old/old_6ihpuz.jpg,actual_media,ネットミームの森 実画像一覧,media/netmeme_forest/netmeme_forest_asset0013_00575__old_6ihpuz.jpg,image/jpeg,https://netmeme.genshun9.com/images/old/old_6ihpuz.jpg,https://netmeme.genshun9.com/sitemap.xml,ffe3de940863728e73cc59519e4003d52f3cc514ac6d5f59133a291748ca3966,netmeme_forest_asset0013_00575,embedded_absolute
60141,https://netmeme.genshun9.com/images/old/old_axyktj.jpg,actual_media,ネットミームの森 実画像一覧,media/netmeme_forest/netmeme_forest_asset0013_00570__old_axyktj.jpg,image/jpeg,https://netmeme.genshun9.com/images/old/old_axyktj.jpg,https://netmeme.genshun9.com/sitemap.xml,633dde1de5ed986c8aee156bc8ef530bcb65ded75fce222d2ca993d557f4dd36,netmeme_forest_asset0013_00570,embedded_absolute
88222,https://netmeme.genshun9.com/images/old/old_aeooer.jpg,actual_media,ネットミームの森 実画像一覧,media/netmeme_forest/netmeme_forest_asset0013_00576__old_aeooer.jpg,image/jpeg,https://netmeme.genshun9.com/images/old/old_aeooer.jpg,https://netmeme.genshun9.com/sitemap.xml,c428a800974eeeafd5df880a094fdfa1c69ee990f161c23ebc9da8bbdf04053f,netmeme_forest_asset0013_00576,embedded_absolute
14569,https://netmeme.genshun9.com/images/old/old_03g7li.jpg,actual_media,ネットミームの森 実画像一覧,media/netmeme_forest/netmeme_forest_asset0013_00580__old_03g7li.jpg,image/jpeg,https://netmeme.genshun9.com/images/old/old_03g7li.jpg,https://netmeme.genshun9.com/sitemap.xml,4ab851479b5d4ea8dee84a43be447be88a1ae1b02cd025f14784fba71d3ea13b,netmeme_forest_asset0013_00580,embedded_absolute
46885,https://netmeme.genshun9.com/images/old/old_04zi76.jpg,actual_media,ネットミームの森 実画像一覧,media/netmeme_forest/netmeme_forest_asset0013_00578__old_04zi76.jpg,image/jpeg,https://netmeme.genshun9.com/images/old/old_04zi76.jpg,https://netmeme.genshun9.com/sitemap.xml,01e82aa2b12814bddbf434290bf45f43d58c656df301df7d0251f3fcfacaf3d1,netmeme_forest_asset0013_00578,embedded_absolute
34253,https://netmeme.genshun9.com/images/old/old_tqxvls.jpg,actual_media,ネットミームの森 実画像一覧,media/netmeme_forest/netmeme_forest_asset0013_00579__old_tqxvls.jpg,image/jpeg,https://netmeme.genshun9.com/images/old/old_tqxvls.jpg,https://netmeme.genshun9.com/sitemap.xml,3f3a7e287fb298aa03f7bc0191c82fdad75afa25a66701f36613d41bf4a98347,netmeme_forest_asset0013_00579,embedded_absolute
54077,https://netmeme.genshun9.com/images/old/old_xhlbh9.jpg,actual_media,ネットミームの森 実画像一覧,media/netmeme_forest/netmeme_forest_asset0013_00581__old_xhlbh9.jpg,image/jpeg,https://netmeme.genshun9.com/images/old/old_xhlbh9.jpg,https://netmeme.genshun9.com/sitemap.xml,a2419960ae288a86bd2219e4b192a1a617562d045b1b57d5aa47b2e66a5e5ef8,netmeme_forest_asset0013_00581,embedded_absolute
44678,https://netmeme.genshun9.com/images/old/old_rwzkp2.jpg,actual_media,ネットミームの森 実画像一覧,media/netmeme_forest/netmeme_forest_asset0013_00585__old_rwzkp2.jpg,image/jpeg,https://netmeme.genshun9.com/images/old/old_rwzkp2.jpg,https://netmeme.genshun9.com/sitemap.xml,bb81f41bb32b4c208d6b711fa276063e2a3416ff360752a2d2e1dbb71360b39e,netmeme_forest_asset0013_00585,embedded_absolute
38042,https://netmeme.genshun9.com/images/old/old_enu2xf.jpg,actual_media,ネットミームの森 実画像一覧,media/netmeme_forest/netmeme_forest_asset0013_00586__old_enu2xf.jpg,image/jpeg,https://netmeme.genshun9.com/images/old/old_enu2xf.jpg,https://netmeme.genshun9.com/sitemap.xml,42cbef675fbf23ab2c1b5a15eeccdb095016a61deaeadde02347e12874f4abe2,netmeme_forest_asset0013_00586,embedded_absolute
39614,https://netmeme.genshun9.com/images/old/old_8xvyzi.jpg,actual_media,ネットミームの森 実画像一覧,media/netmeme_forest/netmeme_forest_asset0013_00584__old_8xvyzi.jpg,image/jpeg,https://netmeme.genshun9.com/images/old/old_8xvyzi.jpg,https://netmeme.genshun9.com/sitemap.xml,017c07ce34485a9c2441c10bedbe3e16a3d5ace58e5cdc19096a726faeac2d10,netmeme_forest_asset0013_00584,embedded_absolute
32146,https://netmeme.genshun9.com/images/old/old_kzgnm1.jpg,actual_media,ネットミームの森 実画像一覧,media/netmeme_forest/netmeme_forest_asset0013_00588__old_kzgnm1.jpg,image/jpeg,https://netmeme.genshun9.com/images/old/old_kzgnm1.jpg,https://netmeme.genshun9.com/sitemap.xml,425bf6405f5002af1006d0b8b0934b6198c84cd6c77db3142bd4d73ef884623d,netmeme_forest_asset0013_00588,embedded_absolute
26799,https://netmeme.genshun9.com/images/old/old_vcmyge.jpg,actual_media,ネットミームの森 実画像一覧,media/netmeme_forest/netmeme_forest_asset0013_00591__old_vcmyge.jpg,image/jpeg,https://netmeme.genshun9.com/images/old/old_vcmyge.jpg,https://netmeme.genshun9.com/sitemap.xml,98f7e3d31a1ceb6f9ca726a555b074e34117b022966c2b01ba6267b1f5c1fb4d,netmeme_forest_asset0013_00591,embedded_absolute
320716,https://netmeme.genshun9.com/images/old/old_h5w9ds.jpg,actual_media,ネットミームの森 実画像一覧,media/netmeme_forest/netmeme_forest_asset0013_00582__old_h5w9ds.jpg,image/jpeg,https://netmeme.genshun9.com/images/old/old_h5w9ds.jpg,https://netmeme.genshun9.com/sitemap.xml,1cd7aaa9db194a78ccd6a2333663c4ca22ab6f8d4f155b574713f1bdd5e3a031,netmeme_forest_asset0013_00582,embedded_absolute
56573,https://netmeme.genshun9.com/images/old/old_ery36l.jpg,actual_media,ネットミームの森 実画像一覧,media/netmeme_forest/netmeme_forest_asset0013_00577__old_ery36l.jpg,image/jpeg,https://netmeme.genshun9.com/images/old/old_ery36l.jpg,https://netmeme.genshun9.com/sitemap.xml,10eee0d427fc7411bfa903142e1b98c6a2d8692d0d487e78507eb4a676660926,netmeme_forest_asset0013_00577,embedded_absolute
256417,https://netmeme.genshun9.com/images/old/old_eohkpd.jpg,actual_media,ネットミームの森 実画像一覧,media/netmeme_forest/netmeme_forest_asset0013_00583__old_eohkpd.jpg,image/jpeg,https://netmeme.genshun9.com/images/old/old_eohkpd.jpg,https://netmeme.genshun9.com/sitemap.xml,10856bfa8e4d66debf0f8681d90e7ee960711ca0478967f4b85e351bd0d77cd3,netmeme_forest_asset0013_00583,embedded_absolute
46740,https://netmeme.genshun9.com/images/old/old_kqub9k.jpg,actual_media,ネットミームの森 実画像一覧,media/netmeme_forest/netmeme_forest_asset0013_00587__old_kqub9k.jpg,image/jpeg,https://netmeme.genshun9.com/images/old/old_kqub9k.jpg,https://netmeme.genshun9.com/sitemap.xml,d0a61bd993e4c0b61918ae9d7af7dcca6022879070b6c3e8f505bb4832bf0a4d,netmeme_forest_asset0013_00587,embedded_absolute
81898,https://netmeme.genshun9.com/images/old/old_2gju09.jpg,actual_media,ネットミームの森 実画像一覧,media/netmeme_forest/netmeme_forest_asset0013_00589__old_2gju09.jpg,image/jpeg,https://netmeme.genshun9.com/images/old/old_2gju09.jpg,https://netmeme.genshun9.com/sitemap.xml,602ec4c150ab8af7ec7dba338c2ce4d414868b03bb0f9188f91b4513ad0a8ae4,netmeme_forest_asset0013_00589,embedded_absolute
32733,https://netmeme.genshun9.com/images/old/old_2h3dg5.jpg,actual_media,ネットミームの森 実画像一覧,media/netmeme_forest/netmeme_forest_asset0013_00592__old_2h3dg5.jpg,image/jpeg,https://netmeme.genshun9.com/images/old/old_2h3dg5.jpg,https://netmeme.genshun9.com/sitemap.xml,94bc5b7c0582552aab25a1565b9f20e80d18490cd63ece611ce5a2026e8c3363,netmeme_forest_asset0013_00592,embedded_absolute
36004,https://netmeme.genshun9.com/images/old/old_herw40.jpg,actual_media,ネットミームの森 実画像一覧,media/netmeme_forest/netmeme_forest_asset0013_00596__old_herw40.jpg,image/jpeg,https://netmeme.genshun9.com/images/old/old_herw40.jpg,https://netmeme.genshun9.com/sitemap.xml,d5ab47c47925d7d1772a4f7da4773871d9b17e1487b00f5948befaef9699fdc9,netmeme_forest_asset0013_00596,embedded_absolute
132520,https://netmeme.genshun9.com/images/old/old_mvrncl.jpg,actual_media,ネットミームの森 実画像一覧,media/netmeme_forest/netmeme_forest_asset0013_00593__old_mvrncl.jpg,image/jpeg,https://netmeme.genshun9.com/images/old/old_mvrncl.jpg,https://netmeme.genshun9.com/sitemap.xml,775708fb78872d160ba914edcc19f93901e1350f1ca49ab8c0e65706cac18f65,netmeme_forest_asset0013_00593,embedded_absolute
11941,https://netmeme.genshun9.com/images/old/old_0cws5r.jpg,actual_media,ネットミームの森 実画像一覧,media/netmeme_forest/netmeme_forest_asset0013_00594__old_0cws5r.jpg,image/jpeg,https://netmeme.genshun9.com/images/old/old_0cws5r.jpg,https://netmeme.genshun9.com/sitemap.xml,876ded8b8f10715f47e81722a883826a366c2158069236f7bc708a0f1e856c9c,netmeme_forest_asset0013_00594,embedded_absolute
103624,https://netmeme.genshun9.com/images/old/old_ze764w.jpg,actual_media,ネットミームの森 実画像一覧,media/netmeme_forest/netmeme_forest_asset0013_00595__old_ze764w.jpg,image/jpeg,https://netmeme.genshun9.com/images/old/old_ze764w.jpg,https://netmeme.genshun9.com/sitemap.xml,3750ad54bccda076c4c017bda60e8dc49d0fedc423c5277b9bb4e2c9295a6024,netmeme_forest_asset0013_00595,embedded_absolute
223772,https://netmeme.genshun9.com/images/old/old_izhls4.jpg,actual_media,ネットミームの森 実画像一覧,media/netmeme_forest/netmeme_forest_asset0013_00590__old_izhls4.jpg,image/jpeg,https://netmeme.genshun9.com/images/old/old_izhls4.jpg,https://netmeme.genshun9.com/sitemap.xml,d3f64e77435815b125198d22098e27e8352734760103932a882b0e7172cffebd,netmeme_forest_asset0013_00590,embedded_absolute
61938,https://netmeme.genshun9.com/images/old/old_7tzhwz.jpg,actual_media,ネットミームの森 実画像一覧,media/netmeme_forest/netmeme_forest_asset0013_00599__old_7tzhwz.jpg,image/jpeg,https://netmeme.genshun9.com/images/old/old_7tzhwz.jpg,https://netmeme.genshun9.com/sitemap.xml,0f5ce4a171e55cf330365da9e96e4ab27087dc97cc0f14e854470bbf82832108,netmeme_forest_asset0013_00599,embedded_absolute
31222,https://netmeme.genshun9.com/images/old/old_wkd7yf.jpg,actual_media,ネットミームの森 実画像一覧,media/netmeme_forest/netmeme_forest_asset0013_00597__old_wkd7yf.jpg,image/jpeg,https://netmeme.genshun9.com/images/old/old_wkd7yf.jpg,https://netmeme.genshun9.com/sitemap.xml,0d7c3ed96a5a04bdfebdbde1ac7af0ec671ef48fc7a6abb81f5f1a0138ef0a0d,netmeme_forest_asset0013_00597,embedded_absolute
93841,https://netmeme.genshun9.com/images/old/old_76d08o.jpg,actual_media,ネットミームの森 実画像一覧,media/netmeme_forest/netmeme_forest_asset0013_00598__old_76d08o.jpg,image/jpeg,https://netmeme.genshun9.com/images/old/old_76d08o.jpg,https://netmeme.genshun9.com/sitemap.xml,4c212be617066d3fcffc33636fa5b3f9d9bae926eba28c1d44df6f06ad7f1d5b,netmeme_forest_asset0013_00598,embedded_absolute
46839,https://netmeme.genshun9.com/images/old/old_0tpbm8.jpg,actual_media,ネットミームの森 実画像一覧,media/netmeme_forest/netmeme_forest_asset0013_00605__old_0tpbm8.jpg,image/jpeg,https://netmeme.genshun9.com/images/old/old_0tpbm8.jpg,https://netmeme.genshun9.com/sitemap.xml,7132fcdec124cb7f7830ab76cf51e9fa657b250ce67a21143138313088b383a2,netmeme_forest_asset0013_00605,embedded_absolute
42967,https://netmeme.genshun9.com/images/old/old_vv4br4.jpg,actual_media,ネットミームの森 実画像一覧,media/netmeme_forest/netmeme_forest_asset0013_00601__old_vv4br4.jpg,image/jpeg,https://netmeme.genshun9.com/images/old/old_vv4br4.jpg,https://netmeme.genshun9.com/sitemap.xml,5bd94b53542121208ea09fc9a594a73c48f0de7084ee725280e1116268de115b,netmeme_forest_asset0013_00601,embedded_absolute
46501,https://netmeme.genshun9.com/images/old/old_nr1chz.jpg,actual_media,ネットミームの森 実画像一覧,media/netmeme_forest/netmeme_forest_asset0013_00602__old_nr1chz.jpg,image/jpeg,https://netmeme.genshun9.com/images/old/old_nr1chz.jpg,https://netmeme.genshun9.com/sitemap.xml,31e924ebd750fb3fb45d9b553d053dc0f75ecc97c055c9fd5370ec66a67ec1f8,netmeme_forest_asset0013_00602,embedded_absolute
11969,https://netmeme.genshun9.com/images/old/old_l2jx9v.jpg,actual_media,ネットミームの森 実画像一覧,media/netmeme_forest/netmeme_forest_asset0013_00608__old_l2jx9v.jpg,image/jpeg,https://netmeme.genshun9.com/images/old/old_l2jx9v.jpg,https://netmeme.genshun9.com/sitemap.xml,0354e30100de2b61a5dad2f922289df6a199c6f4ba7fcbe6b3c7b5c0375584d5,netmeme_forest_asset0013_00608,embedded_absolute
142209,https://netmeme.genshun9.com/images/old/old_aidpnq.jpg,actual_media,ネットミームの森 実画像一覧,media/netmeme_forest/netmeme_forest_asset0013_00600__old_aidpnq.jpg,image/jpeg,https://netmeme.genshun9.com/images/old/old_aidpnq.jpg,https://netmeme.genshun9.com/sitemap.xml,fda337b6cad607a771bf40e12d75bdb6609e0fa9d663bc515ecae4433075fead,netmeme_forest_asset0013_00600,embedded_absolute
47983,https://netmeme.genshun9.com/images/old/old_f4f9em.jpg,actual_media,ネットミームの森 実画像一覧,media/netmeme_forest/netmeme_forest_asset0013_00604__old_f4f9em.jpg,image/jpeg,https://netmeme.genshun9.com/images/old/old_f4f9em.jpg,https://netmeme.genshun9.com/sitemap.xml,1c18872863edb2d98cb40a77845ddbdb1e69691b24ddfe5d6d4f56f6f777d423,netmeme_forest_asset0013_00604,embedded_absolute
70014,https://netmeme.genshun9.com/images/old/old_9xtgm6.jpg,actual_media,ネットミームの森 実画像一覧,media/netmeme_forest/netmeme_forest_asset0013_00607__old_9xtgm6.jpg,image/jpeg,https://netmeme.genshun9.com/images/old/old_9xtgm6.jpg,https://netmeme.genshun9.com/sitemap.xml,7d9ebe5dec6bada7eb1056c1a9ded1f09861a697e2557ee0180d41f1e6331038,netmeme_forest_asset0013_00607,embedded_absolute
131914,https://netmeme.genshun9.com/images/old/old_46u1kx.jpg,actual_media,ネットミームの森 実画像一覧,media/netmeme_forest/netmeme_forest_asset0013_00603__old_46u1kx.jpg,image/jpeg,https://netmeme.genshun9.com/images/old/old_46u1kx.jpg,https://netmeme.genshun9.com/sitemap.xml,6635ddce07b20e84cd05fd011ebc076176815331f6c8c82588e2f45f65eafa48,netmeme_forest_asset0013_00603,embedded_absolute
11268,https://netmeme.genshun9.com/images/old/old_ekp6pc.jpg,actual_media,ネットミームの森 実画像一覧,media/netmeme_forest/netmeme_forest_asset0013_00613__old_ekp6pc.jpg,image/jpeg,https://netmeme.genshun9.com/images/old/old_ekp6pc.jpg,https://netmeme.genshun9.com/sitemap.xml,e98dca4475619a61e46431ab9ea00ddf868b6f596dcc9a35c75000f1fcdb818b,netmeme_forest_asset0013_00613,embedded_absolute
64054,https://netmeme.genshun9.com/images/old/old_uj5f25.jpg,actual_media,ネットミームの森 実画像一覧,media/netmeme_forest/netmeme_forest_asset0013_00610__old_uj5f25.jpg,image/jpeg,https://netmeme.genshun9.com/images/old/old_uj5f25.jpg,https://netmeme.genshun9.com/sitemap.xml,c49f8345ecedfe0a7e2a15cd6166a3ab558784cc5bea1daf3b75faf025dc6962,netmeme_forest_asset0013_00610,embedded_absolute
17406,https://netmeme.genshun9.com/images/old/old_n23888.jpg,actual_media,ネットミームの森 実画像一覧,media/netmeme_forest/netmeme_forest_asset0013_00614__old_n23888.jpg,image/jpeg,https://netmeme.genshun9.com/images/old/old_n23888.jpg,https://netmeme.genshun9.com/sitemap.xml,ce86050e5d53b68d8336637c23d92252fc3dc6a39319f4a2a4e66dd5ec16ef8e,netmeme_forest_asset0013_00614,embedded_absolute
97501,https://netmeme.genshun9.com/images/old/old_h2jsla.jpg,actual_media,ネットミームの森 実画像一覧,media/netmeme_forest/netmeme_forest_asset0013_00606__old_h2jsla.jpg,image/jpeg,https://netmeme.genshun9.com/images/old/old_h2jsla.jpg,https://netmeme.genshun9.com/sitemap.xml,d8a135287f66b4bc58aa62628c3ed2373f51edc727b8b527371ad7bfe5ed28ab,netmeme_forest_asset0013_00606,embedded_absolute
12696,https://netmeme.genshun9.com/images/old/old_7x0rdq.jpg,actual_media,ネットミームの森 実画像一覧,media/netmeme_forest/netmeme_forest_asset0013_00615__old_7x0rdq.jpg,image/jpeg,https://netmeme.genshun9.com/images/old/old_7x0rdq.jpg,https://netmeme.genshun9.com/sitemap.xml,5f1ffdc9a613844d07158478f2dda7a7155437e100672ec2f19d07ed261f2daf,netmeme_forest_asset0013_00615,embedded_absolute
60148,https://netmeme.genshun9.com/images/old/old_qcyvrb.jpg,actual_media,ネットミームの森 実画像一覧,media/netmeme_forest/netmeme_forest_asset0013_00612__old_qcyvrb.jpg,image/jpeg,https://netmeme.genshun9.com/images/old/old_qcyvrb.jpg,https://netmeme.genshun9.com/sitemap.xml,e27354cc04fe7781bff7a37d16b8f54ca37541fa0200ad7efd6b04b3b68abc73,netmeme_forest_asset0013_00612,embedded_absolute
58599,https://netmeme.genshun9.com/images/old/old_nylx2z.jpg,actual_media,ネットミームの森 実画像一覧,media/netmeme_forest/netmeme_forest_asset0013_00609__old_nylx2z.jpg,image/jpeg,https://netmeme.genshun9.com/images/old/old_nylx2z.jpg,https://netmeme.genshun9.com/sitemap.xml,d8d5c48b46db2d33b07c39b4dc8f82ca3b572a710b804221c1bf01388559ea25,netmeme_forest_asset0013_00609,embedded_absolute
25663,https://netmeme.genshun9.com/images/old/old_udx1v6.jpg,actual_media,ネットミームの森 実画像一覧,media/netmeme_forest/netmeme_forest_asset0013_00621__old_udx1v6.jpg,image/jpeg,https://netmeme.genshun9.com/images/old/old_udx1v6.jpg,https://netmeme.genshun9.com/sitemap.xml,5ea347b23c5c5d04fb686686d23c5a2e094b966d83dabd0dfbdf84129e094bf7,netmeme_forest_asset0013_00621,embedded_absolute
43741,https://netmeme.genshun9.com/images/old/old_tchkyy.jpg,actual_media,ネットミームの森 実画像一覧,media/netmeme_forest/netmeme_forest_asset0013_00619__old_tchkyy.jpg,image/jpeg,https://netmeme.genshun9.com/images/old/old_tchkyy.jpg,https://netmeme.genshun9.com/sitemap.xml,d8304e885f6fd58481bec15024cdc2184321fad8b8669f3397e1f6acaf8377c7,netmeme_forest_asset0013_00619,embedded_absolute
81951,https://netmeme.genshun9.com/images/old/old_zu18wu.jpg,actual_media,ネットミームの森 実画像一覧,media/netmeme_forest/netmeme_forest_asset0013_00616__old_zu18wu.jpg,image/jpeg,https://netmeme.genshun9.com/images/old/old_zu18wu.jpg,https://netmeme.genshun9.com/sitemap.xml,341e9a447f118035fec811c8bf4a782dfa7fcbe72dc6db82b06aae0f775fe43e,netmeme_forest_asset0013_00616,embedded_absolute
24101,https://netmeme.genshun9.com/images/old/old_mptqf6.jpg,actual_media,ネットミームの森 実画像一覧,media/netmeme_forest/netmeme_forest_asset0013_00620__old_mptqf6.jpg,image/jpeg,https://netmeme.genshun9.com/images/old/old_mptqf6.jpg,https://netmeme.genshun9.com/sitemap.xml,573249fb699b1d055da08a37c366f8f47564447d33826bc80b58f3d247ab5953,netmeme_forest_asset0013_00620,embedded_absolute
39201,https://netmeme.genshun9.com/images/old/old_6f6v5l.jpg,actual_media,ネットミームの森 実画像一覧,media/netmeme_forest/netmeme_forest_asset0013_00618__old_6f6v5l.jpg,image/jpeg,https://netmeme.genshun9.com/images/old/old_6f6v5l.jpg,https://netmeme.genshun9.com/sitemap.xml,e4af0adeb1c86d26c430dab7cc2aeb8a064dcf2933a3cf8225d08677499cdce4,netmeme_forest_asset0013_00618,embedded_absolute
29576,https://netmeme.genshun9.com/images/old/old_ek5aek.jpg,actual_media,ネットミームの森 実画像一覧,media/netmeme_forest/netmeme_forest_asset0013_00624__old_ek5aek.jpg,image/jpeg,https://netmeme.genshun9.com/images/old/old_ek5aek.jpg,https://netmeme.genshun9.com/sitemap.xml,23322a478ad1a80c25f39a05b42330b59891cba3a1cc6ca93a854ea088051733,netmeme_forest_asset0013_00624,embedded_absolute
26385,https://netmeme.genshun9.com/images/old/old_zpvhz3.jpg,actual_media,ネットミームの森 実画像一覧,media/netmeme_forest/netmeme_forest_asset0013_00622__old_zpvhz3.jpg,image/jpeg,https://netmeme.genshun9.com/images/old/old_zpvhz3.jpg,https://netmeme.genshun9.com/sitemap.xml,4a078322603a77885bc43a316187f5084f9b0dbcac47ef0a3e1506d07bc5faba,netmeme_forest_asset0013_00622,embedded_absolute
40012,https://netmeme.genshun9.com/images/old/old_5vdtim.jpg,actual_media,ネットミームの森 実画像一覧,media/netmeme_forest/netmeme_forest_asset0013_00623__old_5vdtim.jpg,image/jpeg,https://netmeme.genshun9.com/images/old/old_5vdtim.jpg,https://netmeme.genshun9.com/sitemap.xml,b8ba965ab6638f724ece5bdaba0775704cdc188c7ea6f2886172ab7d49d55acc,netmeme_forest_asset0013_00623,embedded_absolute
39822,https://netmeme.genshun9.com/images/old/old_5bdlrh.jpg,actual_media,ネットミームの森 実画像一覧,media/netmeme_forest/netmeme_forest_asset0013_00611__old_5bdlrh.jpg,image/jpeg,https://netmeme.genshun9.com/images/old/old_5bdlrh.jpg,https://netmeme.genshun9.com/sitemap.xml,04066d0425ed4a5f138d168fe78613d3ab535c98031e2fd8dc3f2df476a01f6d,netmeme_forest_asset0013_00611,embedded_absolute
21573,https://netmeme.genshun9.com/images/old/old_i1pn9a.jpg,actual_media,ネットミームの森 実画像一覧,media/netmeme_forest/netmeme_forest_asset0013_00627__old_i1pn9a.jpg,image/jpeg,https://netmeme.genshun9.com/images/old/old_i1pn9a.jpg,https://netmeme.genshun9.com/sitemap.xml,a3a63175b04402d0b0bcd909301ace72c2d73972dea8c2469cd17b9100e14dfd,netmeme_forest_asset0013_00627,embedded_absolute
17629,https://netmeme.genshun9.com/images/old/old_m89kgh.jpg,actual_media,ネットミームの森 実画像一覧,media/netmeme_forest/netmeme_forest_asset0013_00628__old_m89kgh.jpg,image/jpeg,https://netmeme.genshun9.com/images/old/old_m89kgh.jpg,https://netmeme.genshun9.com/sitemap.xml,bc28b33a7ac1e5caa59065d526ca02300f8e9c30aa9dfe8e7751300c7cf94ce7,netmeme_forest_asset0013_00628,embedded_absolute
17510,https://netmeme.genshun9.com/images/old/old_frk9ip.jpg,actual_media,ネットミームの森 実画像一覧,media/netmeme_forest/netmeme_forest_asset0013_00630__old_frk9ip.jpg,image/jpeg,https://netmeme.genshun9.com/images/old/old_frk9ip.jpg,https://netmeme.genshun9.com/sitemap.xml,e581b771fc55b37492a3ae3071a687126209c31d52e2a71c0f2400be237bf48f,netmeme_forest_asset0013_00630,embedded_absolute
27296,https://netmeme.genshun9.com/images/old/old_8ate8d.jpg,actual_media,ネットミームの森 実画像一覧,media/netmeme_forest/netmeme_forest_asset0013_00629__old_8ate8d.jpg,image/jpeg,https://netmeme.genshun9.com/images/old/old_8ate8d.jpg,https://netmeme.genshun9.com/sitemap.xml,fcc33c7d55d3b0324b2e729a56e28be274bfd66a080801d5a49999b1131be86b,netmeme_forest_asset0013_00629,embedded_absolute
6231,https://netmeme.genshun9.com/images/old/old_jb1on4.jpg,actual_media,ネットミームの森 実画像一覧,media/netmeme_forest/netmeme_forest_asset0013_00634__old_jb1on4.jpg,image/jpeg,https://netmeme.genshun9.com/images/old/old_jb1on4.jpg,https://netmeme.genshun9.com/sitemap.xml,bd5bd4478f079e147ed5dfd931176989c3472e904a69e3fba02950e322a4eeef,netmeme_forest_asset0013_00634,embedded_absolute
29484,https://netmeme.genshun9.com/images/old/old_cw5vll.jpg,actual_media,ネットミームの森 実画像一覧,media/netmeme_forest/netmeme_forest_asset0013_00625__old_cw5vll.jpg,image/jpeg,https://netmeme.genshun9.com/images/old/old_cw5vll.jpg,https://netmeme.genshun9.com/sitemap.xml,f07b0d4b64b179112e5f3bc8a33bf0d3ea271e5717008b991f44c0f1bc8a0129,netmeme_forest_asset0013_00625,embedded_absolute
33413,https://netmeme.genshun9.com/images/old/old_y8ivf6.jpg,actual_media,ネットミームの森 実画像一覧,media/netmeme_forest/netmeme_forest_asset0013_00631__old_y8ivf6.jpg,image/jpeg,https://netmeme.genshun9.com/images/old/old_y8ivf6.jpg,https://netmeme.genshun9.com/sitemap.xml,4211a310dbe752cb93c81fdc50510694f73bddd0cc4f1e125a684d7feac9b129,netmeme_forest_asset0013_00631,embedded_absolute
48680,https://netmeme.genshun9.com/images/old/old_imtp6y.jpg,actual_media,ネットミームの森 実画像一覧,media/netmeme_forest/netmeme_forest_asset0013_00636__old_imtp6y.jpg,image/jpeg,https://netmeme.genshun9.com/images/old/old_imtp6y.jpg,https://netmeme.genshun9.com/sitemap.xml,553e47a391a1971809151621d54933ac16f1fe0acc813ddd4649bc447af0a2a2,netmeme_forest_asset0013_00636,embedded_absolute
25550,https://netmeme.genshun9.com/images/old/old_02i751.jpg,actual_media,ネットミームの森 実画像一覧,media/netmeme_forest/netmeme_forest_asset0013_00633__old_02i751.jpg,image/jpeg,https://netmeme.genshun9.com/images/old/old_02i751.jpg,https://netmeme.genshun9.com/sitemap.xml,1eb4886d8e4a2fed7a17c1b14dff378aa7b4b39e698c0be412b36469ecd2cb7f,netmeme_forest_asset0013_00633,embedded_absolute
50606,https://netmeme.genshun9.com/images/old/old_bgprv9.jpg,actual_media,ネットミームの森 実画像一覧,media/netmeme_forest/netmeme_forest_asset0013_00638__old_bgprv9.jpg,image/jpeg,https://netmeme.genshun9.com/images/old/old_bgprv9.jpg,https://netmeme.genshun9.com/sitemap.xml,cc8354266182e0726f100b6f2c7a7bc5a53072869f95056ecd585f11af30a01f,netmeme_forest_asset0013_00638,embedded_absolute
24427,https://netmeme.genshun9.com/images/old/old_yiqbfx.jpg,actual_media,ネットミームの森 実画像一覧,media/netmeme_forest/netmeme_forest_asset0013_00637__old_yiqbfx.jpg,image/jpeg,https://netmeme.genshun9.com/images/old/old_yiqbfx.jpg,https://netmeme.genshun9.com/sitemap.xml,d20c19341fd6c5bc3b6f0491767d294fc42a5e0a3e0d78c55fc0e20ba0655d55,netmeme_forest_asset0013_00637,embedded_absolute
55979,https://netmeme.genshun9.com/images/old/old_gu0clf.jpg,actual_media,ネットミームの森 実画像一覧,media/netmeme_forest/netmeme_forest_asset0013_00632__old_gu0clf.jpg,image/jpeg,https://netmeme.genshun9.com/images/old/old_gu0clf.jpg,https://netmeme.genshun9.com/sitemap.xml,f186ab2b776afed57e19bbf7eee45f889ecc3a51a20a28110bac6f4e89f584fa,netmeme_forest_asset0013_00632,embedded_absolute
16480,https://netmeme.genshun9.com/images/old/old_1lumm9.jpg,actual_media,ネットミームの森 実画像一覧,media/netmeme_forest/netmeme_forest_asset0013_00639__old_1lumm9.jpg,image/jpeg,https://netmeme.genshun9.com/images/old/old_1lumm9.jpg,https://netmeme.genshun9.com/sitemap.xml,47135b4a4434d08dd2921d5cf865ddf1d4ff335e97e80260f11d3343da351f5f,netmeme_forest_asset0013_00639,embedded_absolute
28935,https://netmeme.genshun9.com/images/old/old_fqgz8n.jpg,actual_media,ネットミームの森 実画像一覧,media/netmeme_forest/netmeme_forest_asset0013_00640__old_fqgz8n.jpg,image/jpeg,https://netmeme.genshun9.com/images/old/old_fqgz8n.jpg,https://netmeme.genshun9.com/sitemap.xml,a08ee54e17bfb080f348c7d60d0ac7945ef73e41cc85f6e93e23758b8fcb3dbc,netmeme_forest_asset0013_00640,embedded_absolute
24340,https://netmeme.genshun9.com/images/old/old_9hxvdm.jpg,actual_media,ネットミームの森 実画像一覧,media/netmeme_forest/netmeme_forest_asset0013_00641__old_9hxvdm.jpg,image/jpeg,https://netmeme.genshun9.com/images/old/old_9hxvdm.jpg,https://netmeme.genshun9.com/sitemap.xml,01eda14f31499dddb09070432feafb1a339f241888c72c0dbf1448b1e64c3639,netmeme_forest_asset0013_00641,embedded_absolute
20838,https://netmeme.genshun9.com/images/old/old_ewkb04.jpg,actual_media,ネットミームの森 実画像一覧,media/netmeme_forest/netmeme_forest_asset0013_00635__old_ewkb04.jpg,image/jpeg,https://netmeme.genshun9.com/images/old/old_ewkb04.jpg,https://netmeme.genshun9.com/sitemap.xml,e7230922be5ed584b71c5f301da7b043b7a58ed27d9b3a01b1805d5b3298cc9c,netmeme_forest_asset0013_00635,embedded_absolute
41550,https://netmeme.genshun9.com/images/old/old_yswajo.jpg,actual_media,ネットミームの森 実画像一覧,media/netmeme_forest/netmeme_forest_asset0013_00644__old_yswajo.jpg,image/jpeg,https://netmeme.genshun9.com/images/old/old_yswajo.jpg,https://netmeme.genshun9.com/sitemap.xml,be984398d168dcb20aaec4e42c31972d96e216a30d743dde992972fbdfcf5cdf,netmeme_forest_asset0013_00644,embedded_absolute
65474,https://netmeme.genshun9.com/images/old/old_gqpsoz.jpg,actual_media,ネットミームの森 実画像一覧,media/netmeme_forest/netmeme_forest_asset0013_00648__old_gqpsoz.jpg,image/jpeg,https://netmeme.genshun9.com/images/old/old_gqpsoz.jpg,https://netmeme.genshun9.com/sitemap.xml,9b6de98da6c8c4c1acc9308e8ae526798fbaf8a2666345e6c8361da5c394c024,netmeme_forest_asset0013_00648,embedded_absolute
50027,https://netmeme.genshun9.com/images/old/old_vx0vag.jpg,actual_media,ネットミームの森 実画像一覧,media/netmeme_forest/netmeme_forest_asset0013_00642__old_vx0vag.jpg,image/jpeg,https://netmeme.genshun9.com/images/old/old_vx0vag.jpg,https://netmeme.genshun9.com/sitemap.xml,2f27db7088327f01746e8016742d7d6deaeb35bc3660168173ffa8855fde1a39,netmeme_forest_asset0013_00642,embedded_absolute
26286,https://netmeme.genshun9.com/images/old/old_5l017j.jpg,actual_media,ネットミームの森 実画像一覧,media/netmeme_forest/netmeme_forest_asset0013_00645__old_5l017j.jpg,image/jpeg,https://netmeme.genshun9.com/images/old/old_5l017j.jpg,https://netmeme.genshun9.com/sitemap.xml,67fad0b5793654a1852f7600760bec041863371f8444fc2cb08306d9743b238e,netmeme_forest_asset0013_00645,embedded_absolute
57932,https://netmeme.genshun9.com/images/old/old_oyy9q0.jpg,actual_media,ネットミームの森 実画像一覧,media/netmeme_forest/netmeme_forest_asset0013_00643__old_oyy9q0.jpg,image/jpeg,https://netmeme.genshun9.com/images/old/old_oyy9q0.jpg,https://netmeme.genshun9.com/sitemap.xml,8bfd862a0c0e1f18e614c98b33bf89a4208b0a6ef85949faab6c61bcf7f78cb2,netmeme_forest_asset0013_00643,embedded_absolute
30276,https://netmeme.genshun9.com/images/old/old_wn1llx.jpg,actual_media,ネットミームの森 実画像一覧,media/netmeme_forest/netmeme_forest_asset0013_00651__old_wn1llx.jpg,image/jpeg,https://netmeme.genshun9.com/images/old/old_wn1llx.jpg,https://netmeme.genshun9.com/sitemap.xml,65e71accb6e4630affc6a3978a2e8f2071cac665595f8a415f644b808c219587,netmeme_forest_asset0013_00651,embedded_absolute
41986,https://netmeme.genshun9.com/images/old/old_bn9gk8.jpg,actual_media,ネットミームの森 実画像一覧,media/netmeme_forest/netmeme_forest_asset0013_00647__old_bn9gk8.jpg,image/jpeg,https://netmeme.genshun9.com/images/old/old_bn9gk8.jpg,https://netmeme.genshun9.com/sitemap.xml,abfb4cd755f2107f7c6e54d8f8c36bffd0a25033430581dde9563b605183346e,netmeme_forest_asset0013_00647,embedded_absolute
37024,https://netmeme.genshun9.com/images/old/old_or46t0.jpg,actual_media,ネットミームの森 実画像一覧,media/netmeme_forest/netmeme_forest_asset0013_00646__old_or46t0.jpg,image/jpeg,https://netmeme.genshun9.com/images/old/old_or46t0.jpg,https://netmeme.genshun9.com/sitemap.xml,ac029147d8943354f15619935c99a8d1da8ac623b6be9919138f27092974f556,netmeme_forest_asset0013_00646,embedded_absolute
38807,https://netmeme.genshun9.com/images/old/old_j6v0tf.jpg,actual_media,ネットミームの森 実画像一覧,media/netmeme_forest/netmeme_forest_asset0013_00654__old_j6v0tf.jpg,image/jpeg,https://netmeme.genshun9.com/images/old/old_j6v0tf.jpg,https://netmeme.genshun9.com/sitemap.xml,7da924c8a10e92eafab133991ac37ea02aef39383a5fa2425cf9cd9d23f2aa3a,netmeme_forest_asset0013_00654,embedded_absolute
75499,https://netmeme.genshun9.com/images/old/old_v5bqsq.jpg,actual_media,ネットミームの森 実画像一覧,media/netmeme_forest/netmeme_forest_asset0013_00649__old_v5bqsq.jpg,image/jpeg,https://netmeme.genshun9.com/images/old/old_v5bqsq.jpg,https://netmeme.genshun9.com/sitemap.xml,f99a86f176756f6b7058ec3e15a5568eeb86ef563eec15d70527fd64d4933a6e,netmeme_forest_asset0013_00649,embedded_absolute
41498,https://netmeme.genshun9.com/images/old/old_wqanng.jpg,actual_media,ネットミームの森 実画像一覧,media/netmeme_forest/netmeme_forest_asset0013_00656__old_wqanng.jpg,image/jpeg,https://netmeme.genshun9.com/images/old/old_wqanng.jpg,https://netmeme.genshun9.com/sitemap.xml,19a6e90a8f2b4503a5b972443a146b402cbbfef954e946c984755350232ccfc3,netmeme_forest_asset0013_00656,embedded_absolute
35270,https://netmeme.genshun9.com/images/old/old_n2ls0n.jpg,actual_media,ネットミームの森 実画像一覧,media/netmeme_forest/netmeme_forest_asset0013_00652__old_n2ls0n.jpg,image/jpeg,https://netmeme.genshun9.com/images/old/old_n2ls0n.jpg,https://netmeme.genshun9.com/sitemap.xml,8bb97e91b35dcdca81cb3f21bea0506ec7eadc25d1e302d73bc703cccb20c5b1,netmeme_forest_asset0013_00652,embedded_absolute
39732,https://netmeme.genshun9.com/images/old/old_58xohc.jpg,actual_media,ネットミームの森 実画像一覧,media/netmeme_forest/netmeme_forest_asset0013_00655__old_58xohc.jpg,image/jpeg,https://netmeme.genshun9.com/images/old/old_58xohc.jpg,https://netmeme.genshun9.com/sitemap.xml,2ce501d0fe3f1b7d5e48f7a1e5de941f744e39fd9948cc25ec8c540c27244ab2,netmeme_forest_asset0013_00655,embedded_absolute
36402,https://netmeme.genshun9.com/images/old/old_ji44xl.jpg,actual_media,ネットミームの森 実画像一覧,media/netmeme_forest/netmeme_forest_asset0013_00650__old_ji44xl.jpg,image/jpeg,https://netmeme.genshun9.com/images/old/old_ji44xl.jpg,https://netmeme.genshun9.com/sitemap.xml,bcf42f0c7d85349781178c2edac55293ce2e141deb944bc0a2bf3a735f1d67dc,netmeme_forest_asset0013_00650,embedded_absolute
31571,https://netmeme.genshun9.com/images/old/old_9rfded.jpg,actual_media,ネットミームの森 実画像一覧,media/netmeme_forest/netmeme_forest_asset0013_00664__old_9rfded.jpg,image/jpeg,https://netmeme.genshun9.com/images/old/old_9rfded.jpg,https://netmeme.genshun9.com/sitemap.xml,a9edaffb4b39b4b7024509e36207c9119f0ce36754f3fff0eb474ea8e07fe4c1,netmeme_forest_asset0013_00664,embedded_absolute
31800,https://netmeme.genshun9.com/images/old/old_y17ye1.jpg,actual_media,ネットミームの森 実画像一覧,media/netmeme_forest/netmeme_forest_asset0013_00657__old_y17ye1.jpg,image/jpeg,https://netmeme.genshun9.com/images/old/old_y17ye1.jpg,https://netmeme.genshun9.com/sitemap.xml,5091b4b7377f6093e753191ccbbd367a724baf07671fc999bd17edb827f099ac,netmeme_forest_asset0013_00657,embedded_absolute
257547,https://netmeme.genshun9.com/images/old/old_prgtp1.jpg,actual_media,ネットミームの森 実画像一覧,media/netmeme_forest/netmeme_forest_asset0013_00653__old_prgtp1.jpg,image/jpeg,https://netmeme.genshun9.com/images/old/old_prgtp1.jpg,https://netmeme.genshun9.com/sitemap.xml,707db2da420949c81b228cfda1bddad8cff7266ee4a09aab988d2096f3a002b4,netmeme_forest_asset0013_00653,embedded_absolute
69427,https://netmeme.genshun9.com/images/old/old_uada3n.jpg,actual_media,ネットミームの森 実画像一覧,media/netmeme_forest/netmeme_forest_asset0013_00658__old_uada3n.jpg,image/jpeg,https://netmeme.genshun9.com/images/old/old_uada3n.jpg,https://netmeme.genshun9.com/sitemap.xml,8009a4933c4071c2f687f5917c6fad3046f8142838bbbda12b93d640e87b7f79,netmeme_forest_asset0013_00658,embedded_absolute
24775,https://netmeme.genshun9.com/images/old/old_udmm8d.jpg,actual_media,ネットミームの森 実画像一覧,media/netmeme_forest/netmeme_forest_asset0013_00661__old_udmm8d.jpg,image/jpeg,https://netmeme.genshun9.com/images/old/old_udmm8d.jpg,https://netmeme.genshun9.com/sitemap.xml,c263503658b5c69a7c0995f5b186899ec6c55fe514b4222e250d43c964fa8aed,netmeme_forest_asset0013_00661,embedded_absolute
25131,https://netmeme.genshun9.com/images/old/old_wsuu7o.jpg,actual_media,ネットミームの森 実画像一覧,media/netmeme_forest/netmeme_forest_asset0013_00659__old_wsuu7o.jpg,image/jpeg,https://netmeme.genshun9.com/images/old/old_wsuu7o.jpg,https://netmeme.genshun9.com/sitemap.xml,2bb65e501406972fe311e89b32cbeb348d168125caaa9489f6498ee8b34fcec1,netmeme_forest_asset0013_00659,embedded_absolute
38233,https://netmeme.genshun9.com/images/old/old_rejbzw.jpg,actual_media,ネットミームの森 実画像一覧,media/netmeme_forest/netmeme_forest_asset0013_00673__old_rejbzw.jpg,image/jpeg,https://netmeme.genshun9.com/images/old/old_rejbzw.jpg,https://netmeme.genshun9.com/sitemap.xml,ae0206204b961c3b57fb007143e45f3129c39371e7a872517688e31348fe65b5,netmeme_forest_asset0013_00673,embedded_absolute
29852,https://netmeme.genshun9.com/images/old/old_sk6ht6.jpg,actual_media,ネットミームの森 実画像一覧,media/netmeme_forest/netmeme_forest_asset0013_00671__old_sk6ht6.jpg,image/jpeg,https://netmeme.genshun9.com/images/old/old_sk6ht6.jpg,https://netmeme.genshun9.com/sitemap.xml,c6b614070e00af0663e3a42d101fd889d61a817607aa95f40a96dcd644edc71b,netmeme_forest_asset0013_00671,embedded_absolute
19838,https://netmeme.genshun9.com/images/old/old_xal5ke.jpg,actual_media,ネットミームの森 実画像一覧,media/netmeme_forest/netmeme_forest_asset0013_00672__old_xal5ke.jpg,image/jpeg,https://netmeme.genshun9.com/images/old/old_xal5ke.jpg,https://netmeme.genshun9.com/sitemap.xml,4a693bbb93d6611998fda9a0fa998a485b2bce39978a3eaf94ec8754ec76d3d1,netmeme_forest_asset0013_00672,embedded_absolute
71083,https://netmeme.genshun9.com/images/old/old_uwailw.jpg,actual_media,ネットミームの森 実画像一覧,media/netmeme_forest/netmeme_forest_asset0013_00666__old_uwailw.jpg,image/jpeg,https://netmeme.genshun9.com/images/old/old_uwailw.jpg,https://netmeme.genshun9.com/sitemap.xml,dfd58f99ec65968ff3138ace17e4f773f188e0a42434e43a0ba9b6b67bb2319a,netmeme_forest_asset0013_00666,embedded_absolute
49221,https://netmeme.genshun9.com/images/old/old_fqvsk7.jpg,actual_media,ネットミームの森 実画像一覧,media/netmeme_forest/netmeme_forest_asset0013_00662__old_fqvsk7.jpg,image/jpeg,https://netmeme.genshun9.com/images/old/old_fqvsk7.jpg,https://netmeme.genshun9.com/sitemap.xml,769555f4346dce0c1cbd5af39da4828ce894835b6089b2b65c9deef576100d77,netmeme_forest_asset0013_00662,embedded_absolute
22421,https://netmeme.genshun9.com/images/old/old_x3l528.jpg,actual_media,ネットミームの森 実画像一覧,media/netmeme_forest/netmeme_forest_asset0013_00676__old_x3l528.jpg,image/jpeg,https://netmeme.genshun9.com/images/old/old_x3l528.jpg,https://netmeme.genshun9.com/sitemap.xml,97c04e859b85847153c251edd0ac229c56b6bb0a7fabea5ce86326ee73d5ff79,netmeme_forest_asset0013_00676,embedded_absolute
33434,https://netmeme.genshun9.com/images/old/old_a79kk3.jpg,actual_media,ネットミームの森 実画像一覧,media/netmeme_forest/netmeme_forest_asset0013_00667__old_a79kk3.jpg,image/jpeg,https://netmeme.genshun9.com/images/old/old_a79kk3.jpg,https://netmeme.genshun9.com/sitemap.xml,2137f4a256d9a3b77cfbef431655d3a3292a1fecfcf8db3e0fccd8929933ddb9,netmeme_forest_asset0013_00667,embedded_absolute
85724,https://netmeme.genshun9.com/images/old/old_izprcc.jpg,actual_media,ネットミームの森 実画像一覧,media/netmeme_forest/netmeme_forest_asset0013_00663__old_izprcc.jpg,image/jpeg,https://netmeme.genshun9.com/images/old/old_izprcc.jpg,https://netmeme.genshun9.com/sitemap.xml,f9a1f13bacf69f72371f619b7c481b23a5aee6b7147337d5ba2334b86b727f67,netmeme_forest_asset0013_00663,embedded_absolute
26853,https://netmeme.genshun9.com/images/old/old_wmm8jl.jpg,actual_media,ネットミームの森 実画像一覧,media/netmeme_forest/netmeme_forest_asset0013_00670__old_wmm8jl.jpg,image/jpeg,https://netmeme.genshun9.com/images/old/old_wmm8jl.jpg,https://netmeme.genshun9.com/sitemap.xml,e03eb7832f0a96024462c9591bf3759989a434f681829beb3e61be4f0d6c387a,netmeme_forest_asset0013_00670,embedded_absolute
34083,https://netmeme.genshun9.com/images/old/old_lbafou.jpg,actual_media,ネットミームの森 実画像一覧,media/netmeme_forest/netmeme_forest_asset0013_00675__old_lbafou.jpg,image/jpeg,https://netmeme.genshun9.com/images/old/old_lbafou.jpg,https://netmeme.genshun9.com/sitemap.xml,9dc56e18655278d28509c5f3873461d705ab14557184853e4412891132987640,netmeme_forest_asset0013_00675,embedded_absolute
46446,https://netmeme.genshun9.com/images/old/old_hn42jq.jpg,actual_media,ネットミームの森 実画像一覧,media/netmeme_forest/netmeme_forest_asset0013_00669__old_hn42jq.jpg,image/jpeg,https://netmeme.genshun9.com/images/old/old_hn42jq.jpg,https://netmeme.genshun9.com/sitemap.xml,8928dd62a110dad863d658af73ab1d4053552ba35932b759c9a4f39f878e590b,netmeme_forest_asset0013_00669,embedded_absolute
84296,https://netmeme.genshun9.com/images/old/old_o31d6z.jpg,actual_media,ネットミームの森 実画像一覧,media/netmeme_forest/netmeme_forest_asset0013_00665__old_o31d6z.jpg,image/jpeg,https://netmeme.genshun9.com/images/old/old_o31d6z.jpg,https://netmeme.genshun9.com/sitemap.xml,da83fa6d16e1b29d9a45bd2661bfebc8cb9e808730920a4e7c9728b76e4dc834,netmeme_forest_asset0013_00665,embedded_absolute
20095,https://netmeme.genshun9.com/images/old/old_uu22io.jpg,actual_media,ネットミームの森 実画像一覧,media/netmeme_forest/netmeme_forest_asset0013_00677__old_uu22io.jpg,image/jpeg,https://netmeme.genshun9.com/images/old/old_uu22io.jpg,https://netmeme.genshun9.com/sitemap.xml,1248f65bb0930e0de746ccb5cfc39ba74027ec5b929bfc5eaa10bc993149c749,netmeme_forest_asset0013_00677,embedded_absolute
27243,https://netmeme.genshun9.com/images/old/old_cf2z7i.jpg,actual_media,ネットミームの森 実画像一覧,media/netmeme_forest/netmeme_forest_asset0013_00678__old_cf2z7i.jpg,image/jpeg,https://netmeme.genshun9.com/images/old/old_cf2z7i.jpg,https://netmeme.genshun9.com/sitemap.xml,70b4f4a427ed5b1d6de7eeca6c5db0a9f242d907e5e626f90d1681420e552b79,netmeme_forest_asset0013_00678,embedded_absolute
153406,https://netmeme.genshun9.com/images/old/old_yugiwj.jpg,actual_media,ネットミームの森 実画像一覧,media/netmeme_forest/netmeme_forest_asset0013_00674__old_yugiwj.jpg,image/jpeg,https://netmeme.genshun9.com/images/old/old_yugiwj.jpg,https://netmeme.genshun9.com/sitemap.xml,db209da6658ff577ab9d923269e0e8a0ec28d5eb5e705f17b2f551f287e45c47,netmeme_forest_asset0013_00674,embedded_absolute
29076,https://netmeme.genshun9.com/images/old/old_057ip5.jpg,actual_media,ネットミームの森 実画像一覧,media/netmeme_forest/netmeme_forest_asset0013_00681__old_057ip5.jpg,image/jpeg,https://netmeme.genshun9.com/images/old/old_057ip5.jpg,https://netmeme.genshun9.com/sitemap.xml,a1e0769a827db61836cd826540db32d2bccf788a0143796185855518fe5ce9d3,netmeme_forest_asset0013_00681,embedded_absolute
27866,https://netmeme.genshun9.com/images/old/old_kxxmdh.jpg,actual_media,ネットミームの森 実画像一覧,media/netmeme_forest/netmeme_forest_asset0013_00679__old_kxxmdh.jpg,image/jpeg,https://netmeme.genshun9.com/images/old/old_kxxmdh.jpg,https://netmeme.genshun9.com/sitemap.xml,ef8b0c91ef863fa2ef838cc25ea0af32e17b667534d22445a58e4c9f613c2f07,netmeme_forest_asset0013_00679,embedded_absolute
220270,https://netmeme.genshun9.com/images/old/old_h3p73u.jpg,actual_media,ネットミームの森 実画像一覧,media/netmeme_forest/netmeme_forest_asset0013_00660__old_h3p73u.jpg,image/jpeg,https://netmeme.genshun9.com/images/old/old_h3p73u.jpg,https://netmeme.genshun9.com/sitemap.xml,50e47cda65a08d8c6e94d8851d0b28b1a818f3344f8608258cb64c376ecb9bcd,netmeme_forest_asset0013_00660,embedded_absolute
53989,https://netmeme.genshun9.com/images/old/old_tztxjh.jpg,actual_media,ネットミームの森 実画像一覧,media/netmeme_forest/netmeme_forest_asset0013_00668__old_tztxjh.jpg,image/jpeg,https://netmeme.genshun9.com/images/old/old_tztxjh.jpg,https://netmeme.genshun9.com/sitemap.xml,f303b1946ab24df9587ca2be3730dd12a270feba3871182b93480448503ed073,netmeme_forest_asset0013_00668,embedded_absolute
24106,https://netmeme.genshun9.com/images/old/old_av7qlg.jpg,actual_media,ネットミームの森 実画像一覧,media/netmeme_forest/netmeme_forest_asset0013_00680__old_av7qlg.jpg,image/jpeg,https://netmeme.genshun9.com/images/old/old_av7qlg.jpg,https://netmeme.genshun9.com/sitemap.xml,6299902f901997a485108ba45b50f2471658e2cc729198aeed68d8b160bd403f,netmeme_forest_asset0013_00680,embedded_absolute
36385,https://netmeme.genshun9.com/images/old/old_imugx3.jpg,actual_media,ネットミームの森 実画像一覧,media/netmeme_forest/netmeme_forest_asset0013_00626__old_imugx3.jpg,image/jpeg,https://netmeme.genshun9.com/images/old/old_imugx3.jpg,https://netmeme.genshun9.com/sitemap.xml,16cde5499f56593d86be4c28fddc7e6c092c3d62224eb27a24634d91b3e3a6e2,netmeme_forest_asset0013_00626,embedded_absolute
21639,https://netmeme.genshun9.com/images/old/old_xevchs.jpg,actual_media,ネットミームの森 実画像一覧,media/netmeme_forest/netmeme_forest_asset0013_00682__old_xevchs.jpg,image/jpeg,https://netmeme.genshun9.com/images/old/old_xevchs.jpg,https://netmeme.genshun9.com/sitemap.xml,4d68ecfa69b6af0287a7d9a96e52ba63ed4e204136aaeeb523343ee3de74f2df,netmeme_forest_asset0013_00682,embedded_absolute
66049,https://netmeme.genshun9.com/images/old/old_bqftxk.jpg,actual_media,ネットミームの森 実画像一覧,media/netmeme_forest/netmeme_forest_asset0013_00684__old_bqftxk.jpg,image/jpeg,https://netmeme.genshun9.com/images/old/old_bqftxk.jpg,https://netmeme.genshun9.com/sitemap.xml,05bd3a2def02ee3df2a3d57ed7d37f4d9c869ee080321d5b22dd97b29815bc75,netmeme_forest_asset0013_00684,embedded_absolute
56127,https://netmeme.genshun9.com/images/old/old_0jj0hu.jpg,actual_media,ネットミームの森 実画像一覧,media/netmeme_forest/netmeme_forest_asset0013_00687__old_0jj0hu.jpg,image/jpeg,https://netmeme.genshun9.com/images/old/old_0jj0hu.jpg,https://netmeme.genshun9.com/sitemap.xml,a6d4132115b176ed3091d3201c3421c662bb25fbe1f52bfb23ec267e35f15880,netmeme_forest_asset0013_00687,embedded_absolute
328683,https://netmeme.genshun9.com/images/old/old_4mczui.jpg,actual_media,ネットミームの森 実画像一覧,media/netmeme_forest/netmeme_forest_asset0013_00683__old_4mczui.jpg,image/jpeg,https://netmeme.genshun9.com/images/old/old_4mczui.jpg,https://netmeme.genshun9.com/sitemap.xml,1bc8bca42f26eeb1618f90f7078bb1dde62c36ca40c0fe0e3fe5b65e6976ce54,netmeme_forest_asset0013_00683,embedded_absolute
37421,https://netmeme.genshun9.com/images/old/old_jfkwog.jpg,actual_media,ネットミームの森 実画像一覧,media/netmeme_forest/netmeme_forest_asset0013_00686__old_jfkwog.jpg,image/jpeg,https://netmeme.genshun9.com/images/old/old_jfkwog.jpg,https://netmeme.genshun9.com/sitemap.xml,95fdf74f98572a8de4f9700db08b50b9e68f5e8a6a072bec8a5867cfee47f0fa,netmeme_forest_asset0013_00686,embedded_absolute
35270,https://netmeme.genshun9.com/images/old/old_nfeh66.jpg,actual_media,ネットミームの森 実画像一覧,media/netmeme_forest/netmeme_forest_asset0013_00685__old_nfeh66.jpg,image/jpeg,https://netmeme.genshun9.com/images/old/old_nfeh66.jpg,https://netmeme.genshun9.com/sitemap.xml,adce9a3bc10b7b91afbd02dc4e2fb28a291dd11f223ca834a54342976b598502,netmeme_forest_asset0013_00685,embedded_absolute
33247,https://netmeme.genshun9.com/images/old/old_g1a3r5.jpg,actual_media,ネットミームの森 実画像一覧,media/netmeme_forest/netmeme_forest_asset0013_00694__old_g1a3r5.jpg,image/jpeg,https://netmeme.genshun9.com/images/old/old_g1a3r5.jpg,https://netmeme.genshun9.com/sitemap.xml,13b1c33472e8954c32514a926581ed60f2ea38796211457ec732e589bc837fbc,netmeme_forest_asset0013_00694,embedded_absolute
42480,https://netmeme.genshun9.com/images/old/old_x1kpen.jpg,actual_media,ネットミームの森 実画像一覧,media/netmeme_forest/netmeme_forest_asset0013_00693__old_x1kpen.jpg,image/jpeg,https://netmeme.genshun9.com/images/old/old_x1kpen.jpg,https://netmeme.genshun9.com/sitemap.xml,2001b213a8b89567652ffca6172f10ad893fd9c44a67ca1c00ac71c397960a4d,netmeme_forest_asset0013_00693,embedded_absolute
42081,https://netmeme.genshun9.com/images/old/old_nguqsg.jpg,actual_media,ネットミームの森 実画像一覧,media/netmeme_forest/netmeme_forest_asset0013_00692__old_nguqsg.jpg,image/jpeg,https://netmeme.genshun9.com/images/old/old_nguqsg.jpg,https://netmeme.genshun9.com/sitemap.xml,55c437de373e93ae0a8df5b919b80853807ebb46ade9f7df6bff1fa6218428b5,netmeme_forest_asset0013_00692,embedded_absolute
54066,https://netmeme.genshun9.com/images/old/old_cefbka.jpg,actual_media,ネットミームの森 実画像一覧,media/netmeme_forest/netmeme_forest_asset0013_00689__old_cefbka.jpg,image/jpeg,https://netmeme.genshun9.com/images/old/old_cefbka.jpg,https://netmeme.genshun9.com/sitemap.xml,a1eb36681eeab1fd3b57df0b6857524dc781c8c4125a6970852615a95d404c92,netmeme_forest_asset0013_00689,embedded_absolute
241968,https://netmeme.genshun9.com/images/old/old_l87pky.jpg,actual_media,ネットミームの森 実画像一覧,media/netmeme_forest/netmeme_forest_asset0013_00690__old_l87pky.jpg,image/jpeg,https://netmeme.genshun9.com/images/old/old_l87pky.jpg,https://netmeme.genshun9.com/sitemap.xml,58a5e606c4bca2859ee02e4be43c4a3bf4a14fe00bf2e02b8794a05fd229321c,netmeme_forest_asset0013_00690,embedded_absolute
53228,https://netmeme.genshun9.com/images/old/old_jbz06h.jpg,actual_media,ネットミームの森 実画像一覧,media/netmeme_forest/netmeme_forest_asset0013_00698__old_jbz06h.jpg,image/jpeg,https://netmeme.genshun9.com/images/old/old_jbz06h.jpg,https://netmeme.genshun9.com/sitemap.xml,df378a5c1b4b6e1c5c4e43b1a1b503c3d72435c7209a6dab87a5b14db54762b9,netmeme_forest_asset0013_00698,embedded_absolute
117585,https://netmeme.genshun9.com/images/old/old_a82knh.jpg,actual_media,ネットミームの森 実画像一覧,media/netmeme_forest/netmeme_forest_asset0013_00696__old_a82knh.jpg,image/jpeg,https://netmeme.genshun9.com/images/old/old_a82knh.jpg,https://netmeme.genshun9.com/sitemap.xml,f3e9a7d50b691208ac38e19b385e2835cafb1d90429f4ab6cf20016d8ce97202,netmeme_forest_asset0013_00696,embedded_absolute
118719,https://netmeme.genshun9.com/images/old/old_98m9vf.jpg,actual_media,ネットミームの森 実画像一覧,media/netmeme_forest/netmeme_forest_asset0013_00699__old_98m9vf.jpg,image/jpeg,https://netmeme.genshun9.com/images/old/old_98m9vf.jpg,https://netmeme.genshun9.com/sitemap.xml,ecd2516273fb6fd70449efce1bc03e731d7ef22d7da80c107c24b67ee977575b,netmeme_forest_asset0013_00699,embedded_absolute
73236,https://netmeme.genshun9.com/images/old/old_vk3tlx.jpg,actual_media,ネットミームの森 実画像一覧,media/netmeme_forest/netmeme_forest_asset0013_00691__old_vk3tlx.jpg,image/jpeg,https://netmeme.genshun9.com/images/old/old_vk3tlx.jpg,https://netmeme.genshun9.com/sitemap.xml,d4aba86196a622588e4bfa3a7a69f6ec3ad3acc784cf511f2226e88af828501f,netmeme_forest_asset0013_00691,embedded_absolute
92122,https://netmeme.genshun9.com/images/old/old_3g10mi.jpg,actual_media,ネットミームの森 実画像一覧,media/netmeme_forest/netmeme_forest_asset0013_00695__old_3g10mi.jpg,image/jpeg,https://netmeme.genshun9.com/images/old/old_3g10mi.jpg,https://netmeme.genshun9.com/sitemap.xml,05fffa91e7d26297a896247cce3c38365f3a01e8b49e91c5f90f9e29cecb4874,netmeme_forest_asset0013_00695,embedded_absolute
123256,https://netmeme.genshun9.com/images/old/old_n0f34n.jpg,actual_media,ネットミームの森 実画像一覧,media/netmeme_forest/netmeme_forest_asset0013_00697__old_n0f34n.jpg,image/jpeg,https://netmeme.genshun9.com/images/old/old_n0f34n.jpg,https://netmeme.genshun9.com/sitemap.xml,1d02f91537a69d58f0eba0d88ad1fb1f2ae26ca2ba230e81189baded4e8b739e,netmeme_forest_asset0013_00697,embedded_absolute
69769,https://netmeme.genshun9.com/images/old/old_xpdrt0.jpg,actual_media,ネットミームの森 実画像一覧,media/netmeme_forest/netmeme_forest_asset0013_00688__old_xpdrt0.jpg,image/jpeg,https://netmeme.genshun9.com/images/old/old_xpdrt0.jpg,https://netmeme.genshun9.com/sitemap.xml,1cfb4ee827eb853423b8d43b38bdc5a0929232e0fbe017aa9d2d5ffd272bee5e,netmeme_forest_asset0013_00688,embedded_absolute
38541,https://netmeme.genshun9.com/images/old/old_b56226.jpg,actual_media,ネットミームの森 実画像一覧,media/netmeme_forest/netmeme_forest_asset0013_00459__old_b56226.jpg,image/jpeg,https://netmeme.genshun9.com/images/old/old_b56226.jpg,https://netmeme.genshun9.com/sitemap.xml,0eff60c3acf3ca534a418d89dde470e469f5bc2501896e90e518dcb277235d50,netmeme_forest_asset0013_00459,embedded_absolute
